name,start_time,finish_time,duration,current_host,current_host_uuid,compromise_host,compromise_host_uuid,current_host_attempt,cumulative_attempts,cumulative_compromised_hosts,compromise_users,interrupted_in,interrupted_by
SCAN_HOST,0.0,5.0,5.0,-1,-1,None,None,0,0,0,[],None,None
ENUM_HOST,5.0,10.0,5.0,-1,-1,None,None,0,0,0,[],None,None
SCAN_PORT,10.0,35.0,25.0,0,fded618b-755e-4916-a744-a5e3bae73235,None,None,1,0,0,[],None,None
EXPLOIT_VULN,35.0,37.42799910784203,2.4279991078420267,0,fded618b-755e-4916-a744-a5e3bae73235,None,None,1,0,0,[],None,None
EXPLOIT_VULN,37.42799910784203,42.1020483367589,4.674049228916871,0,fded618b-755e-4916-a744-a5e3bae73235,None,None,1,1,0,[],None,None
EXPLOIT_VULN,42.1020483367589,45.33518863021095,3.2331402934520526,0,fded618b-755e-4916-a744-a5e3bae73235,None,None,1,2,0,[],None,None
EXPLOIT_VULN,45.33518863021095,47.80240007945265,2.4672114492417023,0,fded618b-755e-4916-a744-a5e3bae73235,None,None,1,3,0,[],None,None
EXPLOIT_VULN,47.80240007945265,53.24362641561247,5.441226336159815,0,fded618b-755e-4916-a744-a5e3bae73235,None,None,1,4,0,[],None,None
EXPLOIT_VULN,53.24362641561247,54.2681880632188,1.0245616476063333,0,fded618b-755e-4916-a744-a5e3bae73235,None,None,1,5,0,[],None,None
EXPLOIT_VULN,54.2681880632188,62.01722308682578,7.749035023606979,0,fded618b-755e-4916-a744-a5e3bae73235,None,None,1,6,0,[],None,None
EXPLOIT_VULN,62.01722308682578,65.2340377764775,3.216814689651727,0,fded618b-755e-4916-a744-a5e3bae73235,None,None,1,7,0,[],None,None
EXPLOIT_VULN,65.2340377764775,69.54447775687075,4.310439980393241,0,fded618b-755e-4916-a744-a5e3bae73235,None,None,1,8,0,[],None,None
EXPLOIT_VULN,69.54447775687075,79.63326319115197,10.08878543428122,0,fded618b-755e-4916-a744-a5e3bae73235,None,None,1,9,0,[],None,None
EXPLOIT_VULN,79.63326319115197,80.6156983150212,0.9824351238692373,0,fded618b-755e-4916-a744-a5e3bae73235,None,None,1,10,0,[],application,OSDiversity
SCAN_PORT,101.88108505843014,126.88108505843014,25.0,0,fded618b-755e-4916-a744-a5e3bae73235,None,None,1,10,0,[],None,None
EXPLOIT_VULN,126.88108505843014,129.5684047827975,2.687319724367356,0,fded618b-755e-4916-a744-a5e3bae73235,None,None,1,10,0,[],None,None
EXPLOIT_VULN,129.5684047827975,133.98008971714466,4.411684934347164,0,fded618b-755e-4916-a744-a5e3bae73235,None,None,1,11,0,[],None,None
EXPLOIT_VULN,133.98008971714466,139.62013047651934,5.640040759374671,0,fded618b-755e-4916-a744-a5e3bae73235,None,None,1,12,0,[],None,None
EXPLOIT_VULN,139.62013047651934,143.33555316036447,3.7154226838451336,0,fded618b-755e-4916-a744-a5e3bae73235,None,None,1,13,0,[],None,None
EXPLOIT_VULN,143.33555316036447,152.18438636954772,8.848833209183255,0,fded618b-755e-4916-a744-a5e3bae73235,None,None,1,14,0,[],None,None
EXPLOIT_VULN,152.18438636954772,155.43550644895032,3.2511200794025967,0,fded618b-755e-4916-a744-a5e3bae73235,None,None,1,15,0,[],None,None
EXPLOIT_VULN,155.43550644895032,168.5485334335129,13.113026984562566,0,fded618b-755e-4916-a744-a5e3bae73235,None,None,1,16,0,[],None,None
EXPLOIT_VULN,168.5485334335129,179.6814515117315,11.132918078218609,0,fded618b-755e-4916-a744-a5e3bae73235,None,None,1,17,0,[],None,None
EXPLOIT_VULN,179.6814515117315,183.01864241480686,3.337190903075367,0,fded618b-755e-4916-a744-a5e3bae73235,None,None,1,18,0,[],None,None
EXPLOIT_VULN,183.01864241480686,190.26334716842052,7.244704753613661,0,fded618b-755e-4916-a744-a5e3bae73235,None,None,1,19,0,[],None,None
EXPLOIT_VULN,190.26334716842052,198.10115667512227,7.8378095067017455,0,fded618b-755e-4916-a744-a5e3bae73235,None,None,1,20,0,[],None,None
EXPLOIT_VULN,198.10115667512227,206.08024245296374,7.979085777841476,0,fded618b-755e-4916-a744-a5e3bae73235,None,None,1,21,0,[],None,None
EXPLOIT_VULN,206.08024245296374,208.66636645613352,2.586124003169772,0,fded618b-755e-4916-a744-a5e3bae73235,None,None,1,22,0,[],None,None
EXPLOIT_VULN,208.66636645613352,225.7281660623061,17.06179960617257,0,fded618b-755e-4916-a744-a5e3bae73235,None,None,1,23,0,[],None,None
EXPLOIT_VULN,225.7281660623061,230.75162605461182,5.023459992305732,0,fded618b-755e-4916-a744-a5e3bae73235,0,fded618b-755e-4916-a744-a5e3bae73235,1,24,0,"['Rosaline', 'Roshelle', 'Bert', 'Sibby', 'Blondy']",None,None
SCAN_NEIGHBOR,230.75162605461182,235.75162605461182,5.0,0,fded618b-755e-4916-a744-a5e3bae73235,None,None,1,25,1,[],None,None
ENUM_HOST,235.75162605461182,240.75162605461182,5.0,0,fded618b-755e-4916-a744-a5e3bae73235,None,None,1,25,1,[],None,None
SCAN_PORT,240.75162605461182,265.75162605461185,25.00000000000003,18,0e1965b7-58a3-4660-92a6-422c5c49cf70,None,None,1,25,1,[],None,None
EXPLOIT_VULN,265.75162605461185,267.4958934603092,1.7442674056973715,18,0e1965b7-58a3-4660-92a6-422c5c49cf70,None,None,1,25,1,[],None,None
EXPLOIT_VULN,267.4958934603092,271.67320656405906,4.177313103749839,18,0e1965b7-58a3-4660-92a6-422c5c49cf70,None,None,1,26,1,[],None,None
EXPLOIT_VULN,271.67320656405906,274.02793467049975,2.354728106440689,18,0e1965b7-58a3-4660-92a6-422c5c49cf70,None,None,1,27,1,[],None,None
EXPLOIT_VULN,274.02793467049975,279.3828495780587,5.354914907558964,18,0e1965b7-58a3-4660-92a6-422c5c49cf70,None,None,1,28,1,[],None,None
EXPLOIT_VULN,279.3828495780587,281.264426154305,1.8815765762462888,18,0e1965b7-58a3-4660-92a6-422c5c49cf70,None,None,1,29,1,[],application,OSDiversity
SCAN_PORT,303.88011345866016,328.88011345866016,25.0,18,0e1965b7-58a3-4660-92a6-422c5c49cf70,None,None,1,29,1,[],None,None
EXPLOIT_VULN,328.88011345866016,333.9388666934386,5.0587532347784645,18,0e1965b7-58a3-4660-92a6-422c5c49cf70,None,None,1,29,1,[],None,None
EXPLOIT_VULN,333.9388666934386,339.7883850262656,5.84951833282696,18,0e1965b7-58a3-4660-92a6-422c5c49cf70,None,None,1,30,1,[],None,None
EXPLOIT_VULN,339.7883850262656,348.5654929870167,8.777107960751096,18,0e1965b7-58a3-4660-92a6-422c5c49cf70,None,None,1,31,1,[],None,None
EXPLOIT_VULN,348.5654929870167,356.92729498802737,8.361802001010687,18,0e1965b7-58a3-4660-92a6-422c5c49cf70,None,None,1,32,1,[],None,None
EXPLOIT_VULN,356.92729498802737,365.2868824295899,8.359587441562553,18,0e1965b7-58a3-4660-92a6-422c5c49cf70,None,None,1,33,1,[],None,None
EXPLOIT_VULN,365.2868824295899,374.383330426323,9.096447996733104,18,0e1965b7-58a3-4660-92a6-422c5c49cf70,None,None,1,34,1,[],None,None
EXPLOIT_VULN,374.383330426323,381.62757659370124,7.244246167378208,18,0e1965b7-58a3-4660-92a6-422c5c49cf70,None,None,1,35,1,[],None,None
EXPLOIT_VULN,381.62757659370124,390.2479191536487,8.62034255994746,18,0e1965b7-58a3-4660-92a6-422c5c49cf70,None,None,1,36,1,[],None,None
EXPLOIT_VULN,390.2479191536487,399.10517710744017,8.857257953791475,18,0e1965b7-58a3-4660-92a6-422c5c49cf70,None,None,1,37,1,[],None,None
EXPLOIT_VULN,399.10517710744017,400.9822586114454,1.8770815040052184,18,0e1965b7-58a3-4660-92a6-422c5c49cf70,None,None,1,38,1,[],None,None
EXPLOIT_VULN,400.9822586114454,414.026173624353,13.043915012907632,18,0e1965b7-58a3-4660-92a6-422c5c49cf70,None,None,1,39,1,[],None,None
EXPLOIT_VULN,414.026173624353,423.07265417843956,9.046480554086543,18,0e1965b7-58a3-4660-92a6-422c5c49cf70,None,None,1,40,1,[],None,None
EXPLOIT_VULN,423.07265417843956,430.83568097515354,7.763026796713973,18,0e1965b7-58a3-4660-92a6-422c5c49cf70,None,None,1,41,1,[],None,None
EXPLOIT_VULN,430.83568097515354,452.3075108951591,21.471829920005575,18,0e1965b7-58a3-4660-92a6-422c5c49cf70,None,None,1,42,1,[],None,None
EXPLOIT_VULN,452.3075108951591,473.68903585330105,21.381524958141938,18,0e1965b7-58a3-4660-92a6-422c5c49cf70,None,None,1,43,1,[],None,None
EXPLOIT_VULN,473.68903585330105,480.38145485867074,6.692419005369686,18,0e1965b7-58a3-4660-92a6-422c5c49cf70,None,None,1,44,1,[],None,None
EXPLOIT_VULN,480.38145485867074,481.33472887730585,0.9532740186351134,18,0e1965b7-58a3-4660-92a6-422c5c49cf70,None,None,1,45,1,[],application,OSDiversity
SCAN_PORT,502.05163975880623,527.0516397588062,25.0,18,0e1965b7-58a3-4660-92a6-422c5c49cf70,None,None,1,45,1,[],None,None
EXPLOIT_VULN,527.0516397588062,542.4269120748003,15.375272315994039,18,0e1965b7-58a3-4660-92a6-422c5c49cf70,None,None,1,45,1,[],None,None
EXPLOIT_VULN,542.4269120748003,560.0574763534122,17.630564278611928,18,0e1965b7-58a3-4660-92a6-422c5c49cf70,None,None,1,46,1,[],None,None
EXPLOIT_VULN,560.0574763534122,568.6652571035012,8.607780750088978,18,0e1965b7-58a3-4660-92a6-422c5c49cf70,None,None,1,47,1,[],None,None
EXPLOIT_VULN,568.6652571035012,581.6623982518988,12.997141148397645,18,0e1965b7-58a3-4660-92a6-422c5c49cf70,None,None,1,48,1,[],None,None
EXPLOIT_VULN,581.6623982518988,588.8357807497662,7.173382497867351,18,0e1965b7-58a3-4660-92a6-422c5c49cf70,None,None,1,49,1,[],None,None
EXPLOIT_VULN,588.8357807497662,608.386191215364,19.550410465597793,18,0e1965b7-58a3-4660-92a6-422c5c49cf70,None,None,1,50,1,[],None,None
EXPLOIT_VULN,608.386191215364,615.945606966529,7.559415751165034,18,0e1965b7-58a3-4660-92a6-422c5c49cf70,None,None,1,51,1,[],None,None
EXPLOIT_VULN,615.945606966529,637.6636759132042,21.718068946675203,18,0e1965b7-58a3-4660-92a6-422c5c49cf70,None,None,1,52,1,[],None,None
EXPLOIT_VULN,637.6636759132042,659.2879415153269,21.624265602122705,18,0e1965b7-58a3-4660-92a6-422c5c49cf70,None,None,1,53,1,[],None,None
EXPLOIT_VULN,659.2879415153269,662.9070127843968,3.6190712690698774,18,0e1965b7-58a3-4660-92a6-422c5c49cf70,18,0e1965b7-58a3-4660-92a6-422c5c49cf70,1,54,1,"['Andria', 'Chad', 'Pearla', 'Dari']",None,None
SCAN_NEIGHBOR,662.9070127843968,667.9070127843968,5.0,18,0e1965b7-58a3-4660-92a6-422c5c49cf70,None,None,1,55,2,[],None,None
ENUM_HOST,667.9070127843968,672.9070127843968,5.0,18,0e1965b7-58a3-4660-92a6-422c5c49cf70,None,None,1,55,2,[],None,None
SCAN_PORT,672.9070127843968,683.5327389254827,10.62572614108592,20,00a645e3-8243-4b4a-95ac-b3b9b3997402,None,None,1,55,2,[],application,OSDiversity
SCAN_PORT,705.3436258742742,730.3436258742742,25.0,20,00a645e3-8243-4b4a-95ac-b3b9b3997402,None,None,1,55,2,[],None,None
EXPLOIT_VULN,730.3436258742742,732.9640739585655,2.620448084291297,20,00a645e3-8243-4b4a-95ac-b3b9b3997402,None,None,1,55,2,[],None,None
EXPLOIT_VULN,732.9640739585655,747.3336963297933,14.36962237122782,20,00a645e3-8243-4b4a-95ac-b3b9b3997402,None,None,1,56,2,[],None,None
EXPLOIT_VULN,747.3336963297933,753.7603726300117,6.426676300218446,20,00a645e3-8243-4b4a-95ac-b3b9b3997402,None,None,1,57,2,[],None,None
EXPLOIT_VULN,753.7603726300117,761.5993917066268,7.839019076615045,20,00a645e3-8243-4b4a-95ac-b3b9b3997402,None,None,1,58,2,[],None,None
EXPLOIT_VULN,761.5993917066268,777.7509261804545,16.151534473827724,20,00a645e3-8243-4b4a-95ac-b3b9b3997402,20,00a645e3-8243-4b4a-95ac-b3b9b3997402,1,59,2,"['Adara', 'Bernetta', 'Bel', 'Mina']",None,None
SCAN_NEIGHBOR,777.7509261804545,782.7509261804545,5.0,20,00a645e3-8243-4b4a-95ac-b3b9b3997402,None,None,1,60,3,[],None,None
ENUM_HOST,782.7509261804545,787.7509261804545,5.0,20,00a645e3-8243-4b4a-95ac-b3b9b3997402,None,None,1,60,3,[],None,None
ENUM_HOST,787.7509261804545,792.7509261804545,5.0,18,0e1965b7-58a3-4660-92a6-422c5c49cf70,None,None,2,60,3,[],None,None
SCAN_PORT,792.7509261804545,817.7509261804545,25.0,19,eea481d8-8c5c-4850-a73c-b4bde9c39251,None,None,1,60,3,[],None,None
EXPLOIT_VULN,817.7509261804545,820.882316879315,3.131390698860514,19,eea481d8-8c5c-4850-a73c-b4bde9c39251,None,None,1,60,3,[],None,None
EXPLOIT_VULN,820.882316879315,824.8612230051805,3.9789061258654783,19,eea481d8-8c5c-4850-a73c-b4bde9c39251,None,None,1,61,3,[],None,None
EXPLOIT_VULN,824.8612230051805,829.2087257785076,4.3475027733271645,19,eea481d8-8c5c-4850-a73c-b4bde9c39251,None,None,1,62,3,[],None,None
EXPLOIT_VULN,829.2087257785076,831.8817320067394,2.6730062282317704,19,eea481d8-8c5c-4850-a73c-b4bde9c39251,None,None,1,63,3,[],None,None
EXPLOIT_VULN,831.8817320067394,837.4819267876629,5.600194780923516,19,eea481d8-8c5c-4850-a73c-b4bde9c39251,None,None,1,64,3,[],None,None
EXPLOIT_VULN,837.4819267876629,843.6552953392746,6.173368551611702,19,eea481d8-8c5c-4850-a73c-b4bde9c39251,None,None,1,65,3,[],None,None
EXPLOIT_VULN,843.6552953392746,849.9363488002712,6.281053460996532,19,eea481d8-8c5c-4850-a73c-b4bde9c39251,None,None,1,66,3,[],None,None
EXPLOIT_VULN,849.9363488002712,870.9001406794151,20.96379187914397,19,eea481d8-8c5c-4850-a73c-b4bde9c39251,None,None,1,67,3,[],None,None
EXPLOIT_VULN,870.9001406794151,879.491954522154,8.591813842738816,19,eea481d8-8c5c-4850-a73c-b4bde9c39251,None,None,1,68,3,[],None,None
EXPLOIT_VULN,879.491954522154,882.3405770341519,2.8486225119979736,19,eea481d8-8c5c-4850-a73c-b4bde9c39251,None,None,1,69,3,[],application,OSDiversity
SCAN_PORT,902.9965821347295,927.9965821347295,25.0,19,eea481d8-8c5c-4850-a73c-b4bde9c39251,None,None,1,69,3,[],None,None
EXPLOIT_VULN,927.9965821347295,928.4565747116764,0.4599925769468882,19,eea481d8-8c5c-4850-a73c-b4bde9c39251,None,None,1,69,3,[],None,None
EXPLOIT_VULN,928.4565747116764,928.8992537225927,0.4426790109163221,19,eea481d8-8c5c-4850-a73c-b4bde9c39251,None,None,1,70,3,[],None,None
EXPLOIT_VULN,928.8992537225927,930.9568605161711,2.0576067935784295,19,eea481d8-8c5c-4850-a73c-b4bde9c39251,None,None,1,71,3,[],None,None
EXPLOIT_VULN,930.9568605161711,933.3469645506174,2.390104034446267,19,eea481d8-8c5c-4850-a73c-b4bde9c39251,None,None,1,72,3,[],None,None
EXPLOIT_VULN,933.3469645506174,933.9869936668003,0.6400291161829728,19,eea481d8-8c5c-4850-a73c-b4bde9c39251,None,None,1,73,3,[],None,None
EXPLOIT_VULN,933.9869936668003,942.6939238223139,8.706930155513533,19,eea481d8-8c5c-4850-a73c-b4bde9c39251,None,None,1,74,3,[],None,None
EXPLOIT_VULN,942.6939238223139,946.9882153209637,4.294291498649841,19,eea481d8-8c5c-4850-a73c-b4bde9c39251,None,None,1,75,3,[],None,None
EXPLOIT_VULN,946.9882153209637,952.4743499279969,5.4861346070331365,19,eea481d8-8c5c-4850-a73c-b4bde9c39251,None,None,1,76,3,[],None,None
EXPLOIT_VULN,952.4743499279969,958.5964300161938,6.122080088196981,19,eea481d8-8c5c-4850-a73c-b4bde9c39251,None,None,1,77,3,[],None,None
EXPLOIT_VULN,958.5964300161938,979.3212181750074,20.724788158813567,19,eea481d8-8c5c-4850-a73c-b4bde9c39251,None,None,1,78,3,[],None,None
EXPLOIT_VULN,979.3212181750074,988.7079586186835,9.386740443676103,19,eea481d8-8c5c-4850-a73c-b4bde9c39251,None,None,1,79,3,[],None,None
EXPLOIT_VULN,988.7079586186835,998.0250756091933,9.317116990509817,19,eea481d8-8c5c-4850-a73c-b4bde9c39251,None,None,1,80,3,[],None,None
EXPLOIT_VULN,998.0250756091933,1017.2627792257208,19.237703616527483,19,eea481d8-8c5c-4850-a73c-b4bde9c39251,None,None,1,81,3,[],None,None
EXPLOIT_VULN,1017.2627792257208,1036.8516379765017,19.5888587507809,19,eea481d8-8c5c-4850-a73c-b4bde9c39251,None,None,1,82,3,[],None,None
EXPLOIT_VULN,1036.8516379765017,1043.4407091385308,6.589071162029086,19,eea481d8-8c5c-4850-a73c-b4bde9c39251,19,eea481d8-8c5c-4850-a73c-b4bde9c39251,1,83,3,"['Maureen', 'Sibella', 'Nyssa']",None,None
SCAN_NEIGHBOR,1043.4407091385308,1048.4407091385308,5.0,19,eea481d8-8c5c-4850-a73c-b4bde9c39251,None,None,1,84,4,[],None,None
ENUM_HOST,1048.4407091385308,1053.4407091385308,5.0,19,eea481d8-8c5c-4850-a73c-b4bde9c39251,None,None,1,84,4,[],None,None
ENUM_HOST,1053.4407091385308,1058.4407091385308,5.0,18,0e1965b7-58a3-4660-92a6-422c5c49cf70,None,None,3,84,4,[],None,None
SCAN_PORT,1058.4407091385308,1083.2709368754558,24.830227736925053,6,62721611-be02-4151-883b-83d394161d97,None,None,1,84,4,[],application,OSDiversity
SCAN_PORT,1103.901522283852,1128.901522283852,25.0,6,62721611-be02-4151-883b-83d394161d97,None,None,1,84,4,[],None,None
EXPLOIT_VULN,1128.901522283852,1129.0421430056613,0.1406207218092277,6,62721611-be02-4151-883b-83d394161d97,None,None,1,84,4,[],None,None
EXPLOIT_VULN,1129.0421430056613,1130.0852714992393,1.043128493578024,6,62721611-be02-4151-883b-83d394161d97,None,None,1,85,4,[],None,None
EXPLOIT_VULN,1130.0852714992393,1134.1022297367283,4.016958237489007,6,62721611-be02-4151-883b-83d394161d97,None,None,1,86,4,[],None,None
EXPLOIT_VULN,1134.1022297367283,1138.5723078383603,4.470078101631998,6,62721611-be02-4151-883b-83d394161d97,None,None,1,87,4,[],None,None
EXPLOIT_VULN,1138.5723078383603,1141.003540783803,2.4312329454426163,6,62721611-be02-4151-883b-83d394161d97,None,None,1,88,4,[],None,None
EXPLOIT_VULN,1141.003540783803,1142.2928628923871,1.2893221085842015,6,62721611-be02-4151-883b-83d394161d97,None,None,1,89,4,[],None,None
EXPLOIT_VULN,1142.2928628923871,1150.0429220110389,7.750059118651734,6,62721611-be02-4151-883b-83d394161d97,None,None,1,90,4,[],None,None
EXPLOIT_VULN,1150.0429220110389,1158.6228346076027,8.579912596563872,6,62721611-be02-4151-883b-83d394161d97,None,None,1,91,4,[],None,None
EXPLOIT_VULN,1158.6228346076027,1161.5094732286923,2.88663862108956,6,62721611-be02-4151-883b-83d394161d97,None,None,1,92,4,[],None,None
EXPLOIT_VULN,1161.5094732286923,1171.0562726320893,9.546799403397017,6,62721611-be02-4151-883b-83d394161d97,None,None,1,93,4,[],None,None
EXPLOIT_VULN,1171.0562726320893,1173.3179514417516,2.2616788096622713,6,62721611-be02-4151-883b-83d394161d97,None,None,1,94,4,[],None,None
EXPLOIT_VULN,1173.3179514417516,1179.049984159436,5.732032717684433,6,62721611-be02-4151-883b-83d394161d97,None,None,1,95,4,[],None,None
EXPLOIT_VULN,1179.049984159436,1182.0154543772549,2.9654702178188472,6,62721611-be02-4151-883b-83d394161d97,None,None,1,96,4,[],None,None
EXPLOIT_VULN,1182.0154543772549,1186.5264158441587,4.5109614669038365,6,62721611-be02-4151-883b-83d394161d97,None,None,1,97,4,[],None,None
EXPLOIT_VULN,1186.5264158441587,1199.2246685921816,12.698252748022924,6,62721611-be02-4151-883b-83d394161d97,None,None,1,98,4,[],None,None
EXPLOIT_VULN,1199.2246685921816,1211.803952879293,12.579284287111477,6,62721611-be02-4151-883b-83d394161d97,None,None,1,99,4,[],None,None
EXPLOIT_VULN,1211.803952879293,1213.4212435783516,1.617290699058458,6,62721611-be02-4151-883b-83d394161d97,None,None,1,100,4,[],None,None
EXPLOIT_VULN,1213.4212435783516,1217.215454048907,3.7942104705555266,6,62721611-be02-4151-883b-83d394161d97,None,None,1,101,4,[],None,None
EXPLOIT_VULN,1217.215454048907,1222.696801756781,5.481347707873965,6,62721611-be02-4151-883b-83d394161d97,None,None,1,102,4,[],None,None
EXPLOIT_VULN,1222.696801756781,1227.2443467239045,4.5475449671234855,6,62721611-be02-4151-883b-83d394161d97,None,None,1,103,4,[],None,None
EXPLOIT_VULN,1227.2443467239045,1232.3305434995689,5.086196775664348,6,62721611-be02-4151-883b-83d394161d97,None,None,1,104,4,[],None,None
EXPLOIT_VULN,1232.3305434995689,1239.4328663619685,7.10232286239966,6,62721611-be02-4151-883b-83d394161d97,None,None,1,105,4,[],None,None
EXPLOIT_VULN,1239.4328663619685,1246.0390477907358,6.606181428767286,6,62721611-be02-4151-883b-83d394161d97,None,None,1,106,4,[],None,None
EXPLOIT_VULN,1246.0390477907358,1252.371445074096,6.332397283360251,6,62721611-be02-4151-883b-83d394161d97,None,None,1,107,4,[],None,None
EXPLOIT_VULN,1252.371445074096,1271.657327756373,19.285882682276906,6,62721611-be02-4151-883b-83d394161d97,None,None,1,108,4,[],None,None
EXPLOIT_VULN,1271.657327756373,1279.511998079576,7.854670323202981,6,62721611-be02-4151-883b-83d394161d97,None,None,1,109,4,[],None,None
EXPLOIT_VULN,1279.511998079576,1284.8750983471336,5.363100267557684,6,62721611-be02-4151-883b-83d394161d97,None,None,1,110,4,[],application,OSDiversity
SCAN_PORT,1305.0512458246526,1330.0512458246526,25.0,6,62721611-be02-4151-883b-83d394161d97,None,None,1,110,4,[],None,None
EXPLOIT_VULN,1330.0512458246526,1334.1350758303647,4.083830005712116,6,62721611-be02-4151-883b-83d394161d97,None,None,1,110,4,[],None,None
EXPLOIT_VULN,1334.1350758303647,1339.2804300507628,5.145354220398076,6,62721611-be02-4151-883b-83d394161d97,None,None,1,111,4,[],None,None
EXPLOIT_VULN,1339.2804300507628,1342.413606094317,3.1331760435541582,6,62721611-be02-4151-883b-83d394161d97,None,None,1,112,4,[],None,None
EXPLOIT_VULN,1342.413606094317,1344.8057167552563,2.392110660939352,6,62721611-be02-4151-883b-83d394161d97,None,None,1,113,4,[],None,None
EXPLOIT_VULN,1344.8057167552563,1346.9772841339432,2.1715673786868592,6,62721611-be02-4151-883b-83d394161d97,None,None,1,114,4,[],None,None
EXPLOIT_VULN,1346.9772841339432,1349.9563701551785,2.979086021235389,6,62721611-be02-4151-883b-83d394161d97,None,None,1,115,4,[],None,None
EXPLOIT_VULN,1349.9563701551785,1353.2484078850475,3.29203772986898,6,62721611-be02-4151-883b-83d394161d97,None,None,1,116,4,[],None,None
EXPLOIT_VULN,1353.2484078850475,1363.019400128288,9.770992243240471,6,62721611-be02-4151-883b-83d394161d97,None,None,1,117,4,[],None,None
EXPLOIT_VULN,1363.019400128288,1366.1510740220017,3.131673893713696,6,62721611-be02-4151-883b-83d394161d97,None,None,1,118,4,[],None,None
EXPLOIT_VULN,1366.1510740220017,1368.5129337042563,2.3618596822545896,6,62721611-be02-4151-883b-83d394161d97,None,None,1,119,4,[],None,None
EXPLOIT_VULN,1368.5129337042563,1370.2538005617544,1.7408668574980766,6,62721611-be02-4151-883b-83d394161d97,None,None,1,120,4,[],None,None
EXPLOIT_VULN,1370.2538005617544,1383.2038492379945,12.950048676240158,6,62721611-be02-4151-883b-83d394161d97,None,None,1,121,4,[],None,None
EXPLOIT_VULN,1383.2038492379945,1395.7883620468817,12.584512808887212,6,62721611-be02-4151-883b-83d394161d97,None,None,1,122,4,[],None,None
EXPLOIT_VULN,1395.7883620468817,1400.2554457318581,4.467083684976387,6,62721611-be02-4151-883b-83d394161d97,None,None,1,123,4,[],None,None
EXPLOIT_VULN,1400.2554457318581,1403.504803277978,3.2493575461198816,6,62721611-be02-4151-883b-83d394161d97,None,None,1,124,4,[],None,None
EXPLOIT_VULN,1403.504803277978,1407.7961878840654,4.291384606087377,6,62721611-be02-4151-883b-83d394161d97,None,None,1,125,4,[],None,None
EXPLOIT_VULN,1407.7961878840654,1414.9437513565993,7.147563472533875,6,62721611-be02-4151-883b-83d394161d97,None,None,1,126,4,[],None,None
EXPLOIT_VULN,1414.9437513565993,1420.7182817197374,5.774530363138183,6,62721611-be02-4151-883b-83d394161d97,None,None,1,127,4,[],None,None
EXPLOIT_VULN,1420.7182817197374,1427.952306892714,7.234025172976544,6,62721611-be02-4151-883b-83d394161d97,None,None,1,128,4,[],None,None
EXPLOIT_VULN,1427.952306892714,1448.6010112790489,20.648704386334884,6,62721611-be02-4151-883b-83d394161d97,None,None,1,129,4,[],None,None
EXPLOIT_VULN,1448.6010112790489,1453.2456796249282,4.644668345879381,6,62721611-be02-4151-883b-83d394161d97,None,None,1,130,4,[],None,None
EXPLOIT_VULN,1453.2456796249282,1470.0720772880566,16.82639766312832,6,62721611-be02-4151-883b-83d394161d97,None,None,1,131,4,[],None,None
EXPLOIT_VULN,1470.0720772880566,1485.136585912196,15.064508624139535,6,62721611-be02-4151-883b-83d394161d97,None,None,1,132,4,[],application,OSDiversity
SCAN_PORT,1505.7160538851444,1530.7160538851444,25.0,6,62721611-be02-4151-883b-83d394161d97,None,None,1,132,4,[],None,None
EXPLOIT_VULN,1530.7160538851444,1532.3940307546472,1.6779768695027997,6,62721611-be02-4151-883b-83d394161d97,None,None,1,132,4,[],None,None
EXPLOIT_VULN,1532.3940307546472,1537.4355419878007,5.041511233153415,6,62721611-be02-4151-883b-83d394161d97,None,None,1,133,4,[],None,None
EXPLOIT_VULN,1537.4355419878007,1542.1321917908886,4.696649803087894,6,62721611-be02-4151-883b-83d394161d97,None,None,1,134,4,[],None,None
EXPLOIT_VULN,1542.1321917908886,1547.7685977184303,5.636405927541773,6,62721611-be02-4151-883b-83d394161d97,None,None,1,135,4,[],None,None
EXPLOIT_VULN,1547.7685977184303,1560.9310280700054,13.16243035157504,6,62721611-be02-4151-883b-83d394161d97,None,None,1,136,4,[],None,None
EXPLOIT_VULN,1560.9310280700054,1562.6512437301033,1.7202156600978924,6,62721611-be02-4151-883b-83d394161d97,None,None,1,137,4,[],None,None
EXPLOIT_VULN,1562.6512437301033,1567.203609509092,4.552365778988815,6,62721611-be02-4151-883b-83d394161d97,None,None,1,138,4,[],None,None
EXPLOIT_VULN,1567.203609509092,1575.6902051994402,8.486595690348167,6,62721611-be02-4151-883b-83d394161d97,None,None,1,139,4,[],None,None
EXPLOIT_VULN,1575.6902051994402,1592.3137921966218,16.62358699718152,6,62721611-be02-4151-883b-83d394161d97,None,None,1,140,4,[],None,None
EXPLOIT_VULN,1592.3137921966218,1612.4213609721241,20.107568775502386,6,62721611-be02-4151-883b-83d394161d97,None,None,1,141,4,[],None,None
EXPLOIT_VULN,1612.4213609721241,1618.6576493575772,6.236288385453008,6,62721611-be02-4151-883b-83d394161d97,None,None,1,142,4,[],None,None
EXPLOIT_VULN,1618.6576493575772,1638.1882810857032,19.53063172812608,6,62721611-be02-4151-883b-83d394161d97,None,None,1,143,4,[],None,None
EXPLOIT_VULN,1638.1882810857032,1660.1139821721813,21.925701086478057,6,62721611-be02-4151-883b-83d394161d97,None,None,1,144,4,[],None,None
EXPLOIT_VULN,1660.1139821721813,1678.2410800536877,18.127097881506415,6,62721611-be02-4151-883b-83d394161d97,None,None,1,145,4,[],None,None
EXPLOIT_VULN,1678.2410800536877,1685.5471269961233,7.306046942435614,6,62721611-be02-4151-883b-83d394161d97,None,None,1,146,4,[],application,OSDiversity
SCAN_PORT,1705.811009424725,1730.811009424725,25.0,6,62721611-be02-4151-883b-83d394161d97,None,None,1,146,4,[],None,None
EXPLOIT_VULN,1730.811009424725,1735.098508729228,4.287499304502944,6,62721611-be02-4151-883b-83d394161d97,None,None,1,146,4,[],None,None
EXPLOIT_VULN,1735.098508729228,1740.180006240916,5.081497511688212,6,62721611-be02-4151-883b-83d394161d97,None,None,1,147,4,[],None,None
EXPLOIT_VULN,1740.180006240916,1753.1697151455191,12.989708904603049,6,62721611-be02-4151-883b-83d394161d97,None,None,1,148,4,[],None,None
EXPLOIT_VULN,1753.1697151455191,1761.2047908979412,8.035075752422017,6,62721611-be02-4151-883b-83d394161d97,None,None,1,149,4,[],None,None
EXPLOIT_VULN,1761.2047908979412,1778.0436725665031,16.838881668561953,6,62721611-be02-4151-883b-83d394161d97,None,None,1,150,4,[],None,None
EXPLOIT_VULN,1778.0436725665031,1798.1469625069383,20.10328994043516,6,62721611-be02-4151-883b-83d394161d97,None,None,1,151,4,[],None,None
EXPLOIT_VULN,1798.1469625069383,1804.969035042269,6.82207253533079,6,62721611-be02-4151-883b-83d394161d97,None,None,1,152,4,[],None,None
EXPLOIT_VULN,1804.969035042269,1824.1873702301475,19.218335187878438,6,62721611-be02-4151-883b-83d394161d97,None,None,1,153,4,[],None,None
EXPLOIT_VULN,1824.1873702301475,1844.7483948761828,20.56102464603532,6,62721611-be02-4151-883b-83d394161d97,None,None,1,154,4,[],None,None
EXPLOIT_VULN,1844.7483948761828,1862.902591531761,18.154196655578062,6,62721611-be02-4151-883b-83d394161d97,None,None,1,155,4,[],None,None
EXPLOIT_VULN,1862.902591531761,1881.0953017932852,18.192710261524326,6,62721611-be02-4151-883b-83d394161d97,None,None,1,156,4,[],None,None
EXPLOIT_VULN,1881.0953017932852,1885.9449606963983,4.849658903113095,6,62721611-be02-4151-883b-83d394161d97,None,None,1,157,4,[],application,OSDiversity
SCAN_PORT,1906.457055725227,1931.457055725227,25.0,6,62721611-be02-4151-883b-83d394161d97,None,None,1,157,4,[],None,None
EXPLOIT_VULN,1931.457055725227,1933.3637388277355,1.9066831025083957,6,62721611-be02-4151-883b-83d394161d97,None,None,1,157,4,[],None,None
EXPLOIT_VULN,1933.3637388277355,1938.8595154176965,5.495776589960997,6,62721611-be02-4151-883b-83d394161d97,None,None,1,158,4,[],None,None
EXPLOIT_VULN,1938.8595154176965,1947.6631165817541,8.803601164057682,6,62721611-be02-4151-883b-83d394161d97,None,None,1,159,4,[],None,None
EXPLOIT_VULN,1947.6631165817541,1964.5783228266878,16.915206244933643,6,62721611-be02-4151-883b-83d394161d97,None,None,1,160,4,[],None,None
EXPLOIT_VULN,1964.5783228266878,1972.5380657168462,7.959742890158395,6,62721611-be02-4151-883b-83d394161d97,None,None,1,161,4,[],None,None
EXPLOIT_VULN,1972.5380657168462,1975.0289306637346,2.4908649468884505,6,62721611-be02-4151-883b-83d394161d97,None,None,1,162,4,[],None,None
EXPLOIT_VULN,1975.0289306637346,1995.7719363360168,20.743005672282152,6,62721611-be02-4151-883b-83d394161d97,None,None,1,163,4,[],None,None
EXPLOIT_VULN,1995.7719363360168,2004.2196660373695,8.447729701352728,6,62721611-be02-4151-883b-83d394161d97,None,None,1,164,4,[],None,None
EXPLOIT_VULN,2004.2196660373695,2011.6676810413533,7.448015003983755,6,62721611-be02-4151-883b-83d394161d97,None,None,1,165,4,[],None,None
EXPLOIT_VULN,2011.6676810413533,2018.5716716280303,6.903990586677082,6,62721611-be02-4151-883b-83d394161d97,None,None,1,166,4,[],None,None
EXPLOIT_VULN,2018.5716716280303,2040.4014729278074,21.829801299777046,6,62721611-be02-4151-883b-83d394161d97,None,None,1,167,4,[],None,None
EXPLOIT_VULN,2040.4014729278074,2062.1811906895578,21.779717761750362,6,62721611-be02-4151-883b-83d394161d97,None,None,1,168,4,[],None,None
EXPLOIT_VULN,2062.1811906895578,2078.4617162479735,16.280525558415775,6,62721611-be02-4151-883b-83d394161d97,None,None,1,169,4,[],None,None
EXPLOIT_VULN,2078.4617162479735,2087.0620489163207,8.600332668347164,6,62721611-be02-4151-883b-83d394161d97,None,None,1,170,4,[],application,OSDiversity
SCAN_PORT,2107.1587832052887,2132.1587832052887,25.0,6,62721611-be02-4151-883b-83d394161d97,None,None,1,170,4,[],None,None
EXPLOIT_VULN,2132.1587832052887,2148.6162654669192,16.457482261630503,6,62721611-be02-4151-883b-83d394161d97,None,None,1,170,4,[],None,None
EXPLOIT_VULN,2148.6162654669192,2168.444541566303,19.828276099383856,6,62721611-be02-4151-883b-83d394161d97,None,None,1,171,4,[],None,None
EXPLOIT_VULN,2168.444541566303,2175.9651392618066,7.520597695503511,6,62721611-be02-4151-883b-83d394161d97,None,None,1,172,4,[],None,None
EXPLOIT_VULN,2175.9651392618066,2197.6141597171204,21.649020455313803,6,62721611-be02-4151-883b-83d394161d97,None,None,1,173,4,[],None,None
EXPLOIT_VULN,2197.6141597171204,2205.785586113304,8.171426396183506,6,62721611-be02-4151-883b-83d394161d97,None,None,1,174,4,[],None,None
EXPLOIT_VULN,2205.785586113304,2212.939552691751,7.153966578447125,6,62721611-be02-4151-883b-83d394161d97,None,None,1,175,4,[],None,None
EXPLOIT_VULN,2212.939552691751,2221.7599840555936,8.820431363842545,6,62721611-be02-4151-883b-83d394161d97,None,None,1,176,4,[],None,None
EXPLOIT_VULN,2221.7599840555936,2228.6470865860183,6.887102530424727,6,62721611-be02-4151-883b-83d394161d97,None,None,1,177,4,[],None,None
EXPLOIT_VULN,2228.6470865860183,2234.067195270497,5.420108684478691,6,62721611-be02-4151-883b-83d394161d97,None,None,1,178,4,[],None,None
EXPLOIT_VULN,2234.067195270497,2243.1043614787095,9.037166208212511,6,62721611-be02-4151-883b-83d394161d97,None,None,1,179,4,[],None,None
EXPLOIT_VULN,2243.1043614787095,2250.981051744598,7.876690265888556,6,62721611-be02-4151-883b-83d394161d97,None,None,1,180,4,[],None,None
EXPLOIT_VULN,2250.981051744598,2264.969716235312,13.988664490713745,6,62721611-be02-4151-883b-83d394161d97,None,None,1,181,4,[],None,None
EXPLOIT_VULN,2264.969716235312,2272.677137772105,7.70742153679339,6,62721611-be02-4151-883b-83d394161d97,None,None,1,182,4,[],None,None
EXPLOIT_VULN,2272.677137772105,2280.617417075296,7.940279303190891,6,62721611-be02-4151-883b-83d394161d97,None,None,1,183,4,[],None,None
EXPLOIT_VULN,2280.617417075296,2287.8337434395476,7.216326364251472,6,62721611-be02-4151-883b-83d394161d97,None,None,1,184,4,[],application,OSDiversity
SCAN_PORT,2307.864146629794,2332.864146629794,25.0,6,62721611-be02-4151-883b-83d394161d97,None,None,1,184,4,[],None,None
EXPLOIT_VULN,2332.864146629794,2349.3116543296674,16.447507699873313,6,62721611-be02-4151-883b-83d394161d97,None,None,1,184,4,[],None,None
EXPLOIT_VULN,2349.3116543296674,2369.4169873819746,20.105333052307287,6,62721611-be02-4151-883b-83d394161d97,None,None,1,185,4,[],None,None
EXPLOIT_VULN,2369.4169873819746,2377.1090738941384,7.692086512163769,6,62721611-be02-4151-883b-83d394161d97,None,None,1,186,4,[],None,None
EXPLOIT_VULN,2377.1090738941384,2402.5695188733753,25.460444979236854,6,62721611-be02-4151-883b-83d394161d97,None,None,1,187,4,[],None,None
EXPLOIT_VULN,2402.5695188733753,2410.4137127113363,7.844193837961029,6,62721611-be02-4151-883b-83d394161d97,None,None,1,188,4,[],None,None
EXPLOIT_VULN,2410.4137127113363,2418.533176161415,8.11946345007891,6,62721611-be02-4151-883b-83d394161d97,None,None,1,189,4,[],None,None
EXPLOIT_VULN,2418.533176161415,2428.259365063468,9.726188902052854,6,62721611-be02-4151-883b-83d394161d97,None,None,1,190,4,[],None,None
EXPLOIT_VULN,2428.259365063468,2442.642173012455,14.382807948986738,6,62721611-be02-4151-883b-83d394161d97,None,None,1,191,4,[],None,None
EXPLOIT_VULN,2442.642173012455,2451.116615217707,8.474442205252217,6,62721611-be02-4151-883b-83d394161d97,None,None,1,192,4,[],None,None
EXPLOIT_VULN,2451.116615217707,2459.8888206547263,8.772205437019238,6,62721611-be02-4151-883b-83d394161d97,None,None,1,193,4,[],None,None
EXPLOIT_VULN,2459.8888206547263,2468.5061145570494,8.617293902323127,6,62721611-be02-4151-883b-83d394161d97,None,None,1,194,4,[],None,None
EXPLOIT_VULN,2468.5061145570494,2477.2724249356897,8.766310378640355,6,62721611-be02-4151-883b-83d394161d97,None,None,1,195,4,[],None,None
EXPLOIT_VULN,2477.2724249356897,2487.5502478269177,10.27782289122797,6,62721611-be02-4151-883b-83d394161d97,None,None,1,196,4,[],None,None
EXPLOIT_VULN,2487.5502478269177,2489.142169081019,1.5919212541011802,6,62721611-be02-4151-883b-83d394161d97,None,None,1,197,4,[],None,None
EXPLOIT_VULN,2489.142169081019,2491.454591554391,2.312422473371953,6,62721611-be02-4151-883b-83d394161d97,None,None,1,198,4,[],application,OSDiversity
SCAN_PORT,2512.494703705324,2537.494703705324,25.0,6,62721611-be02-4151-883b-83d394161d97,None,None,1,198,4,[],None,None
EXPLOIT_VULN,2537.494703705324,2554.0424251821005,16.547721476776587,6,62721611-be02-4151-883b-83d394161d97,None,None,1,198,4,[],None,None
EXPLOIT_VULN,2554.0424251821005,2562.0140626675466,7.971637485446081,6,62721611-be02-4151-883b-83d394161d97,None,None,1,199,4,[],None,None
EXPLOIT_VULN,2562.0140626675466,2581.241221895348,19.22715922780162,6,62721611-be02-4151-883b-83d394161d97,None,None,1,200,4,[],None,None
EXPLOIT_VULN,2581.241221895348,2604.5442444928894,23.303022597541258,6,62721611-be02-4151-883b-83d394161d97,None,None,1,201,4,[],None,None
EXPLOIT_VULN,2604.5442444928894,2618.8894454075485,14.345200914659017,6,62721611-be02-4151-883b-83d394161d97,None,None,1,202,4,[],None,None
EXPLOIT_VULN,2618.8894454075485,2626.2982019171495,7.408756509601062,6,62721611-be02-4151-883b-83d394161d97,None,None,1,203,4,[],None,None
EXPLOIT_VULN,2626.2982019171495,2635.6606144925054,9.362412575355847,6,62721611-be02-4151-883b-83d394161d97,None,None,1,204,4,[],None,None
EXPLOIT_VULN,2635.6606144925054,2645.237132532258,9.5765180397525,6,62721611-be02-4151-883b-83d394161d97,None,None,1,205,4,[],None,None
EXPLOIT_VULN,2645.237132532258,2668.1533004189673,22.916167886709445,6,62721611-be02-4151-883b-83d394161d97,None,None,1,206,4,[],None,None
EXPLOIT_VULN,2668.1533004189673,2676.2768595300563,8.12355911108898,6,62721611-be02-4151-883b-83d394161d97,None,None,1,207,4,[],None,None
EXPLOIT_VULN,2676.2768595300563,2688.59756337113,12.320703841073737,6,62721611-be02-4151-883b-83d394161d97,None,None,1,208,4,[],application,OSDiversity
SCAN_PORT,2708.863896804242,2733.863896804242,25.0,6,62721611-be02-4151-883b-83d394161d97,None,None,1,208,4,[],None,None
EXPLOIT_VULN,2733.863896804242,2740.6577666518224,6.793869847580481,6,62721611-be02-4151-883b-83d394161d97,None,None,1,208,4,[],None,None
EXPLOIT_VULN,2740.6577666518224,2748.5734163657266,7.9156497139042585,6,62721611-be02-4151-883b-83d394161d97,None,None,1,209,4,[],None,None
EXPLOIT_VULN,2748.5734163657266,2768.1676885348525,19.594272169125816,6,62721611-be02-4151-883b-83d394161d97,None,None,1,210,4,[],None,None
EXPLOIT_VULN,2768.1676885348525,2777.319217993753,9.151529458900768,6,62721611-be02-4151-883b-83d394161d97,None,None,1,211,4,[],None,None
EXPLOIT_VULN,2777.319217993753,2782.9497154617884,5.630497468035173,6,62721611-be02-4151-883b-83d394161d97,None,None,1,212,4,[],None,None
EXPLOIT_VULN,2782.9497154617884,2791.7288558536334,8.779140391844976,6,62721611-be02-4151-883b-83d394161d97,None,None,1,213,4,[],None,None
EXPLOIT_VULN,2791.7288558536334,2800.353403642947,8.62454778931351,6,62721611-be02-4151-883b-83d394161d97,None,None,1,214,4,[],None,None
EXPLOIT_VULN,2800.353403642947,2822.1305887964377,21.77718515349079,6,62721611-be02-4151-883b-83d394161d97,None,None,1,215,4,[],None,None
EXPLOIT_VULN,2822.1305887964377,2827.2950876921445,5.164498895706856,6,62721611-be02-4151-883b-83d394161d97,None,None,1,216,4,[],None,None
EXPLOIT_VULN,2827.2950876921445,2845.392242134474,18.09715444232961,6,62721611-be02-4151-883b-83d394161d97,None,None,1,217,4,[],None,None
EXPLOIT_VULN,2845.392242134474,2858.3204221379674,12.928180003493253,6,62721611-be02-4151-883b-83d394161d97,None,None,1,218,4,[],None,None
EXPLOIT_VULN,2858.3204221379674,2866.0859621645054,7.7655400265380194,6,62721611-be02-4151-883b-83d394161d97,None,None,1,219,4,[],None,None
EXPLOIT_VULN,2866.0859621645054,2879.4906571546994,13.404694990194002,6,62721611-be02-4151-883b-83d394161d97,6,62721611-be02-4151-883b-83d394161d97,1,220,4,"['Agretha', 'Susie', 'Vonnie', 'Edee']",None,None
SCAN_NEIGHBOR,2879.4906571546994,2884.4906571546994,5.0,6,62721611-be02-4151-883b-83d394161d97,None,None,1,221,5,[],None,None
ENUM_HOST,2884.4906571546994,2889.4906571546994,5.0,6,62721611-be02-4151-883b-83d394161d97,None,None,1,221,5,[],None,None
ENUM_HOST,2889.4906571546994,2894.4906571546994,5.0,19,eea481d8-8c5c-4850-a73c-b4bde9c39251,None,None,2,221,5,[],None,None
SCAN_PORT,2894.4906571546994,2919.4906571546994,25.0,34,87999234-29ae-4ba2-ae23-9a1c00d9f717,None,None,1,221,5,[],None,None
EXPLOIT_VULN,2919.4906571546994,2920.2719267613684,0.7812696066689568,34,87999234-29ae-4ba2-ae23-9a1c00d9f717,None,None,1,221,5,[],None,None
EXPLOIT_VULN,2920.2719267613684,2921.720826516379,1.4488997550106433,34,87999234-29ae-4ba2-ae23-9a1c00d9f717,None,None,1,222,5,[],None,None
EXPLOIT_VULN,2921.720826516379,2925.384384857138,3.6635583407587546,34,87999234-29ae-4ba2-ae23-9a1c00d9f717,None,None,1,223,5,[],None,None
EXPLOIT_VULN,2925.384384857138,2934.727013994101,9.342629136963296,34,87999234-29ae-4ba2-ae23-9a1c00d9f717,None,None,1,224,5,[],None,None
EXPLOIT_VULN,2934.727013994101,2937.0495270635183,2.322513069417255,34,87999234-29ae-4ba2-ae23-9a1c00d9f717,None,None,1,225,5,[],None,None
EXPLOIT_VULN,2937.0495270635183,2944.564592603342,7.515065539823809,34,87999234-29ae-4ba2-ae23-9a1c00d9f717,None,None,1,226,5,[],None,None
EXPLOIT_VULN,2944.564592603342,2948.5981297712688,4.0335371679266245,34,87999234-29ae-4ba2-ae23-9a1c00d9f717,None,None,1,227,5,[],None,None
EXPLOIT_VULN,2948.5981297712688,2949.6302445166943,1.032114745425588,34,87999234-29ae-4ba2-ae23-9a1c00d9f717,None,None,1,228,5,[],None,None
EXPLOIT_VULN,2949.6302445166943,2955.7533352629466,6.123090746252274,34,87999234-29ae-4ba2-ae23-9a1c00d9f717,None,None,1,229,5,[],None,None
EXPLOIT_VULN,2955.7533352629466,2962.5795477810416,6.826212518094962,34,87999234-29ae-4ba2-ae23-9a1c00d9f717,None,None,1,230,5,[],None,None
EXPLOIT_VULN,2962.5795477810416,2985.133811870489,22.554264089447315,34,87999234-29ae-4ba2-ae23-9a1c00d9f717,None,None,1,231,5,[],None,None
EXPLOIT_VULN,2985.133811870489,2989.749978235216,4.616166364727178,34,87999234-29ae-4ba2-ae23-9a1c00d9f717,None,None,1,232,5,[],None,None
EXPLOIT_VULN,2989.749978235216,2995.390874854535,5.640896619318937,34,87999234-29ae-4ba2-ae23-9a1c00d9f717,None,None,1,233,5,[],None,None
EXPLOIT_VULN,2995.390874854535,3000.5459989639944,5.155124109459393,34,87999234-29ae-4ba2-ae23-9a1c00d9f717,None,None,1,234,5,[],None,None
EXPLOIT_VULN,3000.5459989639944,3018.7485742709646,18.202575306970175,34,87999234-29ae-4ba2-ae23-9a1c00d9f717,None,None,1,235,5,[],None,None
BRUTE_FORCE,3018.7485742709646,3038.7485742709646,20.0,34,87999234-29ae-4ba2-ae23-9a1c00d9f717,None,None,1,236,5,[],None,None
ENUM_HOST,3038.7485742709646,3043.7485742709646,5.0,34,87999234-29ae-4ba2-ae23-9a1c00d9f717,None,None,1,236,5,[],None,None
SCAN_PORT,3043.7485742709646,3068.7485742709646,25.0,5,a47f754e-28a2-442b-ac11-33ff7dc1ad7f,None,None,1,236,5,[],None,None
EXPLOIT_VULN,3068.7485742709646,3070.4540865507415,1.70551227977694,5,a47f754e-28a2-442b-ac11-33ff7dc1ad7f,None,None,1,236,5,[],None,None
EXPLOIT_VULN,3070.4540865507415,3072.125617384729,1.6715308339876174,5,a47f754e-28a2-442b-ac11-33ff7dc1ad7f,None,None,1,237,5,[],None,None
EXPLOIT_VULN,3072.125617384729,3074.4223609318847,2.296743547155529,5,a47f754e-28a2-442b-ac11-33ff7dc1ad7f,None,None,1,238,5,[],None,None
EXPLOIT_VULN,3074.4223609318847,3080.174180603669,5.751819671784233,5,a47f754e-28a2-442b-ac11-33ff7dc1ad7f,None,None,1,239,5,[],None,None
EXPLOIT_VULN,3080.174180603669,3087.251494150778,7.077313547109043,5,a47f754e-28a2-442b-ac11-33ff7dc1ad7f,None,None,1,240,5,[],None,None
EXPLOIT_VULN,3087.251494150778,3090.0386540295044,2.78715987872647,5,a47f754e-28a2-442b-ac11-33ff7dc1ad7f,None,None,1,241,5,[],application,OSDiversity
SCAN_PORT,3110.6662763447894,3135.6662763447894,25.0,5,a47f754e-28a2-442b-ac11-33ff7dc1ad7f,None,None,1,241,5,[],None,None
EXPLOIT_VULN,3135.6662763447894,3136.973856087348,1.3075797425585733,5,a47f754e-28a2-442b-ac11-33ff7dc1ad7f,None,None,1,241,5,[],None,None
EXPLOIT_VULN,3136.973856087348,3138.81831699331,1.8444609059620234,5,a47f754e-28a2-442b-ac11-33ff7dc1ad7f,None,None,1,242,5,[],None,None
EXPLOIT_VULN,3138.81831699331,3141.766312182504,2.947995189193989,5,a47f754e-28a2-442b-ac11-33ff7dc1ad7f,None,None,1,243,5,[],None,None
EXPLOIT_VULN,3141.766312182504,3144.9534935994398,3.1871814169358004,5,a47f754e-28a2-442b-ac11-33ff7dc1ad7f,None,None,1,244,5,[],None,None
EXPLOIT_VULN,3144.9534935994398,3148.4021849547426,3.448691355302799,5,a47f754e-28a2-442b-ac11-33ff7dc1ad7f,None,None,1,245,5,[],None,None
EXPLOIT_VULN,3148.4021849547426,3152.837984414307,4.43579945956435,5,a47f754e-28a2-442b-ac11-33ff7dc1ad7f,None,None,1,246,5,[],None,None
EXPLOIT_VULN,3152.837984414307,3156.482302847658,3.6443184333511454,5,a47f754e-28a2-442b-ac11-33ff7dc1ad7f,None,None,1,247,5,[],None,None
EXPLOIT_VULN,3156.482302847658,3163.5761843967193,7.09388154906128,5,a47f754e-28a2-442b-ac11-33ff7dc1ad7f,None,None,1,248,5,[],None,None
EXPLOIT_VULN,3163.5761843967193,3167.6929344866094,4.116750089890047,5,a47f754e-28a2-442b-ac11-33ff7dc1ad7f,None,None,1,249,5,[],None,None
EXPLOIT_VULN,3167.6929344866094,3170.1902860089112,2.4973515223018694,5,a47f754e-28a2-442b-ac11-33ff7dc1ad7f,None,None,1,250,5,[],None,None
EXPLOIT_VULN,3170.1902860089112,3179.974424083967,9.78413807505558,5,a47f754e-28a2-442b-ac11-33ff7dc1ad7f,None,None,1,251,5,[],None,None
EXPLOIT_VULN,3179.974424083967,3183.0360982797934,3.0616741958265266,5,a47f754e-28a2-442b-ac11-33ff7dc1ad7f,None,None,1,252,5,[],None,None
EXPLOIT_VULN,3183.0360982797934,3189.997728876634,6.961630596840678,5,a47f754e-28a2-442b-ac11-33ff7dc1ad7f,None,None,1,253,5,[],None,None
EXPLOIT_VULN,3189.997728876634,3209.9995299405637,20.001801063929634,5,a47f754e-28a2-442b-ac11-33ff7dc1ad7f,None,None,1,254,5,[],None,None
EXPLOIT_VULN,3209.9995299405637,3215.84868733182,5.84915739125654,5,a47f754e-28a2-442b-ac11-33ff7dc1ad7f,None,None,1,255,5,[],None,None
EXPLOIT_VULN,3215.84868733182,3222.7134446557725,6.86475732395229,5,a47f754e-28a2-442b-ac11-33ff7dc1ad7f,None,None,1,256,5,[],None,None
EXPLOIT_VULN,3222.7134446557725,3231.173569822089,8.46012516631663,5,a47f754e-28a2-442b-ac11-33ff7dc1ad7f,None,None,1,257,5,[],None,None
EXPLOIT_VULN,3231.173569822089,3252.4079002425196,21.234330420430524,5,a47f754e-28a2-442b-ac11-33ff7dc1ad7f,None,None,1,258,5,[],None,None
EXPLOIT_VULN,3252.4079002425196,3269.336529793626,16.928629551106496,5,a47f754e-28a2-442b-ac11-33ff7dc1ad7f,None,None,1,259,5,[],None,None
EXPLOIT_VULN,3269.336529793626,3278.08731591826,8.750786124634033,5,a47f754e-28a2-442b-ac11-33ff7dc1ad7f,None,None,1,260,5,[],None,None
EXPLOIT_VULN,3278.08731591826,3291.134988578649,13.047672660388798,5,a47f754e-28a2-442b-ac11-33ff7dc1ad7f,None,None,1,261,5,[],application,OSDiversity
SCAN_PORT,3312.343704659143,3337.343704659143,25.0,5,a47f754e-28a2-442b-ac11-33ff7dc1ad7f,None,None,1,261,5,[],None,None
EXPLOIT_VULN,3337.343704659143,3340.046165181879,2.7024605227361462,5,a47f754e-28a2-442b-ac11-33ff7dc1ad7f,None,None,1,261,5,[],None,None
EXPLOIT_VULN,3340.046165181879,3346.7988759002487,6.752710718369599,5,a47f754e-28a2-442b-ac11-33ff7dc1ad7f,None,None,1,262,5,[],None,None
EXPLOIT_VULN,3346.7988759002487,3356.485725679738,9.686849779489421,5,a47f754e-28a2-442b-ac11-33ff7dc1ad7f,None,None,1,263,5,[],None,None
EXPLOIT_VULN,3356.485725679738,3359.036686604632,2.550960924893843,5,a47f754e-28a2-442b-ac11-33ff7dc1ad7f,None,None,1,264,5,[],None,None
EXPLOIT_VULN,3359.036686604632,3363.9336132062017,4.896926601569703,5,a47f754e-28a2-442b-ac11-33ff7dc1ad7f,None,None,1,265,5,[],None,None
EXPLOIT_VULN,3363.9336132062017,3370.4933835997554,6.559770393553663,5,a47f754e-28a2-442b-ac11-33ff7dc1ad7f,None,None,1,266,5,[],None,None
EXPLOIT_VULN,3370.4933835997554,3378.50050507561,8.007121475854547,5,a47f754e-28a2-442b-ac11-33ff7dc1ad7f,None,None,1,267,5,[],None,None
EXPLOIT_VULN,3378.50050507561,3385.3347956531993,6.8342905775894,5,a47f754e-28a2-442b-ac11-33ff7dc1ad7f,None,None,1,268,5,[],None,None
EXPLOIT_VULN,3385.3347956531993,3393.668111138948,8.333315485748699,5,a47f754e-28a2-442b-ac11-33ff7dc1ad7f,None,None,1,269,5,[],None,None
EXPLOIT_VULN,3393.668111138948,3402.589604335252,8.9214931963038,5,a47f754e-28a2-442b-ac11-33ff7dc1ad7f,None,None,1,270,5,[],None,None
EXPLOIT_VULN,3402.589604335252,3409.104705242386,6.515100907134183,5,a47f754e-28a2-442b-ac11-33ff7dc1ad7f,None,None,1,271,5,[],None,None
EXPLOIT_VULN,3409.104705242386,3415.4206640793336,6.31595883694763,5,a47f754e-28a2-442b-ac11-33ff7dc1ad7f,None,None,1,272,5,[],None,None
EXPLOIT_VULN,3415.4206640793336,3431.666672212495,16.246008133161467,5,a47f754e-28a2-442b-ac11-33ff7dc1ad7f,None,None,1,273,5,[],None,None
EXPLOIT_VULN,3431.666672212495,3440.549447721519,8.882775509023759,5,a47f754e-28a2-442b-ac11-33ff7dc1ad7f,None,None,1,274,5,[],None,None
EXPLOIT_VULN,3440.549447721519,3447.6604740707,7.111026349180975,5,a47f754e-28a2-442b-ac11-33ff7dc1ad7f,None,None,1,275,5,[],None,None
EXPLOIT_VULN,3447.6604740707,3450.7457144756804,3.0852404049805955,5,a47f754e-28a2-442b-ac11-33ff7dc1ad7f,None,None,1,276,5,[],None,None
EXPLOIT_VULN,3450.7457144756804,3455.6422256020996,4.896511126419227,5,a47f754e-28a2-442b-ac11-33ff7dc1ad7f,None,None,1,277,5,[],None,None
EXPLOIT_VULN,3455.6422256020996,3472.4444392730993,16.802213670999663,5,a47f754e-28a2-442b-ac11-33ff7dc1ad7f,None,None,1,278,5,[],None,None
EXPLOIT_VULN,3472.4444392730993,3478.1866603801936,5.742221107094338,5,a47f754e-28a2-442b-ac11-33ff7dc1ad7f,None,None,1,279,5,[],None,None
EXPLOIT_VULN,3478.1866603801936,3484.943774570513,6.7571141903194984,5,a47f754e-28a2-442b-ac11-33ff7dc1ad7f,None,None,1,280,5,[],None,None
EXPLOIT_VULN,3484.943774570513,3493.1326459306297,8.188871360116536,5,a47f754e-28a2-442b-ac11-33ff7dc1ad7f,None,None,1,281,5,[],application,OSDiversity
SCAN_PORT,3513.6310234243947,3538.6310234243947,25.0,5,a47f754e-28a2-442b-ac11-33ff7dc1ad7f,None,None,1,281,5,[],None,None
EXPLOIT_VULN,3538.6310234243947,3542.547742723003,3.9167192986083137,5,a47f754e-28a2-442b-ac11-33ff7dc1ad7f,None,None,1,281,5,[],None,None
EXPLOIT_VULN,3542.547742723003,3545.458290509315,2.9105477863117812,5,a47f754e-28a2-442b-ac11-33ff7dc1ad7f,None,None,1,282,5,[],None,None
EXPLOIT_VULN,3545.458290509315,3561.9637154338757,16.505424924560884,5,a47f754e-28a2-442b-ac11-33ff7dc1ad7f,None,None,1,283,5,[],None,None
EXPLOIT_VULN,3561.9637154338757,3583.7747722097565,21.811056775880843,5,a47f754e-28a2-442b-ac11-33ff7dc1ad7f,None,None,1,284,5,[],None,None
EXPLOIT_VULN,3583.7747722097565,3591.4081066703548,7.633334460598235,5,a47f754e-28a2-442b-ac11-33ff7dc1ad7f,None,None,1,285,5,[],None,None
EXPLOIT_VULN,3591.4081066703548,3608.1107376416376,16.702630971282815,5,a47f754e-28a2-442b-ac11-33ff7dc1ad7f,None,None,1,286,5,[],None,None
EXPLOIT_VULN,3608.1107376416376,3611.2774306491447,3.1666930075070923,5,a47f754e-28a2-442b-ac11-33ff7dc1ad7f,None,None,1,287,5,[],None,None
EXPLOIT_VULN,3611.2774306491447,3620.2768654839206,8.999434834775911,5,a47f754e-28a2-442b-ac11-33ff7dc1ad7f,None,None,1,288,5,[],None,None
EXPLOIT_VULN,3620.2768654839206,3640.8074701396263,20.5306046557057,5,a47f754e-28a2-442b-ac11-33ff7dc1ad7f,None,None,1,289,5,[],None,None
EXPLOIT_VULN,3640.8074701396263,3648.2143814422548,7.406911302628487,5,a47f754e-28a2-442b-ac11-33ff7dc1ad7f,None,None,1,290,5,[],None,None
EXPLOIT_VULN,3648.2143814422548,3669.745308702886,21.530927260631415,5,a47f754e-28a2-442b-ac11-33ff7dc1ad7f,5,a47f754e-28a2-442b-ac11-33ff7dc1ad7f,1,291,5,"['Wendie', 'Kelcy', 'Dorree']",None,None
SCAN_NEIGHBOR,3669.745308702886,3674.745308702886,5.0,5,a47f754e-28a2-442b-ac11-33ff7dc1ad7f,None,None,1,292,6,[],None,None
ENUM_HOST,3674.745308702886,3679.745308702886,5.0,5,a47f754e-28a2-442b-ac11-33ff7dc1ad7f,None,None,1,292,6,[],None,None
ENUM_HOST,3679.745308702886,3684.745308702886,5.0,6,62721611-be02-4151-883b-83d394161d97,None,None,2,292,6,[],None,None
SCAN_PORT,3684.745308702886,3692.0377741711986,7.292465468312457,24,e9bc77a2-2b34-4047-bde3-7181cf9dfd37,None,None,1,292,6,[],application,OSDiversity
SCAN_PORT,3712.2397334889865,3737.2397334889865,25.0,24,e9bc77a2-2b34-4047-bde3-7181cf9dfd37,None,None,1,292,6,[],None,None
EXPLOIT_VULN,3737.2397334889865,3739.3410263942387,2.101292905252194,24,e9bc77a2-2b34-4047-bde3-7181cf9dfd37,None,None,1,292,6,[],None,None
EXPLOIT_VULN,3739.3410263942387,3739.5700132078837,0.22898681364495133,24,e9bc77a2-2b34-4047-bde3-7181cf9dfd37,None,None,1,293,6,[],None,None
EXPLOIT_VULN,3739.5700132078837,3742.0040630649796,2.4340498570959426,24,e9bc77a2-2b34-4047-bde3-7181cf9dfd37,None,None,1,294,6,[],None,None
EXPLOIT_VULN,3742.0040630649796,3745.5818850316937,3.5778219667140547,24,e9bc77a2-2b34-4047-bde3-7181cf9dfd37,None,None,1,295,6,[],None,None
EXPLOIT_VULN,3745.5818850316937,3754.6171148239628,9.035229792269092,24,e9bc77a2-2b34-4047-bde3-7181cf9dfd37,None,None,1,296,6,[],None,None
EXPLOIT_VULN,3754.6171148239628,3758.6910421126768,4.073927288714003,24,e9bc77a2-2b34-4047-bde3-7181cf9dfd37,None,None,1,297,6,[],None,None
EXPLOIT_VULN,3758.6910421126768,3759.9006361551455,1.2095940424687797,24,e9bc77a2-2b34-4047-bde3-7181cf9dfd37,None,None,1,298,6,[],None,None
EXPLOIT_VULN,3759.9006361551455,3764.9082247026754,5.007588547529849,24,e9bc77a2-2b34-4047-bde3-7181cf9dfd37,None,None,1,299,6,[],None,None
EXPLOIT_VULN,3764.9082247026754,3786.8205447900386,21.91232008736324,24,e9bc77a2-2b34-4047-bde3-7181cf9dfd37,None,None,1,300,6,[],None,None
EXPLOIT_VULN,3786.8205447900386,3792.6684402066835,5.84789541664486,24,e9bc77a2-2b34-4047-bde3-7181cf9dfd37,None,None,1,301,6,[],None,None
EXPLOIT_VULN,3792.6684402066835,3801.6043457589567,8.935905552273198,24,e9bc77a2-2b34-4047-bde3-7181cf9dfd37,None,None,1,302,6,[],None,None
EXPLOIT_VULN,3801.6043457589567,3812.359315137377,10.754969378420355,24,e9bc77a2-2b34-4047-bde3-7181cf9dfd37,None,None,1,303,6,[],None,None
EXPLOIT_VULN,3812.359315137377,3814.1623254517813,1.8030103144042187,24,e9bc77a2-2b34-4047-bde3-7181cf9dfd37,None,None,1,304,6,[],None,None
EXPLOIT_VULN,3814.1623254517813,3817.968438343487,3.806112891705652,24,e9bc77a2-2b34-4047-bde3-7181cf9dfd37,None,None,1,305,6,[],None,None
EXPLOIT_VULN,3817.968438343487,3826.2684173582043,8.299979014717337,24,e9bc77a2-2b34-4047-bde3-7181cf9dfd37,None,None,1,306,6,[],None,None
EXPLOIT_VULN,3826.2684173582043,3831.5616779077145,5.293260549510251,24,e9bc77a2-2b34-4047-bde3-7181cf9dfd37,None,None,1,307,6,[],None,None
EXPLOIT_VULN,3831.5616779077145,3841.583538461378,10.021860553663373,24,e9bc77a2-2b34-4047-bde3-7181cf9dfd37,None,None,1,308,6,[],None,None
EXPLOIT_VULN,3841.583538461378,3862.1586494608646,20.575110999486697,24,e9bc77a2-2b34-4047-bde3-7181cf9dfd37,None,None,1,309,6,[],None,None
EXPLOIT_VULN,3862.1586494608646,3864.098253420295,1.9396039594303147,24,e9bc77a2-2b34-4047-bde3-7181cf9dfd37,None,None,1,310,6,[],None,None
EXPLOIT_VULN,3864.098253420295,3879.254282241421,15.156028821126256,24,e9bc77a2-2b34-4047-bde3-7181cf9dfd37,None,None,1,311,6,[],None,None
EXPLOIT_VULN,3879.254282241421,3892.869432057534,13.61514981611299,24,e9bc77a2-2b34-4047-bde3-7181cf9dfd37,None,None,1,312,6,[],None,None
EXPLOIT_VULN,3892.869432057534,3892.963022312367,0.09359025483263395,24,e9bc77a2-2b34-4047-bde3-7181cf9dfd37,None,None,1,313,6,[],application,OSDiversity
SCAN_PORT,3912.9706680177383,3937.9706680177383,25.0,24,e9bc77a2-2b34-4047-bde3-7181cf9dfd37,None,None,1,313,6,[],None,None
EXPLOIT_VULN,3937.9706680177383,3938.4110074384203,0.44033942068199394,24,e9bc77a2-2b34-4047-bde3-7181cf9dfd37,None,None,1,313,6,[],None,None
EXPLOIT_VULN,3938.4110074384203,3941.5370274635384,3.126020025118123,24,e9bc77a2-2b34-4047-bde3-7181cf9dfd37,None,None,1,314,6,[],None,None
EXPLOIT_VULN,3941.5370274635384,3942.3248705084084,0.7878430448699874,24,e9bc77a2-2b34-4047-bde3-7181cf9dfd37,None,None,1,315,6,[],None,None
EXPLOIT_VULN,3942.3248705084084,3944.1378032680796,1.8129327596711846,24,e9bc77a2-2b34-4047-bde3-7181cf9dfd37,None,None,1,316,6,[],None,None
EXPLOIT_VULN,3944.1378032680796,3947.673795624027,3.5359923559476556,24,e9bc77a2-2b34-4047-bde3-7181cf9dfd37,None,None,1,317,6,[],None,None
EXPLOIT_VULN,3947.673795624027,3951.725115435475,4.051319811447684,24,e9bc77a2-2b34-4047-bde3-7181cf9dfd37,None,None,1,318,6,[],None,None
EXPLOIT_VULN,3951.725115435475,3953.1884842907293,1.46336885525443,24,e9bc77a2-2b34-4047-bde3-7181cf9dfd37,None,None,1,319,6,[],None,None
EXPLOIT_VULN,3953.1884842907293,3955.530074567417,2.341590276687839,24,e9bc77a2-2b34-4047-bde3-7181cf9dfd37,None,None,1,320,6,[],None,None
EXPLOIT_VULN,3955.530074567417,3971.6560913430394,16.126016775622247,24,e9bc77a2-2b34-4047-bde3-7181cf9dfd37,None,None,1,321,6,[],None,None
EXPLOIT_VULN,3971.6560913430394,3977.4906921912207,5.834600848181253,24,e9bc77a2-2b34-4047-bde3-7181cf9dfd37,None,None,1,322,6,[],None,None
EXPLOIT_VULN,3977.4906921912207,3984.3437383339055,6.853046142684889,24,e9bc77a2-2b34-4047-bde3-7181cf9dfd37,None,None,1,323,6,[],None,None
EXPLOIT_VULN,3984.3437383339055,4005.757151377285,21.413413043379478,24,e9bc77a2-2b34-4047-bde3-7181cf9dfd37,None,None,1,324,6,[],None,None
EXPLOIT_VULN,4005.757151377285,4014.0390646971173,8.281913319832256,24,e9bc77a2-2b34-4047-bde3-7181cf9dfd37,None,None,1,325,6,[],None,None
EXPLOIT_VULN,4014.0390646971173,4018.3343603293606,4.295295632243324,24,e9bc77a2-2b34-4047-bde3-7181cf9dfd37,None,None,1,326,6,[],None,None
EXPLOIT_VULN,4018.3343603293606,4034.2702181779396,15.935857848578962,24,e9bc77a2-2b34-4047-bde3-7181cf9dfd37,None,None,1,327,6,[],None,None
EXPLOIT_VULN,4034.2702181779396,4043.3567625198975,9.08654434195796,24,e9bc77a2-2b34-4047-bde3-7181cf9dfd37,None,None,1,328,6,[],None,None
EXPLOIT_VULN,4043.3567625198975,4063.894508451221,20.53774593132357,24,e9bc77a2-2b34-4047-bde3-7181cf9dfd37,None,None,1,329,6,[],None,None
EXPLOIT_VULN,4063.894508451221,4070.1955281381747,6.301019686953623,24,e9bc77a2-2b34-4047-bde3-7181cf9dfd37,None,None,1,330,6,[],None,None
EXPLOIT_VULN,4070.1955281381747,4076.38133082107,6.185802682895428,24,e9bc77a2-2b34-4047-bde3-7181cf9dfd37,None,None,1,331,6,[],None,None
EXPLOIT_VULN,4076.38133082107,4084.173788095871,7.792457274800654,24,e9bc77a2-2b34-4047-bde3-7181cf9dfd37,None,None,1,332,6,[],None,None
EXPLOIT_VULN,4084.173788095871,4091.337478078949,7.163689983078257,24,e9bc77a2-2b34-4047-bde3-7181cf9dfd37,None,None,1,333,6,[],None,None
EXPLOIT_VULN,4091.337478078949,4093.3304385452334,1.9929604662843303,24,e9bc77a2-2b34-4047-bde3-7181cf9dfd37,None,None,1,334,6,[],application,OSDiversity
SCAN_PORT,4113.423160451291,4138.423160451291,25.0,24,e9bc77a2-2b34-4047-bde3-7181cf9dfd37,None,None,1,334,6,[],None,None
EXPLOIT_VULN,4138.423160451291,4139.463164446797,1.040003995506595,24,e9bc77a2-2b34-4047-bde3-7181cf9dfd37,None,None,1,334,6,[],None,None
EXPLOIT_VULN,4139.463164446797,4142.803608315021,3.3404438682237014,24,e9bc77a2-2b34-4047-bde3-7181cf9dfd37,None,None,1,335,6,[],None,None
EXPLOIT_VULN,4142.803608315021,4143.816787605213,1.0131792901920562,24,e9bc77a2-2b34-4047-bde3-7181cf9dfd37,None,None,1,336,6,[],None,None
EXPLOIT_VULN,4143.816787605213,4149.786887491976,5.97009988676291,24,e9bc77a2-2b34-4047-bde3-7181cf9dfd37,None,None,1,337,6,[],None,None
EXPLOIT_VULN,4149.786887491976,4156.820936033396,7.0340485414199065,24,e9bc77a2-2b34-4047-bde3-7181cf9dfd37,None,None,1,338,6,[],None,None
EXPLOIT_VULN,4156.820936033396,4177.735192189717,20.914256156321244,24,e9bc77a2-2b34-4047-bde3-7181cf9dfd37,None,None,1,339,6,[],None,None
EXPLOIT_VULN,4177.735192189717,4194.956380003725,17.221187814007862,24,e9bc77a2-2b34-4047-bde3-7181cf9dfd37,None,None,1,340,6,[],None,None
EXPLOIT_VULN,4194.956380003725,4216.800588605693,21.844208601967694,24,e9bc77a2-2b34-4047-bde3-7181cf9dfd37,None,None,1,341,6,[],None,None
EXPLOIT_VULN,4216.800588605693,4226.145055292531,9.344466686838132,24,e9bc77a2-2b34-4047-bde3-7181cf9dfd37,None,None,1,342,6,[],None,None
EXPLOIT_VULN,4226.145055292531,4242.14119870947,15.996143416939049,24,e9bc77a2-2b34-4047-bde3-7181cf9dfd37,None,None,1,343,6,[],None,None
EXPLOIT_VULN,4242.14119870947,4251.624754304395,9.483555594924837,24,e9bc77a2-2b34-4047-bde3-7181cf9dfd37,None,None,1,344,6,[],None,None
EXPLOIT_VULN,4251.624754304395,4258.871755858556,7.247001554161216,24,e9bc77a2-2b34-4047-bde3-7181cf9dfd37,None,None,1,345,6,[],None,None
EXPLOIT_VULN,4258.871755858556,4265.768420284507,6.896664425950803,24,e9bc77a2-2b34-4047-bde3-7181cf9dfd37,None,None,1,346,6,[],None,None
EXPLOIT_VULN,4265.768420284507,4287.6894112021055,21.92099091759883,24,e9bc77a2-2b34-4047-bde3-7181cf9dfd37,None,None,1,347,6,[],None,None
EXPLOIT_VULN,4287.6894112021055,4290.71350024281,3.0240890407048937,24,e9bc77a2-2b34-4047-bde3-7181cf9dfd37,24,e9bc77a2-2b34-4047-bde3-7181cf9dfd37,1,348,6,['Annamaria'],None,None
SCAN_NEIGHBOR,4290.71350024281,4295.71350024281,5.0,24,e9bc77a2-2b34-4047-bde3-7181cf9dfd37,None,None,1,349,7,[],None,None
ENUM_HOST,4295.71350024281,4300.71350024281,5.0,24,e9bc77a2-2b34-4047-bde3-7181cf9dfd37,None,None,1,349,7,[],None,None
SCAN_PORT,4300.71350024281,4325.71350024281,25.0,22,07f44fbe-e0a6-466b-a44d-49027332a3e2,None,None,1,349,7,[],None,None
EXPLOIT_VULN,4325.71350024281,4326.364178568346,0.6506783255354094,22,07f44fbe-e0a6-466b-a44d-49027332a3e2,None,None,1,349,7,[],None,None
EXPLOIT_VULN,4326.364178568346,4329.569144972497,3.2049664041514916,22,07f44fbe-e0a6-466b-a44d-49027332a3e2,None,None,1,350,7,[],None,None
EXPLOIT_VULN,4329.569144972497,4332.711914582025,3.1427696095279316,22,07f44fbe-e0a6-466b-a44d-49027332a3e2,None,None,1,351,7,[],None,None
EXPLOIT_VULN,4332.711914582025,4336.240326413677,3.5284118316521926,22,07f44fbe-e0a6-466b-a44d-49027332a3e2,None,None,1,352,7,[],None,None
EXPLOIT_VULN,4336.240326413677,4337.629984813074,1.3896583993964668,22,07f44fbe-e0a6-466b-a44d-49027332a3e2,None,None,1,353,7,[],None,None
EXPLOIT_VULN,4337.629984813074,4341.558714020358,3.92872920728405,22,07f44fbe-e0a6-466b-a44d-49027332a3e2,None,None,1,354,7,[],None,None
EXPLOIT_VULN,4341.558714020358,4351.096368305018,9.537654284659766,22,07f44fbe-e0a6-466b-a44d-49027332a3e2,None,None,1,355,7,[],None,None
EXPLOIT_VULN,4351.096368305018,4354.885680858418,3.789312553400123,22,07f44fbe-e0a6-466b-a44d-49027332a3e2,None,None,1,356,7,[],None,None
EXPLOIT_VULN,4354.885680858418,4360.799446386445,5.9137655280273975,22,07f44fbe-e0a6-466b-a44d-49027332a3e2,None,None,1,357,7,[],None,None
EXPLOIT_VULN,4360.799446386445,4364.049869748171,3.2504233617255522,22,07f44fbe-e0a6-466b-a44d-49027332a3e2,None,None,1,358,7,[],None,None
EXPLOIT_VULN,4364.049869748171,4373.4439743362,9.394104588029222,22,07f44fbe-e0a6-466b-a44d-49027332a3e2,None,None,1,359,7,[],None,None
EXPLOIT_VULN,4373.4439743362,4378.795474821454,5.351500485254292,22,07f44fbe-e0a6-466b-a44d-49027332a3e2,None,None,1,360,7,[],None,None
EXPLOIT_VULN,4378.795474821454,4385.842382387961,7.0469075665068885,22,07f44fbe-e0a6-466b-a44d-49027332a3e2,None,None,1,361,7,[],None,None
EXPLOIT_VULN,4385.842382387961,4401.6293110794895,15.786928691528374,22,07f44fbe-e0a6-466b-a44d-49027332a3e2,None,None,1,362,7,[],None,None
EXPLOIT_VULN,4401.6293110794895,4420.233443956443,18.604132876953372,22,07f44fbe-e0a6-466b-a44d-49027332a3e2,None,None,1,363,7,[],None,None
EXPLOIT_VULN,4420.233443956443,4440.94068685877,20.70724290232738,22,07f44fbe-e0a6-466b-a44d-49027332a3e2,None,None,1,364,7,[],None,None
EXPLOIT_VULN,4440.94068685877,4450.582039442174,9.641352583404114,22,07f44fbe-e0a6-466b-a44d-49027332a3e2,None,None,1,365,7,[],None,None
EXPLOIT_VULN,4450.582039442174,4467.5029363367385,16.920896894564066,22,07f44fbe-e0a6-466b-a44d-49027332a3e2,None,None,1,366,7,[],None,None
EXPLOIT_VULN,4467.5029363367385,4484.666392049994,17.163455713255644,22,07f44fbe-e0a6-466b-a44d-49027332a3e2,None,None,1,367,7,[],None,None
EXPLOIT_VULN,4484.666392049994,4491.185781707485,6.519389657491047,22,07f44fbe-e0a6-466b-a44d-49027332a3e2,None,None,1,368,7,[],None,None
EXPLOIT_VULN,4491.185781707485,4494.763716044923,3.5779343374379096,22,07f44fbe-e0a6-466b-a44d-49027332a3e2,None,None,1,369,7,[],application,OSDiversity
SCAN_PORT,4516.532659918682,4541.532659918682,25.0,22,07f44fbe-e0a6-466b-a44d-49027332a3e2,None,None,1,369,7,[],None,None
EXPLOIT_VULN,4541.532659918682,4542.335960369379,0.8033004506969519,22,07f44fbe-e0a6-466b-a44d-49027332a3e2,None,None,1,369,7,[],None,None
EXPLOIT_VULN,4542.335960369379,4544.729262515686,2.393302146307178,22,07f44fbe-e0a6-466b-a44d-49027332a3e2,None,None,1,370,7,[],None,None
EXPLOIT_VULN,4544.729262515686,4548.557584557638,3.828322041951651,22,07f44fbe-e0a6-466b-a44d-49027332a3e2,None,None,1,371,7,[],None,None
EXPLOIT_VULN,4548.557584557638,4551.143562775525,2.585978217887714,22,07f44fbe-e0a6-466b-a44d-49027332a3e2,None,None,1,372,7,[],None,None
EXPLOIT_VULN,4551.143562775525,4552.722581638451,1.5790188629252953,22,07f44fbe-e0a6-466b-a44d-49027332a3e2,None,None,1,373,7,[],None,None
EXPLOIT_VULN,4552.722581638451,4555.185946570022,2.46336493157105,22,07f44fbe-e0a6-466b-a44d-49027332a3e2,None,None,1,374,7,[],None,None
EXPLOIT_VULN,4555.185946570022,4558.938737094272,3.7527905242504858,22,07f44fbe-e0a6-466b-a44d-49027332a3e2,None,None,1,375,7,[],None,None
EXPLOIT_VULN,4558.938737094272,4561.1732919529,2.234554858628144,22,07f44fbe-e0a6-466b-a44d-49027332a3e2,None,None,1,376,7,[],None,None
EXPLOIT_VULN,4561.1732919529,4567.500209230196,6.3269172772952516,22,07f44fbe-e0a6-466b-a44d-49027332a3e2,None,None,1,377,7,[],None,None
EXPLOIT_VULN,4567.500209230196,4576.965296268612,9.465087038416641,22,07f44fbe-e0a6-466b-a44d-49027332a3e2,None,None,1,378,7,[],None,None
EXPLOIT_VULN,4576.965296268612,4582.446094763675,5.480798495063027,22,07f44fbe-e0a6-466b-a44d-49027332a3e2,None,None,1,379,7,[],None,None
EXPLOIT_VULN,4582.446094763675,4598.555871759495,16.10977699581963,22,07f44fbe-e0a6-466b-a44d-49027332a3e2,None,None,1,380,7,[],None,None
EXPLOIT_VULN,4598.555871759495,4603.190900852101,4.635029092605691,22,07f44fbe-e0a6-466b-a44d-49027332a3e2,None,None,1,381,7,[],None,None
EXPLOIT_VULN,4603.190900852101,4622.023390251462,18.832489399361293,22,07f44fbe-e0a6-466b-a44d-49027332a3e2,None,None,1,382,7,[],None,None
EXPLOIT_VULN,4622.023390251462,4642.973917641181,20.950527389719355,22,07f44fbe-e0a6-466b-a44d-49027332a3e2,None,None,1,383,7,[],None,None
EXPLOIT_VULN,4642.973917641181,4649.976105359039,7.002187717857851,22,07f44fbe-e0a6-466b-a44d-49027332a3e2,None,None,1,384,7,[],None,None
EXPLOIT_VULN,4649.976105359039,4657.543953161575,7.567847802535653,22,07f44fbe-e0a6-466b-a44d-49027332a3e2,None,None,1,385,7,[],None,None
EXPLOIT_VULN,4657.543953161575,4677.3098201475395,19.76586698596475,22,07f44fbe-e0a6-466b-a44d-49027332a3e2,None,None,1,386,7,[],None,None
EXPLOIT_VULN,4677.3098201475395,4687.205163337762,9.895343190222775,22,07f44fbe-e0a6-466b-a44d-49027332a3e2,None,None,1,387,7,[],None,None
EXPLOIT_VULN,4687.205163337762,4694.568021136278,7.362857798515506,22,07f44fbe-e0a6-466b-a44d-49027332a3e2,None,None,1,388,7,[],application,OSDiversity
SCAN_PORT,4715.7300726966305,4740.7300726966305,25.0,22,07f44fbe-e0a6-466b-a44d-49027332a3e2,None,None,1,388,7,[],None,None
EXPLOIT_VULN,4740.7300726966305,4743.187672928592,2.4576002319618055,22,07f44fbe-e0a6-466b-a44d-49027332a3e2,None,None,1,388,7,[],None,None
EXPLOIT_VULN,4743.187672928592,4745.7749316401305,2.5872587115381975,22,07f44fbe-e0a6-466b-a44d-49027332a3e2,None,None,1,389,7,[],None,None
EXPLOIT_VULN,4745.7749316401305,4748.152101036154,2.377169396023419,22,07f44fbe-e0a6-466b-a44d-49027332a3e2,None,None,1,390,7,[],None,None
EXPLOIT_VULN,4748.152101036154,4754.333328397536,6.181227361382298,22,07f44fbe-e0a6-466b-a44d-49027332a3e2,None,None,1,391,7,[],None,None
EXPLOIT_VULN,4754.333328397536,4764.599145870058,10.26581747252203,22,07f44fbe-e0a6-466b-a44d-49027332a3e2,None,None,1,392,7,[],None,None
EXPLOIT_VULN,4764.599145870058,4780.389914583229,15.790768713171019,22,07f44fbe-e0a6-466b-a44d-49027332a3e2,None,None,1,393,7,[],None,None
EXPLOIT_VULN,4780.389914583229,4799.108345930955,18.718431347725527,22,07f44fbe-e0a6-466b-a44d-49027332a3e2,None,None,1,394,7,[],None,None
EXPLOIT_VULN,4799.108345930955,4820.162432648618,21.054086717663267,22,07f44fbe-e0a6-466b-a44d-49027332a3e2,None,None,1,395,7,[],None,None
EXPLOIT_VULN,4820.162432648618,4827.021838801753,6.859406153134842,22,07f44fbe-e0a6-466b-a44d-49027332a3e2,None,None,1,396,7,[],None,None
EXPLOIT_VULN,4827.021838801753,4847.046835033733,20.024996231980367,22,07f44fbe-e0a6-466b-a44d-49027332a3e2,None,None,1,397,7,[],None,None
EXPLOIT_VULN,4847.046835033733,4855.970193160221,8.923358126487983,22,07f44fbe-e0a6-466b-a44d-49027332a3e2,None,None,1,398,7,[],None,None
EXPLOIT_VULN,4855.970193160221,4874.858988759109,18.888795598887555,22,07f44fbe-e0a6-466b-a44d-49027332a3e2,None,None,1,399,7,[],None,None
EXPLOIT_VULN,4874.858988759109,4894.390365191515,19.531376432406432,22,07f44fbe-e0a6-466b-a44d-49027332a3e2,None,None,1,400,7,[],None,None
EXPLOIT_VULN,4894.390365191515,4894.787651330502,0.39728613898660115,22,07f44fbe-e0a6-466b-a44d-49027332a3e2,None,None,1,401,7,[],application,OSDiversity
SCAN_PORT,4914.998434159818,4939.998434159818,25.0,22,07f44fbe-e0a6-466b-a44d-49027332a3e2,None,None,1,401,7,[],None,None
EXPLOIT_VULN,4939.998434159818,4942.525361640955,2.526927481137136,22,07f44fbe-e0a6-466b-a44d-49027332a3e2,None,None,1,401,7,[],None,None
EXPLOIT_VULN,4942.525361640955,4943.749339597959,1.2239779570036262,22,07f44fbe-e0a6-466b-a44d-49027332a3e2,None,None,1,402,7,[],None,None
EXPLOIT_VULN,4943.749339597959,4944.916244914721,1.1669053167615857,22,07f44fbe-e0a6-466b-a44d-49027332a3e2,None,None,1,403,7,[],None,None
EXPLOIT_VULN,4944.916244914721,4954.7224273942575,9.806182479536801,22,07f44fbe-e0a6-466b-a44d-49027332a3e2,None,None,1,404,7,[],None,None
EXPLOIT_VULN,4954.7224273942575,4961.4345048247615,6.712077430503996,22,07f44fbe-e0a6-466b-a44d-49027332a3e2,None,None,1,405,7,[],None,None
EXPLOIT_VULN,4961.4345048247615,4980.113207626432,18.678702801670624,22,07f44fbe-e0a6-466b-a44d-49027332a3e2,None,None,1,406,7,[],None,None
EXPLOIT_VULN,4980.113207626432,5001.784760662752,21.671553036319892,22,07f44fbe-e0a6-466b-a44d-49027332a3e2,None,None,1,407,7,[],None,None
EXPLOIT_VULN,5001.784760662752,5018.319672211909,16.534911549157187,22,07f44fbe-e0a6-466b-a44d-49027332a3e2,None,None,1,408,7,[],None,None
EXPLOIT_VULN,5018.319672211909,5026.192821533783,7.873149321873825,22,07f44fbe-e0a6-466b-a44d-49027332a3e2,None,None,1,409,7,[],None,None
EXPLOIT_VULN,5026.192821533783,5035.607918596957,9.415097063173562,22,07f44fbe-e0a6-466b-a44d-49027332a3e2,None,None,1,410,7,[],None,None
EXPLOIT_VULN,5035.607918596957,5042.968676703612,7.360758106655339,22,07f44fbe-e0a6-466b-a44d-49027332a3e2,None,None,1,411,7,[],None,None
EXPLOIT_VULN,5042.968676703612,5060.422738965646,17.454062262034313,22,07f44fbe-e0a6-466b-a44d-49027332a3e2,None,None,1,412,7,[],None,None
EXPLOIT_VULN,5060.422738965646,5073.150468493517,12.727729527870906,22,07f44fbe-e0a6-466b-a44d-49027332a3e2,None,None,1,413,7,[],None,None
EXPLOIT_VULN,5073.150468493517,5075.666444744868,2.515976251351276,22,07f44fbe-e0a6-466b-a44d-49027332a3e2,22,07f44fbe-e0a6-466b-a44d-49027332a3e2,1,414,7,"['Zelma', 'Elvina']",None,None
SCAN_NEIGHBOR,5075.666444744868,5080.666444744868,5.0,22,07f44fbe-e0a6-466b-a44d-49027332a3e2,None,None,1,415,8,[],None,None
ENUM_HOST,5080.666444744868,5085.666444744868,5.0,22,07f44fbe-e0a6-466b-a44d-49027332a3e2,None,None,1,415,8,[],None,None
SCAN_PORT,5085.666444744868,5095.894289553893,10.227844809024646,29,4ddaa79c-959b-4271-a344-b83a2fd65dd7,None,None,1,415,8,[],application,OSDiversity
SCAN_PORT,5116.182906776367,5141.182906776367,25.0,29,4ddaa79c-959b-4271-a344-b83a2fd65dd7,None,None,1,415,8,[],None,None
EXPLOIT_VULN,5141.182906776367,5142.109407512895,0.9265007365274869,29,4ddaa79c-959b-4271-a344-b83a2fd65dd7,None,None,1,415,8,[],None,None
EXPLOIT_VULN,5142.109407512895,5142.801514018797,0.6921065059023022,29,4ddaa79c-959b-4271-a344-b83a2fd65dd7,None,None,1,416,8,[],None,None
EXPLOIT_VULN,5142.801514018797,5143.296939521005,0.4954255022075813,29,4ddaa79c-959b-4271-a344-b83a2fd65dd7,None,None,1,417,8,[],None,None
EXPLOIT_VULN,5143.296939521005,5144.592437221523,1.2954977005183537,29,4ddaa79c-959b-4271-a344-b83a2fd65dd7,None,None,1,418,8,[],None,None
EXPLOIT_VULN,5144.592437221523,5145.467167298054,0.8747300765307955,29,4ddaa79c-959b-4271-a344-b83a2fd65dd7,None,None,1,419,8,[],None,None
EXPLOIT_VULN,5145.467167298054,5147.149779587851,1.6826122897973619,29,4ddaa79c-959b-4271-a344-b83a2fd65dd7,None,None,1,420,8,[],None,None
EXPLOIT_VULN,5147.149779587851,5150.632451824178,3.4826722363268345,29,4ddaa79c-959b-4271-a344-b83a2fd65dd7,None,None,1,421,8,[],None,None
EXPLOIT_VULN,5150.632451824178,5152.111424171965,1.4789723477870211,29,4ddaa79c-959b-4271-a344-b83a2fd65dd7,None,None,1,422,8,[],None,None
EXPLOIT_VULN,5152.111424171965,5153.307523398572,1.1960992266067478,29,4ddaa79c-959b-4271-a344-b83a2fd65dd7,None,None,1,423,8,[],None,None
EXPLOIT_VULN,5153.307523398572,5156.184757045096,2.8772336465244734,29,4ddaa79c-959b-4271-a344-b83a2fd65dd7,None,None,1,424,8,[],None,None
EXPLOIT_VULN,5156.184757045096,5159.670298795975,3.4855417508788378,29,4ddaa79c-959b-4271-a344-b83a2fd65dd7,None,None,1,425,8,[],None,None
EXPLOIT_VULN,5159.670298795975,5164.457547744934,4.787248948959132,29,4ddaa79c-959b-4271-a344-b83a2fd65dd7,None,None,1,426,8,[],None,None
EXPLOIT_VULN,5164.457547744934,5169.948649227507,5.491101482572958,29,4ddaa79c-959b-4271-a344-b83a2fd65dd7,None,None,1,427,8,[],None,None
EXPLOIT_VULN,5169.948649227507,5176.843027987304,6.894378759796382,29,4ddaa79c-959b-4271-a344-b83a2fd65dd7,None,None,1,428,8,[],None,None
EXPLOIT_VULN,5176.843027987304,5178.208452756727,1.3654247694230435,29,4ddaa79c-959b-4271-a344-b83a2fd65dd7,None,None,1,429,8,[],None,None
EXPLOIT_VULN,5178.208452756727,5180.091534076817,1.8830813200902412,29,4ddaa79c-959b-4271-a344-b83a2fd65dd7,None,None,1,430,8,[],None,None
EXPLOIT_VULN,5180.091534076817,5188.258416250862,8.166882174044986,29,4ddaa79c-959b-4271-a344-b83a2fd65dd7,None,None,1,431,8,[],None,None
EXPLOIT_VULN,5188.258416250862,5196.684216789438,8.425800538576368,29,4ddaa79c-959b-4271-a344-b83a2fd65dd7,None,None,1,432,8,[],None,None
EXPLOIT_VULN,5196.684216789438,5205.307789041149,8.623572251710357,29,4ddaa79c-959b-4271-a344-b83a2fd65dd7,None,None,1,433,8,[],None,None
EXPLOIT_VULN,5205.307789041149,5208.102488800865,2.7946997597164227,29,4ddaa79c-959b-4271-a344-b83a2fd65dd7,None,None,1,434,8,[],None,None
EXPLOIT_VULN,5208.102488800865,5214.667085295321,6.564596494456055,29,4ddaa79c-959b-4271-a344-b83a2fd65dd7,None,None,1,435,8,[],None,None
EXPLOIT_VULN,5214.667085295321,5221.431649467242,6.764564171920938,29,4ddaa79c-959b-4271-a344-b83a2fd65dd7,None,None,1,436,8,[],None,None
EXPLOIT_VULN,5221.431649467242,5223.875465456573,2.4438159893306874,29,4ddaa79c-959b-4271-a344-b83a2fd65dd7,None,None,1,437,8,[],None,None
EXPLOIT_VULN,5223.875465456573,5225.813472540192,1.9380070836195955,29,4ddaa79c-959b-4271-a344-b83a2fd65dd7,None,None,1,438,8,[],None,None
EXPLOIT_VULN,5225.813472540192,5229.8388456372895,4.025373097097145,29,4ddaa79c-959b-4271-a344-b83a2fd65dd7,None,None,1,439,8,[],None,None
EXPLOIT_VULN,5229.8388456372895,5234.000568684355,4.161723047065607,29,4ddaa79c-959b-4271-a344-b83a2fd65dd7,None,None,1,440,8,[],None,None
EXPLOIT_VULN,5234.000568684355,5234.933403178018,0.9328344936629946,29,4ddaa79c-959b-4271-a344-b83a2fd65dd7,None,None,1,441,8,[],None,None
EXPLOIT_VULN,5234.933403178018,5238.686987372503,3.7535841944845743,29,4ddaa79c-959b-4271-a344-b83a2fd65dd7,None,None,1,442,8,[],None,None
EXPLOIT_VULN,5238.686987372503,5244.934001798642,6.247014426139685,29,4ddaa79c-959b-4271-a344-b83a2fd65dd7,None,None,1,443,8,[],None,None
EXPLOIT_VULN,5244.934001798642,5249.471055905283,4.537054106640426,29,4ddaa79c-959b-4271-a344-b83a2fd65dd7,None,None,1,444,8,[],None,None
EXPLOIT_VULN,5249.471055905283,5259.106947735004,9.635891829721004,29,4ddaa79c-959b-4271-a344-b83a2fd65dd7,None,None,1,445,8,[],None,None
EXPLOIT_VULN,5259.106947735004,5264.198397391165,5.091449656160876,29,4ddaa79c-959b-4271-a344-b83a2fd65dd7,None,None,1,446,8,[],None,None
EXPLOIT_VULN,5264.198397391165,5270.100341227701,5.901943836536702,29,4ddaa79c-959b-4271-a344-b83a2fd65dd7,None,None,1,447,8,[],None,None
EXPLOIT_VULN,5270.100341227701,5276.228327217336,6.127985989634908,29,4ddaa79c-959b-4271-a344-b83a2fd65dd7,None,None,1,448,8,[],None,None
EXPLOIT_VULN,5276.228327217336,5287.322465854806,11.094138637469769,29,4ddaa79c-959b-4271-a344-b83a2fd65dd7,None,None,1,449,8,[],None,None
EXPLOIT_VULN,5287.322465854806,5288.93947999898,1.6170141441734813,29,4ddaa79c-959b-4271-a344-b83a2fd65dd7,None,None,1,450,8,[],None,None
EXPLOIT_VULN,5288.93947999898,5295.775796794602,6.836316795622224,29,4ddaa79c-959b-4271-a344-b83a2fd65dd7,None,None,1,451,8,[],application,OSDiversity
SCAN_PORT,5316.067792755979,5341.067792755979,25.0,29,4ddaa79c-959b-4271-a344-b83a2fd65dd7,None,None,1,451,8,[],None,None
EXPLOIT_VULN,5341.067792755979,5341.436468152887,0.3686753969077472,29,4ddaa79c-959b-4271-a344-b83a2fd65dd7,None,None,1,451,8,[],None,None
EXPLOIT_VULN,5341.436468152887,5343.210328943573,1.7738607906858306,29,4ddaa79c-959b-4271-a344-b83a2fd65dd7,None,None,1,452,8,[],None,None
EXPLOIT_VULN,5343.210328943573,5344.700349349034,1.4900204054611095,29,4ddaa79c-959b-4271-a344-b83a2fd65dd7,None,None,1,453,8,[],None,None
EXPLOIT_VULN,5344.700349349034,5345.208106199827,0.5077568507931574,29,4ddaa79c-959b-4271-a344-b83a2fd65dd7,None,None,1,454,8,[],None,None
EXPLOIT_VULN,5345.208106199827,5347.919814266285,2.7117080664584137,29,4ddaa79c-959b-4271-a344-b83a2fd65dd7,None,None,1,455,8,[],None,None
EXPLOIT_VULN,5347.919814266285,5353.098689407676,5.178875141390563,29,4ddaa79c-959b-4271-a344-b83a2fd65dd7,None,None,1,456,8,[],None,None
EXPLOIT_VULN,5353.098689407676,5358.642237534427,5.543548126751375,29,4ddaa79c-959b-4271-a344-b83a2fd65dd7,None,None,1,457,8,[],None,None
EXPLOIT_VULN,5358.642237534427,5364.90296041222,6.260722877792432,29,4ddaa79c-959b-4271-a344-b83a2fd65dd7,None,None,1,458,8,[],None,None
EXPLOIT_VULN,5364.90296041222,5373.4141943592485,8.511233947028813,29,4ddaa79c-959b-4271-a344-b83a2fd65dd7,None,None,1,459,8,[],None,None
EXPLOIT_VULN,5373.4141943592485,5382.904734023202,9.490539663953314,29,4ddaa79c-959b-4271-a344-b83a2fd65dd7,None,None,1,460,8,[],None,None
EXPLOIT_VULN,5382.904734023202,5392.049245941373,9.144511918170792,29,4ddaa79c-959b-4271-a344-b83a2fd65dd7,None,None,1,461,8,[],None,None
EXPLOIT_VULN,5392.049245941373,5400.827768477661,8.77852253628862,29,4ddaa79c-959b-4271-a344-b83a2fd65dd7,None,None,1,462,8,[],None,None
EXPLOIT_VULN,5400.827768477661,5407.363240237825,6.535471760164,29,4ddaa79c-959b-4271-a344-b83a2fd65dd7,None,None,1,463,8,[],None,None
EXPLOIT_VULN,5407.363240237825,5413.925543736779,6.562303498953952,29,4ddaa79c-959b-4271-a344-b83a2fd65dd7,None,None,1,464,8,[],None,None
EXPLOIT_VULN,5413.925543736779,5420.645563188814,6.720019452034649,29,4ddaa79c-959b-4271-a344-b83a2fd65dd7,None,None,1,465,8,[],None,None
EXPLOIT_VULN,5420.645563188814,5422.811263291722,2.1657001029079765,29,4ddaa79c-959b-4271-a344-b83a2fd65dd7,None,None,1,466,8,[],None,None
EXPLOIT_VULN,5422.811263291722,5424.695989753634,1.884726461912578,29,4ddaa79c-959b-4271-a344-b83a2fd65dd7,None,None,1,467,8,[],None,None
EXPLOIT_VULN,5424.695989753634,5429.990769285219,5.294779531584936,29,4ddaa79c-959b-4271-a344-b83a2fd65dd7,None,None,1,468,8,[],None,None
EXPLOIT_VULN,5429.990769285219,5434.673871473124,4.683102187904296,29,4ddaa79c-959b-4271-a344-b83a2fd65dd7,None,None,1,469,8,[],None,None
EXPLOIT_VULN,5434.673871473124,5442.34454347733,7.670672004206608,29,4ddaa79c-959b-4271-a344-b83a2fd65dd7,None,None,1,470,8,[],None,None
EXPLOIT_VULN,5442.34454347733,5450.663685250231,8.319141772900366,29,4ddaa79c-959b-4271-a344-b83a2fd65dd7,None,None,1,471,8,[],None,None
EXPLOIT_VULN,5450.663685250231,5459.917393331167,9.253708080936121,29,4ddaa79c-959b-4271-a344-b83a2fd65dd7,None,None,1,472,8,[],None,None
EXPLOIT_VULN,5459.917393331167,5463.699831913331,3.7824385821641044,29,4ddaa79c-959b-4271-a344-b83a2fd65dd7,None,None,1,473,8,[],None,None
EXPLOIT_VULN,5463.699831913331,5467.632692018284,3.9328601049528515,29,4ddaa79c-959b-4271-a344-b83a2fd65dd7,None,None,1,474,8,[],None,None
EXPLOIT_VULN,5467.632692018284,5477.340166610574,9.707474592290055,29,4ddaa79c-959b-4271-a344-b83a2fd65dd7,None,None,1,475,8,[],None,None
EXPLOIT_VULN,5477.340166610574,5492.19659074496,14.856424134386543,29,4ddaa79c-959b-4271-a344-b83a2fd65dd7,None,None,1,476,8,[],None,None
EXPLOIT_VULN,5492.19659074496,5495.802013090045,3.605422345084662,29,4ddaa79c-959b-4271-a344-b83a2fd65dd7,None,None,1,477,8,[],application,OSDiversity
SCAN_PORT,5515.832817115613,5540.832817115613,25.0,29,4ddaa79c-959b-4271-a344-b83a2fd65dd7,None,None,1,477,8,[],None,None
EXPLOIT_VULN,5540.832817115613,5541.805727912757,0.9729107971443227,29,4ddaa79c-959b-4271-a344-b83a2fd65dd7,None,None,1,477,8,[],None,None
EXPLOIT_VULN,5541.805727912757,5542.70917979699,0.9034518842327088,29,4ddaa79c-959b-4271-a344-b83a2fd65dd7,None,None,1,478,8,[],None,None
EXPLOIT_VULN,5542.70917979699,5544.180033209903,1.4708534129131294,29,4ddaa79c-959b-4271-a344-b83a2fd65dd7,None,None,1,479,8,[],None,None
EXPLOIT_VULN,5544.180033209903,5547.175838368708,2.995805158805524,29,4ddaa79c-959b-4271-a344-b83a2fd65dd7,None,None,1,480,8,[],None,None
EXPLOIT_VULN,5547.175838368708,5551.819664560377,4.643826191668268,29,4ddaa79c-959b-4271-a344-b83a2fd65dd7,None,None,1,481,8,[],None,None
EXPLOIT_VULN,5551.819664560377,5557.63700348241,5.817338922033741,29,4ddaa79c-959b-4271-a344-b83a2fd65dd7,None,None,1,482,8,[],None,None
EXPLOIT_VULN,5557.63700348241,5563.269382450646,5.632378968235571,29,4ddaa79c-959b-4271-a344-b83a2fd65dd7,None,None,1,483,8,[],None,None
EXPLOIT_VULN,5563.269382450646,5571.615841066674,8.34645861602803,29,4ddaa79c-959b-4271-a344-b83a2fd65dd7,None,None,1,484,8,[],None,None
EXPLOIT_VULN,5571.615841066674,5580.3501200207465,8.734278954072579,29,4ddaa79c-959b-4271-a344-b83a2fd65dd7,None,None,1,485,8,[],None,None
EXPLOIT_VULN,5580.3501200207465,5588.527860031647,8.17774001090038,29,4ddaa79c-959b-4271-a344-b83a2fd65dd7,None,None,1,486,8,[],None,None
EXPLOIT_VULN,5588.527860031647,5597.242632517309,8.714772485662252,29,4ddaa79c-959b-4271-a344-b83a2fd65dd7,None,None,1,487,8,[],None,None
EXPLOIT_VULN,5597.242632517309,5603.924679022738,6.682046505428843,29,4ddaa79c-959b-4271-a344-b83a2fd65dd7,None,None,1,488,8,[],None,None
EXPLOIT_VULN,5603.924679022738,5610.635664241572,6.710985218834139,29,4ddaa79c-959b-4271-a344-b83a2fd65dd7,None,None,1,489,8,[],None,None
EXPLOIT_VULN,5610.635664241572,5617.259988718438,6.624324476865695,29,4ddaa79c-959b-4271-a344-b83a2fd65dd7,None,None,1,490,8,[],None,None
EXPLOIT_VULN,5617.259988718438,5619.097230841652,1.8372421232143097,29,4ddaa79c-959b-4271-a344-b83a2fd65dd7,None,None,1,491,8,[],None,None
EXPLOIT_VULN,5619.097230841652,5623.454632070641,4.357401228989147,29,4ddaa79c-959b-4271-a344-b83a2fd65dd7,None,None,1,492,8,[],None,None
EXPLOIT_VULN,5623.454632070641,5631.055346788505,7.600714717863411,29,4ddaa79c-959b-4271-a344-b83a2fd65dd7,None,None,1,493,8,[],None,None
EXPLOIT_VULN,5631.055346788505,5639.107552523477,8.052205734972631,29,4ddaa79c-959b-4271-a344-b83a2fd65dd7,None,None,1,494,8,[],None,None
EXPLOIT_VULN,5639.107552523477,5646.74288846545,7.6353359419726985,29,4ddaa79c-959b-4271-a344-b83a2fd65dd7,None,None,1,495,8,[],None,None
EXPLOIT_VULN,5646.74288846545,5656.226257950162,9.483369484712057,29,4ddaa79c-959b-4271-a344-b83a2fd65dd7,None,None,1,496,8,[],None,None
EXPLOIT_VULN,5656.226257950162,5665.189002665099,8.962744714936889,29,4ddaa79c-959b-4271-a344-b83a2fd65dd7,None,None,1,497,8,[],None,None
EXPLOIT_VULN,5665.189002665099,5680.051405290331,14.86240262523188,29,4ddaa79c-959b-4271-a344-b83a2fd65dd7,None,None,1,498,8,[],None,None
EXPLOIT_VULN,5680.051405290331,5695.1165575125315,15.065152222200595,29,4ddaa79c-959b-4271-a344-b83a2fd65dd7,None,None,1,499,8,[],None,None
EXPLOIT_VULN,5695.1165575125315,5696.276499850521,1.1599423379893778,29,4ddaa79c-959b-4271-a344-b83a2fd65dd7,None,None,1,500,8,[],application,OSDiversity
SCAN_PORT,5717.5720209143055,5742.5720209143055,25.0,29,4ddaa79c-959b-4271-a344-b83a2fd65dd7,None,None,1,500,8,[],None,None
EXPLOIT_VULN,5742.5720209143055,5743.672997634764,1.1009767204586751,29,4ddaa79c-959b-4271-a344-b83a2fd65dd7,None,None,1,500,8,[],None,None
EXPLOIT_VULN,5743.672997634764,5745.395684184167,1.722686549403079,29,4ddaa79c-959b-4271-a344-b83a2fd65dd7,None,None,1,501,8,[],None,None
EXPLOIT_VULN,5745.395684184167,5746.19521189585,0.7995277116824582,29,4ddaa79c-959b-4271-a344-b83a2fd65dd7,None,None,1,502,8,[],None,None
EXPLOIT_VULN,5746.19521189585,5749.522172669629,3.3269607737793194,29,4ddaa79c-959b-4271-a344-b83a2fd65dd7,None,None,1,503,8,[],None,None
EXPLOIT_VULN,5749.522172669629,5754.780270994705,5.25809832507548,29,4ddaa79c-959b-4271-a344-b83a2fd65dd7,None,None,1,504,8,[],None,None
EXPLOIT_VULN,5754.780270994705,5761.820632708455,7.040361713750826,29,4ddaa79c-959b-4271-a344-b83a2fd65dd7,None,None,1,505,8,[],None,None
EXPLOIT_VULN,5761.820632708455,5764.075257542653,2.2546248341977844,29,4ddaa79c-959b-4271-a344-b83a2fd65dd7,None,None,1,506,8,[],None,None
EXPLOIT_VULN,5764.075257542653,5772.1803292747745,8.10507173212136,29,4ddaa79c-959b-4271-a344-b83a2fd65dd7,None,None,1,507,8,[],None,None
EXPLOIT_VULN,5772.1803292747745,5780.406018329544,8.225689054769646,29,4ddaa79c-959b-4271-a344-b83a2fd65dd7,None,None,1,508,8,[],None,None
EXPLOIT_VULN,5780.406018329544,5788.512363359848,8.1063450303036,29,4ddaa79c-959b-4271-a344-b83a2fd65dd7,None,None,1,509,8,[],None,None
EXPLOIT_VULN,5788.512363359848,5797.595680439996,9.083317080147935,29,4ddaa79c-959b-4271-a344-b83a2fd65dd7,None,None,1,510,8,[],None,None
EXPLOIT_VULN,5797.595680439996,5801.106393933481,3.5107134934851274,29,4ddaa79c-959b-4271-a344-b83a2fd65dd7,None,None,1,511,8,[],None,None
EXPLOIT_VULN,5801.106393933481,5805.077170843786,3.970776910305176,29,4ddaa79c-959b-4271-a344-b83a2fd65dd7,None,None,1,512,8,[],None,None
EXPLOIT_VULN,5805.077170843786,5808.006055366077,2.9288845222909003,29,4ddaa79c-959b-4271-a344-b83a2fd65dd7,None,None,1,513,8,[],None,None
EXPLOIT_VULN,5808.006055366077,5812.8814986927,4.875443326623099,29,4ddaa79c-959b-4271-a344-b83a2fd65dd7,None,None,1,514,8,[],None,None
EXPLOIT_VULN,5812.8814986927,5814.7331775954235,1.8516789027235063,29,4ddaa79c-959b-4271-a344-b83a2fd65dd7,None,None,1,515,8,[],None,None
EXPLOIT_VULN,5814.7331775954235,5817.760050121349,3.0268725259256826,29,4ddaa79c-959b-4271-a344-b83a2fd65dd7,None,None,1,516,8,[],None,None
EXPLOIT_VULN,5817.760050121349,5821.5539428771435,3.7938927557943316,29,4ddaa79c-959b-4271-a344-b83a2fd65dd7,None,None,1,517,8,[],None,None
EXPLOIT_VULN,5821.5539428771435,5825.586908786601,4.032965909457744,29,4ddaa79c-959b-4271-a344-b83a2fd65dd7,None,None,1,518,8,[],None,None
EXPLOIT_VULN,5825.586908786601,5829.615970991398,4.029062204796901,29,4ddaa79c-959b-4271-a344-b83a2fd65dd7,None,None,1,519,8,[],None,None
EXPLOIT_VULN,5829.615970991398,5834.1852413710285,4.569270379630325,29,4ddaa79c-959b-4271-a344-b83a2fd65dd7,None,None,1,520,8,[],None,None
EXPLOIT_VULN,5834.1852413710285,5849.226881436355,15.041640065326646,29,4ddaa79c-959b-4271-a344-b83a2fd65dd7,None,None,1,521,8,[],None,None
EXPLOIT_VULN,5849.226881436355,5864.114461692162,14.887580255806824,29,4ddaa79c-959b-4271-a344-b83a2fd65dd7,None,None,1,522,8,[],None,None
EXPLOIT_VULN,5864.114461692162,5879.406046886757,15.291585194595427,29,4ddaa79c-959b-4271-a344-b83a2fd65dd7,None,None,1,523,8,[],None,None
EXPLOIT_VULN,5879.406046886757,5886.392111890369,6.986065003611657,29,4ddaa79c-959b-4271-a344-b83a2fd65dd7,None,None,1,524,8,[],None,None
EXPLOIT_VULN,5886.392111890369,5891.224357250935,4.8322453605660485,29,4ddaa79c-959b-4271-a344-b83a2fd65dd7,None,None,1,525,8,[],None,None
EXPLOIT_VULN,5891.224357250935,5894.717493741875,3.4931364909398326,29,4ddaa79c-959b-4271-a344-b83a2fd65dd7,None,None,1,526,8,[],None,None
EXPLOIT_VULN,5894.717493741875,5896.186228743077,1.4687350012018214,29,4ddaa79c-959b-4271-a344-b83a2fd65dd7,None,None,1,527,8,[],application,OSDiversity
SCAN_PORT,5917.698706419988,5942.698706419988,25.0,29,4ddaa79c-959b-4271-a344-b83a2fd65dd7,None,None,1,527,8,[],None,None
EXPLOIT_VULN,5942.698706419988,5943.981620296641,1.2829138766528558,29,4ddaa79c-959b-4271-a344-b83a2fd65dd7,None,None,1,527,8,[],None,None
EXPLOIT_VULN,5943.981620296641,5946.019636041136,2.038015744495169,29,4ddaa79c-959b-4271-a344-b83a2fd65dd7,None,None,1,528,8,[],None,None
EXPLOIT_VULN,5946.019636041136,5946.382682641906,0.36304660076984874,29,4ddaa79c-959b-4271-a344-b83a2fd65dd7,None,None,1,529,8,[],None,None
EXPLOIT_VULN,5946.382682641906,5949.082690742431,2.7000081005244283,29,4ddaa79c-959b-4271-a344-b83a2fd65dd7,None,None,1,530,8,[],None,None
EXPLOIT_VULN,5949.082690742431,5954.144728014106,5.062037271674853,29,4ddaa79c-959b-4271-a344-b83a2fd65dd7,None,None,1,531,8,[],None,None
EXPLOIT_VULN,5954.144728014106,5959.804985523599,5.660257509493022,29,4ddaa79c-959b-4271-a344-b83a2fd65dd7,None,None,1,532,8,[],None,None
EXPLOIT_VULN,5959.804985523599,5968.646799113712,8.841813590113816,29,4ddaa79c-959b-4271-a344-b83a2fd65dd7,None,None,1,533,8,[],None,None
EXPLOIT_VULN,5968.646799113712,5977.591679867112,8.944880753399957,29,4ddaa79c-959b-4271-a344-b83a2fd65dd7,None,None,1,534,8,[],None,None
EXPLOIT_VULN,5977.591679867112,5987.208176277233,9.616496410120817,29,4ddaa79c-959b-4271-a344-b83a2fd65dd7,None,None,1,535,8,[],None,None
EXPLOIT_VULN,5987.208176277233,5996.151068345174,8.942892067941102,29,4ddaa79c-959b-4271-a344-b83a2fd65dd7,None,None,1,536,8,[],None,None
EXPLOIT_VULN,5996.151068345174,5998.933067500387,2.781999155212361,29,4ddaa79c-959b-4271-a344-b83a2fd65dd7,None,None,1,537,8,[],None,None
EXPLOIT_VULN,5998.933067500387,6004.326099616059,5.393032115672213,29,4ddaa79c-959b-4271-a344-b83a2fd65dd7,None,None,1,538,8,[],None,None
EXPLOIT_VULN,6004.326099616059,6019.337690541748,15.011590925689234,29,4ddaa79c-959b-4271-a344-b83a2fd65dd7,None,None,1,539,8,[],None,None
EXPLOIT_VULN,6019.337690541748,6034.404715778607,15.067025236859081,29,4ddaa79c-959b-4271-a344-b83a2fd65dd7,None,None,1,540,8,[],None,None
EXPLOIT_VULN,6034.404715778607,6049.29129551095,14.886579732342398,29,4ddaa79c-959b-4271-a344-b83a2fd65dd7,None,None,1,541,8,[],None,None
EXPLOIT_VULN,6049.29129551095,6056.31551185709,7.024216346140747,29,4ddaa79c-959b-4271-a344-b83a2fd65dd7,None,None,1,542,8,[],None,None
EXPLOIT_VULN,6056.31551185709,6074.448910263982,18.1333984068915,29,4ddaa79c-959b-4271-a344-b83a2fd65dd7,None,None,1,543,8,[],None,None
EXPLOIT_VULN,6074.448910263982,6080.43987536368,5.99096509969786,29,4ddaa79c-959b-4271-a344-b83a2fd65dd7,None,None,1,544,8,[],None,None
EXPLOIT_VULN,6080.43987536368,6091.858648881743,11.418773518063063,29,4ddaa79c-959b-4271-a344-b83a2fd65dd7,None,None,1,545,8,[],None,None
EXPLOIT_VULN,6091.858648881743,6097.394848628394,5.536199746651619,29,4ddaa79c-959b-4271-a344-b83a2fd65dd7,None,None,1,546,8,[],application,OSDiversity
SCAN_PORT,6117.4591417045085,6142.4591417045085,25.0,29,4ddaa79c-959b-4271-a344-b83a2fd65dd7,None,None,1,546,8,[],None,None
EXPLOIT_VULN,6142.4591417045085,6148.45149655241,5.992354847901879,29,4ddaa79c-959b-4271-a344-b83a2fd65dd7,None,None,1,546,8,[],None,None
EXPLOIT_VULN,6148.45149655241,6152.291541958721,3.8400454063103098,29,4ddaa79c-959b-4271-a344-b83a2fd65dd7,None,None,1,547,8,[],None,None
EXPLOIT_VULN,6152.291541958721,6153.17329576491,0.8817538061894084,29,4ddaa79c-959b-4271-a344-b83a2fd65dd7,None,None,1,548,8,[],None,None
EXPLOIT_VULN,6153.17329576491,6156.106637879718,2.9333421148076013,29,4ddaa79c-959b-4271-a344-b83a2fd65dd7,None,None,1,549,8,[],None,None
EXPLOIT_VULN,6156.106637879718,6160.950897226907,4.844259347189109,29,4ddaa79c-959b-4271-a344-b83a2fd65dd7,None,None,1,550,8,[],None,None
EXPLOIT_VULN,6160.950897226907,6167.516832671525,6.565935444617935,29,4ddaa79c-959b-4271-a344-b83a2fd65dd7,None,None,1,551,8,[],None,None
EXPLOIT_VULN,6167.516832671525,6175.7405723135,8.223739641975044,29,4ddaa79c-959b-4271-a344-b83a2fd65dd7,None,None,1,552,8,[],None,None
EXPLOIT_VULN,6175.7405723135,6184.369227593639,8.628655280139355,29,4ddaa79c-959b-4271-a344-b83a2fd65dd7,None,None,1,553,8,[],None,None
EXPLOIT_VULN,6184.369227593639,6192.780680357055,8.411452763415582,29,4ddaa79c-959b-4271-a344-b83a2fd65dd7,None,None,1,554,8,[],None,None
EXPLOIT_VULN,6192.780680357055,6201.270608790238,8.489928433183195,29,4ddaa79c-959b-4271-a344-b83a2fd65dd7,None,None,1,555,8,[],None,None
EXPLOIT_VULN,6201.270608790238,6205.8457339167,4.575125126461899,29,4ddaa79c-959b-4271-a344-b83a2fd65dd7,None,None,1,556,8,[],None,None
EXPLOIT_VULN,6205.8457339167,6221.750168368085,15.904434451384986,29,4ddaa79c-959b-4271-a344-b83a2fd65dd7,None,None,1,557,8,[],None,None
EXPLOIT_VULN,6221.750168368085,6236.709595831446,14.959427463360953,29,4ddaa79c-959b-4271-a344-b83a2fd65dd7,None,None,1,558,8,[],None,None
EXPLOIT_VULN,6236.709595831446,6251.6625806735,14.95298484205432,29,4ddaa79c-959b-4271-a344-b83a2fd65dd7,None,None,1,559,8,[],None,None
EXPLOIT_VULN,6251.6625806735,6258.931651065255,7.269070391755122,29,4ddaa79c-959b-4271-a344-b83a2fd65dd7,None,None,1,560,8,[],None,None
EXPLOIT_VULN,6258.931651065255,6276.223568689288,17.291917624032976,29,4ddaa79c-959b-4271-a344-b83a2fd65dd7,None,None,1,561,8,[],None,None
EXPLOIT_VULN,6276.223568689288,6283.737274418852,7.513705729564208,29,4ddaa79c-959b-4271-a344-b83a2fd65dd7,None,None,1,562,8,[],None,None
EXPLOIT_VULN,6283.737274418852,6295.591593428572,11.854319009719802,29,4ddaa79c-959b-4271-a344-b83a2fd65dd7,None,None,1,563,8,[],None,None
EXPLOIT_VULN,6295.591593428572,6298.614278433258,3.022685004685627,29,4ddaa79c-959b-4271-a344-b83a2fd65dd7,None,None,1,564,8,[],application,OSDiversity
SCAN_PORT,6319.504597598464,6344.504597598464,25.0,29,4ddaa79c-959b-4271-a344-b83a2fd65dd7,None,None,1,564,8,[],None,None
EXPLOIT_VULN,6344.504597598464,6346.230365661718,1.7257680632537813,29,4ddaa79c-959b-4271-a344-b83a2fd65dd7,None,None,1,564,8,[],None,None
EXPLOIT_VULN,6346.230365661718,6347.146332823963,0.915967162245579,29,4ddaa79c-959b-4271-a344-b83a2fd65dd7,None,None,1,565,8,[],None,None
EXPLOIT_VULN,6347.146332823963,6348.528527702494,1.382194878530754,29,4ddaa79c-959b-4271-a344-b83a2fd65dd7,None,None,1,566,8,[],None,None
EXPLOIT_VULN,6348.528527702494,6351.2360511647075,2.7075234622134303,29,4ddaa79c-959b-4271-a344-b83a2fd65dd7,None,None,1,567,8,[],None,None
EXPLOIT_VULN,6351.2360511647075,6356.820930448332,5.584879283624105,29,4ddaa79c-959b-4271-a344-b83a2fd65dd7,None,None,1,568,8,[],None,None
EXPLOIT_VULN,6356.820930448332,6363.236252589344,6.415322141012439,29,4ddaa79c-959b-4271-a344-b83a2fd65dd7,None,None,1,569,8,[],None,None
EXPLOIT_VULN,6363.236252589344,6372.269350317935,9.033097728591201,29,4ddaa79c-959b-4271-a344-b83a2fd65dd7,None,None,1,570,8,[],None,None
EXPLOIT_VULN,6372.269350317935,6380.881691715563,8.61234139762746,29,4ddaa79c-959b-4271-a344-b83a2fd65dd7,None,None,1,571,8,[],None,None
EXPLOIT_VULN,6380.881691715563,6389.164316786682,8.282625071119583,29,4ddaa79c-959b-4271-a344-b83a2fd65dd7,None,None,1,572,8,[],None,None
EXPLOIT_VULN,6389.164316786682,6398.0306068231985,8.866290036516148,29,4ddaa79c-959b-4271-a344-b83a2fd65dd7,None,None,1,573,8,[],None,None
EXPLOIT_VULN,6398.0306068231985,6402.6828235426565,4.652216719458011,29,4ddaa79c-959b-4271-a344-b83a2fd65dd7,None,None,1,574,8,[],None,None
EXPLOIT_VULN,6402.6828235426565,6418.485620510631,15.802796967974245,29,4ddaa79c-959b-4271-a344-b83a2fd65dd7,None,None,1,575,8,[],None,None
EXPLOIT_VULN,6418.485620510631,6433.35863324903,14.873012738399666,29,4ddaa79c-959b-4271-a344-b83a2fd65dd7,None,None,1,576,8,[],None,None
EXPLOIT_VULN,6433.35863324903,6448.317182358674,14.958549109643172,29,4ddaa79c-959b-4271-a344-b83a2fd65dd7,None,None,1,577,8,[],None,None
EXPLOIT_VULN,6448.317182358674,6455.526684636168,7.209502277494721,29,4ddaa79c-959b-4271-a344-b83a2fd65dd7,None,None,1,578,8,[],None,None
EXPLOIT_VULN,6455.526684636168,6472.4902746084,16.963589972231603,29,4ddaa79c-959b-4271-a344-b83a2fd65dd7,None,None,1,579,8,[],None,None
EXPLOIT_VULN,6472.4902746084,6478.954642661515,6.464368053115322,29,4ddaa79c-959b-4271-a344-b83a2fd65dd7,None,None,1,580,8,[],None,None
EXPLOIT_VULN,6478.954642661515,6490.852767117349,11.898124455833567,29,4ddaa79c-959b-4271-a344-b83a2fd65dd7,None,None,1,581,8,[],None,None
EXPLOIT_VULN,6490.852767117349,6499.206752374965,8.353985257615932,29,4ddaa79c-959b-4271-a344-b83a2fd65dd7,None,None,1,582,8,[],application,OSDiversity
SCAN_PORT,6519.340163175525,6544.340163175525,25.0,29,4ddaa79c-959b-4271-a344-b83a2fd65dd7,None,None,1,582,8,[],None,None
EXPLOIT_VULN,6544.340163175525,6545.589582822143,1.2494196466177527,29,4ddaa79c-959b-4271-a344-b83a2fd65dd7,None,None,1,582,8,[],None,None
EXPLOIT_VULN,6545.589582822143,6545.988514955355,0.3989321332119289,29,4ddaa79c-959b-4271-a344-b83a2fd65dd7,None,None,1,583,8,[],None,None
EXPLOIT_VULN,6545.988514955355,6546.218639922831,0.23012496747651312,29,4ddaa79c-959b-4271-a344-b83a2fd65dd7,None,None,1,584,8,[],None,None
EXPLOIT_VULN,6546.218639922831,6547.43209782997,1.2134579071389453,29,4ddaa79c-959b-4271-a344-b83a2fd65dd7,None,None,1,585,8,[],None,None
EXPLOIT_VULN,6547.43209782997,6549.721509031947,2.289411201976691,29,4ddaa79c-959b-4271-a344-b83a2fd65dd7,None,None,1,586,8,[],None,None
EXPLOIT_VULN,6549.721509031947,6555.4867072237275,5.765198191780655,29,4ddaa79c-959b-4271-a344-b83a2fd65dd7,None,None,1,587,8,[],None,None
EXPLOIT_VULN,6555.4867072237275,6565.597132979408,10.110425755680808,29,4ddaa79c-959b-4271-a344-b83a2fd65dd7,None,None,1,588,8,[],None,None
EXPLOIT_VULN,6565.597132979408,6573.777431893089,8.180298913680417,29,4ddaa79c-959b-4271-a344-b83a2fd65dd7,None,None,1,589,8,[],None,None
EXPLOIT_VULN,6573.777431893089,6582.665408735527,8.887976842438547,29,4ddaa79c-959b-4271-a344-b83a2fd65dd7,None,None,1,590,8,[],None,None
EXPLOIT_VULN,6582.665408735527,6586.138631937808,3.4732232022806784,29,4ddaa79c-959b-4271-a344-b83a2fd65dd7,None,None,1,591,8,[],None,None
EXPLOIT_VULN,6586.138631937808,6590.878905954264,4.740274016456169,29,4ddaa79c-959b-4271-a344-b83a2fd65dd7,None,None,1,592,8,[],None,None
EXPLOIT_VULN,6590.878905954264,6598.340599207278,7.461693253013436,29,4ddaa79c-959b-4271-a344-b83a2fd65dd7,None,None,1,593,8,[],None,None
EXPLOIT_VULN,6598.340599207278,6604.320631238662,5.980032031384326,29,4ddaa79c-959b-4271-a344-b83a2fd65dd7,None,None,1,594,8,[],None,None
EXPLOIT_VULN,6604.320631238662,6610.390250111666,6.069618873004401,29,4ddaa79c-959b-4271-a344-b83a2fd65dd7,None,None,1,595,8,[],None,None
EXPLOIT_VULN,6610.390250111666,6617.949064247395,7.558814135728426,29,4ddaa79c-959b-4271-a344-b83a2fd65dd7,None,None,1,596,8,[],None,None
EXPLOIT_VULN,6617.949064247395,6626.370668989842,8.421604742447016,29,4ddaa79c-959b-4271-a344-b83a2fd65dd7,None,None,1,597,8,[],None,None
EXPLOIT_VULN,6626.370668989842,6640.216763741349,13.846094751506826,29,4ddaa79c-959b-4271-a344-b83a2fd65dd7,None,None,1,598,8,[],None,None
EXPLOIT_VULN,6640.216763741349,6645.91519029705,5.6984265557011895,29,4ddaa79c-959b-4271-a344-b83a2fd65dd7,None,None,1,599,8,[],None,None
EXPLOIT_VULN,6645.91519029705,6663.507941874812,17.5927515777621,29,4ddaa79c-959b-4271-a344-b83a2fd65dd7,None,None,1,600,8,[],None,None
EXPLOIT_VULN,6663.507941874812,6665.927844730012,2.4199028552002346,29,4ddaa79c-959b-4271-a344-b83a2fd65dd7,None,None,1,601,8,[],None,None
EXPLOIT_VULN,6665.927844730012,6680.062860605449,14.135015875436693,29,4ddaa79c-959b-4271-a344-b83a2fd65dd7,None,None,1,602,8,[],None,None
EXPLOIT_VULN,6680.062860605449,6683.600876768434,3.538016162985514,29,4ddaa79c-959b-4271-a344-b83a2fd65dd7,None,None,1,603,8,[],None,None
EXPLOIT_VULN,6683.600876768434,6689.3263154919205,5.72543872348615,29,4ddaa79c-959b-4271-a344-b83a2fd65dd7,None,None,1,604,8,[],None,None
EXPLOIT_VULN,6689.3263154919205,6694.950601510233,5.624286018312887,29,4ddaa79c-959b-4271-a344-b83a2fd65dd7,None,None,1,605,8,[],None,None
EXPLOIT_VULN,6694.950601510233,6699.163425159808,4.212823649574602,29,4ddaa79c-959b-4271-a344-b83a2fd65dd7,None,None,1,606,8,[],application,OSDiversity
SCAN_PORT,6719.223304059064,6744.223304059064,25.0,29,4ddaa79c-959b-4271-a344-b83a2fd65dd7,None,None,1,606,8,[],None,None
EXPLOIT_VULN,6744.223304059064,6750.148877480339,5.925573421275658,29,4ddaa79c-959b-4271-a344-b83a2fd65dd7,None,None,1,606,8,[],None,None
EXPLOIT_VULN,6750.148877480339,6758.368999260185,8.220121779845613,29,4ddaa79c-959b-4271-a344-b83a2fd65dd7,None,None,1,607,8,[],None,None
EXPLOIT_VULN,6758.368999260185,6767.611519047337,9.24251978715256,29,4ddaa79c-959b-4271-a344-b83a2fd65dd7,None,None,1,608,8,[],None,None
EXPLOIT_VULN,6767.611519047337,6775.893964401712,8.282445354374431,29,4ddaa79c-959b-4271-a344-b83a2fd65dd7,None,None,1,609,8,[],None,None
EXPLOIT_VULN,6775.893964401712,6780.318728286378,4.42476388466639,29,4ddaa79c-959b-4271-a344-b83a2fd65dd7,None,None,1,610,8,[],None,None
EXPLOIT_VULN,6780.318728286378,6784.970023589237,4.651295302858671,29,4ddaa79c-959b-4271-a344-b83a2fd65dd7,None,None,1,611,8,[],None,None
EXPLOIT_VULN,6784.970023589237,6791.118106728034,6.148083138797119,29,4ddaa79c-959b-4271-a344-b83a2fd65dd7,None,None,1,612,8,[],None,None
EXPLOIT_VULN,6791.118106728034,6798.244792463683,7.126685735648607,29,4ddaa79c-959b-4271-a344-b83a2fd65dd7,None,None,1,613,8,[],None,None
EXPLOIT_VULN,6798.244792463683,6812.193554312647,13.94876184896475,29,4ddaa79c-959b-4271-a344-b83a2fd65dd7,None,None,1,614,8,[],None,None
EXPLOIT_VULN,6812.193554312647,6817.011104947797,4.817550635149928,29,4ddaa79c-959b-4271-a344-b83a2fd65dd7,None,None,1,615,8,[],None,None
EXPLOIT_VULN,6817.011104947797,6834.805779257534,17.794674309736365,29,4ddaa79c-959b-4271-a344-b83a2fd65dd7,None,None,1,616,8,[],None,None
EXPLOIT_VULN,6834.805779257534,6849.220222297531,14.414443039997423,29,4ddaa79c-959b-4271-a344-b83a2fd65dd7,None,None,1,617,8,[],None,None
EXPLOIT_VULN,6849.220222297531,6855.081622883161,5.861400585629781,29,4ddaa79c-959b-4271-a344-b83a2fd65dd7,None,None,1,618,8,[],None,None
EXPLOIT_VULN,6855.081622883161,6861.23819105631,6.156568173149026,29,4ddaa79c-959b-4271-a344-b83a2fd65dd7,None,None,1,619,8,[],None,None
EXPLOIT_VULN,6861.23819105631,6882.153823420886,20.915632364575686,29,4ddaa79c-959b-4271-a344-b83a2fd65dd7,None,None,1,620,8,[],None,None
EXPLOIT_VULN,6882.153823420886,6888.235609991306,6.081786570420263,29,4ddaa79c-959b-4271-a344-b83a2fd65dd7,None,None,1,621,8,[],None,None
EXPLOIT_VULN,6888.235609991306,6893.187777617747,4.9521676264412235,29,4ddaa79c-959b-4271-a344-b83a2fd65dd7,None,None,1,622,8,[],None,None
EXPLOIT_VULN,6893.187777617747,6899.031348108514,5.843570490766979,29,4ddaa79c-959b-4271-a344-b83a2fd65dd7,None,None,1,623,8,[],application,OSDiversity
SCAN_PORT,6920.033587256557,6945.033587256557,25.0,29,4ddaa79c-959b-4271-a344-b83a2fd65dd7,None,None,1,623,8,[],None,None
EXPLOIT_VULN,6945.033587256557,6947.236786303626,2.203199047068665,29,4ddaa79c-959b-4271-a344-b83a2fd65dd7,None,None,1,623,8,[],None,None
EXPLOIT_VULN,6947.236786303626,6950.903806169965,3.6670198663387055,29,4ddaa79c-959b-4271-a344-b83a2fd65dd7,None,None,1,624,8,[],None,None
EXPLOIT_VULN,6950.903806169965,6954.78696551955,3.883159349585185,29,4ddaa79c-959b-4271-a344-b83a2fd65dd7,None,None,1,625,8,[],None,None
EXPLOIT_VULN,6954.78696551955,6958.675703540937,3.8887380213873257,29,4ddaa79c-959b-4271-a344-b83a2fd65dd7,None,None,1,626,8,[],None,None
EXPLOIT_VULN,6958.675703540937,6960.740999295479,2.065295754541694,29,4ddaa79c-959b-4271-a344-b83a2fd65dd7,None,None,1,627,8,[],None,None
EXPLOIT_VULN,6960.740999295479,6967.539665176942,6.798665881463421,29,4ddaa79c-959b-4271-a344-b83a2fd65dd7,None,None,1,628,8,[],None,None
EXPLOIT_VULN,6967.539665176942,6973.695224596182,6.15555941923958,29,4ddaa79c-959b-4271-a344-b83a2fd65dd7,None,None,1,629,8,[],None,None
EXPLOIT_VULN,6973.695224596182,6991.625100208494,17.929875612311662,29,4ddaa79c-959b-4271-a344-b83a2fd65dd7,None,None,1,630,8,[],None,None
EXPLOIT_VULN,6991.625100208494,7006.374248846884,14.74914863839058,29,4ddaa79c-959b-4271-a344-b83a2fd65dd7,None,None,1,631,8,[],None,None
EXPLOIT_VULN,7006.374248846884,7012.44940806094,6.07515921405593,29,4ddaa79c-959b-4271-a344-b83a2fd65dd7,None,None,1,632,8,[],None,None
EXPLOIT_VULN,7012.44940806094,7020.664414690623,8.215006629682648,29,4ddaa79c-959b-4271-a344-b83a2fd65dd7,None,None,1,633,8,[],None,None
EXPLOIT_VULN,7020.664414690623,7025.734097113313,5.069682422689766,29,4ddaa79c-959b-4271-a344-b83a2fd65dd7,None,None,1,634,8,[],None,None
EXPLOIT_VULN,7025.734097113313,7034.713927621722,8.979830508409577,29,4ddaa79c-959b-4271-a344-b83a2fd65dd7,None,None,1,635,8,[],None,None
EXPLOIT_VULN,7034.713927621722,7042.180351495108,7.466423873385793,29,4ddaa79c-959b-4271-a344-b83a2fd65dd7,None,None,1,636,8,[],None,None
EXPLOIT_VULN,7042.180351495108,7049.010421047635,6.830069552526766,29,4ddaa79c-959b-4271-a344-b83a2fd65dd7,None,None,1,637,8,[],None,None
EXPLOIT_VULN,7049.010421047635,7072.483068180561,23.472647132925886,29,4ddaa79c-959b-4271-a344-b83a2fd65dd7,None,None,1,638,8,[],None,None
EXPLOIT_VULN,7072.483068180561,7088.258729917946,15.775661737385235,29,4ddaa79c-959b-4271-a344-b83a2fd65dd7,None,None,1,639,8,[],None,None
EXPLOIT_VULN,7088.258729917946,7091.9991449367135,3.740415018767635,29,4ddaa79c-959b-4271-a344-b83a2fd65dd7,None,None,1,640,8,[],None,None
EXPLOIT_VULN,7091.9991449367135,7095.262850670346,3.263705733632378,29,4ddaa79c-959b-4271-a344-b83a2fd65dd7,None,None,1,641,8,[],None,None
EXPLOIT_VULN,7095.262850670346,7098.344739549434,3.081888879088183,29,4ddaa79c-959b-4271-a344-b83a2fd65dd7,None,None,1,642,8,[],None,None
EXPLOIT_VULN,7098.344739549434,7101.53766451291,3.192924963475889,29,4ddaa79c-959b-4271-a344-b83a2fd65dd7,None,None,1,643,8,[],application,OSDiversity
SCAN_PORT,7122.294320844281,7147.294320844281,25.0,29,4ddaa79c-959b-4271-a344-b83a2fd65dd7,None,None,1,643,8,[],None,None
EXPLOIT_VULN,7147.294320844281,7152.873518598965,5.579197754684174,29,4ddaa79c-959b-4271-a344-b83a2fd65dd7,None,None,1,643,8,[],None,None
EXPLOIT_VULN,7152.873518598965,7170.732751234299,17.859232635333683,29,4ddaa79c-959b-4271-a344-b83a2fd65dd7,None,None,1,644,8,[],None,None
EXPLOIT_VULN,7170.732751234299,7185.78103918116,15.04828794686091,29,4ddaa79c-959b-4271-a344-b83a2fd65dd7,None,None,1,645,8,[],None,None
EXPLOIT_VULN,7185.78103918116,7200.3975894479945,14.616550266834565,29,4ddaa79c-959b-4271-a344-b83a2fd65dd7,None,None,1,646,8,[],None,None
EXPLOIT_VULN,7200.3975894479945,7212.308973749333,11.91138430133833,29,4ddaa79c-959b-4271-a344-b83a2fd65dd7,None,None,1,647,8,[],None,None
EXPLOIT_VULN,7212.308973749333,7219.835446118086,7.526472368753275,29,4ddaa79c-959b-4271-a344-b83a2fd65dd7,None,None,1,648,8,[],None,None
EXPLOIT_VULN,7219.835446118086,7228.16356469384,8.32811857575416,29,4ddaa79c-959b-4271-a344-b83a2fd65dd7,None,None,1,649,8,[],None,None
EXPLOIT_VULN,7228.16356469384,7234.6668291263095,6.503264432469223,29,4ddaa79c-959b-4271-a344-b83a2fd65dd7,None,None,1,650,8,[],None,None
EXPLOIT_VULN,7234.6668291263095,7243.252354159231,8.585525032921396,29,4ddaa79c-959b-4271-a344-b83a2fd65dd7,None,None,1,651,8,[],None,None
EXPLOIT_VULN,7243.252354159231,7249.639859910811,6.387505751579738,29,4ddaa79c-959b-4271-a344-b83a2fd65dd7,None,None,1,652,8,[],None,None
EXPLOIT_VULN,7249.639859910811,7258.723031506672,9.083171595861131,29,4ddaa79c-959b-4271-a344-b83a2fd65dd7,None,None,1,653,8,[],None,None
EXPLOIT_VULN,7258.723031506672,7265.5717179736275,6.848686466955769,29,4ddaa79c-959b-4271-a344-b83a2fd65dd7,None,None,1,654,8,[],None,None
EXPLOIT_VULN,7265.5717179736275,7269.86684290923,4.295124935602871,29,4ddaa79c-959b-4271-a344-b83a2fd65dd7,None,None,1,655,8,[],None,None
EXPLOIT_VULN,7269.86684290923,7279.588509942717,9.721667033486483,29,4ddaa79c-959b-4271-a344-b83a2fd65dd7,None,None,1,656,8,[],None,None
EXPLOIT_VULN,7279.588509942717,7288.285171741192,8.696661798475361,29,4ddaa79c-959b-4271-a344-b83a2fd65dd7,None,None,1,657,8,[],None,None
EXPLOIT_VULN,7288.285171741192,7292.129439926444,3.8442681852520764,29,4ddaa79c-959b-4271-a344-b83a2fd65dd7,None,None,1,658,8,[],None,None
EXPLOIT_VULN,7292.129439926444,7300.896396628624,8.766956702179414,29,4ddaa79c-959b-4271-a344-b83a2fd65dd7,None,None,1,659,8,[],application,OSDiversity
SCAN_PORT,7321.444686144791,7346.444686144791,25.0,29,4ddaa79c-959b-4271-a344-b83a2fd65dd7,None,None,1,659,8,[],None,None
EXPLOIT_VULN,7346.444686144791,7364.437461863353,17.99277571856146,29,4ddaa79c-959b-4271-a344-b83a2fd65dd7,None,None,1,659,8,[],None,None
EXPLOIT_VULN,7364.437461863353,7379.66559273351,15.228130870156747,29,4ddaa79c-959b-4271-a344-b83a2fd65dd7,None,None,1,660,8,[],None,None
EXPLOIT_VULN,7379.66559273351,7394.013137393987,14.34754466047707,29,4ddaa79c-959b-4271-a344-b83a2fd65dd7,None,None,1,661,8,[],None,None
EXPLOIT_VULN,7394.013137393987,7405.835308391949,11.82217099796253,29,4ddaa79c-959b-4271-a344-b83a2fd65dd7,None,None,1,662,8,[],None,None
EXPLOIT_VULN,7405.835308391949,7412.9083422253525,7.073033833403315,29,4ddaa79c-959b-4271-a344-b83a2fd65dd7,None,None,1,663,8,[],None,None
EXPLOIT_VULN,7412.9083422253525,7421.670688105127,8.76234587977433,29,4ddaa79c-959b-4271-a344-b83a2fd65dd7,None,None,1,664,8,[],None,None
EXPLOIT_VULN,7421.670688105127,7428.300372431824,6.6296843266973156,29,4ddaa79c-959b-4271-a344-b83a2fd65dd7,None,None,1,665,8,[],None,None
EXPLOIT_VULN,7428.300372431824,7435.131330015601,6.830957583776581,29,4ddaa79c-959b-4271-a344-b83a2fd65dd7,None,None,1,666,8,[],None,None
EXPLOIT_VULN,7435.131330015601,7443.622290302661,8.490960287060261,29,4ddaa79c-959b-4271-a344-b83a2fd65dd7,None,None,1,667,8,[],None,None
EXPLOIT_VULN,7443.622290302661,7466.055361501103,22.43307119844212,29,4ddaa79c-959b-4271-a344-b83a2fd65dd7,None,None,1,668,8,[],None,None
EXPLOIT_VULN,7466.055361501103,7471.837414716531,5.782053215428277,29,4ddaa79c-959b-4271-a344-b83a2fd65dd7,None,None,1,669,8,[],None,None
EXPLOIT_VULN,7471.837414716531,7477.433631870554,5.59621715402227,29,4ddaa79c-959b-4271-a344-b83a2fd65dd7,None,None,1,670,8,[],None,None
EXPLOIT_VULN,7477.433631870554,7493.8221210059755,16.388489135421878,29,4ddaa79c-959b-4271-a344-b83a2fd65dd7,None,None,1,671,8,[],None,None
EXPLOIT_VULN,7493.8221210059755,7499.990657022058,6.168536016082726,29,4ddaa79c-959b-4271-a344-b83a2fd65dd7,None,None,1,672,8,[],None,None
EXPLOIT_VULN,7499.990657022058,7503.215945080579,3.2252880585210733,29,4ddaa79c-959b-4271-a344-b83a2fd65dd7,None,None,1,673,8,[],application,OSDiversity
SCAN_PORT,7524.234665077806,7549.234665077806,25.0,29,4ddaa79c-959b-4271-a344-b83a2fd65dd7,None,None,1,673,8,[],None,None
EXPLOIT_VULN,7549.234665077806,7557.146618375086,7.911953297279979,29,4ddaa79c-959b-4271-a344-b83a2fd65dd7,None,None,1,673,8,[],None,None
EXPLOIT_VULN,7557.146618375086,7563.544034603127,6.397416228041038,29,4ddaa79c-959b-4271-a344-b83a2fd65dd7,None,None,1,674,8,[],None,None
EXPLOIT_VULN,7563.544034603127,7577.991462245399,14.447427642271577,29,4ddaa79c-959b-4271-a344-b83a2fd65dd7,None,None,1,675,8,[],None,None
EXPLOIT_VULN,7577.991462245399,7590.148772094859,12.157309849460034,29,4ddaa79c-959b-4271-a344-b83a2fd65dd7,None,None,1,676,8,[],None,None
EXPLOIT_VULN,7590.148772094859,7606.390319734502,16.241547639642704,29,4ddaa79c-959b-4271-a344-b83a2fd65dd7,None,None,1,677,8,[],None,None
EXPLOIT_VULN,7606.390319734502,7622.723607953618,16.333288219116184,29,4ddaa79c-959b-4271-a344-b83a2fd65dd7,None,None,1,678,8,[],None,None
EXPLOIT_VULN,7622.723607953618,7639.417551625689,16.693943672071327,29,4ddaa79c-959b-4271-a344-b83a2fd65dd7,None,None,1,679,8,[],None,None
EXPLOIT_VULN,7639.417551625689,7661.981947835458,22.564396209769257,29,4ddaa79c-959b-4271-a344-b83a2fd65dd7,None,None,1,680,8,[],None,None
EXPLOIT_VULN,7661.981947835458,7667.3937152264425,5.411767390984096,29,4ddaa79c-959b-4271-a344-b83a2fd65dd7,None,None,1,681,8,[],None,None
EXPLOIT_VULN,7667.3937152264425,7669.88432551993,2.490610293487407,29,4ddaa79c-959b-4271-a344-b83a2fd65dd7,None,None,1,682,8,[],None,None
EXPLOIT_VULN,7669.88432551993,7676.4826245855475,6.598299065617539,29,4ddaa79c-959b-4271-a344-b83a2fd65dd7,None,None,1,683,8,[],None,None
EXPLOIT_VULN,7676.4826245855475,7691.131990092132,14.649365506584218,29,4ddaa79c-959b-4271-a344-b83a2fd65dd7,None,None,1,684,8,[],None,None
EXPLOIT_VULN,7691.131990092132,7696.070091185204,4.938101093071964,29,4ddaa79c-959b-4271-a344-b83a2fd65dd7,None,None,1,685,8,[],None,None
EXPLOIT_VULN,7696.070091185204,7698.470255283047,2.400164097843117,29,4ddaa79c-959b-4271-a344-b83a2fd65dd7,None,None,1,686,8,[],None,None
EXPLOIT_VULN,7698.470255283047,7703.833322481426,5.363067198379213,29,4ddaa79c-959b-4271-a344-b83a2fd65dd7,None,None,1,687,8,[],application,OSDiversity
SCAN_PORT,7724.37899952211,7749.37899952211,25.0,29,4ddaa79c-959b-4271-a344-b83a2fd65dd7,None,None,1,687,8,[],None,None
EXPLOIT_VULN,7749.37899952211,7767.297934955004,17.918935432894614,29,4ddaa79c-959b-4271-a344-b83a2fd65dd7,None,None,1,687,8,[],None,None
EXPLOIT_VULN,7767.297934955004,7781.643509376496,14.34557442149162,29,4ddaa79c-959b-4271-a344-b83a2fd65dd7,None,None,1,688,8,[],None,None
EXPLOIT_VULN,7781.643509376496,7793.508809990885,11.865300614389525,29,4ddaa79c-959b-4271-a344-b83a2fd65dd7,None,None,1,689,8,[],None,None
EXPLOIT_VULN,7793.508809990885,7799.749092474046,6.240282483160627,29,4ddaa79c-959b-4271-a344-b83a2fd65dd7,None,None,1,690,8,[],None,None
EXPLOIT_VULN,7799.749092474046,7806.289030486972,6.5399380129256315,29,4ddaa79c-959b-4271-a344-b83a2fd65dd7,None,None,1,691,8,[],None,None
EXPLOIT_VULN,7806.289030486972,7812.811080133512,6.522049646540836,29,4ddaa79c-959b-4271-a344-b83a2fd65dd7,None,None,1,692,8,[],None,None
EXPLOIT_VULN,7812.811080133512,7834.917790472901,22.106710339388883,29,4ddaa79c-959b-4271-a344-b83a2fd65dd7,None,None,1,693,8,[],None,None
EXPLOIT_VULN,7834.917790472901,7841.447852514808,6.5300620419066036,29,4ddaa79c-959b-4271-a344-b83a2fd65dd7,None,None,1,694,8,[],None,None
EXPLOIT_VULN,7841.447852514808,7848.105491940846,6.6576394260382585,29,4ddaa79c-959b-4271-a344-b83a2fd65dd7,None,None,1,695,8,[],None,None
EXPLOIT_VULN,7848.105491940846,7856.602515338434,8.497023397588237,29,4ddaa79c-959b-4271-a344-b83a2fd65dd7,None,None,1,696,8,[],None,None
EXPLOIT_VULN,7856.602515338434,7872.145989264154,15.543473925719809,29,4ddaa79c-959b-4271-a344-b83a2fd65dd7,None,None,1,697,8,[],None,None
EXPLOIT_VULN,7872.145989264154,7880.14401696463,7.9980277004760865,29,4ddaa79c-959b-4271-a344-b83a2fd65dd7,None,None,1,698,8,[],None,None
EXPLOIT_VULN,7880.14401696463,7887.004849204615,6.8608322399850294,29,4ddaa79c-959b-4271-a344-b83a2fd65dd7,None,None,1,699,8,[],None,None
EXPLOIT_VULN,7887.004849204615,7895.20012539995,8.195276195334372,29,4ddaa79c-959b-4271-a344-b83a2fd65dd7,None,None,1,700,8,[],None,None
EXPLOIT_VULN,7895.20012539995,7896.451430777802,1.251305377852077,29,4ddaa79c-959b-4271-a344-b83a2fd65dd7,None,None,1,701,8,[],None,None
EXPLOIT_VULN,7896.451430777802,7902.628474689764,6.177043911961846,29,4ddaa79c-959b-4271-a344-b83a2fd65dd7,None,None,1,702,8,[],application,OSDiversity
SCAN_PORT,7922.853736862892,7947.853736862892,25.0,29,4ddaa79c-959b-4271-a344-b83a2fd65dd7,None,None,1,702,8,[],None,None
EXPLOIT_VULN,7947.853736862892,7965.6679228016865,17.814185938794253,29,4ddaa79c-959b-4271-a344-b83a2fd65dd7,None,None,1,702,8,[],None,None
EXPLOIT_VULN,7965.6679228016865,7981.164614642193,15.496691840506173,29,4ddaa79c-959b-4271-a344-b83a2fd65dd7,None,None,1,703,8,[],None,None
EXPLOIT_VULN,7981.164614642193,7993.27969069251,12.11507605031693,29,4ddaa79c-959b-4271-a344-b83a2fd65dd7,None,None,1,704,8,[],None,None
EXPLOIT_VULN,7993.27969069251,7999.61461964702,6.33492895451036,29,4ddaa79c-959b-4271-a344-b83a2fd65dd7,None,None,1,705,8,[],None,None
EXPLOIT_VULN,7999.61461964702,8006.434593019002,6.819973371982087,29,4ddaa79c-959b-4271-a344-b83a2fd65dd7,None,None,1,706,8,[],None,None
EXPLOIT_VULN,8006.434593019002,8029.879802310334,23.445209291331594,29,4ddaa79c-959b-4271-a344-b83a2fd65dd7,None,None,1,707,8,[],None,None
EXPLOIT_VULN,8029.879802310334,8035.381121133859,5.501318823525253,29,4ddaa79c-959b-4271-a344-b83a2fd65dd7,None,None,1,708,8,[],None,None
EXPLOIT_VULN,8035.381121133859,8042.066890449521,6.685769315662583,29,4ddaa79c-959b-4271-a344-b83a2fd65dd7,None,None,1,709,8,[],None,None
EXPLOIT_VULN,8042.066890449521,8056.594596636511,14.527706186989235,29,4ddaa79c-959b-4271-a344-b83a2fd65dd7,None,None,1,710,8,[],None,None
EXPLOIT_VULN,8056.594596636511,8063.527638679355,6.933042042844136,29,4ddaa79c-959b-4271-a344-b83a2fd65dd7,None,None,1,711,8,[],None,None
EXPLOIT_VULN,8063.527638679355,8070.592319447253,7.064680767898608,29,4ddaa79c-959b-4271-a344-b83a2fd65dd7,None,None,1,712,8,[],None,None
EXPLOIT_VULN,8070.592319447253,8072.560327970793,1.9680085235395381,29,4ddaa79c-959b-4271-a344-b83a2fd65dd7,None,None,1,713,8,[],None,None
EXPLOIT_VULN,8072.560327970793,8082.390029688266,9.829701717472744,29,4ddaa79c-959b-4271-a344-b83a2fd65dd7,None,None,1,714,8,[],None,None
EXPLOIT_VULN,8082.390029688266,8090.788693440882,8.398663752615903,29,4ddaa79c-959b-4271-a344-b83a2fd65dd7,None,None,1,715,8,[],None,None
EXPLOIT_VULN,8090.788693440882,8095.148903281807,4.360209840925563,29,4ddaa79c-959b-4271-a344-b83a2fd65dd7,None,None,1,716,8,[],None,None
EXPLOIT_VULN,8095.148903281807,8104.084981292676,8.936078010869096,29,4ddaa79c-959b-4271-a344-b83a2fd65dd7,None,None,1,717,8,[],None,None
EXPLOIT_VULN,8104.084981292676,8105.256943919461,1.171962626784989,29,4ddaa79c-959b-4271-a344-b83a2fd65dd7,None,None,1,718,8,[],application,OSDiversity
SCAN_PORT,8126.072620038018,8151.072620038018,25.0,29,4ddaa79c-959b-4271-a344-b83a2fd65dd7,None,None,1,718,8,[],None,None
EXPLOIT_VULN,8151.072620038018,8168.893246682216,17.820626644198455,29,4ddaa79c-959b-4271-a344-b83a2fd65dd7,None,None,1,718,8,[],None,None
EXPLOIT_VULN,8168.893246682216,8174.720376710115,5.82713002789842,29,4ddaa79c-959b-4271-a344-b83a2fd65dd7,None,None,1,719,8,[],None,None
EXPLOIT_VULN,8174.720376710115,8179.569503765642,4.849127055527788,29,4ddaa79c-959b-4271-a344-b83a2fd65dd7,None,None,1,720,8,[],None,None
EXPLOIT_VULN,8179.569503765642,8196.117910481422,16.548406715779493,29,4ddaa79c-959b-4271-a344-b83a2fd65dd7,None,None,1,721,8,[],None,None
EXPLOIT_VULN,8196.117910481422,8221.267196083245,25.149285601823067,29,4ddaa79c-959b-4271-a344-b83a2fd65dd7,None,None,1,722,8,[],None,None
EXPLOIT_VULN,8221.267196083245,8227.086342400382,5.819146317136983,29,4ddaa79c-959b-4271-a344-b83a2fd65dd7,None,None,1,723,8,[],None,None
EXPLOIT_VULN,8227.086342400382,8233.746279853676,6.659937453294333,29,4ddaa79c-959b-4271-a344-b83a2fd65dd7,None,None,1,724,8,[],None,None
EXPLOIT_VULN,8233.746279853676,8241.29509999848,7.548820144804267,29,4ddaa79c-959b-4271-a344-b83a2fd65dd7,None,None,1,725,8,[],None,None
EXPLOIT_VULN,8241.29509999848,8242.794600971793,1.4995009733120241,29,4ddaa79c-959b-4271-a344-b83a2fd65dd7,None,None,1,726,8,[],None,None
EXPLOIT_VULN,8242.794600971793,8252.678402488395,9.883801516602034,29,4ddaa79c-959b-4271-a344-b83a2fd65dd7,None,None,1,727,8,[],None,None
EXPLOIT_VULN,8252.678402488395,8261.739209669471,9.060807181076598,29,4ddaa79c-959b-4271-a344-b83a2fd65dd7,None,None,1,728,8,[],None,None
EXPLOIT_VULN,8261.739209669471,8270.49223240085,8.753022731378223,29,4ddaa79c-959b-4271-a344-b83a2fd65dd7,None,None,1,729,8,[],None,None
EXPLOIT_VULN,8270.49223240085,8275.65948041806,5.167248017211023,29,4ddaa79c-959b-4271-a344-b83a2fd65dd7,None,None,1,730,8,[],None,None
EXPLOIT_VULN,8275.65948041806,8283.712578351704,8.053097933643585,29,4ddaa79c-959b-4271-a344-b83a2fd65dd7,None,None,1,731,8,[],None,None
EXPLOIT_VULN,8283.712578351704,8291.70987645855,7.997298106845847,29,4ddaa79c-959b-4271-a344-b83a2fd65dd7,None,None,1,732,8,[],None,None
EXPLOIT_VULN,8291.70987645855,8300.329055300544,8.619178841994653,29,4ddaa79c-959b-4271-a344-b83a2fd65dd7,None,None,1,733,8,[],None,None
EXPLOIT_VULN,8300.329055300544,8303.404571499688,3.075516199143749,29,4ddaa79c-959b-4271-a344-b83a2fd65dd7,None,None,1,734,8,[],application,OSDiversity
SCAN_PORT,8323.614189886493,8348.614189886493,25.0,29,4ddaa79c-959b-4271-a344-b83a2fd65dd7,None,None,1,734,8,[],None,None
EXPLOIT_VULN,8348.614189886493,8366.382217674374,17.768027787880783,29,4ddaa79c-959b-4271-a344-b83a2fd65dd7,None,None,1,734,8,[],None,None
EXPLOIT_VULN,8366.382217674374,8374.743090753203,8.360873078829172,29,4ddaa79c-959b-4271-a344-b83a2fd65dd7,None,None,1,735,8,[],None,None
EXPLOIT_VULN,8374.743090753203,8392.101629871357,17.358539118153203,29,4ddaa79c-959b-4271-a344-b83a2fd65dd7,None,None,1,736,8,[],None,None
EXPLOIT_VULN,8392.101629871357,8414.259920729375,22.158290858018518,29,4ddaa79c-959b-4271-a344-b83a2fd65dd7,None,None,1,737,8,[],None,None
EXPLOIT_VULN,8414.259920729375,8420.042969111812,5.783048382436391,29,4ddaa79c-959b-4271-a344-b83a2fd65dd7,None,None,1,738,8,[],None,None
EXPLOIT_VULN,8420.042969111812,8425.95202008375,5.909050971938996,29,4ddaa79c-959b-4271-a344-b83a2fd65dd7,None,None,1,739,8,[],None,None
EXPLOIT_VULN,8425.95202008375,8435.202933513561,9.25091342981068,29,4ddaa79c-959b-4271-a344-b83a2fd65dd7,None,None,1,740,8,[],None,None
EXPLOIT_VULN,8435.202933513561,8444.959039579351,9.756106065789936,29,4ddaa79c-959b-4271-a344-b83a2fd65dd7,None,None,1,741,8,[],None,None
EXPLOIT_VULN,8444.959039579351,8454.364862768622,9.40582318927045,29,4ddaa79c-959b-4271-a344-b83a2fd65dd7,None,None,1,742,8,[],None,None
EXPLOIT_VULN,8454.364862768622,8460.237798290258,5.872935521636464,29,4ddaa79c-959b-4271-a344-b83a2fd65dd7,None,None,1,743,8,[],None,None
EXPLOIT_VULN,8460.237798290258,8468.364039985552,8.126241695294084,29,4ddaa79c-959b-4271-a344-b83a2fd65dd7,None,None,1,744,8,[],None,None
EXPLOIT_VULN,8468.364039985552,8475.938971378504,7.574931392951839,29,4ddaa79c-959b-4271-a344-b83a2fd65dd7,None,None,1,745,8,[],None,None
EXPLOIT_VULN,8475.938971378504,8481.725598776195,5.786627397690609,29,4ddaa79c-959b-4271-a344-b83a2fd65dd7,29,4ddaa79c-959b-4271-a344-b83a2fd65dd7,1,746,8,"['Korry', 'Alfy']",None,None
SCAN_NEIGHBOR,8481.725598776195,8486.725598776195,5.0,29,4ddaa79c-959b-4271-a344-b83a2fd65dd7,None,None,1,747,9,[],None,None
ENUM_HOST,8486.725598776195,8491.725598776195,5.0,29,4ddaa79c-959b-4271-a344-b83a2fd65dd7,None,None,1,747,9,[],None,None
SCAN_PORT,8491.725598776195,8505.749531711715,14.023932935520861,11,1c46076f-ea2d-4800-9a61-c6d6398aa328,None,None,1,747,9,[],application,OSDiversity
SCAN_PORT,8525.86146110114,8550.86146110114,25.0,11,1c46076f-ea2d-4800-9a61-c6d6398aa328,None,None,1,747,9,[],None,None
EXPLOIT_VULN,8550.86146110114,8551.038414086139,0.17695298499893397,11,1c46076f-ea2d-4800-9a61-c6d6398aa328,None,None,1,747,9,[],None,None
EXPLOIT_VULN,8551.038414086139,8554.341445412927,3.3030313267881866,11,1c46076f-ea2d-4800-9a61-c6d6398aa328,None,None,1,748,9,[],None,None
EXPLOIT_VULN,8554.341445412927,8559.474397865039,5.132952452111567,11,1c46076f-ea2d-4800-9a61-c6d6398aa328,None,None,1,749,9,[],None,None
EXPLOIT_VULN,8559.474397865039,8572.064460626938,12.59006276189939,11,1c46076f-ea2d-4800-9a61-c6d6398aa328,None,None,1,750,9,[],None,None
EXPLOIT_VULN,8572.064460626938,8578.714821168045,6.650360541107148,11,1c46076f-ea2d-4800-9a61-c6d6398aa328,None,None,1,751,9,[],None,None
EXPLOIT_VULN,8578.714821168045,8585.589548861331,6.8747276932863315,11,1c46076f-ea2d-4800-9a61-c6d6398aa328,None,None,1,752,9,[],None,None
EXPLOIT_VULN,8585.589548861331,8604.467514307773,18.87796544644152,11,1c46076f-ea2d-4800-9a61-c6d6398aa328,None,None,1,753,9,[],None,None
EXPLOIT_VULN,8604.467514307773,8625.921758131333,21.45424382356032,11,1c46076f-ea2d-4800-9a61-c6d6398aa328,None,None,1,754,9,[],None,None
BRUTE_FORCE,8625.921758131333,8645.921758131333,20.0,11,1c46076f-ea2d-4800-9a61-c6d6398aa328,None,None,1,755,9,[],None,None
ENUM_HOST,8645.921758131333,8650.921758131333,5.0,11,1c46076f-ea2d-4800-9a61-c6d6398aa328,None,None,1,755,9,[],None,None
ENUM_HOST,8650.921758131333,8655.921758131333,5.0,24,e9bc77a2-2b34-4047-bde3-7181cf9dfd37,None,None,2,755,9,[],None,None
SCAN_PORT,8655.921758131333,8680.921758131333,25.0,49,dc9b411f-ad95-4314-b70f-d2f166fba58f,None,None,1,755,9,[],None,None
EXPLOIT_VULN,8680.921758131333,8681.646372863252,0.7246147319183365,49,dc9b411f-ad95-4314-b70f-d2f166fba58f,None,None,1,755,9,[],None,None
EXPLOIT_VULN,8681.646372863252,8682.4564025708,0.8100297075488925,49,dc9b411f-ad95-4314-b70f-d2f166fba58f,None,None,1,756,9,[],None,None
EXPLOIT_VULN,8682.4564025708,8685.25595591807,2.799553347269466,49,dc9b411f-ad95-4314-b70f-d2f166fba58f,None,None,1,757,9,[],None,None
EXPLOIT_VULN,8685.25595591807,8689.143246934009,3.8872910159388994,49,dc9b411f-ad95-4314-b70f-d2f166fba58f,None,None,1,758,9,[],None,None
EXPLOIT_VULN,8689.143246934009,8693.403189783292,4.259942849283107,49,dc9b411f-ad95-4314-b70f-d2f166fba58f,None,None,1,759,9,[],None,None
EXPLOIT_VULN,8693.403189783292,8698.373048782061,4.9698589987692685,49,dc9b411f-ad95-4314-b70f-d2f166fba58f,None,None,1,760,9,[],None,None
EXPLOIT_VULN,8698.373048782061,8704.691503157263,6.318454375201327,49,dc9b411f-ad95-4314-b70f-d2f166fba58f,None,None,1,761,9,[],application,OSDiversity
SCAN_PORT,8726.464945461821,8751.464945461821,25.0,49,dc9b411f-ad95-4314-b70f-d2f166fba58f,None,None,1,761,9,[],None,None
EXPLOIT_VULN,8751.464945461821,8754.560391724926,3.0954462631052593,49,dc9b411f-ad95-4314-b70f-d2f166fba58f,None,None,1,761,9,[],None,None
EXPLOIT_VULN,8754.560391724926,8755.972147575454,1.4117558505276975,49,dc9b411f-ad95-4314-b70f-d2f166fba58f,None,None,1,762,9,[],None,None
EXPLOIT_VULN,8755.972147575454,8757.748509705063,1.7763621296089696,49,dc9b411f-ad95-4314-b70f-d2f166fba58f,None,None,1,763,9,[],None,None
EXPLOIT_VULN,8757.748509705063,8765.137055837462,7.388546132398915,49,dc9b411f-ad95-4314-b70f-d2f166fba58f,None,None,1,764,9,[],None,None
EXPLOIT_VULN,8765.137055837462,8775.188864904916,10.051809067454087,49,dc9b411f-ad95-4314-b70f-d2f166fba58f,None,None,1,765,9,[],None,None
EXPLOIT_VULN,8775.188864904916,8781.378349196304,6.189484291387998,49,dc9b411f-ad95-4314-b70f-d2f166fba58f,None,None,1,766,9,[],None,None
EXPLOIT_VULN,8781.378349196304,8794.363303468877,12.984954272573304,49,dc9b411f-ad95-4314-b70f-d2f166fba58f,None,None,1,767,9,[],None,None
EXPLOIT_VULN,8794.363303468877,8801.333890820042,6.970587351164795,49,dc9b411f-ad95-4314-b70f-d2f166fba58f,None,None,1,768,9,[],None,None
EXPLOIT_VULN,8801.333890820042,8811.735107787586,10.401216967544315,49,dc9b411f-ad95-4314-b70f-d2f166fba58f,None,None,1,769,9,[],None,None
EXPLOIT_VULN,8811.735107787586,8819.916842788993,8.181735001406196,49,dc9b411f-ad95-4314-b70f-d2f166fba58f,None,None,1,770,9,[],None,None
EXPLOIT_VULN,8819.916842788993,8827.619951834757,7.703109045763995,49,dc9b411f-ad95-4314-b70f-d2f166fba58f,None,None,1,771,9,[],None,None
EXPLOIT_VULN,8827.619951834757,8830.642637381085,3.0226855463279207,49,dc9b411f-ad95-4314-b70f-d2f166fba58f,None,None,1,772,9,[],None,None
EXPLOIT_VULN,8830.642637381085,8833.509009666084,2.8663722849996702,49,dc9b411f-ad95-4314-b70f-d2f166fba58f,None,None,1,773,9,[],None,None
EXPLOIT_VULN,8833.509009666084,8840.218355504763,6.709345838678928,49,dc9b411f-ad95-4314-b70f-d2f166fba58f,49,dc9b411f-ad95-4314-b70f-d2f166fba58f,1,774,9,"['Deina', 'Shandeigh', 'Wally']",None,None
SCAN_NEIGHBOR,8840.218355504763,8845.218355504763,5.0,49,dc9b411f-ad95-4314-b70f-d2f166fba58f,None,None,1,775,10,[],None,None
ENUM_HOST,8845.218355504763,8850.218355504763,5.0,49,dc9b411f-ad95-4314-b70f-d2f166fba58f,None,None,1,775,10,[],None,None
ENUM_HOST,8850.218355504763,8855.218355504763,5.0,6,62721611-be02-4151-883b-83d394161d97,None,None,3,775,10,[],None,None
ENUM_HOST,8855.218355504763,8860.218355504763,5.0,24,e9bc77a2-2b34-4047-bde3-7181cf9dfd37,None,None,3,775,10,[],None,None
SCAN_PORT,8860.218355504763,8885.218355504763,25.0,33,efa10b4d-cbc9-4916-9ba8-a161ec9dd0f4,None,None,1,775,10,[],None,None
EXPLOIT_VULN,8885.218355504763,8889.524588895027,4.306233390263515,33,efa10b4d-cbc9-4916-9ba8-a161ec9dd0f4,None,None,1,775,10,[],None,None
EXPLOIT_VULN,8889.524588895027,8897.281388129393,7.756799234366554,33,efa10b4d-cbc9-4916-9ba8-a161ec9dd0f4,None,None,1,776,10,[],None,None
EXPLOIT_VULN,8897.281388129393,8898.927459775075,1.646071645682241,33,efa10b4d-cbc9-4916-9ba8-a161ec9dd0f4,None,None,1,777,10,[],None,None
EXPLOIT_VULN,8898.927459775075,8904.765516344165,5.838056569089531,33,efa10b4d-cbc9-4916-9ba8-a161ec9dd0f4,None,None,1,778,10,[],application,OSDiversity
SCAN_PORT,8926.088569018302,8951.088569018302,25.0,33,efa10b4d-cbc9-4916-9ba8-a161ec9dd0f4,None,None,1,778,10,[],None,None
EXPLOIT_VULN,8951.088569018302,8955.608520113761,4.519951095458964,33,efa10b4d-cbc9-4916-9ba8-a161ec9dd0f4,None,None,1,778,10,[],None,None
EXPLOIT_VULN,8955.608520113761,8961.91319466484,6.3046745510782785,33,efa10b4d-cbc9-4916-9ba8-a161ec9dd0f4,None,None,1,779,10,[],None,None
EXPLOIT_VULN,8961.91319466484,8971.807108142959,9.89391347811943,33,efa10b4d-cbc9-4916-9ba8-a161ec9dd0f4,None,None,1,780,10,[],None,None
EXPLOIT_VULN,8971.807108142959,8974.610603422669,2.8034952797097503,33,efa10b4d-cbc9-4916-9ba8-a161ec9dd0f4,None,None,1,781,10,[],None,None
EXPLOIT_VULN,8974.610603422669,8987.74823264068,13.13762921801208,33,efa10b4d-cbc9-4916-9ba8-a161ec9dd0f4,None,None,1,782,10,[],None,None
EXPLOIT_VULN,8987.74823264068,8991.157028945401,3.408796304720454,33,efa10b4d-cbc9-4916-9ba8-a161ec9dd0f4,None,None,1,783,10,[],None,None
EXPLOIT_VULN,8991.157028945401,8997.176858671814,6.019829726412354,33,efa10b4d-cbc9-4916-9ba8-a161ec9dd0f4,None,None,1,784,10,[],None,None
EXPLOIT_VULN,8997.176858671814,9013.721164658846,16.544305987032203,33,efa10b4d-cbc9-4916-9ba8-a161ec9dd0f4,None,None,1,785,10,[],None,None
EXPLOIT_VULN,9013.721164658846,9021.839253570402,8.118088911556697,33,efa10b4d-cbc9-4916-9ba8-a161ec9dd0f4,None,None,1,786,10,[],None,None
BRUTE_FORCE,9021.839253570402,9041.839253570402,20.0,33,efa10b4d-cbc9-4916-9ba8-a161ec9dd0f4,None,None,1,787,10,[],None,None
ENUM_HOST,9041.839253570402,9046.839253570402,5.0,33,efa10b4d-cbc9-4916-9ba8-a161ec9dd0f4,None,None,1,787,10,[],None,None
ENUM_HOST,9046.839253570402,9051.839253570402,5.0,22,07f44fbe-e0a6-466b-a44d-49027332a3e2,None,None,2,787,10,[],None,None
SCAN_PORT,9051.839253570402,9076.839253570402,25.0,21,9a4e2b3a-b3b0-4046-8409-c616777e42f8,None,None,1,787,10,[],None,None
EXPLOIT_VULN,9076.839253570402,9078.365133627418,1.5258800570154563,21,9a4e2b3a-b3b0-4046-8409-c616777e42f8,None,None,1,787,10,[],None,None
EXPLOIT_VULN,9078.365133627418,9079.11055395753,0.7454203301113012,21,9a4e2b3a-b3b0-4046-8409-c616777e42f8,None,None,1,788,10,[],None,None
EXPLOIT_VULN,9079.11055395753,9082.42545125293,3.314897295400442,21,9a4e2b3a-b3b0-4046-8409-c616777e42f8,None,None,1,789,10,[],None,None
EXPLOIT_VULN,9082.42545125293,9083.03614270946,0.6106914565298212,21,9a4e2b3a-b3b0-4046-8409-c616777e42f8,None,None,1,790,10,[],None,None
EXPLOIT_VULN,9083.03614270946,9087.10913957564,4.072996866179892,21,9a4e2b3a-b3b0-4046-8409-c616777e42f8,None,None,1,791,10,[],None,None
EXPLOIT_VULN,9087.10913957564,9092.236225770912,5.127086195272568,21,9a4e2b3a-b3b0-4046-8409-c616777e42f8,None,None,1,792,10,[],None,None
EXPLOIT_VULN,9092.236225770912,9095.932843233515,3.6966174626031716,21,9a4e2b3a-b3b0-4046-8409-c616777e42f8,None,None,1,793,10,[],None,None
EXPLOIT_VULN,9095.932843233515,9098.804351076185,2.8715078426703258,21,9a4e2b3a-b3b0-4046-8409-c616777e42f8,None,None,1,794,10,[],None,None
EXPLOIT_VULN,9098.804351076185,9104.86443542158,6.060084345393989,21,9a4e2b3a-b3b0-4046-8409-c616777e42f8,None,None,1,795,10,[],None,None
EXPLOIT_VULN,9104.86443542158,9105.012461247785,0.14802582620541216,21,9a4e2b3a-b3b0-4046-8409-c616777e42f8,None,None,1,796,10,[],application,OSDiversity
SCAN_PORT,9125.02565215973,9150.02565215973,25.0,21,9a4e2b3a-b3b0-4046-8409-c616777e42f8,None,None,1,796,10,[],None,None
EXPLOIT_VULN,9150.02565215973,9150.334588316073,0.30893615634340676,21,9a4e2b3a-b3b0-4046-8409-c616777e42f8,None,None,1,796,10,[],None,None
EXPLOIT_VULN,9150.334588316073,9151.882472695805,1.5478843797318405,21,9a4e2b3a-b3b0-4046-8409-c616777e42f8,None,None,1,797,10,[],None,None
EXPLOIT_VULN,9151.882472695805,9155.201698971527,3.3192262757220306,21,9a4e2b3a-b3b0-4046-8409-c616777e42f8,None,None,1,798,10,[],None,None
EXPLOIT_VULN,9155.201698971527,9159.305637870066,4.103938898539127,21,9a4e2b3a-b3b0-4046-8409-c616777e42f8,None,None,1,799,10,[],None,None
EXPLOIT_VULN,9159.305637870066,9163.131850949618,3.8262130795519624,21,9a4e2b3a-b3b0-4046-8409-c616777e42f8,None,None,1,800,10,[],None,None
EXPLOIT_VULN,9163.131850949618,9167.902673292037,4.770822342419706,21,9a4e2b3a-b3b0-4046-8409-c616777e42f8,None,None,1,801,10,[],None,None
EXPLOIT_VULN,9167.902673292037,9173.097633667257,5.194960375220035,21,9a4e2b3a-b3b0-4046-8409-c616777e42f8,None,None,1,802,10,[],None,None
EXPLOIT_VULN,9173.097633667257,9180.312657542943,7.215023875685802,21,9a4e2b3a-b3b0-4046-8409-c616777e42f8,None,None,1,803,10,[],None,None
EXPLOIT_VULN,9180.312657542943,9187.31839961043,7.0057420674875175,21,9a4e2b3a-b3b0-4046-8409-c616777e42f8,None,None,1,804,10,[],None,None
EXPLOIT_VULN,9187.31839961043,9194.793042083835,7.4746424734039465,21,9a4e2b3a-b3b0-4046-8409-c616777e42f8,None,None,1,805,10,[],None,None
EXPLOIT_VULN,9194.793042083835,9216.806049593204,22.013007509369345,21,9a4e2b3a-b3b0-4046-8409-c616777e42f8,None,None,1,806,10,[],None,None
EXPLOIT_VULN,9216.806049593204,9234.148193144514,17.342143551310073,21,9a4e2b3a-b3b0-4046-8409-c616777e42f8,None,None,1,807,10,[],None,None
EXPLOIT_VULN,9234.148193144514,9246.42466090476,12.276467760246305,21,9a4e2b3a-b3b0-4046-8409-c616777e42f8,None,None,1,808,10,[],None,None
EXPLOIT_VULN,9246.42466090476,9253.042572428394,6.617911523633666,21,9a4e2b3a-b3b0-4046-8409-c616777e42f8,None,None,1,809,10,[],None,None
EXPLOIT_VULN,9253.042572428394,9260.04720755313,7.004635124736524,21,9a4e2b3a-b3b0-4046-8409-c616777e42f8,None,None,1,810,10,[],None,None
EXPLOIT_VULN,9260.04720755313,9275.646956974846,15.599749421715387,21,9a4e2b3a-b3b0-4046-8409-c616777e42f8,None,None,1,811,10,[],None,None
EXPLOIT_VULN,9275.646956974846,9297.44428837196,21.79733139711425,21,9a4e2b3a-b3b0-4046-8409-c616777e42f8,None,None,1,812,10,[],None,None
EXPLOIT_VULN,9297.44428837196,9305.36211563262,7.917827260660488,21,9a4e2b3a-b3b0-4046-8409-c616777e42f8,None,None,1,813,10,[],None,None
EXPLOIT_VULN,9305.36211563262,9305.673462623552,0.31134699093126983,21,9a4e2b3a-b3b0-4046-8409-c616777e42f8,None,None,1,814,10,[],application,OSDiversity
SCAN_PORT,9326.388803117525,9351.388803117525,25.0,21,9a4e2b3a-b3b0-4046-8409-c616777e42f8,None,None,1,814,10,[],None,None
EXPLOIT_VULN,9351.388803117525,9353.084223769642,1.695420652116809,21,9a4e2b3a-b3b0-4046-8409-c616777e42f8,None,None,1,814,10,[],None,None
EXPLOIT_VULN,9353.084223769642,9353.720854053427,0.6366302837850526,21,9a4e2b3a-b3b0-4046-8409-c616777e42f8,None,None,1,815,10,[],None,None
EXPLOIT_VULN,9353.720854053427,9354.551836153543,0.8309821001166711,21,9a4e2b3a-b3b0-4046-8409-c616777e42f8,None,None,1,816,10,[],None,None
EXPLOIT_VULN,9354.551836153543,9356.012308486175,1.46047233263198,21,9a4e2b3a-b3b0-4046-8409-c616777e42f8,None,None,1,817,10,[],None,None
EXPLOIT_VULN,9356.012308486175,9357.378998787131,1.3666903009561793,21,9a4e2b3a-b3b0-4046-8409-c616777e42f8,None,None,1,818,10,[],None,None
EXPLOIT_VULN,9357.378998787131,9366.959287901545,9.580289114413972,21,9a4e2b3a-b3b0-4046-8409-c616777e42f8,None,None,1,819,10,[],None,None
EXPLOIT_VULN,9366.959287901545,9370.708873377323,3.749585475778076,21,9a4e2b3a-b3b0-4046-8409-c616777e42f8,None,None,1,820,10,[],None,None
EXPLOIT_VULN,9370.708873377323,9387.561963803342,16.853090426018753,21,9a4e2b3a-b3b0-4046-8409-c616777e42f8,None,None,1,821,10,[],None,None
EXPLOIT_VULN,9387.561963803342,9399.930412951751,12.368449148409127,21,9a4e2b3a-b3b0-4046-8409-c616777e42f8,None,None,1,822,10,[],None,None
EXPLOIT_VULN,9399.930412951751,9414.890985170607,14.960572218855305,21,9a4e2b3a-b3b0-4046-8409-c616777e42f8,None,None,1,823,10,[],None,None
EXPLOIT_VULN,9414.890985170607,9421.851466948607,6.96048177800003,21,9a4e2b3a-b3b0-4046-8409-c616777e42f8,None,None,1,824,10,[],None,None
EXPLOIT_VULN,9421.851466948607,9443.334548773417,21.483081824810142,21,9a4e2b3a-b3b0-4046-8409-c616777e42f8,None,None,1,825,10,[],None,None
EXPLOIT_VULN,9443.334548773417,9450.214065876673,6.879517103256148,21,9a4e2b3a-b3b0-4046-8409-c616777e42f8,None,None,1,826,10,[],None,None
EXPLOIT_VULN,9450.214065876673,9455.853853627448,5.639787750775213,21,9a4e2b3a-b3b0-4046-8409-c616777e42f8,None,None,1,827,10,[],None,None
EXPLOIT_VULN,9455.853853627448,9462.411521632082,6.557668004634252,21,9a4e2b3a-b3b0-4046-8409-c616777e42f8,None,None,1,828,10,[],None,None
EXPLOIT_VULN,9462.411521632082,9467.638715396362,5.227193764279946,21,9a4e2b3a-b3b0-4046-8409-c616777e42f8,None,None,1,829,10,[],None,None
EXPLOIT_VULN,9467.638715396362,9473.290544032945,5.65182863658265,21,9a4e2b3a-b3b0-4046-8409-c616777e42f8,None,None,1,830,10,[],None,None
EXPLOIT_VULN,9473.290544032945,9481.989290776339,8.698746743393713,21,9a4e2b3a-b3b0-4046-8409-c616777e42f8,None,None,1,831,10,[],None,None
EXPLOIT_VULN,9481.989290776339,9489.251769958351,7.262479182012612,21,9a4e2b3a-b3b0-4046-8409-c616777e42f8,None,None,1,832,10,[],None,None
EXPLOIT_VULN,9489.251769958351,9497.65171361259,8.399943654238086,21,9a4e2b3a-b3b0-4046-8409-c616777e42f8,None,None,1,833,10,[],None,None
EXPLOIT_VULN,9497.65171361259,9505.564657341944,7.912943729354083,21,9a4e2b3a-b3b0-4046-8409-c616777e42f8,None,None,1,834,10,[],None,None
EXPLOIT_VULN,9505.564657341944,9507.223327353442,1.6586700114985433,21,9a4e2b3a-b3b0-4046-8409-c616777e42f8,None,None,1,835,10,[],application,OSDiversity
SCAN_PORT,9527.501547691207,9552.501547691207,25.0,21,9a4e2b3a-b3b0-4046-8409-c616777e42f8,None,None,1,835,10,[],None,None
EXPLOIT_VULN,9552.501547691207,9553.21219198866,0.7106442974527454,21,9a4e2b3a-b3b0-4046-8409-c616777e42f8,None,None,1,835,10,[],None,None
EXPLOIT_VULN,9553.21219198866,9553.960789961018,0.7485979723587661,21,9a4e2b3a-b3b0-4046-8409-c616777e42f8,None,None,1,836,10,[],None,None
EXPLOIT_VULN,9553.960789961018,9554.183676435367,0.22288647434834274,21,9a4e2b3a-b3b0-4046-8409-c616777e42f8,None,None,1,837,10,[],None,None
EXPLOIT_VULN,9554.183676435367,9563.86584820814,9.682171772772563,21,9a4e2b3a-b3b0-4046-8409-c616777e42f8,None,None,1,838,10,[],None,None
EXPLOIT_VULN,9563.86584820814,9566.83654833577,2.970700127631062,21,9a4e2b3a-b3b0-4046-8409-c616777e42f8,None,None,1,839,10,[],None,None
EXPLOIT_VULN,9566.83654833577,9573.935199390651,7.098651054880975,21,9a4e2b3a-b3b0-4046-8409-c616777e42f8,None,None,1,840,10,[],None,None
EXPLOIT_VULN,9573.935199390651,9579.024808726494,5.089609335842397,21,9a4e2b3a-b3b0-4046-8409-c616777e42f8,None,None,1,841,10,[],None,None
EXPLOIT_VULN,9579.024808726494,9584.87048161232,5.845672885827298,21,9a4e2b3a-b3b0-4046-8409-c616777e42f8,None,None,1,842,10,[],None,None
EXPLOIT_VULN,9584.87048161232,9602.309814864677,17.439333252355937,21,9a4e2b3a-b3b0-4046-8409-c616777e42f8,None,None,1,843,10,[],None,None
EXPLOIT_VULN,9602.309814864677,9624.372128350045,22.062313485368577,21,9a4e2b3a-b3b0-4046-8409-c616777e42f8,None,None,1,844,10,[],None,None
EXPLOIT_VULN,9624.372128350045,9641.539660702329,17.16753235228316,21,9a4e2b3a-b3b0-4046-8409-c616777e42f8,None,None,1,845,10,[],None,None
EXPLOIT_VULN,9641.539660702329,9644.390409475543,2.8507487732149457,21,9a4e2b3a-b3b0-4046-8409-c616777e42f8,None,None,1,846,10,[],None,None
EXPLOIT_VULN,9644.390409475543,9666.990363100072,22.599953624529007,21,9a4e2b3a-b3b0-4046-8409-c616777e42f8,None,None,1,847,10,[],None,None
EXPLOIT_VULN,9666.990363100072,9669.820030404944,2.829667304871691,21,9a4e2b3a-b3b0-4046-8409-c616777e42f8,None,None,1,848,10,[],None,None
EXPLOIT_VULN,9669.820030404944,9677.639053159592,7.819022754647449,21,9a4e2b3a-b3b0-4046-8409-c616777e42f8,None,None,1,849,10,[],None,None
EXPLOIT_VULN,9677.639053159592,9685.440954796635,7.8019016370435565,21,9a4e2b3a-b3b0-4046-8409-c616777e42f8,None,None,1,850,10,[],None,None
EXPLOIT_VULN,9685.440954796635,9690.548497450474,5.107542653839118,21,9a4e2b3a-b3b0-4046-8409-c616777e42f8,None,None,1,851,10,[],None,None
EXPLOIT_VULN,9690.548497450474,9697.090137074329,6.54163962385428,21,9a4e2b3a-b3b0-4046-8409-c616777e42f8,None,None,1,852,10,[],None,None
EXPLOIT_VULN,9697.090137074329,9707.187256007146,10.097118932817466,21,9a4e2b3a-b3b0-4046-8409-c616777e42f8,None,None,1,853,10,[],application,OSDiversity
SCAN_PORT,9727.234903261136,9752.234903261136,25.0,21,9a4e2b3a-b3b0-4046-8409-c616777e42f8,None,None,1,853,10,[],None,None
EXPLOIT_VULN,9752.234903261136,9762.13597361319,9.901070352054376,21,9a4e2b3a-b3b0-4046-8409-c616777e42f8,None,None,1,853,10,[],None,None
EXPLOIT_VULN,9762.13597361319,9769.620989350498,7.485015737307549,21,9a4e2b3a-b3b0-4046-8409-c616777e42f8,None,None,1,854,10,[],None,None
EXPLOIT_VULN,9769.620989350498,9774.461056443963,4.840067093464313,21,9a4e2b3a-b3b0-4046-8409-c616777e42f8,None,None,1,855,10,[],None,None
EXPLOIT_VULN,9774.461056443963,9780.489688453934,6.028632009971261,21,9a4e2b3a-b3b0-4046-8409-c616777e42f8,None,None,1,856,10,[],None,None
EXPLOIT_VULN,9780.489688453934,9797.811784461403,17.322096007468645,21,9a4e2b3a-b3b0-4046-8409-c616777e42f8,None,None,1,857,10,[],None,None
EXPLOIT_VULN,9797.811784461403,9819.642864472662,21.831080011259473,21,9a4e2b3a-b3b0-4046-8409-c616777e42f8,None,None,1,858,10,[],None,None
EXPLOIT_VULN,9819.642864472662,9837.034932156463,17.392067683800633,21,9a4e2b3a-b3b0-4046-8409-c616777e42f8,None,None,1,859,10,[],None,None
EXPLOIT_VULN,9837.034932156463,9858.90586933881,21.870937182347916,21,9a4e2b3a-b3b0-4046-8409-c616777e42f8,None,None,1,860,10,[],None,None
EXPLOIT_VULN,9858.90586933881,9866.689594552941,7.7837252141307545,21,9a4e2b3a-b3b0-4046-8409-c616777e42f8,None,None,1,861,10,[],None,None
EXPLOIT_VULN,9866.689594552941,9885.09112189284,18.401527339898166,21,9a4e2b3a-b3b0-4046-8409-c616777e42f8,21,9a4e2b3a-b3b0-4046-8409-c616777e42f8,1,862,10,['Sarine'],None,None
SCAN_NEIGHBOR,9885.09112189284,9890.09112189284,5.0,21,9a4e2b3a-b3b0-4046-8409-c616777e42f8,None,None,1,863,11,[],None,None
ENUM_HOST,9890.09112189284,9895.09112189284,5.0,21,9a4e2b3a-b3b0-4046-8409-c616777e42f8,None,None,1,863,11,[],None,None
ENUM_HOST,9895.09112189284,9900.09112189284,5.0,22,07f44fbe-e0a6-466b-a44d-49027332a3e2,None,None,3,863,11,[],None,None
SCAN_PORT,9900.09112189284,9907.780525611952,7.689403719112306,25,bd9066ae-7596-4663-a93e-44b743ab3b1a,None,None,1,863,11,[],application,OSDiversity
SCAN_PORT,9928.898525609096,9953.898525609096,25.0,25,bd9066ae-7596-4663-a93e-44b743ab3b1a,25,bd9066ae-7596-4663-a93e-44b743ab3b1a,1,863,11,[],None,None
SCAN_NEIGHBOR,9953.898525609096,9958.898525609096,5.0,25,bd9066ae-7596-4663-a93e-44b743ab3b1a,None,None,1,863,12,[],None,None
ENUM_HOST,9958.898525609096,9963.898525609096,5.0,25,bd9066ae-7596-4663-a93e-44b743ab3b1a,None,None,1,863,12,[],None,None
ENUM_HOST,9963.898525609096,9968.898525609096,5.0,22,07f44fbe-e0a6-466b-a44d-49027332a3e2,None,None,4,863,12,[],None,None
SCAN_PORT,9968.898525609096,9993.898525609096,25.0,27,0e42f9d3-ba46-4638-93a4-668443581650,None,None,1,863,12,[],None,None
EXPLOIT_VULN,9993.898525609096,9994.783589351573,0.8850637424766319,27,0e42f9d3-ba46-4638-93a4-668443581650,None,None,1,863,12,[],None,None
EXPLOIT_VULN,9994.783589351573,9995.158435429372,0.374846077798793,27,0e42f9d3-ba46-4638-93a4-668443581650,None,None,1,864,12,[],None,None
EXPLOIT_VULN,9995.158435429372,9997.361527353449,2.2030919240769435,27,0e42f9d3-ba46-4638-93a4-668443581650,None,None,1,865,12,[],None,None
EXPLOIT_VULN,9997.361527353449,9998.09677715552,0.7352498020718485,27,0e42f9d3-ba46-4638-93a4-668443581650,None,None,1,866,12,[],None,None
EXPLOIT_VULN,9998.09677715552,9999.376207321053,1.279430165532176,27,0e42f9d3-ba46-4638-93a4-668443581650,None,None,1,867,12,[],None,None
EXPLOIT_VULN,9999.376207321053,10004.82825680799,5.45204948693754,27,0e42f9d3-ba46-4638-93a4-668443581650,None,None,1,868,12,[],None,None
EXPLOIT_VULN,10004.82825680799,10008.539253985287,3.710997177297031,27,0e42f9d3-ba46-4638-93a4-668443581650,None,None,1,869,12,[],None,None
EXPLOIT_VULN,10008.539253985287,10012.308727648866,3.7694736635785375,27,0e42f9d3-ba46-4638-93a4-668443581650,None,None,1,870,12,[],None,None
EXPLOIT_VULN,10012.308727648866,10020.17080639851,7.8620787496438425,27,0e42f9d3-ba46-4638-93a4-668443581650,None,None,1,871,12,[],None,None
EXPLOIT_VULN,10020.17080639851,10021.948958542234,1.7781521437245829,27,0e42f9d3-ba46-4638-93a4-668443581650,None,None,1,872,12,[],None,None
EXPLOIT_VULN,10021.948958542234,10032.43509922621,10.486140683975464,27,0e42f9d3-ba46-4638-93a4-668443581650,None,None,1,873,12,[],None,None
EXPLOIT_VULN,10032.43509922621,10039.101139248636,6.666040022426387,27,0e42f9d3-ba46-4638-93a4-668443581650,None,None,1,874,12,[],None,None
EXPLOIT_VULN,10039.101139248636,10044.075963272107,4.974824023471228,27,0e42f9d3-ba46-4638-93a4-668443581650,None,None,1,875,12,[],None,None
EXPLOIT_VULN,10044.075963272107,10052.132645216105,8.056681943997319,27,0e42f9d3-ba46-4638-93a4-668443581650,None,None,1,876,12,[],None,None
EXPLOIT_VULN,10052.132645216105,10069.409822468153,17.277177252048205,27,0e42f9d3-ba46-4638-93a4-668443581650,27,0e42f9d3-ba46-4638-93a4-668443581650,1,877,12,['Ealasaid'],None,None
SCAN_NEIGHBOR,10069.409822468153,10074.409822468153,5.0,27,0e42f9d3-ba46-4638-93a4-668443581650,None,None,1,878,13,[],None,None
ENUM_HOST,10074.409822468153,10079.409822468153,5.0,27,0e42f9d3-ba46-4638-93a4-668443581650,None,None,1,878,13,[],None,None
SCAN_PORT,10079.409822468153,10104.409822468153,25.0,33,efa10b4d-cbc9-4916-9ba8-a161ec9dd0f4,None,None,2,878,13,[],None,None
EXPLOIT_VULN,10104.409822468153,10104.803221949927,0.3933994817743951,33,efa10b4d-cbc9-4916-9ba8-a161ec9dd0f4,None,None,2,878,13,[],None,None
EXPLOIT_VULN,10104.803221949927,10106.812300413587,2.0090784636595345,33,efa10b4d-cbc9-4916-9ba8-a161ec9dd0f4,None,None,2,879,13,[],None,None
EXPLOIT_VULN,10106.812300413587,10108.566333490067,1.7540330764804821,33,efa10b4d-cbc9-4916-9ba8-a161ec9dd0f4,None,None,2,880,13,[],application,OSDiversity
SCAN_PORT,10128.860884239079,10153.860884239079,25.0,33,efa10b4d-cbc9-4916-9ba8-a161ec9dd0f4,None,None,2,880,13,[],None,None
EXPLOIT_VULN,10153.860884239079,10154.539432969883,0.678548730804323,33,efa10b4d-cbc9-4916-9ba8-a161ec9dd0f4,None,None,2,880,13,[],None,None
EXPLOIT_VULN,10154.539432969883,10158.862225342678,4.322792372795448,33,efa10b4d-cbc9-4916-9ba8-a161ec9dd0f4,None,None,2,881,13,[],None,None
EXPLOIT_VULN,10158.862225342678,10161.3590861397,2.4968607970222365,33,efa10b4d-cbc9-4916-9ba8-a161ec9dd0f4,None,None,2,882,13,[],None,None
EXPLOIT_VULN,10161.3590861397,10170.810191161121,9.451105021420517,33,efa10b4d-cbc9-4916-9ba8-a161ec9dd0f4,None,None,2,883,13,[],None,None
EXPLOIT_VULN,10170.810191161121,10184.253321031583,13.443129870462144,33,efa10b4d-cbc9-4916-9ba8-a161ec9dd0f4,None,None,2,884,13,[],None,None
EXPLOIT_VULN,10184.253321031583,10186.787896962833,2.534575931249492,33,efa10b4d-cbc9-4916-9ba8-a161ec9dd0f4,None,None,2,885,13,[],None,None
EXPLOIT_VULN,10186.787896962833,10191.503209816548,4.715312853715659,33,efa10b4d-cbc9-4916-9ba8-a161ec9dd0f4,None,None,2,886,13,[],None,None
EXPLOIT_VULN,10191.503209816548,10197.094872585809,5.591662769260438,33,efa10b4d-cbc9-4916-9ba8-a161ec9dd0f4,None,None,2,887,13,[],None,None
EXPLOIT_VULN,10197.094872585809,10202.084721833522,4.9898492477132095,33,efa10b4d-cbc9-4916-9ba8-a161ec9dd0f4,None,None,2,888,13,[],None,None
EXPLOIT_VULN,10202.084721833522,10208.925856363221,6.841134529699048,33,efa10b4d-cbc9-4916-9ba8-a161ec9dd0f4,None,None,2,889,13,[],None,None
EXPLOIT_VULN,10208.925856363221,10215.104643670551,6.178787307329912,33,efa10b4d-cbc9-4916-9ba8-a161ec9dd0f4,None,None,2,890,13,[],None,None
EXPLOIT_VULN,10215.104643670551,10233.854411573466,18.749767902914755,33,efa10b4d-cbc9-4916-9ba8-a161ec9dd0f4,None,None,2,891,13,[],None,None
EXPLOIT_VULN,10233.854411573466,10241.552295042595,7.69788346912901,33,efa10b4d-cbc9-4916-9ba8-a161ec9dd0f4,None,None,2,892,13,[],None,None
EXPLOIT_VULN,10241.552295042595,10250.96879653461,9.416501492014504,33,efa10b4d-cbc9-4916-9ba8-a161ec9dd0f4,None,None,2,893,13,[],None,None
EXPLOIT_VULN,10250.96879653461,10255.849875161734,4.881078627124225,33,efa10b4d-cbc9-4916-9ba8-a161ec9dd0f4,None,None,2,894,13,[],None,None
EXPLOIT_VULN,10255.849875161734,10276.016152194246,20.16627703251288,33,efa10b4d-cbc9-4916-9ba8-a161ec9dd0f4,None,None,2,895,13,[],None,None
EXPLOIT_VULN,10276.016152194246,10283.852501665482,7.836349471235735,33,efa10b4d-cbc9-4916-9ba8-a161ec9dd0f4,None,None,2,896,13,[],None,None
EXPLOIT_VULN,10283.852501665482,10305.756109753234,21.903608087752218,33,efa10b4d-cbc9-4916-9ba8-a161ec9dd0f4,33,efa10b4d-cbc9-4916-9ba8-a161ec9dd0f4,2,897,13,['Samantha'],None,None
SCAN_NEIGHBOR,10305.756109753234,10310.756109753234,5.0,33,efa10b4d-cbc9-4916-9ba8-a161ec9dd0f4,None,None,2,898,14,[],None,None
ENUM_HOST,10310.756109753234,10315.756109753234,5.0,33,efa10b4d-cbc9-4916-9ba8-a161ec9dd0f4,None,None,2,898,14,[],None,None
SCAN_PORT,10315.756109753234,10340.756109753234,25.0,34,87999234-29ae-4ba2-ae23-9a1c00d9f717,None,None,2,898,14,[],None,None
EXPLOIT_VULN,10340.756109753234,10342.519907095115,1.7637973418804904,34,87999234-29ae-4ba2-ae23-9a1c00d9f717,None,None,2,898,14,[],None,None
EXPLOIT_VULN,10342.519907095115,10343.789242425137,1.2693353300219314,34,87999234-29ae-4ba2-ae23-9a1c00d9f717,None,None,2,899,14,[],None,None
EXPLOIT_VULN,10343.789242425137,10346.879270690924,3.0900282657876232,34,87999234-29ae-4ba2-ae23-9a1c00d9f717,None,None,2,900,14,[],None,None
EXPLOIT_VULN,10346.879270690924,10350.719446446168,3.840175755243763,34,87999234-29ae-4ba2-ae23-9a1c00d9f717,None,None,2,901,14,[],None,None
EXPLOIT_VULN,10350.719446446168,10360.040717052529,9.321270606360486,34,87999234-29ae-4ba2-ae23-9a1c00d9f717,None,None,2,902,14,[],None,None
EXPLOIT_VULN,10360.040717052529,10363.174845070287,3.134128017758485,34,87999234-29ae-4ba2-ae23-9a1c00d9f717,None,None,2,903,14,[],None,None
EXPLOIT_VULN,10363.174845070287,10366.617177812372,3.4423327420845453,34,87999234-29ae-4ba2-ae23-9a1c00d9f717,None,None,2,904,14,[],None,None
EXPLOIT_VULN,10366.617177812372,10368.938407662596,2.321229850223972,34,87999234-29ae-4ba2-ae23-9a1c00d9f717,None,None,2,905,14,[],None,None
EXPLOIT_VULN,10368.938407662596,10385.515368059421,16.576960396825598,34,87999234-29ae-4ba2-ae23-9a1c00d9f717,None,None,2,906,14,[],None,None
EXPLOIT_VULN,10385.515368059421,10394.702755901693,9.187387842272074,34,87999234-29ae-4ba2-ae23-9a1c00d9f717,None,None,2,907,14,[],None,None
EXPLOIT_VULN,10394.702755901693,10410.412631869085,15.709875967391781,34,87999234-29ae-4ba2-ae23-9a1c00d9f717,None,None,2,908,14,[],None,None
EXPLOIT_VULN,10410.412631869085,10415.105696576047,4.6930647069621045,34,87999234-29ae-4ba2-ae23-9a1c00d9f717,None,None,2,909,14,[],None,None
EXPLOIT_VULN,10415.105696576047,10424.108977189786,9.003280613738752,34,87999234-29ae-4ba2-ae23-9a1c00d9f717,None,None,2,910,14,[],None,None
EXPLOIT_VULN,10424.108977189786,10444.445746630285,20.336769440498756,34,87999234-29ae-4ba2-ae23-9a1c00d9f717,None,None,2,911,14,[],None,None
EXPLOIT_VULN,10444.445746630285,10463.03580095025,18.59005431996593,34,87999234-29ae-4ba2-ae23-9a1c00d9f717,34,87999234-29ae-4ba2-ae23-9a1c00d9f717,2,912,14,"['Meghan', 'Deeyn']",None,None
SCAN_NEIGHBOR,10463.03580095025,10468.03580095025,5.0,34,87999234-29ae-4ba2-ae23-9a1c00d9f717,None,None,2,913,15,[],None,None
ENUM_HOST,10468.03580095025,10473.03580095025,5.0,34,87999234-29ae-4ba2-ae23-9a1c00d9f717,None,None,2,913,15,[],None,None
ENUM_HOST,10473.03580095025,10478.03580095025,5.0,33,efa10b4d-cbc9-4916-9ba8-a161ec9dd0f4,None,None,3,913,15,[],None,None
SCAN_PORT,10478.03580095025,10503.03580095025,25.0,36,e5ccb476-1fc7-4029-82cd-9b628ea2099f,None,None,1,913,15,[],None,None
EXPLOIT_VULN,10503.03580095025,10506.161994170516,3.1261932202651224,36,e5ccb476-1fc7-4029-82cd-9b628ea2099f,None,None,1,913,15,[],None,None
EXPLOIT_VULN,10506.161994170516,10508.7410298667,2.5790356961842917,36,e5ccb476-1fc7-4029-82cd-9b628ea2099f,None,None,1,914,15,[],None,None
EXPLOIT_VULN,10508.7410298667,10509.393980084986,0.6529502182856959,36,e5ccb476-1fc7-4029-82cd-9b628ea2099f,None,None,1,915,15,[],application,OSDiversity
SCAN_PORT,10529.966690839994,10554.966690839994,25.0,36,e5ccb476-1fc7-4029-82cd-9b628ea2099f,None,None,1,915,15,[],None,None
EXPLOIT_VULN,10554.966690839994,10556.287392389433,1.3207015494390362,36,e5ccb476-1fc7-4029-82cd-9b628ea2099f,None,None,1,915,15,[],None,None
EXPLOIT_VULN,10556.287392389433,10557.98241444097,1.6950220515373076,36,e5ccb476-1fc7-4029-82cd-9b628ea2099f,None,None,1,916,15,[],None,None
EXPLOIT_VULN,10557.98241444097,10558.824443293664,0.8420288526940567,36,e5ccb476-1fc7-4029-82cd-9b628ea2099f,None,None,1,917,15,[],None,None
EXPLOIT_VULN,10558.824443293664,10560.46731691658,1.642873622915431,36,e5ccb476-1fc7-4029-82cd-9b628ea2099f,None,None,1,918,15,[],None,None
EXPLOIT_VULN,10560.46731691658,10563.126041251835,2.6587243352551013,36,e5ccb476-1fc7-4029-82cd-9b628ea2099f,None,None,1,919,15,[],None,None
EXPLOIT_VULN,10563.126041251835,10564.687962098256,1.5619208464213443,36,e5ccb476-1fc7-4029-82cd-9b628ea2099f,None,None,1,920,15,[],None,None
EXPLOIT_VULN,10564.687962098256,10566.84799236687,2.1600302686129,36,e5ccb476-1fc7-4029-82cd-9b628ea2099f,None,None,1,921,15,[],None,None
EXPLOIT_VULN,10566.84799236687,10568.737859920486,1.8898675536165683,36,e5ccb476-1fc7-4029-82cd-9b628ea2099f,None,None,1,922,15,[],None,None
EXPLOIT_VULN,10568.737859920486,10571.401621812227,2.66376189174116,36,e5ccb476-1fc7-4029-82cd-9b628ea2099f,None,None,1,923,15,[],None,None
EXPLOIT_VULN,10571.401621812227,10574.719253824203,3.317632011976457,36,e5ccb476-1fc7-4029-82cd-9b628ea2099f,None,None,1,924,15,[],None,None
EXPLOIT_VULN,10574.719253824203,10576.410233081566,1.6909792573624145,36,e5ccb476-1fc7-4029-82cd-9b628ea2099f,None,None,1,925,15,[],None,None
EXPLOIT_VULN,10576.410233081566,10579.05291887435,2.6426857927835954,36,e5ccb476-1fc7-4029-82cd-9b628ea2099f,None,None,1,926,15,[],None,None
EXPLOIT_VULN,10579.05291887435,10584.284892884385,5.2319740100356285,36,e5ccb476-1fc7-4029-82cd-9b628ea2099f,None,None,1,927,15,[],None,None
EXPLOIT_VULN,10584.284892884385,10596.011530720667,11.726637836281952,36,e5ccb476-1fc7-4029-82cd-9b628ea2099f,None,None,1,928,15,[],None,None
EXPLOIT_VULN,10596.011530720667,10601.735232753172,5.7237020325046615,36,e5ccb476-1fc7-4029-82cd-9b628ea2099f,None,None,1,929,15,[],None,None
EXPLOIT_VULN,10601.735232753172,10605.469727850246,3.734495097074614,36,e5ccb476-1fc7-4029-82cd-9b628ea2099f,None,None,1,930,15,[],None,None
EXPLOIT_VULN,10605.469727850246,10606.392637669183,0.9229098189371143,36,e5ccb476-1fc7-4029-82cd-9b628ea2099f,None,None,1,931,15,[],None,None
EXPLOIT_VULN,10606.392637669183,10617.356852978153,10.96421530896987,36,e5ccb476-1fc7-4029-82cd-9b628ea2099f,None,None,1,932,15,[],None,None
EXPLOIT_VULN,10617.356852978153,10628.062100107247,10.70524712909355,36,e5ccb476-1fc7-4029-82cd-9b628ea2099f,None,None,1,933,15,[],None,None
EXPLOIT_VULN,10628.062100107247,10634.197682563543,6.135582456296106,36,e5ccb476-1fc7-4029-82cd-9b628ea2099f,None,None,1,934,15,[],None,None
EXPLOIT_VULN,10634.197682563543,10652.590285991564,18.392603428021175,36,e5ccb476-1fc7-4029-82cd-9b628ea2099f,None,None,1,935,15,[],None,None
EXPLOIT_VULN,10652.590285991564,10667.504324939186,14.91403894762152,36,e5ccb476-1fc7-4029-82cd-9b628ea2099f,None,None,1,936,15,[],None,None
EXPLOIT_VULN,10667.504324939186,10682.130310045939,14.625985106753433,36,e5ccb476-1fc7-4029-82cd-9b628ea2099f,None,None,1,937,15,[],None,None
EXPLOIT_VULN,10682.130310045939,10688.96730498997,6.836994944031176,36,e5ccb476-1fc7-4029-82cd-9b628ea2099f,None,None,1,938,15,[],None,None
EXPLOIT_VULN,10688.96730498997,10699.977134289618,11.009829299648118,36,e5ccb476-1fc7-4029-82cd-9b628ea2099f,None,None,1,939,15,[],None,None
EXPLOIT_VULN,10699.977134289618,10706.981851044287,7.004716754669062,36,e5ccb476-1fc7-4029-82cd-9b628ea2099f,None,None,1,940,15,[],None,None
EXPLOIT_VULN,10706.981851044287,10709.289699335668,2.307848291380651,36,e5ccb476-1fc7-4029-82cd-9b628ea2099f,None,None,1,941,15,[],application,OSDiversity
SCAN_PORT,10729.432353150012,10754.432353150012,25.0,36,e5ccb476-1fc7-4029-82cd-9b628ea2099f,None,None,1,941,15,[],None,None
EXPLOIT_VULN,10754.432353150012,10757.754715756619,3.3223626066064753,36,e5ccb476-1fc7-4029-82cd-9b628ea2099f,None,None,1,941,15,[],None,None
EXPLOIT_VULN,10757.754715756619,10760.282687805187,2.5279720485686994,36,e5ccb476-1fc7-4029-82cd-9b628ea2099f,None,None,1,942,15,[],None,None
EXPLOIT_VULN,10760.282687805187,10761.9396156319,1.65692782671249,36,e5ccb476-1fc7-4029-82cd-9b628ea2099f,None,None,1,943,15,[],None,None
EXPLOIT_VULN,10761.9396156319,10772.648990975114,10.70937534321456,36,e5ccb476-1fc7-4029-82cd-9b628ea2099f,None,None,1,944,15,[],None,None
EXPLOIT_VULN,10772.648990975114,10776.55756609753,3.908575122415641,36,e5ccb476-1fc7-4029-82cd-9b628ea2099f,None,None,1,945,15,[],None,None
EXPLOIT_VULN,10776.55756609753,10780.164288751426,3.606722653896213,36,e5ccb476-1fc7-4029-82cd-9b628ea2099f,None,None,1,946,15,[],None,None
EXPLOIT_VULN,10780.164288751426,10781.629432851727,1.4651441003006767,36,e5ccb476-1fc7-4029-82cd-9b628ea2099f,None,None,1,947,15,[],None,None
EXPLOIT_VULN,10781.629432851727,10792.148080852872,10.518648001145266,36,e5ccb476-1fc7-4029-82cd-9b628ea2099f,None,None,1,948,15,[],None,None
EXPLOIT_VULN,10792.148080852872,10802.570200471273,10.422119618400757,36,e5ccb476-1fc7-4029-82cd-9b628ea2099f,None,None,1,949,15,[],None,None
EXPLOIT_VULN,10802.570200471273,10818.976610069261,16.406409597988386,36,e5ccb476-1fc7-4029-82cd-9b628ea2099f,None,None,1,950,15,[],None,None
EXPLOIT_VULN,10818.976610069261,10833.437015775586,14.460405706324309,36,e5ccb476-1fc7-4029-82cd-9b628ea2099f,None,None,1,951,15,[],None,None
EXPLOIT_VULN,10833.437015775586,10847.385668760768,13.94865298518198,36,e5ccb476-1fc7-4029-82cd-9b628ea2099f,None,None,1,952,15,[],None,None
EXPLOIT_VULN,10847.385668760768,10854.189452942639,6.803784181871379,36,e5ccb476-1fc7-4029-82cd-9b628ea2099f,None,None,1,953,15,[],None,None
EXPLOIT_VULN,10854.189452942639,10871.24693575828,17.05748281564047,36,e5ccb476-1fc7-4029-82cd-9b628ea2099f,None,None,1,954,15,[],None,None
EXPLOIT_VULN,10871.24693575828,10887.914478129505,16.667542371225863,36,e5ccb476-1fc7-4029-82cd-9b628ea2099f,None,None,1,955,15,[],None,None
EXPLOIT_VULN,10887.914478129505,10898.936510987322,11.022032857816157,36,e5ccb476-1fc7-4029-82cd-9b628ea2099f,None,None,1,956,15,[],None,None
EXPLOIT_VULN,10898.936510987322,10906.509467210102,7.572956222780704,36,e5ccb476-1fc7-4029-82cd-9b628ea2099f,None,None,1,957,15,[],None,None
EXPLOIT_VULN,10906.509467210102,10909.525068208593,3.015600998491209,36,e5ccb476-1fc7-4029-82cd-9b628ea2099f,None,None,1,958,15,[],application,OSDiversity
SCAN_PORT,10930.341874343441,10955.341874343441,25.0,36,e5ccb476-1fc7-4029-82cd-9b628ea2099f,None,None,1,958,15,[],None,None
EXPLOIT_VULN,10955.341874343441,10956.523634741452,1.1817603980107378,36,e5ccb476-1fc7-4029-82cd-9b628ea2099f,None,None,1,958,15,[],None,None
EXPLOIT_VULN,10956.523634741452,10958.289483672366,1.765848930914217,36,e5ccb476-1fc7-4029-82cd-9b628ea2099f,None,None,1,959,15,[],None,None
EXPLOIT_VULN,10958.289483672366,10961.740858456349,3.4513747839828284,36,e5ccb476-1fc7-4029-82cd-9b628ea2099f,None,None,1,960,15,[],None,None
EXPLOIT_VULN,10961.740858456349,10971.959214506074,10.218356049725116,36,e5ccb476-1fc7-4029-82cd-9b628ea2099f,None,None,1,961,15,[],None,None
EXPLOIT_VULN,10971.959214506074,10976.23764405258,4.278429546506231,36,e5ccb476-1fc7-4029-82cd-9b628ea2099f,None,None,1,962,15,[],None,None
EXPLOIT_VULN,10976.23764405258,10980.25250817245,4.0148641198702535,36,e5ccb476-1fc7-4029-82cd-9b628ea2099f,None,None,1,963,15,[],None,None
EXPLOIT_VULN,10980.25250817245,10981.328790322186,1.0762821497355617,36,e5ccb476-1fc7-4029-82cd-9b628ea2099f,None,None,1,964,15,[],None,None
EXPLOIT_VULN,10981.328790322186,10985.863625120654,4.534834798467273,36,e5ccb476-1fc7-4029-82cd-9b628ea2099f,None,None,1,965,15,[],None,None
EXPLOIT_VULN,10985.863625120654,10990.580965727218,4.717340606564903,36,e5ccb476-1fc7-4029-82cd-9b628ea2099f,None,None,1,966,15,[],None,None
EXPLOIT_VULN,10990.580965727218,10996.884278993652,6.303313266433179,36,e5ccb476-1fc7-4029-82cd-9b628ea2099f,None,None,1,967,15,[],None,None
EXPLOIT_VULN,10996.884278993652,11010.72373450407,13.839455510418702,36,e5ccb476-1fc7-4029-82cd-9b628ea2099f,None,None,1,968,15,[],None,None
EXPLOIT_VULN,11010.72373450407,11025.528681997665,14.804947493594227,36,e5ccb476-1fc7-4029-82cd-9b628ea2099f,None,None,1,969,15,[],None,None
EXPLOIT_VULN,11025.528681997665,11042.647259040408,17.11857704274371,36,e5ccb476-1fc7-4029-82cd-9b628ea2099f,None,None,1,970,15,[],None,None
EXPLOIT_VULN,11042.647259040408,11060.273348971461,17.626089931052775,36,e5ccb476-1fc7-4029-82cd-9b628ea2099f,None,None,1,971,15,[],None,None
EXPLOIT_VULN,11060.273348971461,11071.18437628249,10.911027311029102,36,e5ccb476-1fc7-4029-82cd-9b628ea2099f,None,None,1,972,15,[],None,None
EXPLOIT_VULN,11071.18437628249,11079.50742131329,8.323045030800131,36,e5ccb476-1fc7-4029-82cd-9b628ea2099f,None,None,1,973,15,[],None,None
EXPLOIT_VULN,11079.50742131329,11084.186899271852,4.67947795856162,36,e5ccb476-1fc7-4029-82cd-9b628ea2099f,None,None,1,974,15,[],None,None
EXPLOIT_VULN,11084.186899271852,11089.966718318386,5.779819046534612,36,e5ccb476-1fc7-4029-82cd-9b628ea2099f,None,None,1,975,15,[],None,None
EXPLOIT_VULN,11089.966718318386,11095.305689134293,5.338970815906578,36,e5ccb476-1fc7-4029-82cd-9b628ea2099f,None,None,1,976,15,[],None,None
EXPLOIT_VULN,11095.305689134293,11102.935906915245,7.63021778095208,36,e5ccb476-1fc7-4029-82cd-9b628ea2099f,None,None,1,977,15,[],None,None
EXPLOIT_VULN,11102.935906915245,11110.167694323518,7.231787408272794,36,e5ccb476-1fc7-4029-82cd-9b628ea2099f,None,None,1,978,15,[],application,OSDiversity
SCAN_PORT,11130.521153558717,11155.521153558717,25.0,36,e5ccb476-1fc7-4029-82cd-9b628ea2099f,None,None,1,978,15,[],None,None
EXPLOIT_VULN,11155.521153558717,11156.952793976412,1.4316404176952346,36,e5ccb476-1fc7-4029-82cd-9b628ea2099f,None,None,1,978,15,[],None,None
EXPLOIT_VULN,11156.952793976412,11167.029400144216,10.07660616780413,36,e5ccb476-1fc7-4029-82cd-9b628ea2099f,None,None,1,979,15,[],None,None
EXPLOIT_VULN,11167.029400144216,11170.591236382832,3.561836238615797,36,e5ccb476-1fc7-4029-82cd-9b628ea2099f,None,None,1,980,15,[],None,None
EXPLOIT_VULN,11170.591236382832,11174.56068057934,3.9694441965075384,36,e5ccb476-1fc7-4029-82cd-9b628ea2099f,None,None,1,981,15,[],None,None
EXPLOIT_VULN,11174.56068057934,11185.171922936828,10.611242357488663,36,e5ccb476-1fc7-4029-82cd-9b628ea2099f,None,None,1,982,15,[],None,None
EXPLOIT_VULN,11185.171922936828,11202.089171562144,16.91724862531555,36,e5ccb476-1fc7-4029-82cd-9b628ea2099f,None,None,1,983,15,[],None,None
EXPLOIT_VULN,11202.089171562144,11215.994213708438,13.905042146294363,36,e5ccb476-1fc7-4029-82cd-9b628ea2099f,None,None,1,984,15,[],None,None
EXPLOIT_VULN,11215.994213708438,11230.439618861674,14.445405153235697,36,e5ccb476-1fc7-4029-82cd-9b628ea2099f,None,None,1,985,15,[],None,None
EXPLOIT_VULN,11230.439618861674,11248.080442496801,17.640823635127163,36,e5ccb476-1fc7-4029-82cd-9b628ea2099f,None,None,1,986,15,[],None,None
EXPLOIT_VULN,11248.080442496801,11265.403583742458,17.323141245657098,36,e5ccb476-1fc7-4029-82cd-9b628ea2099f,None,None,1,987,15,[],None,None
EXPLOIT_VULN,11265.403583742458,11277.536067926252,12.132484183794077,36,e5ccb476-1fc7-4029-82cd-9b628ea2099f,None,None,1,988,15,[],None,None
EXPLOIT_VULN,11277.536067926252,11282.105785618882,4.569717692629638,36,e5ccb476-1fc7-4029-82cd-9b628ea2099f,None,None,1,989,15,[],None,None
EXPLOIT_VULN,11282.105785618882,11289.646351463638,7.540565844756202,36,e5ccb476-1fc7-4029-82cd-9b628ea2099f,None,None,1,990,15,[],None,None
EXPLOIT_VULN,11289.646351463638,11297.884129597442,8.237778133803658,36,e5ccb476-1fc7-4029-82cd-9b628ea2099f,None,None,1,991,15,[],None,None
EXPLOIT_VULN,11297.884129597442,11299.925206193298,2.0410765958567936,36,e5ccb476-1fc7-4029-82cd-9b628ea2099f,None,None,1,992,15,[],None,None
EXPLOIT_VULN,11299.925206193298,11312.96648809991,13.041281906611403,36,e5ccb476-1fc7-4029-82cd-9b628ea2099f,None,None,1,993,15,[],application,OSDiversity
SCAN_PORT,11333.046539191448,11358.046539191448,25.0,36,e5ccb476-1fc7-4029-82cd-9b628ea2099f,None,None,1,993,15,[],None,None
EXPLOIT_VULN,11358.046539191448,11368.102071400146,10.055532208698423,36,e5ccb476-1fc7-4029-82cd-9b628ea2099f,None,None,1,993,15,[],None,None
EXPLOIT_VULN,11368.102071400146,11370.197958712959,2.09588731281292,36,e5ccb476-1fc7-4029-82cd-9b628ea2099f,None,None,1,994,15,[],None,None
EXPLOIT_VULN,11370.197958712959,11371.745975674103,1.5480169611437304,36,e5ccb476-1fc7-4029-82cd-9b628ea2099f,None,None,1,995,15,[],None,None
EXPLOIT_VULN,11371.745975674103,11382.728328349072,10.982352674969661,36,e5ccb476-1fc7-4029-82cd-9b628ea2099f,None,None,1,996,15,[],None,None
EXPLOIT_VULN,11382.728328349072,11398.394322231958,15.665993882885232,36,e5ccb476-1fc7-4029-82cd-9b628ea2099f,None,None,1,997,15,[],None,None
EXPLOIT_VULN,11398.394322231958,11403.959756238333,5.5654340063756536,36,e5ccb476-1fc7-4029-82cd-9b628ea2099f,None,None,1,998,15,[],None,None
EXPLOIT_VULN,11403.959756238333,11410.263233864584,6.303477626250242,36,e5ccb476-1fc7-4029-82cd-9b628ea2099f,None,None,1,999,15,[],None,None
EXPLOIT_VULN,11410.263233864584,11417.143195747112,6.8799618825287325,36,e5ccb476-1fc7-4029-82cd-9b628ea2099f,None,None,1,1000,15,[],None,None
EXPLOIT_VULN,11417.143195747112,11423.850600016582,6.707404269469407,36,e5ccb476-1fc7-4029-82cd-9b628ea2099f,None,None,1,1001,15,[],None,None
EXPLOIT_VULN,11423.850600016582,11428.466364966884,4.615764950302037,36,e5ccb476-1fc7-4029-82cd-9b628ea2099f,None,None,1,1002,15,[],None,None
EXPLOIT_VULN,11428.466364966884,11440.369389139327,11.90302417244311,36,e5ccb476-1fc7-4029-82cd-9b628ea2099f,None,None,1,1003,15,[],None,None
EXPLOIT_VULN,11440.369389139327,11457.598933326846,17.229544187519423,36,e5ccb476-1fc7-4029-82cd-9b628ea2099f,None,None,1,1004,15,[],None,None
EXPLOIT_VULN,11457.598933326846,11475.212768250078,17.61383492323148,36,e5ccb476-1fc7-4029-82cd-9b628ea2099f,None,None,1,1005,15,[],None,None
EXPLOIT_VULN,11475.212768250078,11480.42906372637,5.216295476291634,36,e5ccb476-1fc7-4029-82cd-9b628ea2099f,None,None,1,1006,15,[],None,None
EXPLOIT_VULN,11480.42906372637,11494.929208607533,14.500144881163578,36,e5ccb476-1fc7-4029-82cd-9b628ea2099f,None,None,1,1007,15,[],None,None
EXPLOIT_VULN,11494.929208607533,11503.532247448677,8.603038841143643,36,e5ccb476-1fc7-4029-82cd-9b628ea2099f,None,None,1,1008,15,[],None,None
EXPLOIT_VULN,11503.532247448677,11511.322939927639,7.790692478962228,36,e5ccb476-1fc7-4029-82cd-9b628ea2099f,None,None,1,1009,15,[],application,OSDiversity
SCAN_PORT,11531.821088971325,11556.821088971325,25.0,36,e5ccb476-1fc7-4029-82cd-9b628ea2099f,None,None,1,1009,15,[],None,None
EXPLOIT_VULN,11556.821088971325,11567.036373563933,10.215284592608441,36,e5ccb476-1fc7-4029-82cd-9b628ea2099f,None,None,1,1009,15,[],None,None
EXPLOIT_VULN,11567.036373563933,11571.21966321839,4.18328965445653,36,e5ccb476-1fc7-4029-82cd-9b628ea2099f,None,None,1,1010,15,[],None,None
EXPLOIT_VULN,11571.21966321839,11577.481479411432,6.26181619304225,36,e5ccb476-1fc7-4029-82cd-9b628ea2099f,None,None,1,1011,15,[],None,None
EXPLOIT_VULN,11577.481479411432,11591.49964550169,14.018166090258092,36,e5ccb476-1fc7-4029-82cd-9b628ea2099f,None,None,1,1012,15,[],None,None
EXPLOIT_VULN,11591.49964550169,11608.45227102716,16.952625525469557,36,e5ccb476-1fc7-4029-82cd-9b628ea2099f,None,None,1,1013,15,[],None,None
EXPLOIT_VULN,11608.45227102716,11613.397812218867,4.945541191707889,36,e5ccb476-1fc7-4029-82cd-9b628ea2099f,None,None,1,1014,15,[],None,None
EXPLOIT_VULN,11613.397812218867,11620.190624627083,6.792812408215468,36,e5ccb476-1fc7-4029-82cd-9b628ea2099f,None,None,1,1015,15,[],None,None
EXPLOIT_VULN,11620.190624627083,11626.99667405072,6.806049423637887,36,e5ccb476-1fc7-4029-82cd-9b628ea2099f,None,None,1,1016,15,[],None,None
EXPLOIT_VULN,11626.99667405072,11632.66507482083,5.668400770109656,36,e5ccb476-1fc7-4029-82cd-9b628ea2099f,None,None,1,1017,15,[],None,None
EXPLOIT_VULN,11632.66507482083,11641.284473210448,8.619398389617345,36,e5ccb476-1fc7-4029-82cd-9b628ea2099f,None,None,1,1018,15,[],None,None
EXPLOIT_VULN,11641.284473210448,11658.680755121628,17.396281911180267,36,e5ccb476-1fc7-4029-82cd-9b628ea2099f,None,None,1,1019,15,[],None,None
EXPLOIT_VULN,11658.680755121628,11681.823606315907,23.1428511942795,36,e5ccb476-1fc7-4029-82cd-9b628ea2099f,None,None,1,1020,15,[],None,None
EXPLOIT_VULN,11681.823606315907,11704.334392304803,22.510785988895805,36,e5ccb476-1fc7-4029-82cd-9b628ea2099f,None,None,1,1021,15,[],None,None
EXPLOIT_VULN,11704.334392304803,11711.651450758884,7.317058454080325,36,e5ccb476-1fc7-4029-82cd-9b628ea2099f,None,None,1,1022,15,[],application,OSDiversity
SCAN_PORT,11731.761517298222,11756.761517298222,25.0,36,e5ccb476-1fc7-4029-82cd-9b628ea2099f,None,None,1,1022,15,[],None,None
EXPLOIT_VULN,11756.761517298222,11761.562160691916,4.800643393693463,36,e5ccb476-1fc7-4029-82cd-9b628ea2099f,None,None,1,1022,15,[],None,None
EXPLOIT_VULN,11761.562160691916,11777.245743218773,15.683582526857208,36,e5ccb476-1fc7-4029-82cd-9b628ea2099f,None,None,1,1023,15,[],None,None
EXPLOIT_VULN,11777.245743218773,11791.96739636864,14.721653149867052,36,e5ccb476-1fc7-4029-82cd-9b628ea2099f,None,None,1,1024,15,[],None,None
EXPLOIT_VULN,11791.96739636864,11808.72693703691,16.759540668270347,36,e5ccb476-1fc7-4029-82cd-9b628ea2099f,None,None,1,1025,15,[],None,None
EXPLOIT_VULN,11808.72693703691,11815.78620941078,7.059272373870044,36,e5ccb476-1fc7-4029-82cd-9b628ea2099f,None,None,1,1026,15,[],None,None
EXPLOIT_VULN,11815.78620941078,11831.644307461725,15.858098050945046,36,e5ccb476-1fc7-4029-82cd-9b628ea2099f,None,None,1,1027,15,[],None,None
EXPLOIT_VULN,11831.644307461725,11854.041826090443,22.39751862871708,36,e5ccb476-1fc7-4029-82cd-9b628ea2099f,None,None,1,1028,15,[],None,None
EXPLOIT_VULN,11854.041826090443,11877.576128008282,23.53430191783991,36,e5ccb476-1fc7-4029-82cd-9b628ea2099f,None,None,1,1029,15,[],None,None
EXPLOIT_VULN,11877.576128008282,11895.783282447032,18.207154438749058,36,e5ccb476-1fc7-4029-82cd-9b628ea2099f,None,None,1,1030,15,[],None,None
EXPLOIT_VULN,11895.783282447032,11911.931121267133,16.147838820101242,36,e5ccb476-1fc7-4029-82cd-9b628ea2099f,None,None,1,1031,15,[],application,OSDiversity
SCAN_PORT,11932.844727513768,11957.844727513768,25.0,36,e5ccb476-1fc7-4029-82cd-9b628ea2099f,None,None,1,1031,15,[],None,None
EXPLOIT_VULN,11957.844727513768,11973.668177274696,15.82344976092827,36,e5ccb476-1fc7-4029-82cd-9b628ea2099f,None,None,1,1031,15,[],None,None
EXPLOIT_VULN,11973.668177274696,11988.425171242494,14.756993967797825,36,e5ccb476-1fc7-4029-82cd-9b628ea2099f,None,None,1,1032,15,[],None,None
EXPLOIT_VULN,11988.425171242494,12006.258157668373,17.832986425879426,36,e5ccb476-1fc7-4029-82cd-9b628ea2099f,None,None,1,1033,15,[],None,None
EXPLOIT_VULN,12006.258157668373,12024.345106024793,18.08694835642018,36,e5ccb476-1fc7-4029-82cd-9b628ea2099f,None,None,1,1034,15,[],None,None
EXPLOIT_VULN,12024.345106024793,12040.933580236959,16.588474212165238,36,e5ccb476-1fc7-4029-82cd-9b628ea2099f,None,None,1,1035,15,[],None,None
EXPLOIT_VULN,12040.933580236959,12064.203021635527,23.269441398568233,36,e5ccb476-1fc7-4029-82cd-9b628ea2099f,None,None,1,1036,15,[],None,None
EXPLOIT_VULN,12064.203021635527,12087.027363190104,22.824341554576677,36,e5ccb476-1fc7-4029-82cd-9b628ea2099f,None,None,1,1037,15,[],None,None
EXPLOIT_VULN,12087.027363190104,12107.302407536365,20.275044346260984,36,e5ccb476-1fc7-4029-82cd-9b628ea2099f,None,None,1,1038,15,[],None,None
EXPLOIT_VULN,12107.302407536365,12113.194144056526,5.89173652016143,36,e5ccb476-1fc7-4029-82cd-9b628ea2099f,None,None,1,1039,15,[],application,OSDiversity
SCAN_PORT,12133.721487261539,12158.721487261539,25.0,36,e5ccb476-1fc7-4029-82cd-9b628ea2099f,None,None,1,1039,15,[],None,None
EXPLOIT_VULN,12158.721487261539,12174.890551531757,16.16906427021786,36,e5ccb476-1fc7-4029-82cd-9b628ea2099f,None,None,1,1039,15,[],None,None
EXPLOIT_VULN,12174.890551531757,12180.81711946065,5.926567928892837,36,e5ccb476-1fc7-4029-82cd-9b628ea2099f,None,None,1,1040,15,[],None,None
EXPLOIT_VULN,12180.81711946065,12187.568447530075,6.751328069425654,36,e5ccb476-1fc7-4029-82cd-9b628ea2099f,None,None,1,1041,15,[],None,None
EXPLOIT_VULN,12187.568447530075,12206.48563423003,18.917186699954982,36,e5ccb476-1fc7-4029-82cd-9b628ea2099f,None,None,1,1042,15,[],None,None
EXPLOIT_VULN,12206.48563423003,12212.76762649991,6.281992269879993,36,e5ccb476-1fc7-4029-82cd-9b628ea2099f,None,None,1,1043,15,[],None,None
EXPLOIT_VULN,12212.76762649991,12222.394775766308,9.627149266398192,36,e5ccb476-1fc7-4029-82cd-9b628ea2099f,None,None,1,1044,15,[],None,None
EXPLOIT_VULN,12222.394775766308,12231.704058801331,9.309283035023327,36,e5ccb476-1fc7-4029-82cd-9b628ea2099f,None,None,1,1045,15,[],None,None
EXPLOIT_VULN,12231.704058801331,12250.077739397044,18.373680595712358,36,e5ccb476-1fc7-4029-82cd-9b628ea2099f,None,None,1,1046,15,[],None,None
EXPLOIT_VULN,12250.077739397044,12269.623448434208,19.54570903716376,36,e5ccb476-1fc7-4029-82cd-9b628ea2099f,None,None,1,1047,15,[],None,None
EXPLOIT_VULN,12269.623448434208,12276.884410543977,7.260962109769025,36,e5ccb476-1fc7-4029-82cd-9b628ea2099f,None,None,1,1048,15,[],None,None
EXPLOIT_VULN,12276.884410543977,12300.045922547295,23.16151200331842,36,e5ccb476-1fc7-4029-82cd-9b628ea2099f,None,None,1,1049,15,[],None,None
EXPLOIT_VULN,12300.045922547295,12303.337254838247,3.2913322909516864,36,e5ccb476-1fc7-4029-82cd-9b628ea2099f,None,None,1,1050,15,[],None,None
EXPLOIT_VULN,12303.337254838247,12307.39394934762,4.056694509372392,36,e5ccb476-1fc7-4029-82cd-9b628ea2099f,None,None,1,1051,15,[],None,None
EXPLOIT_VULN,12307.39394934762,12312.662934339403,5.268984991784237,36,e5ccb476-1fc7-4029-82cd-9b628ea2099f,None,None,1,1052,15,[],None,None
EXPLOIT_VULN,12312.662934339403,12314.307541368024,1.6446070286201575,36,e5ccb476-1fc7-4029-82cd-9b628ea2099f,None,None,1,1053,15,[],application,OSDiversity
SCAN_PORT,12334.343516455248,12359.343516455248,25.0,36,e5ccb476-1fc7-4029-82cd-9b628ea2099f,None,None,1,1053,15,[],None,None
EXPLOIT_VULN,12359.343516455248,12375.38095180755,16.037435352302055,36,e5ccb476-1fc7-4029-82cd-9b628ea2099f,None,None,1,1053,15,[],None,None
EXPLOIT_VULN,12375.38095180755,12389.276731630454,13.895779822903933,36,e5ccb476-1fc7-4029-82cd-9b628ea2099f,None,None,1,1054,15,[],None,None
EXPLOIT_VULN,12389.276731630454,12396.685111044686,7.408379414231604,36,e5ccb476-1fc7-4029-82cd-9b628ea2099f,None,None,1,1055,15,[],None,None
EXPLOIT_VULN,12396.685111044686,12412.336770080932,15.651659036246201,36,e5ccb476-1fc7-4029-82cd-9b628ea2099f,None,None,1,1056,15,[],None,None
EXPLOIT_VULN,12412.336770080932,12434.682709271807,22.34593919087456,36,e5ccb476-1fc7-4029-82cd-9b628ea2099f,None,None,1,1057,15,[],None,None
EXPLOIT_VULN,12434.682709271807,12453.268021916052,18.585312644245278,36,e5ccb476-1fc7-4029-82cd-9b628ea2099f,None,None,1,1058,15,[],None,None
EXPLOIT_VULN,12453.268021916052,12471.493306493305,18.22528457725275,36,e5ccb476-1fc7-4029-82cd-9b628ea2099f,None,None,1,1059,15,[],None,None
EXPLOIT_VULN,12471.493306493305,12478.411064056896,6.9177575635912945,36,e5ccb476-1fc7-4029-82cd-9b628ea2099f,None,None,1,1060,15,[],None,None
EXPLOIT_VULN,12478.411064056896,12487.685466382294,9.274402325398114,36,e5ccb476-1fc7-4029-82cd-9b628ea2099f,None,None,1,1061,15,[],None,None
EXPLOIT_VULN,12487.685466382294,12494.199179908615,6.513713526321226,36,e5ccb476-1fc7-4029-82cd-9b628ea2099f,None,None,1,1062,15,[],None,None
EXPLOIT_VULN,12494.199179908615,12500.800412683233,6.601232774617529,36,e5ccb476-1fc7-4029-82cd-9b628ea2099f,None,None,1,1063,15,[],None,None
EXPLOIT_VULN,12500.800412683233,12507.752706811149,6.952294127915593,36,e5ccb476-1fc7-4029-82cd-9b628ea2099f,None,None,1,1064,15,[],None,None
EXPLOIT_VULN,12507.752706811149,12514.09508949175,6.342382680601077,36,e5ccb476-1fc7-4029-82cd-9b628ea2099f,None,None,1,1065,15,[],application,OSDiversity
SCAN_PORT,12534.105463969447,12559.105463969447,25.0,36,e5ccb476-1fc7-4029-82cd-9b628ea2099f,None,None,1,1065,15,[],None,None
EXPLOIT_VULN,12559.105463969447,12565.841141372646,6.735677403199588,36,e5ccb476-1fc7-4029-82cd-9b628ea2099f,None,None,1,1065,15,[],None,None
EXPLOIT_VULN,12565.841141372646,12580.46918285453,14.628041481882974,36,e5ccb476-1fc7-4029-82cd-9b628ea2099f,None,None,1,1066,15,[],None,None
EXPLOIT_VULN,12580.46918285453,12587.37704169414,6.9078588396114355,36,e5ccb476-1fc7-4029-82cd-9b628ea2099f,None,None,1,1067,15,[],None,None
EXPLOIT_VULN,12587.37704169414,12603.211472400471,15.83443070633075,36,e5ccb476-1fc7-4029-82cd-9b628ea2099f,None,None,1,1068,15,[],None,None
EXPLOIT_VULN,12603.211472400471,12625.895065232038,22.683592831566784,36,e5ccb476-1fc7-4029-82cd-9b628ea2099f,None,None,1,1069,15,[],None,None
EXPLOIT_VULN,12625.895065232038,12633.524283543631,7.629218311592922,36,e5ccb476-1fc7-4029-82cd-9b628ea2099f,None,None,1,1070,15,[],None,None
EXPLOIT_VULN,12633.524283543631,12641.007892322961,7.483608779330098,36,e5ccb476-1fc7-4029-82cd-9b628ea2099f,None,None,1,1071,15,[],None,None
EXPLOIT_VULN,12641.007892322961,12649.438631041987,8.430738719025612,36,e5ccb476-1fc7-4029-82cd-9b628ea2099f,None,None,1,1072,15,[],None,None
EXPLOIT_VULN,12649.438631041987,12652.115325809462,2.6766947674750554,36,e5ccb476-1fc7-4029-82cd-9b628ea2099f,None,None,1,1073,15,[],None,None
EXPLOIT_VULN,12652.115325809462,12668.890216041378,16.774890231916288,36,e5ccb476-1fc7-4029-82cd-9b628ea2099f,None,None,1,1074,15,[],None,None
EXPLOIT_VULN,12668.890216041378,12689.77589529534,20.885679253962735,36,e5ccb476-1fc7-4029-82cd-9b628ea2099f,None,None,1,1075,15,[],None,None
EXPLOIT_VULN,12689.77589529534,12694.102021319903,4.326126024561745,36,e5ccb476-1fc7-4029-82cd-9b628ea2099f,None,None,1,1076,15,[],None,None
EXPLOIT_VULN,12694.102021319903,12697.626778525262,3.524757205359492,36,e5ccb476-1fc7-4029-82cd-9b628ea2099f,None,None,1,1077,15,[],None,None
EXPLOIT_VULN,12697.626778525262,12707.540072795424,9.913294270161714,36,e5ccb476-1fc7-4029-82cd-9b628ea2099f,None,None,1,1078,15,[],None,None
EXPLOIT_VULN,12707.540072795424,12714.984244219742,7.444171424318483,36,e5ccb476-1fc7-4029-82cd-9b628ea2099f,None,None,1,1079,15,[],application,OSDiversity
SCAN_PORT,12735.052899981452,12760.052899981452,25.0,36,e5ccb476-1fc7-4029-82cd-9b628ea2099f,None,None,1,1079,15,[],None,None
EXPLOIT_VULN,12760.052899981452,12775.750654876578,15.6977548951254,36,e5ccb476-1fc7-4029-82cd-9b628ea2099f,None,None,1,1079,15,[],None,None
EXPLOIT_VULN,12775.750654876578,12789.688485905801,13.937831029223162,36,e5ccb476-1fc7-4029-82cd-9b628ea2099f,None,None,1,1080,15,[],None,None
EXPLOIT_VULN,12789.688485905801,12806.370293779792,16.681807873990692,36,e5ccb476-1fc7-4029-82cd-9b628ea2099f,None,None,1,1081,15,[],None,None
EXPLOIT_VULN,12806.370293779792,12829.013712018459,22.643418238667437,36,e5ccb476-1fc7-4029-82cd-9b628ea2099f,None,None,1,1082,15,[],None,None
EXPLOIT_VULN,12829.013712018459,12847.812969504133,18.79925748567439,36,e5ccb476-1fc7-4029-82cd-9b628ea2099f,None,None,1,1083,15,[],None,None
EXPLOIT_VULN,12847.812969504133,12869.314685365893,21.501715861759294,36,e5ccb476-1fc7-4029-82cd-9b628ea2099f,None,None,1,1084,15,[],None,None
EXPLOIT_VULN,12869.314685365893,12886.407457067,17.092771701107267,36,e5ccb476-1fc7-4029-82cd-9b628ea2099f,None,None,1,1085,15,[],None,None
EXPLOIT_VULN,12886.407457067,12894.983035551582,8.575578484582365,36,e5ccb476-1fc7-4029-82cd-9b628ea2099f,None,None,1,1086,15,[],None,None
EXPLOIT_VULN,12894.983035551582,12904.472163453775,9.489127902192195,36,e5ccb476-1fc7-4029-82cd-9b628ea2099f,None,None,1,1087,15,[],None,None
EXPLOIT_VULN,12904.472163453775,12913.47802179309,9.005858339314727,36,e5ccb476-1fc7-4029-82cd-9b628ea2099f,None,None,1,1088,15,[],None,None
EXPLOIT_VULN,12913.47802179309,12915.01525226986,1.5372304767715832,36,e5ccb476-1fc7-4029-82cd-9b628ea2099f,None,None,1,1089,15,[],application,OSDiversity
SCAN_PORT,12935.458584250156,12960.458584250156,25.0,36,e5ccb476-1fc7-4029-82cd-9b628ea2099f,None,None,1,1089,15,[],None,None
EXPLOIT_VULN,12960.458584250156,12976.109055632967,15.650471382810792,36,e5ccb476-1fc7-4029-82cd-9b628ea2099f,None,None,1,1089,15,[],None,None
EXPLOIT_VULN,12976.109055632967,12992.180440799051,16.071385166083928,36,e5ccb476-1fc7-4029-82cd-9b628ea2099f,None,None,1,1090,15,[],None,None
EXPLOIT_VULN,12992.180440799051,13007.796053459813,15.615612660762054,36,e5ccb476-1fc7-4029-82cd-9b628ea2099f,None,None,1,1091,15,[],None,None
EXPLOIT_VULN,13007.796053459813,13030.990532419624,23.194478959811022,36,e5ccb476-1fc7-4029-82cd-9b628ea2099f,None,None,1,1092,15,[],None,None
EXPLOIT_VULN,13030.990532419624,13049.266123570129,18.275591150504624,36,e5ccb476-1fc7-4029-82cd-9b628ea2099f,None,None,1,1093,15,[],None,None
EXPLOIT_VULN,13049.266123570129,13070.283814038381,21.017690468252113,36,e5ccb476-1fc7-4029-82cd-9b628ea2099f,None,None,1,1094,15,[],None,None
EXPLOIT_VULN,13070.283814038381,13087.152591419142,16.868777380761458,36,e5ccb476-1fc7-4029-82cd-9b628ea2099f,None,None,1,1095,15,[],None,None
EXPLOIT_VULN,13087.152591419142,13096.1623735375,9.00978211835718,36,e5ccb476-1fc7-4029-82cd-9b628ea2099f,None,None,1,1096,15,[],None,None
EXPLOIT_VULN,13096.1623735375,13105.084828902742,8.922455365242058,36,e5ccb476-1fc7-4029-82cd-9b628ea2099f,None,None,1,1097,15,[],None,None
EXPLOIT_VULN,13105.084828902742,13114.03558859205,8.950759689309052,36,e5ccb476-1fc7-4029-82cd-9b628ea2099f,None,None,1,1098,15,[],None,None
EXPLOIT_VULN,13114.03558859205,13114.997933493352,0.9623449013015488,36,e5ccb476-1fc7-4029-82cd-9b628ea2099f,None,None,1,1099,15,[],application,OSDiversity
SCAN_PORT,13135.107893987039,13160.107893987039,25.0,36,e5ccb476-1fc7-4029-82cd-9b628ea2099f,None,None,1,1099,15,[],None,None
EXPLOIT_VULN,13160.107893987039,13166.690210577886,6.582316590847768,36,e5ccb476-1fc7-4029-82cd-9b628ea2099f,None,None,1,1099,15,[],None,None
EXPLOIT_VULN,13166.690210577886,13180.664201290054,13.973990712167506,36,e5ccb476-1fc7-4029-82cd-9b628ea2099f,None,None,1,1100,15,[],None,None
EXPLOIT_VULN,13180.664201290054,13196.248381724306,15.58418043425263,36,e5ccb476-1fc7-4029-82cd-9b628ea2099f,None,None,1,1101,15,[],None,None
EXPLOIT_VULN,13196.248381724306,13219.685694877091,23.437313152784554,36,e5ccb476-1fc7-4029-82cd-9b628ea2099f,None,None,1,1102,15,[],None,None
EXPLOIT_VULN,13219.685694877091,13227.200576296264,7.514881419172525,36,e5ccb476-1fc7-4029-82cd-9b628ea2099f,None,None,1,1103,15,[],None,None
EXPLOIT_VULN,13227.200576296264,13235.818303579346,8.617727283082786,36,e5ccb476-1fc7-4029-82cd-9b628ea2099f,None,None,1,1104,15,[],None,None
EXPLOIT_VULN,13235.818303579346,13252.960802592097,17.142499012750704,36,e5ccb476-1fc7-4029-82cd-9b628ea2099f,None,None,1,1105,15,[],None,None
EXPLOIT_VULN,13252.960802592097,13257.562111989106,4.601309397008663,36,e5ccb476-1fc7-4029-82cd-9b628ea2099f,None,None,1,1106,15,[],None,None
EXPLOIT_VULN,13257.562111989106,13262.267551775254,4.705439786148418,36,e5ccb476-1fc7-4029-82cd-9b628ea2099f,None,None,1,1107,15,[],None,None
EXPLOIT_VULN,13262.267551775254,13271.482635613589,9.215083838334976,36,e5ccb476-1fc7-4029-82cd-9b628ea2099f,None,None,1,1108,15,[],None,None
EXPLOIT_VULN,13271.482635613589,13275.996316781913,4.513681168324183,36,e5ccb476-1fc7-4029-82cd-9b628ea2099f,None,None,1,1109,15,[],None,None
EXPLOIT_VULN,13275.996316781913,13280.566675864067,4.570359082154027,36,e5ccb476-1fc7-4029-82cd-9b628ea2099f,None,None,1,1110,15,[],None,None
EXPLOIT_VULN,13280.566675864067,13288.766701917868,8.200026053800684,36,e5ccb476-1fc7-4029-82cd-9b628ea2099f,None,None,1,1111,15,[],None,None
EXPLOIT_VULN,13288.766701917868,13297.593453002419,8.826751084550779,36,e5ccb476-1fc7-4029-82cd-9b628ea2099f,36,e5ccb476-1fc7-4029-82cd-9b628ea2099f,1,1112,15,"['Dione', 'Annis']",None,None
SCAN_NEIGHBOR,13297.593453002419,13302.593453002419,5.0,36,e5ccb476-1fc7-4029-82cd-9b628ea2099f,None,None,1,1113,16,[],None,None
ENUM_HOST,13302.593453002419,13307.593453002419,5.0,36,e5ccb476-1fc7-4029-82cd-9b628ea2099f,None,None,1,1113,16,[],None,None
ENUM_HOST,13307.593453002419,13312.593453002419,5.0,33,efa10b4d-cbc9-4916-9ba8-a161ec9dd0f4,None,None,4,1113,16,[],None,None
SCAN_PORT,13312.593453002419,13315.573587761319,2.9801347589000216,35,df67afeb-6f32-4213-a0e8-9b7c3f56a7ab,None,None,1,1113,16,[],application,OSDiversity
SCAN_PORT,13336.451102124522,13361.451102124522,25.0,35,df67afeb-6f32-4213-a0e8-9b7c3f56a7ab,None,None,1,1113,16,[],None,None
EXPLOIT_VULN,13361.451102124522,13362.783971096116,1.3328689715945075,35,df67afeb-6f32-4213-a0e8-9b7c3f56a7ab,None,None,1,1113,16,[],None,None
EXPLOIT_VULN,13362.783971096116,13364.783902066714,1.9999309705981432,35,df67afeb-6f32-4213-a0e8-9b7c3f56a7ab,None,None,1,1114,16,[],None,None
EXPLOIT_VULN,13364.783902066714,13368.50751648146,3.7236144147464074,35,df67afeb-6f32-4213-a0e8-9b7c3f56a7ab,None,None,1,1115,16,[],None,None
EXPLOIT_VULN,13368.50751648146,13371.226450701564,2.7189342201036197,35,df67afeb-6f32-4213-a0e8-9b7c3f56a7ab,None,None,1,1116,16,[],None,None
EXPLOIT_VULN,13371.226450701564,13377.219709396679,5.993258695114491,35,df67afeb-6f32-4213-a0e8-9b7c3f56a7ab,None,None,1,1117,16,[],None,None
EXPLOIT_VULN,13377.219709396679,13386.592857920163,9.373148523483906,35,df67afeb-6f32-4213-a0e8-9b7c3f56a7ab,None,None,1,1118,16,[],None,None
EXPLOIT_VULN,13386.592857920163,13390.759391806865,4.166533886702382,35,df67afeb-6f32-4213-a0e8-9b7c3f56a7ab,None,None,1,1119,16,[],None,None
EXPLOIT_VULN,13390.759391806865,13396.519914373506,5.760522566641157,35,df67afeb-6f32-4213-a0e8-9b7c3f56a7ab,None,None,1,1120,16,[],None,None
EXPLOIT_VULN,13396.519914373506,13412.146268774,15.626354400494165,35,df67afeb-6f32-4213-a0e8-9b7c3f56a7ab,None,None,1,1121,16,[],None,None
EXPLOIT_VULN,13412.146268774,13429.186774499816,17.04050572581582,35,df67afeb-6f32-4213-a0e8-9b7c3f56a7ab,None,None,1,1122,16,[],None,None
EXPLOIT_VULN,13429.186774499816,13439.106023563743,9.919249063927055,35,df67afeb-6f32-4213-a0e8-9b7c3f56a7ab,None,None,1,1123,16,[],None,None
BRUTE_FORCE,13439.106023563743,13459.106023563743,20.0,35,df67afeb-6f32-4213-a0e8-9b7c3f56a7ab,None,None,1,1124,16,[],None,None
ENUM_HOST,13459.106023563743,13464.106023563743,5.0,35,df67afeb-6f32-4213-a0e8-9b7c3f56a7ab,None,None,1,1124,16,[],None,None
ENUM_HOST,13464.106023563743,13469.106023563743,5.0,24,e9bc77a2-2b34-4047-bde3-7181cf9dfd37,None,None,4,1124,16,[],None,None
SCAN_PORT,13469.106023563743,13494.106023563743,25.0,26,39be024e-1617-4936-85db-d192be03a098,26,39be024e-1617-4936-85db-d192be03a098,1,1124,16,[],None,None
SCAN_NEIGHBOR,13494.106023563743,13499.106023563743,5.0,26,39be024e-1617-4936-85db-d192be03a098,None,None,1,1124,17,[],None,None
ENUM_HOST,13499.106023563743,13504.106023563743,5.0,26,39be024e-1617-4936-85db-d192be03a098,None,None,1,1124,17,[],None,None
SCAN_PORT,13504.106023563743,13516.52013762075,12.414114057006373,42,0c2dde46-de31-4f41-bf5d-100c482f939f,None,None,1,1124,17,[],application,OSDiversity
SCAN_PORT,13537.242160562746,13562.242160562746,25.0,42,0c2dde46-de31-4f41-bf5d-100c482f939f,None,None,1,1124,17,[],None,None
EXPLOIT_VULN,13562.242160562746,13565.411071739298,3.1689111765517737,42,0c2dde46-de31-4f41-bf5d-100c482f939f,None,None,1,1124,17,[],None,None
EXPLOIT_VULN,13565.411071739298,13565.926294824416,0.515223085118123,42,0c2dde46-de31-4f41-bf5d-100c482f939f,None,None,1,1125,17,[],None,None
EXPLOIT_VULN,13565.926294824416,13571.39070295444,5.464408130024822,42,0c2dde46-de31-4f41-bf5d-100c482f939f,None,None,1,1126,17,[],None,None
EXPLOIT_VULN,13571.39070295444,13576.385841421414,4.995138466973003,42,0c2dde46-de31-4f41-bf5d-100c482f939f,None,None,1,1127,17,[],None,None
EXPLOIT_VULN,13576.385841421414,13581.291831967756,4.9059905463418545,42,0c2dde46-de31-4f41-bf5d-100c482f939f,None,None,1,1128,17,[],None,None
EXPLOIT_VULN,13581.291831967756,13588.07964428626,6.787812318503711,42,0c2dde46-de31-4f41-bf5d-100c482f939f,None,None,1,1129,17,[],None,None
EXPLOIT_VULN,13588.07964428626,13595.56914109875,7.489496812489961,42,0c2dde46-de31-4f41-bf5d-100c482f939f,None,None,1,1130,17,[],None,None
BRUTE_FORCE,13595.56914109875,13615.56914109875,20.0,42,0c2dde46-de31-4f41-bf5d-100c482f939f,None,None,1,1131,17,[],None,None
ENUM_HOST,13615.56914109875,13620.56914109875,5.0,42,0c2dde46-de31-4f41-bf5d-100c482f939f,None,None,1,1131,17,[],None,None
ENUM_HOST,13620.56914109875,13625.56914109875,5.0,6,62721611-be02-4151-883b-83d394161d97,None,None,4,1131,17,[],None,None
ENUM_HOST,13625.56914109875,13630.56914109875,5.0,19,eea481d8-8c5c-4850-a73c-b4bde9c39251,None,None,3,1131,17,[],None,None
ENUM_HOST,13630.56914109875,13635.56914109875,5.0,24,e9bc77a2-2b34-4047-bde3-7181cf9dfd37,None,None,5,1131,17,[],None,None
SCAN_PORT,13635.56914109875,13660.56914109875,25.0,28,ad047b0e-c6c5-4bc8-881f-0593fcffe3e0,None,None,1,1131,17,[],None,None
EXPLOIT_VULN,13660.56914109875,13664.09433482975,3.5251937310003996,28,ad047b0e-c6c5-4bc8-881f-0593fcffe3e0,None,None,1,1131,17,[],None,None
EXPLOIT_VULN,13664.09433482975,13666.944078583254,2.849743753504299,28,ad047b0e-c6c5-4bc8-881f-0593fcffe3e0,None,None,1,1132,17,[],None,None
EXPLOIT_VULN,13666.944078583254,13671.749593749153,4.8055151658991235,28,ad047b0e-c6c5-4bc8-881f-0593fcffe3e0,None,None,1,1133,17,[],None,None
EXPLOIT_VULN,13671.749593749153,13675.914375176006,4.164781426852642,28,ad047b0e-c6c5-4bc8-881f-0593fcffe3e0,None,None,1,1134,17,[],None,None
EXPLOIT_VULN,13675.914375176006,13689.839120280652,13.924745104646718,28,ad047b0e-c6c5-4bc8-881f-0593fcffe3e0,None,None,1,1135,17,[],None,None
EXPLOIT_VULN,13689.839120280652,13695.730538430953,5.891418150300524,28,ad047b0e-c6c5-4bc8-881f-0593fcffe3e0,None,None,1,1136,17,[],None,None
EXPLOIT_VULN,13695.730538430953,13712.246732804982,16.51619437402951,28,ad047b0e-c6c5-4bc8-881f-0593fcffe3e0,None,None,1,1137,17,[],None,None
EXPLOIT_VULN,13712.246732804982,13718.484768845648,6.238036040665975,28,ad047b0e-c6c5-4bc8-881f-0593fcffe3e0,None,None,1,1138,17,[],application,OSDiversity
SCAN_PORT,13738.90413109876,13763.90413109876,25.0,28,ad047b0e-c6c5-4bc8-881f-0593fcffe3e0,None,None,1,1138,17,[],None,None
EXPLOIT_VULN,13763.90413109876,13769.51421825725,5.610087158491297,28,ad047b0e-c6c5-4bc8-881f-0593fcffe3e0,None,None,1,1138,17,[],None,None
EXPLOIT_VULN,13769.51421825725,13786.68251629584,17.168298038588546,28,ad047b0e-c6c5-4bc8-881f-0593fcffe3e0,None,None,1,1139,17,[],None,None
EXPLOIT_VULN,13786.68251629584,13805.280868761653,18.59835246581315,28,ad047b0e-c6c5-4bc8-881f-0593fcffe3e0,None,None,1,1140,17,[],None,None
EXPLOIT_VULN,13805.280868761653,13820.938980256906,15.658111495253252,28,ad047b0e-c6c5-4bc8-881f-0593fcffe3e0,None,None,1,1141,17,[],None,None
EXPLOIT_VULN,13820.938980256906,13828.872454075447,7.933473818540733,28,ad047b0e-c6c5-4bc8-881f-0593fcffe3e0,None,None,1,1142,17,[],None,None
EXPLOIT_VULN,13828.872454075447,13845.276590299252,16.404136223805835,28,ad047b0e-c6c5-4bc8-881f-0593fcffe3e0,None,None,1,1143,17,[],None,None
EXPLOIT_VULN,13845.276590299252,13865.337848726444,20.061258427191206,28,ad047b0e-c6c5-4bc8-881f-0593fcffe3e0,None,None,1,1144,17,[],None,None
EXPLOIT_VULN,13865.337848726444,13884.898171459992,19.560322733548674,28,ad047b0e-c6c5-4bc8-881f-0593fcffe3e0,None,None,1,1145,17,[],None,None
EXPLOIT_VULN,13884.898171459992,13893.679895554209,8.78172409421677,28,ad047b0e-c6c5-4bc8-881f-0593fcffe3e0,None,None,1,1146,17,[],None,None
EXPLOIT_VULN,13893.679895554209,13902.621646556361,8.94175100215216,28,ad047b0e-c6c5-4bc8-881f-0593fcffe3e0,None,None,1,1147,17,[],None,None
EXPLOIT_VULN,13902.621646556361,13918.74822900989,16.12658245352941,28,ad047b0e-c6c5-4bc8-881f-0593fcffe3e0,None,None,1,1148,17,[],application,OSDiversity
SCAN_PORT,13938.900865603717,13963.900865603717,25.0,28,ad047b0e-c6c5-4bc8-881f-0593fcffe3e0,None,None,1,1148,17,[],None,None
EXPLOIT_VULN,13963.900865603717,13978.066875319546,14.166009715829205,28,ad047b0e-c6c5-4bc8-881f-0593fcffe3e0,None,None,1,1148,17,[],None,None
EXPLOIT_VULN,13978.066875319546,13984.70150794575,6.6346326262046205,28,ad047b0e-c6c5-4bc8-881f-0593fcffe3e0,None,None,1,1149,17,[],None,None
EXPLOIT_VULN,13984.70150794575,14003.751913031027,19.050405085275997,28,ad047b0e-c6c5-4bc8-881f-0593fcffe3e0,None,None,1,1150,17,[],None,None
EXPLOIT_VULN,14003.751913031027,14010.603917306687,6.8520042756608746,28,ad047b0e-c6c5-4bc8-881f-0593fcffe3e0,None,None,1,1151,17,[],None,None
EXPLOIT_VULN,14010.603917306687,14029.995786089781,19.39186878309374,28,ad047b0e-c6c5-4bc8-881f-0593fcffe3e0,None,None,1,1152,17,[],None,None
EXPLOIT_VULN,14029.995786089781,14036.666649638051,6.670863548270063,28,ad047b0e-c6c5-4bc8-881f-0593fcffe3e0,None,None,1,1153,17,[],None,None
EXPLOIT_VULN,14036.666649638051,14044.846434596622,8.179784958570963,28,ad047b0e-c6c5-4bc8-881f-0593fcffe3e0,None,None,1,1154,17,[],None,None
EXPLOIT_VULN,14044.846434596622,14052.985807122523,8.139372525900399,28,ad047b0e-c6c5-4bc8-881f-0593fcffe3e0,None,None,1,1155,17,[],None,None
EXPLOIT_VULN,14052.985807122523,14061.453679679693,8.467872557170267,28,ad047b0e-c6c5-4bc8-881f-0593fcffe3e0,None,None,1,1156,17,[],None,None
EXPLOIT_VULN,14061.453679679693,14068.411824909694,6.9581452300008095,28,ad047b0e-c6c5-4bc8-881f-0593fcffe3e0,None,None,1,1157,17,[],None,None
EXPLOIT_VULN,14068.411824909694,14081.031649786159,12.619824876464918,28,ad047b0e-c6c5-4bc8-881f-0593fcffe3e0,28,ad047b0e-c6c5-4bc8-881f-0593fcffe3e0,1,1158,17,"['Justine', 'Emili']",None,None
SCAN_NEIGHBOR,14081.031649786159,14086.031649786159,5.0,28,ad047b0e-c6c5-4bc8-881f-0593fcffe3e0,None,None,1,1159,18,[],None,None
ENUM_HOST,14086.031649786159,14091.031649786159,5.0,28,ad047b0e-c6c5-4bc8-881f-0593fcffe3e0,None,None,1,1159,18,[],None,None
ENUM_HOST,14091.031649786159,14096.031649786159,5.0,24,e9bc77a2-2b34-4047-bde3-7181cf9dfd37,None,None,6,1159,18,[],None,None
SCAN_PORT,14096.031649786159,14118.230612561732,22.19896277557382,12,59b42036-d1d0-4af9-9416-7937abf6b940,None,None,1,1159,18,[],application,OSDiversity
SCAN_PORT,14138.672503839467,14163.672503839467,25.0,12,59b42036-d1d0-4af9-9416-7937abf6b940,None,None,1,1159,18,[],None,None
EXPLOIT_VULN,14163.672503839467,14164.941974209634,1.2694703701672552,12,59b42036-d1d0-4af9-9416-7937abf6b940,None,None,1,1159,18,[],None,None
EXPLOIT_VULN,14164.941974209634,14169.950963607991,5.008989398356789,12,59b42036-d1d0-4af9-9416-7937abf6b940,None,None,1,1160,18,[],None,None
EXPLOIT_VULN,14169.950963607991,14174.523644185403,4.572680577412029,12,59b42036-d1d0-4af9-9416-7937abf6b940,None,None,1,1161,18,[],None,None
EXPLOIT_VULN,14174.523644185403,14176.715923832597,2.1922796471935726,12,59b42036-d1d0-4af9-9416-7937abf6b940,None,None,1,1162,18,[],None,None
EXPLOIT_VULN,14176.715923832597,14178.803086642527,2.0871628099303052,12,59b42036-d1d0-4af9-9416-7937abf6b940,None,None,1,1163,18,[],None,None
EXPLOIT_VULN,14178.803086642527,14184.225308131232,5.422221488704963,12,59b42036-d1d0-4af9-9416-7937abf6b940,None,None,1,1164,18,[],None,None
EXPLOIT_VULN,14184.225308131232,14201.301736167812,17.076428036580182,12,59b42036-d1d0-4af9-9416-7937abf6b940,None,None,1,1165,18,[],None,None
EXPLOIT_VULN,14201.301736167812,14215.882179202861,14.58044303504903,12,59b42036-d1d0-4af9-9416-7937abf6b940,None,None,1,1166,18,[],None,None
EXPLOIT_VULN,14215.882179202861,14217.169222861914,1.2870436590528698,12,59b42036-d1d0-4af9-9416-7937abf6b940,None,None,1,1167,18,[],None,None
EXPLOIT_VULN,14217.169222861914,14230.163582382804,12.994359520889702,12,59b42036-d1d0-4af9-9416-7937abf6b940,None,None,1,1168,18,[],None,None
BRUTE_FORCE,14230.163582382804,14250.163582382804,20.0,12,59b42036-d1d0-4af9-9416-7937abf6b940,None,None,1,1169,18,[],None,None
ENUM_HOST,14250.163582382804,14255.163582382804,5.0,12,59b42036-d1d0-4af9-9416-7937abf6b940,None,None,1,1169,18,[],None,None
ENUM_HOST,14255.163582382804,14260.163582382804,5.0,33,efa10b4d-cbc9-4916-9ba8-a161ec9dd0f4,None,None,5,1169,18,[],None,None
SCAN_PORT,14260.163582382804,14285.163582382804,25.0,37,9d82a2b5-510a-43e0-b996-68b5204a464c,None,None,1,1169,18,[],None,None
EXPLOIT_VULN,14285.163582382804,14286.559965783534,1.3963834007299738,37,9d82a2b5-510a-43e0-b996-68b5204a464c,None,None,1,1169,18,[],None,None
EXPLOIT_VULN,14286.559965783534,14287.882171510264,1.322205726730317,37,9d82a2b5-510a-43e0-b996-68b5204a464c,None,None,1,1170,18,[],None,None
EXPLOIT_VULN,14287.882171510264,14291.115563299607,3.2333917893429316,37,9d82a2b5-510a-43e0-b996-68b5204a464c,None,None,1,1171,18,[],None,None
BRUTE_FORCE,14291.115563299607,14311.115563299607,20.0,37,9d82a2b5-510a-43e0-b996-68b5204a464c,None,None,1,1172,18,[],None,None
ENUM_HOST,14311.115563299607,14316.115563299607,5.0,37,9d82a2b5-510a-43e0-b996-68b5204a464c,None,None,1,1172,18,[],None,None
SCAN_PORT,14316.115563299607,14319.3055022938,3.1899389941936533,7,fd9364c5-6a05-4323-b555-46dd927e9bea,None,None,1,1172,18,[],application,OSDiversity
SCAN_PORT,14339.405000694589,14364.405000694589,25.0,7,fd9364c5-6a05-4323-b555-46dd927e9bea,None,None,1,1172,18,[],None,None
EXPLOIT_VULN,14364.405000694589,14371.873227590862,7.468226896273336,7,fd9364c5-6a05-4323-b555-46dd927e9bea,None,None,1,1172,18,[],None,None
EXPLOIT_VULN,14371.873227590862,14381.535708353516,9.662480762654013,7,fd9364c5-6a05-4323-b555-46dd927e9bea,None,None,1,1173,18,[],None,None
EXPLOIT_VULN,14381.535708353516,14383.508930760107,1.9732224065901391,7,fd9364c5-6a05-4323-b555-46dd927e9bea,None,None,1,1174,18,[],None,None
EXPLOIT_VULN,14383.508930760107,14392.928666334015,9.419735573908838,7,fd9364c5-6a05-4323-b555-46dd927e9bea,None,None,1,1175,18,[],None,None
EXPLOIT_VULN,14392.928666334015,14401.074879022071,8.146212688056039,7,fd9364c5-6a05-4323-b555-46dd927e9bea,None,None,1,1176,18,[],None,None
EXPLOIT_VULN,14401.074879022071,14407.082789656584,6.007910634512882,7,fd9364c5-6a05-4323-b555-46dd927e9bea,None,None,1,1177,18,[],None,None
EXPLOIT_VULN,14407.082789656584,14413.99012886071,6.9073392041264015,7,fd9364c5-6a05-4323-b555-46dd927e9bea,None,None,1,1178,18,[],None,None
EXPLOIT_VULN,14413.99012886071,14422.530477035936,8.540348175225517,7,fd9364c5-6a05-4323-b555-46dd927e9bea,None,None,1,1179,18,[],None,None
EXPLOIT_VULN,14422.530477035936,14441.224776675668,18.69429963973198,7,fd9364c5-6a05-4323-b555-46dd927e9bea,None,None,1,1180,18,[],None,None
EXPLOIT_VULN,14441.224776675668,14457.099141385606,15.874364709938163,7,fd9364c5-6a05-4323-b555-46dd927e9bea,None,None,1,1181,18,[],None,None
EXPLOIT_VULN,14457.099141385606,14464.477722210233,7.378580824626624,7,fd9364c5-6a05-4323-b555-46dd927e9bea,None,None,1,1182,18,[],None,None
EXPLOIT_VULN,14464.477722210233,14482.629648029564,18.151925819331154,7,fd9364c5-6a05-4323-b555-46dd927e9bea,None,None,1,1183,18,[],None,None
EXPLOIT_VULN,14482.629648029564,14491.448386306438,8.818738276873773,7,fd9364c5-6a05-4323-b555-46dd927e9bea,None,None,1,1184,18,[],None,None
EXPLOIT_VULN,14491.448386306438,14505.64875292521,14.200366618772023,7,fd9364c5-6a05-4323-b555-46dd927e9bea,None,None,1,1185,18,[],None,None
BRUTE_FORCE,14505.64875292521,14520.168299843888,14.519546918678316,7,fd9364c5-6a05-4323-b555-46dd927e9bea,None,None,1,1186,18,[],application,OSDiversity
SCAN_PORT,14540.281318276562,14565.281318276562,25.0,7,fd9364c5-6a05-4323-b555-46dd927e9bea,None,None,1,1186,18,[],None,None
EXPLOIT_VULN,14565.281318276562,14570.195415220996,4.914096944434277,7,fd9364c5-6a05-4323-b555-46dd927e9bea,None,None,1,1186,18,[],None,None
EXPLOIT_VULN,14570.195415220996,14578.013061211701,7.817645990704477,7,fd9364c5-6a05-4323-b555-46dd927e9bea,None,None,1,1187,18,[],None,None
EXPLOIT_VULN,14578.013061211701,14582.17752710633,4.164465894629757,7,fd9364c5-6a05-4323-b555-46dd927e9bea,None,None,1,1188,18,[],None,None
EXPLOIT_VULN,14582.17752710633,14586.165162515537,3.987635409206632,7,fd9364c5-6a05-4323-b555-46dd927e9bea,None,None,1,1189,18,[],None,None
EXPLOIT_VULN,14586.165162515537,14599.693380615296,13.528218099758305,7,fd9364c5-6a05-4323-b555-46dd927e9bea,None,None,1,1190,18,[],None,None
EXPLOIT_VULN,14599.693380615296,14607.668623078813,7.975242463517134,7,fd9364c5-6a05-4323-b555-46dd927e9bea,None,None,1,1191,18,[],None,None
EXPLOIT_VULN,14607.668623078813,14615.611773481394,7.943150402581523,7,fd9364c5-6a05-4323-b555-46dd927e9bea,None,None,1,1192,18,[],None,None
EXPLOIT_VULN,14615.611773481394,14634.508572298586,18.896798817191666,7,fd9364c5-6a05-4323-b555-46dd927e9bea,None,None,1,1193,18,[],None,None
EXPLOIT_VULN,14634.508572298586,14650.868349602664,16.359777304078307,7,fd9364c5-6a05-4323-b555-46dd927e9bea,None,None,1,1194,18,[],None,None
EXPLOIT_VULN,14650.868349602664,14670.484495711844,19.61614610917968,7,fd9364c5-6a05-4323-b555-46dd927e9bea,None,None,1,1195,18,[],None,None
EXPLOIT_VULN,14670.484495711844,14688.060711173357,17.57621546151313,7,fd9364c5-6a05-4323-b555-46dd927e9bea,None,None,1,1196,18,[],None,None
EXPLOIT_VULN,14688.060711173357,14701.056602772098,12.995891598740855,7,fd9364c5-6a05-4323-b555-46dd927e9bea,7,fd9364c5-6a05-4323-b555-46dd927e9bea,1,1197,18,['Jemie'],None,None
SCAN_NEIGHBOR,14701.056602772098,14706.056602772098,5.0,7,fd9364c5-6a05-4323-b555-46dd927e9bea,None,None,1,1198,19,[],None,None
ENUM_HOST,14706.056602772098,14711.056602772098,5.0,7,fd9364c5-6a05-4323-b555-46dd927e9bea,None,None,1,1198,19,[],None,None
ENUM_HOST,14711.056602772098,14716.056602772098,5.0,5,a47f754e-28a2-442b-ac11-33ff7dc1ad7f,None,None,2,1198,19,[],None,None
SCAN_PORT,14716.056602772098,14720.480710621505,4.424107849406937,8,024a49ed-aa41-48c9-86e9-79d40e6b5fd2,None,None,1,1198,19,[],application,OSDiversity
SCAN_PORT,14740.725176157746,14765.725176157746,25.0,8,024a49ed-aa41-48c9-86e9-79d40e6b5fd2,None,None,1,1198,19,[],None,None
EXPLOIT_VULN,14765.725176157746,14766.668219092435,0.9430429346884921,8,024a49ed-aa41-48c9-86e9-79d40e6b5fd2,None,None,1,1198,19,[],None,None
EXPLOIT_VULN,14766.668219092435,14769.044295716849,2.376076624414054,8,024a49ed-aa41-48c9-86e9-79d40e6b5fd2,None,None,1,1199,19,[],None,None
EXPLOIT_VULN,14769.044295716849,14773.04541505567,4.001119338821809,8,024a49ed-aa41-48c9-86e9-79d40e6b5fd2,None,None,1,1200,19,[],None,None
EXPLOIT_VULN,14773.04541505567,14776.82888172457,3.783466668899564,8,024a49ed-aa41-48c9-86e9-79d40e6b5fd2,None,None,1,1201,19,[],None,None
EXPLOIT_VULN,14776.82888172457,14779.73693019755,2.9080484729802265,8,024a49ed-aa41-48c9-86e9-79d40e6b5fd2,None,None,1,1202,19,[],None,None
EXPLOIT_VULN,14779.73693019755,14782.14677415347,2.4098439559202234,8,024a49ed-aa41-48c9-86e9-79d40e6b5fd2,None,None,1,1203,19,[],None,None
EXPLOIT_VULN,14782.14677415347,14787.27936137973,5.132587226258693,8,024a49ed-aa41-48c9-86e9-79d40e6b5fd2,None,None,1,1204,19,[],None,None
EXPLOIT_VULN,14787.27936137973,14792.570839840875,5.2914784611457435,8,024a49ed-aa41-48c9-86e9-79d40e6b5fd2,None,None,1,1205,19,[],None,None
EXPLOIT_VULN,14792.570839840875,14804.331021620199,11.76018177932383,8,024a49ed-aa41-48c9-86e9-79d40e6b5fd2,None,None,1,1206,19,[],None,None
EXPLOIT_VULN,14804.331021620199,14825.06719962812,20.7361780079209,8,024a49ed-aa41-48c9-86e9-79d40e6b5fd2,None,None,1,1207,19,[],None,None
EXPLOIT_VULN,14825.06719962812,14846.504475180947,21.437275552827487,8,024a49ed-aa41-48c9-86e9-79d40e6b5fd2,None,None,1,1208,19,[],None,None
EXPLOIT_VULN,14846.504475180947,14848.38794051708,1.8834653361318487,8,024a49ed-aa41-48c9-86e9-79d40e6b5fd2,None,None,1,1209,19,[],None,None
EXPLOIT_VULN,14848.38794051708,14856.798777519609,8.41083700252966,8,024a49ed-aa41-48c9-86e9-79d40e6b5fd2,None,None,1,1210,19,[],None,None
EXPLOIT_VULN,14856.798777519609,14865.076672298474,8.27789477886472,8,024a49ed-aa41-48c9-86e9-79d40e6b5fd2,None,None,1,1211,19,[],None,None
EXPLOIT_VULN,14865.076672298474,14866.719661653959,1.6429893554850423,8,024a49ed-aa41-48c9-86e9-79d40e6b5fd2,None,None,1,1212,19,[],None,None
EXPLOIT_VULN,14866.719661653959,14874.195627577301,7.475965923342301,8,024a49ed-aa41-48c9-86e9-79d40e6b5fd2,None,None,1,1213,19,[],None,None
BRUTE_FORCE,14874.195627577301,14894.195627577301,20.0,8,024a49ed-aa41-48c9-86e9-79d40e6b5fd2,None,None,1,1214,19,[],None,None
ENUM_HOST,14894.195627577301,14899.195627577301,5.0,8,024a49ed-aa41-48c9-86e9-79d40e6b5fd2,None,None,1,1214,19,[],None,None
SCAN_PORT,14899.195627577301,14922.469480806343,23.273853229042288,9,ec92a6ad-2b42-4e29-93d4-5875f42d31f0,None,None,1,1214,19,[],application,OSDiversity
SCAN_PORT,14942.6614883842,14967.6614883842,25.0,9,ec92a6ad-2b42-4e29-93d4-5875f42d31f0,None,None,1,1214,19,[],None,None
EXPLOIT_VULN,14967.6614883842,14972.08977322953,4.428284845331291,9,ec92a6ad-2b42-4e29-93d4-5875f42d31f0,None,None,1,1214,19,[],None,None
EXPLOIT_VULN,14972.08977322953,14973.669873713,1.5801004834684136,9,ec92a6ad-2b42-4e29-93d4-5875f42d31f0,None,None,1,1215,19,[],None,None
EXPLOIT_VULN,14973.669873713,14977.41146197717,3.7415882641707867,9,ec92a6ad-2b42-4e29-93d4-5875f42d31f0,None,None,1,1216,19,[],None,None
EXPLOIT_VULN,14977.41146197717,14984.884900913348,7.473438936178354,9,ec92a6ad-2b42-4e29-93d4-5875f42d31f0,None,None,1,1217,19,[],None,None
EXPLOIT_VULN,14984.884900913348,14986.903154261365,2.018253348016515,9,ec92a6ad-2b42-4e29-93d4-5875f42d31f0,None,None,1,1218,19,[],None,None
EXPLOIT_VULN,14986.903154261365,14989.850192181122,2.9470379197573493,9,ec92a6ad-2b42-4e29-93d4-5875f42d31f0,None,None,1,1219,19,[],None,None
EXPLOIT_VULN,14989.850192181122,14992.735301285027,2.8851091039050516,9,ec92a6ad-2b42-4e29-93d4-5875f42d31f0,None,None,1,1220,19,[],None,None
