{
  "scenario": "single-ipshuffle",
  "seed": 1234,
  "finish_time": 3000,
  "params": {
    "total_nodes": 50,
    "total_endpoints": 5,
    "total_subnets": 8,
    "total_layers": 4,
    "target_layer": 4,
    "total_database": 2,
    "terminate_compromise_ratio": 0.8,
    "scheme": "single",
    "mtd_interval": 200,
    "custom_strategies": "IPShuffle"
  },
  "results": {
    "n_attack_events": 331,
    "n_mtd_events": 15,
    "n_compromised_hosts": 9,
    "host_compromise_ratio": 0.18,
    "sim_wallclock_seconds": 0.04607415199279785,
    "mtttc_eval_checkpoints": [
      {
        "time_to_compromise": 8.490832275890748,
        "attack_success_rate": 0.2777777777777778,
        "host_compromise_ratio": 1.2,
        "mtd_execution_frequency": 0.0051306428692300884,
        "total_number_of_ports": 368,
        "attack_path_exposure": 0.5734761904761906,
        "roa": 0.597571010629258,
        "shortest_path_variability": 0,
        "risk": 2.3749304349307203
      },
      {
        "time_to_compromise": 7.994795880227535,
        "attack_success_rate": 0.35714285714285715,
        "host_compromise_ratio": 1.2,
        "mtd_execution_frequency": 0.0051306428692300884,
        "total_number_of_ports": 368,
        "attack_path_exposure": 0.5734761904761906,
        "roa": 0.597571010629258,
        "shortest_path_variability": 0,
        "risk": 2.3749304349307203
      },
      {
        "time_to_compromise": 8.731861838483644,
        "attack_success_rate": 0.25,
        "host_compromise_ratio": 1.0666666666666667,
        "mtd_execution_frequency": 0.0051306428692300884,
        "total_number_of_ports": 368,
        "attack_path_exposure": 0.5734761904761906,
        "roa": 0.597571010629258,
        "shortest_path_variability": 0,
        "risk": 2.3749304349307203
      }
    ]
  },
  "versions": {
    "python": "3.11.15",
    "numpy": "2.4.3",
    "scipy": "1.17.1",
    "networkx": "3.6.1",
    "matplotlib": "3.10.8",
    "pandas": "3.0.2",
    "simpy": "4.1.1",
    "seaborn": "0.13.2"
  },
  "git": {
    "branch": "chore/baseline-spec",
    "head": "c706871ae60fc7e1d5feee26fcac083389bec78e",
    "dirty": true
  }
}