name,start_time,finish_time,duration,current_host,current_host_uuid,compromise_host,compromise_host_uuid,current_host_attempt,cumulative_attempts,cumulative_compromised_hosts,compromise_users,interrupted_in,interrupted_by
SCAN_HOST,0.0,5.0,5.0,-1,-1,None,None,0,0,0,[],None,None
ENUM_HOST,5.0,10.0,5.0,-1,-1,None,None,0,0,0,[],None,None
SCAN_PORT,10.0,35.0,25.0,0,fded618b-755e-4916-a744-a5e3bae73235,None,None,1,0,0,[],None,None
EXPLOIT_VULN,35.0,37.35966023544322,2.359660235443222,0,fded618b-755e-4916-a744-a5e3bae73235,None,None,1,0,0,[],None,None
EXPLOIT_VULN,37.35966023544322,42.24145556383243,4.8817953283892095,0,fded618b-755e-4916-a744-a5e3bae73235,None,None,1,1,0,[],None,None
EXPLOIT_VULN,42.24145556383243,44.58324428417461,2.34178872034218,0,fded618b-755e-4916-a744-a5e3bae73235,None,None,1,2,0,[],None,None
EXPLOIT_VULN,44.58324428417461,47.378818105303914,2.7955738211293024,0,fded618b-755e-4916-a744-a5e3bae73235,None,None,1,3,0,[],None,None
EXPLOIT_VULN,47.378818105303914,54.493295959475475,7.114477854171561,0,fded618b-755e-4916-a744-a5e3bae73235,None,None,1,4,0,[],None,None
EXPLOIT_VULN,54.493295959475475,55.146877540569434,0.6535815810939596,0,fded618b-755e-4916-a744-a5e3bae73235,None,None,1,5,0,[],None,None
EXPLOIT_VULN,55.146877540569434,62.85040400092962,7.703526460360187,0,fded618b-755e-4916-a744-a5e3bae73235,None,None,1,6,0,[],None,None
EXPLOIT_VULN,62.85040400092962,65.01175766051028,2.161353659580662,0,fded618b-755e-4916-a744-a5e3bae73235,None,None,1,7,0,[],None,None
EXPLOIT_VULN,65.01175766051028,69.1857083029872,4.17395064247691,0,fded618b-755e-4916-a744-a5e3bae73235,None,None,1,8,0,[],None,None
EXPLOIT_VULN,69.1857083029872,80.6729253979093,11.487217094922102,0,fded618b-755e-4916-a744-a5e3bae73235,None,None,1,9,0,[],None,None
EXPLOIT_VULN,80.6729253979093,83.45199486439124,2.7790694664819426,0,fded618b-755e-4916-a744-a5e3bae73235,None,None,1,10,0,[],None,None
EXPLOIT_VULN,83.45199486439124,90.34720894124276,6.895214076851516,0,fded618b-755e-4916-a744-a5e3bae73235,None,None,1,11,0,[],None,None
EXPLOIT_VULN,90.34720894124276,98.3190511522091,7.971842210966344,0,fded618b-755e-4916-a744-a5e3bae73235,None,None,1,12,0,[],None,None
EXPLOIT_VULN,98.3190511522091,107.48144279058315,9.162391638374046,0,fded618b-755e-4916-a744-a5e3bae73235,None,None,1,13,0,[],None,None
EXPLOIT_VULN,107.48144279058315,125.57122207697077,18.089779286387625,0,fded618b-755e-4916-a744-a5e3bae73235,0,fded618b-755e-4916-a744-a5e3bae73235,1,14,0,"['Rosaline', 'Roshelle', 'Bert', 'Sibby', 'Blondy']",None,None
SCAN_NEIGHBOR,125.57122207697077,130.57122207697077,5.0,0,fded618b-755e-4916-a744-a5e3bae73235,None,None,1,15,1,[],None,None
ENUM_HOST,130.57122207697077,135.57122207697077,5.0,0,fded618b-755e-4916-a744-a5e3bae73235,None,None,1,15,1,[],None,None
SCAN_PORT,135.57122207697077,160.57122207697077,25.0,18,0e1965b7-58a3-4660-92a6-422c5c49cf70,None,None,1,15,1,[],None,None
EXPLOIT_VULN,160.57122207697077,163.9615110832804,3.3902890063096436,18,0e1965b7-58a3-4660-92a6-422c5c49cf70,None,None,1,15,1,[],None,None
EXPLOIT_VULN,163.9615110832804,167.3909592122099,3.4294481289294936,18,0e1965b7-58a3-4660-92a6-422c5c49cf70,None,None,1,16,1,[],None,None
EXPLOIT_VULN,167.3909592122099,169.67731307228334,2.286353860073433,18,0e1965b7-58a3-4660-92a6-422c5c49cf70,None,None,1,17,1,[],None,None
EXPLOIT_VULN,169.67731307228334,176.09756646839955,6.420253396116209,18,0e1965b7-58a3-4660-92a6-422c5c49cf70,None,None,1,18,1,[],None,None
EXPLOIT_VULN,176.09756646839955,181.6703871175679,5.572820649168364,18,0e1965b7-58a3-4660-92a6-422c5c49cf70,None,None,1,19,1,[],None,None
EXPLOIT_VULN,181.6703871175679,187.79568821658384,6.125301099015928,18,0e1965b7-58a3-4660-92a6-422c5c49cf70,None,None,1,20,1,[],None,None
EXPLOIT_VULN,187.79568821658384,209.84018445929058,22.044496242706742,18,0e1965b7-58a3-4660-92a6-422c5c49cf70,None,None,1,21,1,[],None,None
EXPLOIT_VULN,209.84018445929058,217.8003927012559,7.960208241965319,18,0e1965b7-58a3-4660-92a6-422c5c49cf70,None,None,1,22,1,[],None,None
EXPLOIT_VULN,217.8003927012559,226.90394202621007,9.103549324954173,18,0e1965b7-58a3-4660-92a6-422c5c49cf70,None,None,1,23,1,[],None,None
EXPLOIT_VULN,226.90394202621007,235.6264541856074,8.722512159397326,18,0e1965b7-58a3-4660-92a6-422c5c49cf70,None,None,1,24,1,[],None,None
EXPLOIT_VULN,235.6264541856074,252.8017157462022,17.175261560594805,18,0e1965b7-58a3-4660-92a6-422c5c49cf70,None,None,1,25,1,[],None,None
EXPLOIT_VULN,252.8017157462022,260.8422260718061,8.040510325603918,18,0e1965b7-58a3-4660-92a6-422c5c49cf70,None,None,1,26,1,[],None,None
EXPLOIT_VULN,260.8422260718061,283.01497719745714,22.17275112565102,18,0e1965b7-58a3-4660-92a6-422c5c49cf70,None,None,1,27,1,[],None,None
EXPLOIT_VULN,283.01497719745714,284.2783791155704,1.2634019181132317,18,0e1965b7-58a3-4660-92a6-422c5c49cf70,None,None,1,28,1,[],None,None
EXPLOIT_VULN,284.2783791155704,289.4604560187822,5.1820769032118505,18,0e1965b7-58a3-4660-92a6-422c5c49cf70,None,None,1,29,1,[],None,None
EXPLOIT_VULN,289.4604560187822,296.867679386032,7.407223367249799,18,0e1965b7-58a3-4660-92a6-422c5c49cf70,None,None,1,30,1,[],None,None
EXPLOIT_VULN,296.867679386032,318.63827210768176,21.770592721649734,18,0e1965b7-58a3-4660-92a6-422c5c49cf70,None,None,1,31,1,[],None,None
BRUTE_FORCE,318.63827210768176,338.63827210768176,20.0,18,0e1965b7-58a3-4660-92a6-422c5c49cf70,None,None,1,32,1,[],None,None
ENUM_HOST,338.63827210768176,343.63827210768176,5.0,18,0e1965b7-58a3-4660-92a6-422c5c49cf70,None,None,1,32,1,[],None,None
SCAN_PORT,343.63827210768176,368.63827210768176,25.0,1,7fb9112a-44c7-4dc3-9f20-1507951ee638,None,None,1,32,1,[],None,None
EXPLOIT_VULN,368.63827210768176,369.86737752873165,1.2291054210498942,1,7fb9112a-44c7-4dc3-9f20-1507951ee638,None,None,1,32,1,[],None,None
EXPLOIT_VULN,369.86737752873165,370.9042468884002,1.0368693596685716,1,7fb9112a-44c7-4dc3-9f20-1507951ee638,None,None,1,33,1,[],None,None
EXPLOIT_VULN,370.9042468884002,372.2593598873778,1.3551129989775745,1,7fb9112a-44c7-4dc3-9f20-1507951ee638,None,None,1,34,1,[],None,None
EXPLOIT_VULN,372.2593598873778,375.0305429392103,2.7711830518325087,1,7fb9112a-44c7-4dc3-9f20-1507951ee638,None,None,1,35,1,[],None,None
EXPLOIT_VULN,375.0305429392103,379.59379252275363,4.563249583543325,1,7fb9112a-44c7-4dc3-9f20-1507951ee638,None,None,1,36,1,[],None,None
EXPLOIT_VULN,379.59379252275363,386.7120936257336,7.118301102979956,1,7fb9112a-44c7-4dc3-9f20-1507951ee638,None,None,1,37,1,[],None,None
EXPLOIT_VULN,386.7120936257336,392.56161195856055,5.84951833282696,1,7fb9112a-44c7-4dc3-9f20-1507951ee638,None,None,1,38,1,[],None,None
EXPLOIT_VULN,392.56161195856055,396.39338600340875,3.8317740448482027,1,7fb9112a-44c7-4dc3-9f20-1507951ee638,None,None,1,39,1,[],None,None
EXPLOIT_VULN,396.39338600340875,404.7804650024132,8.387078999004473,1,7fb9112a-44c7-4dc3-9f20-1507951ee638,None,None,1,40,1,[],None,None
EXPLOIT_VULN,404.7804650024132,408.1021209578992,3.321655955485994,1,7fb9112a-44c7-4dc3-9f20-1507951ee638,None,None,1,41,1,[],None,None
EXPLOIT_VULN,408.1021209578992,416.121252969033,8.019132011133763,1,7fb9112a-44c7-4dc3-9f20-1507951ee638,None,None,1,42,1,[],None,None
EXPLOIT_VULN,416.121252969033,422.45901989975647,6.33776693072349,1,7fb9112a-44c7-4dc3-9f20-1507951ee638,None,None,1,43,1,[],None,None
EXPLOIT_VULN,422.45901989975647,428.4472727680806,5.988252868324139,1,7fb9112a-44c7-4dc3-9f20-1507951ee638,None,None,1,44,1,[],None,None
BRUTE_FORCE,428.4472727680806,448.4472727680806,20.0,1,7fb9112a-44c7-4dc3-9f20-1507951ee638,None,None,1,45,1,[],None,None
ENUM_HOST,448.4472727680806,453.4472727680806,5.0,1,7fb9112a-44c7-4dc3-9f20-1507951ee638,None,None,1,45,1,[],None,None
SCAN_PORT,453.4472727680806,478.4472727680806,25.0,2,fc9746b1-979d-43ad-b52a-a9c47dada09f,None,None,1,45,1,[],None,None
EXPLOIT_VULN,478.4472727680806,478.7097550504075,0.2624822823269142,2,fc9746b1-979d-43ad-b52a-a9c47dada09f,None,None,1,45,1,[],None,None
EXPLOIT_VULN,478.7097550504075,480.77004674108133,2.0602916906738074,2,fc9746b1-979d-43ad-b52a-a9c47dada09f,None,None,1,46,1,[],None,None
EXPLOIT_VULN,480.77004674108133,484.52944455323717,3.7593978121558393,2,fc9746b1-979d-43ad-b52a-a9c47dada09f,None,None,1,47,1,[],None,None
EXPLOIT_VULN,484.52944455323717,491.54718958861145,7.017745035374276,2,fc9746b1-979d-43ad-b52a-a9c47dada09f,None,None,1,48,1,[],None,None
EXPLOIT_VULN,491.54718958861145,498.32237411041893,6.775184521807489,2,fc9746b1-979d-43ad-b52a-a9c47dada09f,None,None,1,49,1,[],None,None
EXPLOIT_VULN,498.32237411041893,505.8736445797197,7.551270469300789,2,fc9746b1-979d-43ad-b52a-a9c47dada09f,None,None,1,50,1,[],None,None
EXPLOIT_VULN,505.8736445797197,512.1414612916479,6.267816711928219,2,fc9746b1-979d-43ad-b52a-a9c47dada09f,None,None,1,51,1,[],None,None
EXPLOIT_VULN,512.1414612916479,514.0774571076929,1.935995816044965,2,fc9746b1-979d-43ad-b52a-a9c47dada09f,None,None,1,52,1,[],None,None
EXPLOIT_VULN,514.0774571076929,527.0498445297651,12.972387422072188,2,fc9746b1-979d-43ad-b52a-a9c47dada09f,None,None,1,53,1,[],None,None
EXPLOIT_VULN,527.0498445297651,544.468009830393,17.418165300627948,2,fc9746b1-979d-43ad-b52a-a9c47dada09f,None,None,1,54,1,[],None,None
EXPLOIT_VULN,544.468009830393,550.3377313676968,5.869721537303803,2,fc9746b1-979d-43ad-b52a-a9c47dada09f,None,None,1,55,1,[],None,None
EXPLOIT_VULN,550.3377313676968,559.1652992435259,8.827567875829004,2,fc9746b1-979d-43ad-b52a-a9c47dada09f,None,None,1,56,1,[],None,None
EXPLOIT_VULN,559.1652992435259,567.3374215478522,8.172122304326308,2,fc9746b1-979d-43ad-b52a-a9c47dada09f,None,None,1,57,1,[],None,None
EXPLOIT_VULN,567.3374215478522,581.6856941125321,14.348272564679974,2,fc9746b1-979d-43ad-b52a-a9c47dada09f,None,None,1,58,1,[],None,None
EXPLOIT_VULN,581.6856941125321,589.3779745638035,7.692280451271358,2,fc9746b1-979d-43ad-b52a-a9c47dada09f,None,None,1,59,1,[],None,None
EXPLOIT_VULN,589.3779745638035,608.9224419195809,19.544467355777442,2,fc9746b1-979d-43ad-b52a-a9c47dada09f,None,None,1,60,1,[],None,None
EXPLOIT_VULN,608.9224419195809,612.0344916832146,3.1120497636336495,2,fc9746b1-979d-43ad-b52a-a9c47dada09f,None,None,1,61,1,[],None,None
BRUTE_FORCE,612.0344916832146,632.0344916832146,20.0,2,fc9746b1-979d-43ad-b52a-a9c47dada09f,None,None,1,62,1,[],None,None
ENUM_HOST,632.0344916832146,637.0344916832146,5.0,2,fc9746b1-979d-43ad-b52a-a9c47dada09f,None,None,1,62,1,[],None,None
SCAN_PORT,637.0344916832146,662.0344916832146,25.0,3,8c890e99-f923-4b5e-bb8f-4015806e2f2e,None,None,1,62,1,[],None,None
EXPLOIT_VULN,662.0344916832146,663.6148063081973,1.5803146249827478,3,8c890e99-f923-4b5e-bb8f-4015806e2f2e,None,None,1,62,1,[],None,None
EXPLOIT_VULN,663.6148063081973,664.8922632109487,1.2774569027513962,3,8c890e99-f923-4b5e-bb8f-4015806e2f2e,None,None,1,63,1,[],None,None
EXPLOIT_VULN,664.8922632109487,668.3795059217756,3.4872427108268766,3,8c890e99-f923-4b5e-bb8f-4015806e2f2e,None,None,1,64,1,[],None,None
EXPLOIT_VULN,668.3795059217756,670.197374046623,1.8178681248474504,3,8c890e99-f923-4b5e-bb8f-4015806e2f2e,None,None,1,65,1,[],None,None
EXPLOIT_VULN,670.197374046623,674.8573342565817,4.659960209958626,3,8c890e99-f923-4b5e-bb8f-4015806e2f2e,None,None,1,66,1,[],None,None
EXPLOIT_VULN,674.8573342565817,680.0977768799742,5.240442623392482,3,8c890e99-f923-4b5e-bb8f-4015806e2f2e,None,None,1,67,1,[],None,None
EXPLOIT_VULN,680.0977768799742,683.1814739594157,3.0836970794415492,3,8c890e99-f923-4b5e-bb8f-4015806e2f2e,None,None,1,68,1,[],None,None
EXPLOIT_VULN,683.1814739594157,688.8544636509172,5.672989691501471,3,8c890e99-f923-4b5e-bb8f-4015806e2f2e,None,None,1,69,1,[],None,None
EXPLOIT_VULN,688.8544636509172,695.6371638205885,6.78270016967133,3,8c890e99-f923-4b5e-bb8f-4015806e2f2e,None,None,1,70,1,[],None,None
EXPLOIT_VULN,695.6371638205885,702.1977992869599,6.560635466371423,3,8c890e99-f923-4b5e-bb8f-4015806e2f2e,None,None,1,71,1,[],None,None
EXPLOIT_VULN,702.1977992869599,704.7805328361878,2.582733549227896,3,8c890e99-f923-4b5e-bb8f-4015806e2f2e,None,None,1,72,1,[],None,None
EXPLOIT_VULN,704.7805328361878,711.0896743110094,6.309141474821558,3,8c890e99-f923-4b5e-bb8f-4015806e2f2e,None,None,1,73,1,[],None,None
EXPLOIT_VULN,711.0896743110094,716.637292774381,5.5476184633715775,3,8c890e99-f923-4b5e-bb8f-4015806e2f2e,None,None,1,74,1,[],None,None
EXPLOIT_VULN,716.637292774381,722.1798756555836,5.542582881202634,3,8c890e99-f923-4b5e-bb8f-4015806e2f2e,None,None,1,75,1,[],None,None
EXPLOIT_VULN,722.1798756555836,723.8424078473598,1.6625321917762221,3,8c890e99-f923-4b5e-bb8f-4015806e2f2e,None,None,1,76,1,[],None,None
EXPLOIT_VULN,723.8424078473598,725.0212964106943,1.1788885633344535,3,8c890e99-f923-4b5e-bb8f-4015806e2f2e,None,None,1,77,1,[],None,None
EXPLOIT_VULN,725.0212964106943,728.9899203641687,3.9686239534744345,3,8c890e99-f923-4b5e-bb8f-4015806e2f2e,None,None,1,78,1,[],None,None
EXPLOIT_VULN,728.9899203641687,738.6307114068594,9.640791042690694,3,8c890e99-f923-4b5e-bb8f-4015806e2f2e,None,None,1,79,1,[],None,None
EXPLOIT_VULN,738.6307114068594,741.0854038780145,2.454692471155113,3,8c890e99-f923-4b5e-bb8f-4015806e2f2e,None,None,1,80,1,[],None,None
EXPLOIT_VULN,741.0854038780145,749.114178472005,8.028774593990534,3,8c890e99-f923-4b5e-bb8f-4015806e2f2e,None,None,1,81,1,[],None,None
EXPLOIT_VULN,749.114178472005,751.7429360959495,2.628757623944466,3,8c890e99-f923-4b5e-bb8f-4015806e2f2e,None,None,1,82,1,[],None,None
EXPLOIT_VULN,751.7429360959495,760.714360304127,8.971424208177496,3,8c890e99-f923-4b5e-bb8f-4015806e2f2e,None,None,1,83,1,[],None,None
EXPLOIT_VULN,760.714360304127,765.5954578092858,4.8810975051587775,3,8c890e99-f923-4b5e-bb8f-4015806e2f2e,None,None,1,84,1,[],None,None
EXPLOIT_VULN,765.5954578092858,769.1915756477047,3.596117838418877,3,8c890e99-f923-4b5e-bb8f-4015806e2f2e,None,None,1,85,1,[],None,None
EXPLOIT_VULN,769.1915756477047,781.7660389752342,12.574463327529543,3,8c890e99-f923-4b5e-bb8f-4015806e2f2e,None,None,1,86,1,[],None,None
EXPLOIT_VULN,781.7660389752342,786.5379838311835,4.7719448559493,3,8c890e99-f923-4b5e-bb8f-4015806e2f2e,None,None,1,87,1,[],None,None
EXPLOIT_VULN,786.5379838311835,790.9766419795342,4.438658148350669,3,8c890e99-f923-4b5e-bb8f-4015806e2f2e,None,None,1,88,1,[],None,None
EXPLOIT_VULN,790.9766419795342,804.999560814553,14.0229188350188,3,8c890e99-f923-4b5e-bb8f-4015806e2f2e,None,None,1,89,1,[],None,None
EXPLOIT_VULN,804.999560814553,819.3234144388083,14.323853624255321,3,8c890e99-f923-4b5e-bb8f-4015806e2f2e,None,None,1,90,1,[],None,None
EXPLOIT_VULN,819.3234144388083,834.7033143941414,15.379899955333144,3,8c890e99-f923-4b5e-bb8f-4015806e2f2e,None,None,1,91,1,[],None,None
EXPLOIT_VULN,834.7033143941414,841.5281272104672,6.824812816325789,3,8c890e99-f923-4b5e-bb8f-4015806e2f2e,None,None,1,92,1,[],None,None
EXPLOIT_VULN,841.5281272104672,847.0203794798384,5.492252269371193,3,8c890e99-f923-4b5e-bb8f-4015806e2f2e,None,None,1,93,1,[],None,None
EXPLOIT_VULN,847.0203794798384,852.1712398996905,5.150860419852052,3,8c890e99-f923-4b5e-bb8f-4015806e2f2e,None,None,1,94,1,[],None,None
EXPLOIT_VULN,852.1712398996905,857.4849135528401,5.313673653149635,3,8c890e99-f923-4b5e-bb8f-4015806e2f2e,None,None,1,95,1,[],None,None
EXPLOIT_VULN,857.4849135528401,865.134107104711,7.649193551870894,3,8c890e99-f923-4b5e-bb8f-4015806e2f2e,None,None,1,96,1,[],None,None
EXPLOIT_VULN,865.134107104711,871.9813115474249,6.84720444271386,3,8c890e99-f923-4b5e-bb8f-4015806e2f2e,None,None,1,97,1,[],None,None
EXPLOIT_VULN,871.9813115474249,892.5345137078451,20.553202160420255,3,8c890e99-f923-4b5e-bb8f-4015806e2f2e,None,None,1,98,1,[],None,None
EXPLOIT_VULN,892.5345137078451,896.6226237854581,4.08811007761301,3,8c890e99-f923-4b5e-bb8f-4015806e2f2e,None,None,1,99,1,[],None,None
EXPLOIT_VULN,896.6226237854581,915.5886763921884,18.966052606730273,3,8c890e99-f923-4b5e-bb8f-4015806e2f2e,None,None,1,100,1,[],None,None
EXPLOIT_VULN,915.5886763921884,924.8416593455336,9.252982953345168,3,8c890e99-f923-4b5e-bb8f-4015806e2f2e,None,None,1,101,1,[],None,None
EXPLOIT_VULN,924.8416593455336,931.3843408596207,6.542681514087121,3,8c890e99-f923-4b5e-bb8f-4015806e2f2e,None,None,1,102,1,[],None,None
EXPLOIT_VULN,931.3843408596207,941.0228564421305,9.638515582509854,3,8c890e99-f923-4b5e-bb8f-4015806e2f2e,None,None,1,103,1,[],None,None
BRUTE_FORCE,941.0228564421305,961.0228564421305,20.0,3,8c890e99-f923-4b5e-bb8f-4015806e2f2e,None,None,1,104,1,[],None,None
ENUM_HOST,961.0228564421305,966.0228564421305,5.0,3,8c890e99-f923-4b5e-bb8f-4015806e2f2e,None,None,1,104,1,[],None,None
SCAN_PORT,966.0228564421305,991.0228564421305,25.0,4,26dfe85e-5208-4a6d-9ec2-b6eb7252ad0e,None,None,1,104,1,[],None,None
EXPLOIT_VULN,991.0228564421305,992.6320241386067,1.6091676964761064,4,26dfe85e-5208-4a6d-9ec2-b6eb7252ad0e,None,None,1,104,1,[],None,None
EXPLOIT_VULN,992.6320241386067,998.2029923183572,5.570968179750594,4,26dfe85e-5208-4a6d-9ec2-b6eb7252ad0e,None,None,1,105,1,[],None,None
EXPLOIT_VULN,998.2029923183572,1004.5566889333516,6.3536966149943055,4,26dfe85e-5208-4a6d-9ec2-b6eb7252ad0e,None,None,1,106,1,[],None,None
EXPLOIT_VULN,1004.5566889333516,1010.1296625110429,5.5729735776913,4,26dfe85e-5208-4a6d-9ec2-b6eb7252ad0e,None,None,1,107,1,[],None,None
EXPLOIT_VULN,1010.1296625110429,1020.5788399660407,10.44917745499788,4,26dfe85e-5208-4a6d-9ec2-b6eb7252ad0e,None,None,1,108,1,[],None,None
EXPLOIT_VULN,1020.5788399660407,1024.7752955161757,4.196455550134942,4,26dfe85e-5208-4a6d-9ec2-b6eb7252ad0e,None,None,1,109,1,[],None,None
EXPLOIT_VULN,1024.7752955161757,1028.3992613723867,3.6239658562110435,4,26dfe85e-5208-4a6d-9ec2-b6eb7252ad0e,None,None,1,110,1,[],None,None
EXPLOIT_VULN,1028.3992613723867,1031.6966156305007,3.2973542581139554,4,26dfe85e-5208-4a6d-9ec2-b6eb7252ad0e,None,None,1,111,1,[],None,None
EXPLOIT_VULN,1031.6966156305007,1036.168488479572,4.47187284907136,4,26dfe85e-5208-4a6d-9ec2-b6eb7252ad0e,None,None,1,112,1,[],None,None
EXPLOIT_VULN,1036.168488479572,1050.5212396840993,14.352751204527294,4,26dfe85e-5208-4a6d-9ec2-b6eb7252ad0e,None,None,1,113,1,[],None,None
EXPLOIT_VULN,1050.5212396840993,1057.7495554835557,7.228315799456368,4,26dfe85e-5208-4a6d-9ec2-b6eb7252ad0e,None,None,1,114,1,[],None,None
EXPLOIT_VULN,1057.7495554835557,1062.531811035397,4.782255551841217,4,26dfe85e-5208-4a6d-9ec2-b6eb7252ad0e,None,None,1,115,1,[],None,None
EXPLOIT_VULN,1062.531811035397,1069.6153895823704,7.083578546973513,4,26dfe85e-5208-4a6d-9ec2-b6eb7252ad0e,None,None,1,116,1,[],None,None
EXPLOIT_VULN,1069.6153895823704,1074.9664875258882,5.351097943517743,4,26dfe85e-5208-4a6d-9ec2-b6eb7252ad0e,None,None,1,117,1,[],None,None
EXPLOIT_VULN,1074.9664875258882,1083.2339907184262,8.267503192538015,4,26dfe85e-5208-4a6d-9ec2-b6eb7252ad0e,None,None,1,118,1,[],None,None
EXPLOIT_VULN,1083.2339907184262,1090.7576547813208,7.523664062894568,4,26dfe85e-5208-4a6d-9ec2-b6eb7252ad0e,None,None,1,119,1,[],None,None
EXPLOIT_VULN,1090.7576547813208,1096.468181643797,5.710526862476172,4,26dfe85e-5208-4a6d-9ec2-b6eb7252ad0e,None,None,1,120,1,[],None,None
EXPLOIT_VULN,1096.468181643797,1102.84451982195,6.3763381781529915,4,26dfe85e-5208-4a6d-9ec2-b6eb7252ad0e,None,None,1,121,1,[],None,None
EXPLOIT_VULN,1102.84451982195,1112.7658831708147,9.921363348864816,4,26dfe85e-5208-4a6d-9ec2-b6eb7252ad0e,None,None,1,122,1,[],None,None
EXPLOIT_VULN,1112.7658831708147,1122.4452147098307,9.679331539015948,4,26dfe85e-5208-4a6d-9ec2-b6eb7252ad0e,None,None,1,123,1,[],None,None
EXPLOIT_VULN,1122.4452147098307,1131.2124256359218,8.767210926091138,4,26dfe85e-5208-4a6d-9ec2-b6eb7252ad0e,None,None,1,124,1,[],None,None
EXPLOIT_VULN,1131.2124256359218,1140.2602056370552,9.047780001133333,4,26dfe85e-5208-4a6d-9ec2-b6eb7252ad0e,None,None,1,125,1,[],None,None
EXPLOIT_VULN,1140.2602056370552,1148.3180492425156,8.057843605460448,4,26dfe85e-5208-4a6d-9ec2-b6eb7252ad0e,None,None,1,126,1,[],None,None
EXPLOIT_VULN,1148.3180492425156,1156.2740932394702,7.956043996954577,4,26dfe85e-5208-4a6d-9ec2-b6eb7252ad0e,None,None,1,127,1,[],None,None
EXPLOIT_VULN,1156.2740932394702,1163.3676961634255,7.093602923955359,4,26dfe85e-5208-4a6d-9ec2-b6eb7252ad0e,None,None,1,128,1,[],None,None
EXPLOIT_VULN,1163.3676961634255,1170.6069238480256,7.23922768460011,4,26dfe85e-5208-4a6d-9ec2-b6eb7252ad0e,None,None,1,129,1,[],None,None
EXPLOIT_VULN,1170.6069238480256,1174.7415088582509,4.134585010225237,4,26dfe85e-5208-4a6d-9ec2-b6eb7252ad0e,None,None,1,130,1,[],None,None
EXPLOIT_VULN,1174.7415088582509,1183.8389598107772,9.097450952526287,4,26dfe85e-5208-4a6d-9ec2-b6eb7252ad0e,None,None,1,131,1,[],None,None
BRUTE_FORCE,1183.8389598107772,1203.8389598107772,20.0,4,26dfe85e-5208-4a6d-9ec2-b6eb7252ad0e,None,None,1,132,1,[],None,None
SCAN_HOST,1203.8389598107772,1208.8389598107772,5.0,4,26dfe85e-5208-4a6d-9ec2-b6eb7252ad0e,None,None,1,132,1,[],None,None
ENUM_HOST,1208.8389598107772,1213.8389598107772,5.0,4,26dfe85e-5208-4a6d-9ec2-b6eb7252ad0e,None,None,1,132,1,[],None,None
SCAN_PORT,1213.8389598107772,1238.8389598107772,25.0,18,0e1965b7-58a3-4660-92a6-422c5c49cf70,None,None,2,132,1,[],None,None
EXPLOIT_VULN,1238.8389598107772,1242.7883116988278,3.9493518880506144,18,0e1965b7-58a3-4660-92a6-422c5c49cf70,None,None,2,132,1,[],None,None
EXPLOIT_VULN,1242.7883116988278,1249.7916680045012,7.003356305673378,18,0e1965b7-58a3-4660-92a6-422c5c49cf70,None,None,2,133,1,[],None,None
EXPLOIT_VULN,1249.7916680045012,1270.9205587297133,21.12889072521216,18,0e1965b7-58a3-4660-92a6-422c5c49cf70,None,None,2,134,1,[],None,None
EXPLOIT_VULN,1270.9205587297133,1291.9894705263978,21.06891179668446,18,0e1965b7-58a3-4660-92a6-422c5c49cf70,None,None,2,135,1,[],None,None
EXPLOIT_VULN,1291.9894705263978,1299.4270749732866,7.437604446888827,18,0e1965b7-58a3-4660-92a6-422c5c49cf70,None,None,2,136,1,[],None,None
EXPLOIT_VULN,1299.4270749732866,1308.856806130653,9.429731157366405,18,0e1965b7-58a3-4660-92a6-422c5c49cf70,None,None,2,137,1,[],None,None
EXPLOIT_VULN,1308.856806130653,1327.107009743384,18.250203612730957,18,0e1965b7-58a3-4660-92a6-422c5c49cf70,None,None,2,138,1,[],None,None
EXPLOIT_VULN,1327.107009743384,1335.9617601982527,8.854750454868736,18,0e1965b7-58a3-4660-92a6-422c5c49cf70,None,None,2,139,1,[],None,None
EXPLOIT_VULN,1335.9617601982527,1357.5997898360235,21.638029637770842,18,0e1965b7-58a3-4660-92a6-422c5c49cf70,None,None,2,140,1,[],None,None
EXPLOIT_VULN,1357.5997898360235,1362.7750137909215,5.1752239548980015,18,0e1965b7-58a3-4660-92a6-422c5c49cf70,None,None,2,141,1,[],None,None
EXPLOIT_VULN,1362.7750137909215,1370.0635029566452,7.288489165723604,18,0e1965b7-58a3-4660-92a6-422c5c49cf70,None,None,2,142,1,[],None,None
EXPLOIT_VULN,1370.0635029566452,1377.7314871084525,7.667984151807332,18,0e1965b7-58a3-4660-92a6-422c5c49cf70,None,None,2,143,1,[],None,None
EXPLOIT_VULN,1377.7314871084525,1399.111975239449,21.380488130996582,18,0e1965b7-58a3-4660-92a6-422c5c49cf70,None,None,2,144,1,[],None,None
EXPLOIT_VULN,1399.111975239449,1420.6124932728453,21.500518033396247,18,0e1965b7-58a3-4660-92a6-422c5c49cf70,None,None,2,145,1,[],None,None
EXPLOIT_VULN,1420.6124932728453,1426.5865372099818,5.974043937136457,18,0e1965b7-58a3-4660-92a6-422c5c49cf70,None,None,2,146,1,[],None,None
BRUTE_FORCE,1426.5865372099818,1446.5865372099818,20.0,18,0e1965b7-58a3-4660-92a6-422c5c49cf70,None,None,2,147,1,[],None,None
ENUM_HOST,1446.5865372099818,1451.5865372099818,5.0,18,0e1965b7-58a3-4660-92a6-422c5c49cf70,None,None,2,147,1,[],None,None
SCAN_PORT,1451.5865372099818,1476.5865372099818,25.0,1,7fb9112a-44c7-4dc3-9f20-1507951ee638,None,None,2,147,1,[],None,None
EXPLOIT_VULN,1476.5865372099818,1477.939764158414,1.353226948432166,1,7fb9112a-44c7-4dc3-9f20-1507951ee638,None,None,2,147,1,[],None,None
EXPLOIT_VULN,1477.939764158414,1480.6504705984762,2.7107064400622676,1,7fb9112a-44c7-4dc3-9f20-1507951ee638,None,None,2,148,1,[],None,None
EXPLOIT_VULN,1480.6504705984762,1488.635551692258,7.985081093781901,1,7fb9112a-44c7-4dc3-9f20-1507951ee638,None,None,2,149,1,[],None,None
EXPLOIT_VULN,1488.635551692258,1491.1882139689005,2.5526622766424225,1,7fb9112a-44c7-4dc3-9f20-1507951ee638,None,None,2,150,1,[],None,None
EXPLOIT_VULN,1491.1882139689005,1498.8414302055548,7.653216236654316,1,7fb9112a-44c7-4dc3-9f20-1507951ee638,None,None,2,151,1,[],None,None
EXPLOIT_VULN,1498.8414302055548,1501.8109484815498,2.969518275994915,1,7fb9112a-44c7-4dc3-9f20-1507951ee638,None,None,2,152,1,[],None,None
EXPLOIT_VULN,1501.8109484815498,1507.761197271196,5.950248789646139,1,7fb9112a-44c7-4dc3-9f20-1507951ee638,None,None,2,153,1,[],None,None
EXPLOIT_VULN,1507.761197271196,1515.4196432560789,7.658445984882974,1,7fb9112a-44c7-4dc3-9f20-1507951ee638,None,None,2,154,1,[],None,None
EXPLOIT_VULN,1515.4196432560789,1521.9013550198597,6.481711763780822,1,7fb9112a-44c7-4dc3-9f20-1507951ee638,None,None,2,155,1,[],None,None
BRUTE_FORCE,1521.9013550198597,1541.9013550198597,20.0,1,7fb9112a-44c7-4dc3-9f20-1507951ee638,None,None,2,156,1,[],None,None
ENUM_HOST,1541.9013550198597,1546.9013550198597,5.0,1,7fb9112a-44c7-4dc3-9f20-1507951ee638,None,None,2,156,1,[],None,None
SCAN_PORT,1546.9013550198597,1571.9013550198597,25.0,2,fc9746b1-979d-43ad-b52a-a9c47dada09f,None,None,2,156,1,[],None,None
EXPLOIT_VULN,1571.9013550198597,1578.6183165110297,6.716961491169968,2,fc9746b1-979d-43ad-b52a-a9c47dada09f,None,None,2,156,1,[],None,None
EXPLOIT_VULN,1578.6183165110297,1585.133432641251,6.515116130221259,2,fc9746b1-979d-43ad-b52a-a9c47dada09f,None,None,2,157,1,[],None,None
EXPLOIT_VULN,1585.133432641251,1598.5223495408648,13.388916899613832,2,fc9746b1-979d-43ad-b52a-a9c47dada09f,None,None,2,158,1,[],None,None
EXPLOIT_VULN,1598.5223495408648,1606.8358927838606,8.31354324299582,2,fc9746b1-979d-43ad-b52a-a9c47dada09f,None,None,2,159,1,[],None,None
EXPLOIT_VULN,1606.8358927838606,1624.0020394146513,17.166146630790763,2,fc9746b1-979d-43ad-b52a-a9c47dada09f,None,None,2,160,1,[],None,None
EXPLOIT_VULN,1624.0020394146513,1629.6885012998412,5.6864618851898285,2,fc9746b1-979d-43ad-b52a-a9c47dada09f,None,None,2,161,1,[],None,None
EXPLOIT_VULN,1629.6885012998412,1637.9366284498024,8.248127149961192,2,fc9746b1-979d-43ad-b52a-a9c47dada09f,None,None,2,162,1,[],None,None
EXPLOIT_VULN,1637.9366284498024,1643.934367667403,5.997739217600611,2,fc9746b1-979d-43ad-b52a-a9c47dada09f,None,None,2,163,1,[],None,None
EXPLOIT_VULN,1643.934367667403,1651.8480683697264,7.913700702323467,2,fc9746b1-979d-43ad-b52a-a9c47dada09f,None,None,2,164,1,[],None,None
EXPLOIT_VULN,1651.8480683697264,1666.3095591090632,14.461490739336796,2,fc9746b1-979d-43ad-b52a-a9c47dada09f,None,None,2,165,1,[],None,None
EXPLOIT_VULN,1666.3095591090632,1686.3307445354774,20.02118542641415,2,fc9746b1-979d-43ad-b52a-a9c47dada09f,None,None,2,166,1,[],None,None
EXPLOIT_VULN,1686.3307445354774,1692.0015415636703,5.670797028192965,2,fc9746b1-979d-43ad-b52a-a9c47dada09f,None,None,2,167,1,[],None,None
BRUTE_FORCE,1692.0015415636703,1712.0015415636703,20.0,2,fc9746b1-979d-43ad-b52a-a9c47dada09f,None,None,2,168,1,[],None,None
ENUM_HOST,1712.0015415636703,1717.0015415636703,5.0,2,fc9746b1-979d-43ad-b52a-a9c47dada09f,None,None,2,168,1,[],None,None
SCAN_PORT,1717.0015415636703,1742.0015415636703,25.0,3,8c890e99-f923-4b5e-bb8f-4015806e2f2e,None,None,2,168,1,[],None,None
EXPLOIT_VULN,1742.0015415636703,1743.1026702533695,1.1011286896991805,3,8c890e99-f923-4b5e-bb8f-4015806e2f2e,None,None,2,168,1,[],None,None
EXPLOIT_VULN,1743.1026702533695,1744.6549351176309,1.5522648642613603,3,8c890e99-f923-4b5e-bb8f-4015806e2f2e,None,None,2,169,1,[],None,None
EXPLOIT_VULN,1744.6549351176309,1749.1237966427807,4.468861525149805,3,8c890e99-f923-4b5e-bb8f-4015806e2f2e,None,None,2,170,1,[],None,None
EXPLOIT_VULN,1749.1237966427807,1754.4292359522246,5.305439309443955,3,8c890e99-f923-4b5e-bb8f-4015806e2f2e,None,None,2,171,1,[],None,None
EXPLOIT_VULN,1754.4292359522246,1758.5423448025729,4.113108850348226,3,8c890e99-f923-4b5e-bb8f-4015806e2f2e,None,None,2,172,1,[],None,None
EXPLOIT_VULN,1758.5423448025729,1764.8908392778221,6.348494475249254,3,8c890e99-f923-4b5e-bb8f-4015806e2f2e,None,None,2,173,1,[],None,None
EXPLOIT_VULN,1764.8908392778221,1771.6535651014037,6.762725823581604,3,8c890e99-f923-4b5e-bb8f-4015806e2f2e,None,None,2,174,1,[],None,None
EXPLOIT_VULN,1771.6535651014037,1777.8864917668213,6.232926665417608,3,8c890e99-f923-4b5e-bb8f-4015806e2f2e,None,None,2,175,1,[],None,None
EXPLOIT_VULN,1777.8864917668213,1784.825651386295,6.939159619473685,3,8c890e99-f923-4b5e-bb8f-4015806e2f2e,None,None,2,176,1,[],None,None
EXPLOIT_VULN,1784.825651386295,1790.278718258737,5.453066872441923,3,8c890e99-f923-4b5e-bb8f-4015806e2f2e,None,None,2,177,1,[],None,None
EXPLOIT_VULN,1790.278718258737,1791.753307172707,1.4745889139701376,3,8c890e99-f923-4b5e-bb8f-4015806e2f2e,None,None,2,178,1,[],None,None
EXPLOIT_VULN,1791.753307172707,1801.0537301580953,9.300422985388195,3,8c890e99-f923-4b5e-bb8f-4015806e2f2e,None,None,2,179,1,[],None,None
EXPLOIT_VULN,1801.0537301580953,1803.685828825609,2.6320986675136737,3,8c890e99-f923-4b5e-bb8f-4015806e2f2e,None,None,2,180,1,[],None,None
EXPLOIT_VULN,1803.685828825609,1805.5880641439387,1.9022353183297582,3,8c890e99-f923-4b5e-bb8f-4015806e2f2e,None,None,2,181,1,[],None,None
EXPLOIT_VULN,1805.5880641439387,1813.6932098388963,8.105145694957628,3,8c890e99-f923-4b5e-bb8f-4015806e2f2e,None,None,2,182,1,[],None,None
EXPLOIT_VULN,1813.6932098388963,1822.1369777377874,8.44376789889111,3,8c890e99-f923-4b5e-bb8f-4015806e2f2e,None,None,2,183,1,[],None,None
EXPLOIT_VULN,1822.1369777377874,1825.193170200047,3.0561924622595598,3,8c890e99-f923-4b5e-bb8f-4015806e2f2e,None,None,2,184,1,[],None,None
EXPLOIT_VULN,1825.193170200047,1829.1343024194182,3.941132219371184,3,8c890e99-f923-4b5e-bb8f-4015806e2f2e,None,None,2,185,1,[],None,None
EXPLOIT_VULN,1829.1343024194182,1842.49887112996,13.36456871054179,3,8c890e99-f923-4b5e-bb8f-4015806e2f2e,None,None,2,186,1,[],None,None
EXPLOIT_VULN,1842.49887112996,1847.2519141936534,4.75304306369344,3,8c890e99-f923-4b5e-bb8f-4015806e2f2e,None,None,2,187,1,[],None,None
EXPLOIT_VULN,1847.2519141936534,1862.2332975303686,14.981383336715226,3,8c890e99-f923-4b5e-bb8f-4015806e2f2e,None,None,2,188,1,[],None,None
EXPLOIT_VULN,1862.2332975303686,1876.2076997261122,13.97440219574355,3,8c890e99-f923-4b5e-bb8f-4015806e2f2e,None,None,2,189,1,[],None,None
EXPLOIT_VULN,1876.2076997261122,1882.266314220764,6.058614494651692,3,8c890e99-f923-4b5e-bb8f-4015806e2f2e,None,None,2,190,1,[],None,None
EXPLOIT_VULN,1882.266314220764,1898.1802513344524,15.913937113688462,3,8c890e99-f923-4b5e-bb8f-4015806e2f2e,None,None,2,191,1,[],None,None
EXPLOIT_VULN,1898.1802513344524,1906.7116860740105,8.531434739558108,3,8c890e99-f923-4b5e-bb8f-4015806e2f2e,None,None,2,192,1,[],None,None
EXPLOIT_VULN,1906.7116860740105,1916.1419813139225,9.430295239912084,3,8c890e99-f923-4b5e-bb8f-4015806e2f2e,None,None,2,193,1,[],None,None
EXPLOIT_VULN,1916.1419813139225,1923.4468728579757,7.304891544053135,3,8c890e99-f923-4b5e-bb8f-4015806e2f2e,None,None,2,194,1,[],None,None
EXPLOIT_VULN,1923.4468728579757,1929.2670818597721,5.8202090017964565,3,8c890e99-f923-4b5e-bb8f-4015806e2f2e,None,None,2,195,1,[],None,None
EXPLOIT_VULN,1929.2670818597721,1937.6738079068898,8.406726047117672,3,8c890e99-f923-4b5e-bb8f-4015806e2f2e,None,None,2,196,1,[],None,None
EXPLOIT_VULN,1937.6738079068898,1958.2797550545438,20.60594714765398,3,8c890e99-f923-4b5e-bb8f-4015806e2f2e,None,None,2,197,1,[],None,None
EXPLOIT_VULN,1958.2797550545438,1964.2192223153734,5.939467260829588,3,8c890e99-f923-4b5e-bb8f-4015806e2f2e,None,None,2,198,1,[],None,None
EXPLOIT_VULN,1964.2192223153734,1982.93392696777,18.714704652396676,3,8c890e99-f923-4b5e-bb8f-4015806e2f2e,None,None,2,199,1,[],None,None
EXPLOIT_VULN,1982.93392696777,2005.4459382448786,22.512011277108513,3,8c890e99-f923-4b5e-bb8f-4015806e2f2e,None,None,2,200,1,[],None,None
EXPLOIT_VULN,2005.4459382448786,2029.9513728119732,24.505434567094653,3,8c890e99-f923-4b5e-bb8f-4015806e2f2e,None,None,2,201,1,[],None,None
EXPLOIT_VULN,2029.9513728119732,2037.5147745182983,7.563401706325067,3,8c890e99-f923-4b5e-bb8f-4015806e2f2e,None,None,2,202,1,[],None,None
EXPLOIT_VULN,2037.5147745182983,2054.9752187405334,17.460444222235083,3,8c890e99-f923-4b5e-bb8f-4015806e2f2e,None,None,2,203,1,[],None,None
EXPLOIT_VULN,2054.9752187405334,2061.2930964550087,6.317877714475344,3,8c890e99-f923-4b5e-bb8f-4015806e2f2e,None,None,2,204,1,[],None,None
EXPLOIT_VULN,2061.2930964550087,2069.143755401291,7.850658946282238,3,8c890e99-f923-4b5e-bb8f-4015806e2f2e,None,None,2,205,1,[],None,None
EXPLOIT_VULN,2069.143755401291,2074.0626156575954,4.91886025630447,3,8c890e99-f923-4b5e-bb8f-4015806e2f2e,None,None,2,206,1,[],None,None
EXPLOIT_VULN,2074.0626156575954,2082.5978709700835,8.535255312488061,3,8c890e99-f923-4b5e-bb8f-4015806e2f2e,None,None,2,207,1,[],None,None
EXPLOIT_VULN,2082.5978709700835,2106.7825446786255,24.18467370854205,3,8c890e99-f923-4b5e-bb8f-4015806e2f2e,None,None,2,208,1,[],None,None
EXPLOIT_VULN,2106.7825446786255,2114.3051655519453,7.522620873319738,3,8c890e99-f923-4b5e-bb8f-4015806e2f2e,None,None,2,209,1,[],None,None
EXPLOIT_VULN,2114.3051655519453,2115.9260596969725,1.6208941450272505,3,8c890e99-f923-4b5e-bb8f-4015806e2f2e,None,None,2,210,1,[],None,None
EXPLOIT_VULN,2115.9260596969725,2122.5970214240724,6.670961727099893,3,8c890e99-f923-4b5e-bb8f-4015806e2f2e,None,None,2,211,1,[],None,None
EXPLOIT_VULN,2122.5970214240724,2130.939079392218,8.342057968145582,3,8c890e99-f923-4b5e-bb8f-4015806e2f2e,None,None,2,212,1,[],None,None
EXPLOIT_VULN,2130.939079392218,2137.730448243999,6.791368851781044,3,8c890e99-f923-4b5e-bb8f-4015806e2f2e,None,None,2,213,1,[],None,None
EXPLOIT_VULN,2137.730448243999,2145.388787681969,7.658339437969971,3,8c890e99-f923-4b5e-bb8f-4015806e2f2e,3,8c890e99-f923-4b5e-bb8f-4015806e2f2e,2,214,1,"['Jemie', 'Audry', 'Dione', 'Dorree']",None,None
SCAN_NEIGHBOR,2145.388787681969,2150.388787681969,5.0,3,8c890e99-f923-4b5e-bb8f-4015806e2f2e,None,None,2,215,2,[],None,None
ENUM_HOST,2150.388787681969,2155.388787681969,5.0,3,8c890e99-f923-4b5e-bb8f-4015806e2f2e,None,None,2,215,2,[],None,None
SCAN_PORT,2155.388787681969,2180.388787681969,25.0,6,62721611-be02-4151-883b-83d394161d97,None,None,1,215,2,[],None,None
EXPLOIT_VULN,2180.388787681969,2180.675219523329,0.2864318413598994,6,62721611-be02-4151-883b-83d394161d97,None,None,1,215,2,[],None,None
EXPLOIT_VULN,2180.675219523329,2182.0013892990196,1.326169775690687,6,62721611-be02-4151-883b-83d394161d97,None,None,1,216,2,[],None,None
EXPLOIT_VULN,2182.0013892990196,2183.496999742898,1.4956104438783768,6,62721611-be02-4151-883b-83d394161d97,None,None,1,217,2,[],None,None
EXPLOIT_VULN,2183.496999742898,2188.4098319376953,4.9128321947973745,6,62721611-be02-4151-883b-83d394161d97,None,None,1,218,2,[],None,None
EXPLOIT_VULN,2188.4098319376953,2193.1831446474866,4.773312709791298,6,62721611-be02-4151-883b-83d394161d97,None,None,1,219,2,[],None,None
EXPLOIT_VULN,2193.1831446474866,2196.5280765019734,3.344931854486731,6,62721611-be02-4151-883b-83d394161d97,None,None,1,220,2,[],None,None
EXPLOIT_VULN,2196.5280765019734,2197.5576643296145,1.0295878276410804,6,62721611-be02-4151-883b-83d394161d97,None,None,1,221,2,[],None,None
EXPLOIT_VULN,2197.5576643296145,2205.543624950776,7.9859606211616665,6,62721611-be02-4151-883b-83d394161d97,None,None,1,222,2,[],None,None
EXPLOIT_VULN,2205.543624950776,2213.967794959766,8.424170008989677,6,62721611-be02-4151-883b-83d394161d97,None,None,1,223,2,[],None,None
EXPLOIT_VULN,2213.967794959766,2217.457032367725,3.489237407959081,6,62721611-be02-4151-883b-83d394161d97,None,None,1,224,2,[],None,None
EXPLOIT_VULN,2217.457032367725,2226.798918850662,9.341886482937298,6,62721611-be02-4151-883b-83d394161d97,None,None,1,225,2,[],None,None
EXPLOIT_VULN,2226.798918850662,2229.528986326298,2.7300674756356784,6,62721611-be02-4151-883b-83d394161d97,None,None,1,226,2,[],None,None
EXPLOIT_VULN,2229.528986326298,2235.0712830659063,5.542296739608446,6,62721611-be02-4151-883b-83d394161d97,None,None,1,227,2,[],None,None
EXPLOIT_VULN,2235.0712830659063,2237.7396621991347,2.6683791332284272,6,62721611-be02-4151-883b-83d394161d97,None,None,1,228,2,[],None,None
EXPLOIT_VULN,2237.7396621991347,2240.2341472878225,2.494485088687725,6,62721611-be02-4151-883b-83d394161d97,None,None,1,229,2,[],None,None
EXPLOIT_VULN,2240.2341472878225,2252.725342882275,12.49119559445262,6,62721611-be02-4151-883b-83d394161d97,None,None,1,230,2,[],None,None
EXPLOIT_VULN,2252.725342882275,2265.661205688819,12.93586280654381,6,62721611-be02-4151-883b-83d394161d97,None,None,1,231,2,[],None,None
EXPLOIT_VULN,2265.661205688819,2267.3213531724637,1.6601474836447778,6,62721611-be02-4151-883b-83d394161d97,None,None,1,232,2,[],None,None
EXPLOIT_VULN,2267.3213531724637,2276.573046439409,9.251693266945495,6,62721611-be02-4151-883b-83d394161d97,None,None,1,233,2,[],None,None
EXPLOIT_VULN,2276.573046439409,2279.9274150471424,3.3543686077332495,6,62721611-be02-4151-883b-83d394161d97,None,None,1,234,2,[],None,None
EXPLOIT_VULN,2279.9274150471424,2285.385604586781,5.458189539638624,6,62721611-be02-4151-883b-83d394161d97,None,None,1,235,2,[],None,None
EXPLOIT_VULN,2285.385604586781,2293.8513301268063,8.465725540025232,6,62721611-be02-4151-883b-83d394161d97,None,None,1,236,2,[],None,None
EXPLOIT_VULN,2293.8513301268063,2298.5355682986415,4.684238171835204,6,62721611-be02-4151-883b-83d394161d97,None,None,1,237,2,[],None,None
EXPLOIT_VULN,2298.5355682986415,2304.5696297819386,6.034061483297137,6,62721611-be02-4151-883b-83d394161d97,None,None,1,238,2,[],None,None
EXPLOIT_VULN,2304.5696297819386,2311.558943162662,6.989313380723615,6,62721611-be02-4151-883b-83d394161d97,None,None,1,239,2,[],None,None
EXPLOIT_VULN,2311.558943162662,2320.0631321246137,8.504188961951513,6,62721611-be02-4151-883b-83d394161d97,None,None,1,240,2,[],None,None
EXPLOIT_VULN,2320.0631321246137,2326.9525163216613,6.889384197047548,6,62721611-be02-4151-883b-83d394161d97,None,None,1,241,2,[],None,None
EXPLOIT_VULN,2326.9525163216613,2346.289191042601,19.336674720939754,6,62721611-be02-4151-883b-83d394161d97,None,None,1,242,2,[],None,None
EXPLOIT_VULN,2346.289191042601,2352.815155177922,6.525964135320919,6,62721611-be02-4151-883b-83d394161d97,None,None,1,243,2,[],None,None
EXPLOIT_VULN,2352.815155177922,2361.4795270793215,8.66437190139959,6,62721611-be02-4151-883b-83d394161d97,None,None,1,244,2,[],None,None
EXPLOIT_VULN,2361.4795270793215,2370.4390265731113,8.959499493789735,6,62721611-be02-4151-883b-83d394161d97,None,None,1,245,2,[],None,None
EXPLOIT_VULN,2370.4390265731113,2390.022315721852,19.583289148740732,6,62721611-be02-4151-883b-83d394161d97,None,None,1,246,2,[],None,None
EXPLOIT_VULN,2390.022315721852,2396.6471572977543,6.624841575902337,6,62721611-be02-4151-883b-83d394161d97,None,None,1,247,2,[],None,None
EXPLOIT_VULN,2396.6471572977543,2405.5387761548523,8.89161885709791,6,62721611-be02-4151-883b-83d394161d97,None,None,1,248,2,[],None,None
EXPLOIT_VULN,2405.5387761548523,2408.6766994153827,3.1379232605304423,6,62721611-be02-4151-883b-83d394161d97,None,None,1,249,2,[],None,None
BRUTE_FORCE,2408.6766994153827,2428.6766994153827,20.0,6,62721611-be02-4151-883b-83d394161d97,None,None,1,250,2,[],None,None
ENUM_HOST,2428.6766994153827,2433.6766994153827,5.0,6,62721611-be02-4151-883b-83d394161d97,None,None,1,250,2,[],None,None
SCAN_PORT,2433.6766994153827,2458.6766994153827,25.0,4,26dfe85e-5208-4a6d-9ec2-b6eb7252ad0e,None,None,2,250,2,[],None,None
EXPLOIT_VULN,2458.6766994153827,2464.2630095349823,5.586310119599602,4,26dfe85e-5208-4a6d-9ec2-b6eb7252ad0e,None,None,2,250,2,[],None,None
EXPLOIT_VULN,2464.2630095349823,2467.410109228347,3.1470996933649076,4,26dfe85e-5208-4a6d-9ec2-b6eb7252ad0e,None,None,2,251,2,[],None,None
EXPLOIT_VULN,2467.410109228347,2469.005171038604,1.5950618102569933,4,26dfe85e-5208-4a6d-9ec2-b6eb7252ad0e,None,None,2,252,2,[],None,None
EXPLOIT_VULN,2469.005171038604,2475.63210621905,6.626935180445798,4,26dfe85e-5208-4a6d-9ec2-b6eb7252ad0e,None,None,2,253,2,[],None,None
EXPLOIT_VULN,2475.63210621905,2480.9268126830807,5.294706464030696,4,26dfe85e-5208-4a6d-9ec2-b6eb7252ad0e,None,None,2,254,2,[],None,None
EXPLOIT_VULN,2480.9268126830807,2484.1238231333,3.1970104502192953,4,26dfe85e-5208-4a6d-9ec2-b6eb7252ad0e,None,None,2,255,2,[],None,None
EXPLOIT_VULN,2484.1238231333,2496.080614360496,11.956791227195936,4,26dfe85e-5208-4a6d-9ec2-b6eb7252ad0e,None,None,2,256,2,[],None,None
EXPLOIT_VULN,2496.080614360496,2511.6070850156675,15.526470655171579,4,26dfe85e-5208-4a6d-9ec2-b6eb7252ad0e,None,None,2,257,2,[],None,None
EXPLOIT_VULN,2511.6070850156675,2516.9080530974998,5.300968081832252,4,26dfe85e-5208-4a6d-9ec2-b6eb7252ad0e,None,None,2,258,2,[],None,None
EXPLOIT_VULN,2516.9080530974998,2521.560641999944,4.652588902444222,4,26dfe85e-5208-4a6d-9ec2-b6eb7252ad0e,None,None,2,259,2,[],None,None
EXPLOIT_VULN,2521.560641999944,2529.420582385018,7.859940385073969,4,26dfe85e-5208-4a6d-9ec2-b6eb7252ad0e,None,None,2,260,2,[],None,None
EXPLOIT_VULN,2529.420582385018,2535.163700312562,5.743117927544063,4,26dfe85e-5208-4a6d-9ec2-b6eb7252ad0e,None,None,2,261,2,[],None,None
EXPLOIT_VULN,2535.163700312562,2540.866025660415,5.70232534785282,4,26dfe85e-5208-4a6d-9ec2-b6eb7252ad0e,None,None,2,262,2,[],None,None
EXPLOIT_VULN,2540.866025660415,2547.254766362045,6.388740701630013,4,26dfe85e-5208-4a6d-9ec2-b6eb7252ad0e,None,None,2,263,2,[],None,None
EXPLOIT_VULN,2547.254766362045,2556.9142660202024,9.659499658157529,4,26dfe85e-5208-4a6d-9ec2-b6eb7252ad0e,None,None,2,264,2,[],None,None
EXPLOIT_VULN,2556.9142660202024,2579.816561745764,22.902295725561544,4,26dfe85e-5208-4a6d-9ec2-b6eb7252ad0e,None,None,2,265,2,[],None,None
EXPLOIT_VULN,2579.816561745764,2600.2750499136378,20.45848816787384,4,26dfe85e-5208-4a6d-9ec2-b6eb7252ad0e,None,None,2,266,2,[],None,None
EXPLOIT_VULN,2600.2750499136378,2608.645843010034,8.370793096396028,4,26dfe85e-5208-4a6d-9ec2-b6eb7252ad0e,None,None,2,267,2,[],None,None
EXPLOIT_VULN,2608.645843010034,2617.9590136887437,9.313170678709866,4,26dfe85e-5208-4a6d-9ec2-b6eb7252ad0e,None,None,2,268,2,[],None,None
EXPLOIT_VULN,2617.9590136887437,2626.700340747117,8.741327058373372,4,26dfe85e-5208-4a6d-9ec2-b6eb7252ad0e,None,None,2,269,2,[],None,None
EXPLOIT_VULN,2626.700340747117,2643.631843940863,16.93150319374581,4,26dfe85e-5208-4a6d-9ec2-b6eb7252ad0e,None,None,2,270,2,[],None,None
EXPLOIT_VULN,2643.631843940863,2651.822425126542,8.190581185679093,4,26dfe85e-5208-4a6d-9ec2-b6eb7252ad0e,None,None,2,271,2,[],None,None
EXPLOIT_VULN,2651.822425126542,2655.0551378542086,3.2327127276666943,4,26dfe85e-5208-4a6d-9ec2-b6eb7252ad0e,None,None,2,272,2,[],None,None
EXPLOIT_VULN,2655.0551378542086,2662.306536155074,7.251398300865276,4,26dfe85e-5208-4a6d-9ec2-b6eb7252ad0e,None,None,2,273,2,[],None,None
EXPLOIT_VULN,2662.306536155074,2666.555155694427,4.248619539353058,4,26dfe85e-5208-4a6d-9ec2-b6eb7252ad0e,None,None,2,274,2,[],None,None
EXPLOIT_VULN,2666.555155694427,2675.2629381761126,8.707782481685626,4,26dfe85e-5208-4a6d-9ec2-b6eb7252ad0e,4,26dfe85e-5208-4a6d-9ec2-b6eb7252ad0e,2,275,2,"['Chad', 'Ealasaid', 'Alfy', 'Korry', 'Andria']",None,None
SCAN_NEIGHBOR,2675.2629381761126,2680.2629381761126,5.0,4,26dfe85e-5208-4a6d-9ec2-b6eb7252ad0e,None,None,2,276,3,[],None,None
ENUM_HOST,2680.2629381761126,2685.2629381761126,5.0,4,26dfe85e-5208-4a6d-9ec2-b6eb7252ad0e,None,None,2,276,3,[],None,None
SCAN_PORT,2685.2629381761126,2710.2629381761126,25.0,10,d79c0963-4a36-42b2-9ec4-1e466a44227f,None,None,1,276,3,[],None,None
EXPLOIT_VULN,2710.2629381761126,2718.5437658855976,8.280827709485038,10,d79c0963-4a36-42b2-9ec4-1e466a44227f,None,None,1,276,3,[],None,None
EXPLOIT_VULN,2718.5437658855976,2724.1408372172336,5.597071331636016,10,d79c0963-4a36-42b2-9ec4-1e466a44227f,None,None,1,277,3,[],None,None
EXPLOIT_VULN,2724.1408372172336,2741.6677402055725,17.52690298833886,10,d79c0963-4a36-42b2-9ec4-1e466a44227f,None,None,1,278,3,[],None,None
EXPLOIT_VULN,2741.6677402055725,2744.575360565961,2.9076203603885915,10,d79c0963-4a36-42b2-9ec4-1e466a44227f,None,None,1,279,3,[],None,None
EXPLOIT_VULN,2744.575360565961,2761.850797863203,17.27543729724175,10,d79c0963-4a36-42b2-9ec4-1e466a44227f,None,None,1,280,3,[],None,None
EXPLOIT_VULN,2761.850797863203,2770.2824975895473,8.431699726344505,10,d79c0963-4a36-42b2-9ec4-1e466a44227f,None,None,1,281,3,[],None,None
BRUTE_FORCE,2770.2824975895473,2790.2824975895473,20.0,10,d79c0963-4a36-42b2-9ec4-1e466a44227f,None,None,1,282,3,[],None,None
SCAN_HOST,2790.2824975895473,2795.2824975895473,5.0,10,d79c0963-4a36-42b2-9ec4-1e466a44227f,None,None,1,282,3,[],None,None
ENUM_HOST,2795.2824975895473,2800.2824975895473,5.0,10,d79c0963-4a36-42b2-9ec4-1e466a44227f,None,None,1,282,3,[],None,None
SCAN_PORT,2800.2824975895473,2825.2824975895473,25.0,18,0e1965b7-58a3-4660-92a6-422c5c49cf70,None,None,3,282,3,[],None,None
EXPLOIT_VULN,2825.2824975895473,2828.9916474845713,3.709149895023984,18,0e1965b7-58a3-4660-92a6-422c5c49cf70,None,None,3,282,3,[],None,None
EXPLOIT_VULN,2828.9916474845713,2850.5846971379024,21.593049653331036,18,0e1965b7-58a3-4660-92a6-422c5c49cf70,None,None,3,283,3,[],None,None
EXPLOIT_VULN,2850.5846971379024,2871.6352171458307,21.0505200079283,18,0e1965b7-58a3-4660-92a6-422c5c49cf70,None,None,3,284,3,[],None,None
EXPLOIT_VULN,2871.6352171458307,2879.209647987384,7.574430841553294,18,0e1965b7-58a3-4660-92a6-422c5c49cf70,None,None,3,285,3,[],None,None
EXPLOIT_VULN,2879.209647987384,2896.3545811898266,17.144933202442644,18,0e1965b7-58a3-4660-92a6-422c5c49cf70,None,None,3,286,3,[],None,None
EXPLOIT_VULN,2896.3545811898266,2905.1675184253863,8.81293723555973,18,0e1965b7-58a3-4660-92a6-422c5c49cf70,None,None,3,287,3,[],None,None
EXPLOIT_VULN,2905.1675184253863,2927.8817096963594,22.71419127097306,18,0e1965b7-58a3-4660-92a6-422c5c49cf70,None,None,3,288,3,[],None,None
EXPLOIT_VULN,2927.8817096963594,2934.874508755995,6.992799059635672,18,0e1965b7-58a3-4660-92a6-422c5c49cf70,None,None,3,289,3,[],None,None
EXPLOIT_VULN,2934.874508755995,2944.6863779650657,9.811869209070665,18,0e1965b7-58a3-4660-92a6-422c5c49cf70,None,None,3,290,3,[],None,None
EXPLOIT_VULN,2944.6863779650657,2951.4904405813554,6.804062616289684,18,0e1965b7-58a3-4660-92a6-422c5c49cf70,None,None,3,291,3,[],None,None
EXPLOIT_VULN,2951.4904405813554,2972.820783890558,21.330343309202362,18,0e1965b7-58a3-4660-92a6-422c5c49cf70,None,None,3,292,3,[],None,None
EXPLOIT_VULN,2972.820783890558,2994.4503112210496,21.629527330491783,18,0e1965b7-58a3-4660-92a6-422c5c49cf70,None,None,3,293,3,[],None,None
BRUTE_FORCE,2994.4503112210496,3014.4503112210496,20.0,18,0e1965b7-58a3-4660-92a6-422c5c49cf70,None,None,3,294,3,[],None,None
ENUM_HOST,3014.4503112210496,3019.4503112210496,5.0,18,0e1965b7-58a3-4660-92a6-422c5c49cf70,None,None,3,294,3,[],None,None
SCAN_PORT,3019.4503112210496,3044.4503112210496,25.0,10,d79c0963-4a36-42b2-9ec4-1e466a44227f,None,None,2,294,3,[],None,None
EXPLOIT_VULN,3044.4503112210496,3053.1867403947062,8.736429173656688,10,d79c0963-4a36-42b2-9ec4-1e466a44227f,None,None,2,294,3,[],None,None
EXPLOIT_VULN,3053.1867403947062,3059.036509545809,5.849769151102919,10,d79c0963-4a36-42b2-9ec4-1e466a44227f,None,None,2,295,3,[],None,None
EXPLOIT_VULN,3059.036509545809,3076.442479481683,17.405969935874054,10,d79c0963-4a36-42b2-9ec4-1e466a44227f,None,None,2,296,3,[],None,None
EXPLOIT_VULN,3076.442479481683,3094.5480637952146,18.10558431353138,10,d79c0963-4a36-42b2-9ec4-1e466a44227f,None,None,2,297,3,[],None,None
BRUTE_FORCE,3094.5480637952146,3114.5480637952146,20.0,10,d79c0963-4a36-42b2-9ec4-1e466a44227f,None,None,2,298,3,[],None,None
ENUM_HOST,3114.5480637952146,3119.5480637952146,5.0,10,d79c0963-4a36-42b2-9ec4-1e466a44227f,None,None,2,298,3,[],None,None
SCAN_PORT,3119.5480637952146,3144.5480637952146,25.0,6,62721611-be02-4151-883b-83d394161d97,None,None,2,298,3,[],None,None
EXPLOIT_VULN,3144.5480637952146,3148.527419392632,3.9793555974174524,6,62721611-be02-4151-883b-83d394161d97,None,None,2,298,3,[],None,None
EXPLOIT_VULN,3148.527419392632,3152.974829671961,4.447410279328778,6,62721611-be02-4151-883b-83d394161d97,None,None,2,299,3,[],None,None
EXPLOIT_VULN,3152.974829671961,3155.5786050957877,2.6037754238268462,6,62721611-be02-4151-883b-83d394161d97,None,None,2,300,3,[],None,None
EXPLOIT_VULN,3155.5786050957877,3161.505974877607,5.92736978181938,6,62721611-be02-4151-883b-83d394161d97,None,None,2,301,3,[],None,None
EXPLOIT_VULN,3161.505974877607,3166.941580058662,5.4356051810550525,6,62721611-be02-4151-883b-83d394161d97,None,None,2,302,3,[],None,None
EXPLOIT_VULN,3166.941580058662,3174.504011379061,7.5624313203989,6,62721611-be02-4151-883b-83d394161d97,None,None,2,303,3,[],None,None
EXPLOIT_VULN,3174.504011379061,3182.9773060373054,8.473294658244413,6,62721611-be02-4151-883b-83d394161d97,None,None,2,304,3,[],None,None
EXPLOIT_VULN,3182.9773060373054,3193.6276322205154,10.650326183209927,6,62721611-be02-4151-883b-83d394161d97,None,None,2,305,3,[],None,None
EXPLOIT_VULN,3193.6276322205154,3201.5231093784278,7.89547715791241,6,62721611-be02-4151-883b-83d394161d97,None,None,2,306,3,[],None,None
EXPLOIT_VULN,3201.5231093784278,3207.0509417927874,5.5278324143596365,6,62721611-be02-4151-883b-83d394161d97,None,None,2,307,3,[],None,None
EXPLOIT_VULN,3207.0509417927874,3209.124842531409,2.0739007386214325,6,62721611-be02-4151-883b-83d394161d97,None,None,2,308,3,[],None,None
EXPLOIT_VULN,3209.124842531409,3212.189591014318,3.064748482909181,6,62721611-be02-4151-883b-83d394161d97,None,None,2,309,3,[],None,None
EXPLOIT_VULN,3212.189591014318,3224.831468862836,12.641877848518106,6,62721611-be02-4151-883b-83d394161d97,None,None,2,310,3,[],None,None
EXPLOIT_VULN,3224.831468862836,3238.3933492108717,13.56188034803563,6,62721611-be02-4151-883b-83d394161d97,None,None,2,311,3,[],None,None
EXPLOIT_VULN,3238.3933492108717,3242.641027839433,4.2476786285610615,6,62721611-be02-4151-883b-83d394161d97,None,None,2,312,3,[],None,None
EXPLOIT_VULN,3242.641027839433,3248.6326943530435,5.991666513610653,6,62721611-be02-4151-883b-83d394161d97,None,None,2,313,3,[],None,None
EXPLOIT_VULN,3248.6326943530435,3252.364434298781,3.731739945737445,6,62721611-be02-4151-883b-83d394161d97,None,None,2,314,3,[],None,None
EXPLOIT_VULN,3252.364434298781,3259.157659613478,6.793225314696883,6,62721611-be02-4151-883b-83d394161d97,None,None,2,315,3,[],None,None
EXPLOIT_VULN,3259.157659613478,3265.5130120327754,6.35535241929756,6,62721611-be02-4151-883b-83d394161d97,None,None,2,316,3,[],None,None
EXPLOIT_VULN,3265.5130120327754,3272.927109814435,7.4140977816596205,6,62721611-be02-4151-883b-83d394161d97,None,None,2,317,3,[],None,None
EXPLOIT_VULN,3272.927109814435,3287.227131528051,14.300021713615934,6,62721611-be02-4151-883b-83d394161d97,None,None,2,318,3,[],None,None
EXPLOIT_VULN,3287.227131528051,3294.4953314768723,7.268199948821348,6,62721611-be02-4151-883b-83d394161d97,None,None,2,319,3,[],None,None
EXPLOIT_VULN,3294.4953314768723,3302.7770638319535,8.281732355081203,6,62721611-be02-4151-883b-83d394161d97,None,None,2,320,3,[],None,None
EXPLOIT_VULN,3302.7770638319535,3307.7779290370777,5.000865205124228,6,62721611-be02-4151-883b-83d394161d97,None,None,2,321,3,[],None,None
EXPLOIT_VULN,3307.7779290370777,3315.892002930019,8.114073892941178,6,62721611-be02-4151-883b-83d394161d97,None,None,2,322,3,[],None,None
EXPLOIT_VULN,3315.892002930019,3324.2963501306526,8.404347200633765,6,62721611-be02-4151-883b-83d394161d97,None,None,2,323,3,[],None,None
EXPLOIT_VULN,3324.2963501306526,3331.3113523215197,7.015002190867108,6,62721611-be02-4151-883b-83d394161d97,None,None,2,324,3,[],None,None
EXPLOIT_VULN,3331.3113523215197,3350.481633997073,19.17028167555327,6,62721611-be02-4151-883b-83d394161d97,None,None,2,325,3,[],None,None
EXPLOIT_VULN,3350.481633997073,3357.5246619839486,7.043027986875586,6,62721611-be02-4151-883b-83d394161d97,None,None,2,326,3,[],None,None
EXPLOIT_VULN,3357.5246619839486,3375.454814046486,17.930152062537218,6,62721611-be02-4151-883b-83d394161d97,None,None,2,327,3,[],None,None
EXPLOIT_VULN,3375.454814046486,3395.1526150425834,19.697800996097612,6,62721611-be02-4151-883b-83d394161d97,None,None,2,328,3,[],None,None
EXPLOIT_VULN,3395.1526150425834,3413.472772355209,18.320157312625724,6,62721611-be02-4151-883b-83d394161d97,None,None,2,329,3,[],None,None
EXPLOIT_VULN,3413.472772355209,3420.7457488176897,7.272976462480528,6,62721611-be02-4151-883b-83d394161d97,None,None,2,330,3,[],None,None
EXPLOIT_VULN,3420.7457488176897,3426.3370596252425,5.591310807552873,6,62721611-be02-4151-883b-83d394161d97,None,None,2,331,3,[],None,None
EXPLOIT_VULN,3426.3370596252425,3433.506927844423,7.169868219180444,6,62721611-be02-4151-883b-83d394161d97,None,None,2,332,3,[],None,None
EXPLOIT_VULN,3433.506927844423,3442.265661976815,8.758734132391965,6,62721611-be02-4151-883b-83d394161d97,None,None,2,333,3,[],None,None
EXPLOIT_VULN,3442.265661976815,3445.893340115502,3.6276781386868606,6,62721611-be02-4151-883b-83d394161d97,None,None,2,334,3,[],None,None
EXPLOIT_VULN,3445.893340115502,3453.990479331866,8.097139216364212,6,62721611-be02-4151-883b-83d394161d97,None,None,2,335,3,[],None,None
EXPLOIT_VULN,3453.990479331866,3459.228662155886,5.238182824019987,6,62721611-be02-4151-883b-83d394161d97,None,None,2,336,3,[],None,None
EXPLOIT_VULN,3459.228662155886,3477.5659379656545,18.33727580976847,6,62721611-be02-4151-883b-83d394161d97,None,None,2,337,3,[],None,None
EXPLOIT_VULN,3477.5659379656545,3492.197717798294,14.631779832639495,6,62721611-be02-4151-883b-83d394161d97,None,None,2,338,3,[],None,None
EXPLOIT_VULN,3492.197717798294,3499.07398102138,6.876263223085971,6,62721611-be02-4151-883b-83d394161d97,6,62721611-be02-4151-883b-83d394161d97,2,339,3,"['Agretha', 'Susie', 'Vonnie', 'Bel', 'Edee']",None,None
SCAN_NEIGHBOR,3499.07398102138,3504.07398102138,5.0,6,62721611-be02-4151-883b-83d394161d97,None,None,2,340,4,[],None,None
ENUM_HOST,3504.07398102138,3509.07398102138,5.0,6,62721611-be02-4151-883b-83d394161d97,None,None,2,340,4,[],None,None
SCAN_PORT,3509.07398102138,3534.07398102138,25.0,24,e9bc77a2-2b34-4047-bde3-7181cf9dfd37,None,None,1,340,4,[],None,None
EXPLOIT_VULN,3534.07398102138,3534.9656547754225,0.8916737540425856,24,e9bc77a2-2b34-4047-bde3-7181cf9dfd37,None,None,1,340,4,[],None,None
EXPLOIT_VULN,3534.9656547754225,3535.531033055307,0.5653782798844986,24,e9bc77a2-2b34-4047-bde3-7181cf9dfd37,None,None,1,341,4,[],None,None
EXPLOIT_VULN,3535.531033055307,3536.3594832999183,0.8284502446113038,24,e9bc77a2-2b34-4047-bde3-7181cf9dfd37,None,None,1,342,4,[],None,None
EXPLOIT_VULN,3536.3594832999183,3537.7413723195,1.3818890195816493,24,e9bc77a2-2b34-4047-bde3-7181cf9dfd37,None,None,1,343,4,[],None,None
EXPLOIT_VULN,3537.7413723195,3547.473362328204,9.731990008704088,24,e9bc77a2-2b34-4047-bde3-7181cf9dfd37,None,None,1,344,4,[],None,None
EXPLOIT_VULN,3547.473362328204,3551.1840074565316,3.710645128327542,24,e9bc77a2-2b34-4047-bde3-7181cf9dfd37,None,None,1,345,4,[],None,None
EXPLOIT_VULN,3551.1840074565316,3552.6138295475475,1.4298220910159216,24,e9bc77a2-2b34-4047-bde3-7181cf9dfd37,None,None,1,346,4,[],None,None
EXPLOIT_VULN,3552.6138295475475,3557.673309885484,5.059480337936293,24,e9bc77a2-2b34-4047-bde3-7181cf9dfd37,None,None,1,347,4,[],None,None
EXPLOIT_VULN,3557.673309885484,3566.528793106915,8.855483221431314,24,e9bc77a2-2b34-4047-bde3-7181cf9dfd37,None,None,1,348,4,[],None,None
EXPLOIT_VULN,3566.528793106915,3581.514478304685,14.985685197769726,24,e9bc77a2-2b34-4047-bde3-7181cf9dfd37,None,None,1,349,4,[],None,None
EXPLOIT_VULN,3581.514478304685,3589.1381220959825,7.623643791297582,24,e9bc77a2-2b34-4047-bde3-7181cf9dfd37,None,None,1,350,4,[],None,None
EXPLOIT_VULN,3589.1381220959825,3600.5475379024806,11.409415806498146,24,e9bc77a2-2b34-4047-bde3-7181cf9dfd37,None,None,1,351,4,[],None,None
EXPLOIT_VULN,3600.5475379024806,3603.4848328838966,2.9372949814160165,24,e9bc77a2-2b34-4047-bde3-7181cf9dfd37,None,None,1,352,4,[],None,None
EXPLOIT_VULN,3603.4848328838966,3612.439259651633,8.95442676773655,24,e9bc77a2-2b34-4047-bde3-7181cf9dfd37,None,None,1,353,4,[],None,None
EXPLOIT_VULN,3612.439259651633,3632.611972632655,20.17271298102196,24,e9bc77a2-2b34-4047-bde3-7181cf9dfd37,None,None,1,354,4,[],None,None
EXPLOIT_VULN,3632.611972632655,3638.432862109352,5.8208894766967205,24,e9bc77a2-2b34-4047-bde3-7181cf9dfd37,None,None,1,355,4,[],None,None
EXPLOIT_VULN,3638.432862109352,3646.7699552461404,8.337093136788553,24,e9bc77a2-2b34-4047-bde3-7181cf9dfd37,None,None,1,356,4,[],None,None
EXPLOIT_VULN,3646.7699552461404,3656.197481110645,9.427525864504787,24,e9bc77a2-2b34-4047-bde3-7181cf9dfd37,None,None,1,357,4,[],None,None
EXPLOIT_VULN,3656.197481110645,3657.8028236946816,1.605342584036407,24,e9bc77a2-2b34-4047-bde3-7181cf9dfd37,None,None,1,358,4,[],None,None
EXPLOIT_VULN,3657.8028236946816,3673.0379887312974,15.235165036615854,24,e9bc77a2-2b34-4047-bde3-7181cf9dfd37,None,None,1,359,4,[],None,None
EXPLOIT_VULN,3673.0379887312974,3686.1173334298214,13.079344698523983,24,e9bc77a2-2b34-4047-bde3-7181cf9dfd37,None,None,1,360,4,[],None,None
EXPLOIT_VULN,3686.1173334298214,3694.0967737669635,7.979440337142023,24,e9bc77a2-2b34-4047-bde3-7181cf9dfd37,None,None,1,361,4,[],None,None
EXPLOIT_VULN,3694.0967737669635,3700.872960522883,6.776186755919753,24,e9bc77a2-2b34-4047-bde3-7181cf9dfd37,None,None,1,362,4,[],None,None
EXPLOIT_VULN,3700.872960522883,3710.012304596406,9.139344073522807,24,e9bc77a2-2b34-4047-bde3-7181cf9dfd37,None,None,1,363,4,[],None,None
EXPLOIT_VULN,3710.012304596406,3726.889902392733,16.87759779632688,24,e9bc77a2-2b34-4047-bde3-7181cf9dfd37,None,None,1,364,4,[],None,None
EXPLOIT_VULN,3726.889902392733,3748.763953668076,21.874051275342936,24,e9bc77a2-2b34-4047-bde3-7181cf9dfd37,None,None,1,365,4,[],None,None
EXPLOIT_VULN,3748.763953668076,3751.7044276877996,2.9404740197237516,24,e9bc77a2-2b34-4047-bde3-7181cf9dfd37,None,None,1,366,4,[],None,None
BRUTE_FORCE,3751.7044276877996,3771.7044276877996,20.0,24,e9bc77a2-2b34-4047-bde3-7181cf9dfd37,None,None,1,367,4,[],None,None
ENUM_HOST,3771.7044276877996,3776.7044276877996,5.0,24,e9bc77a2-2b34-4047-bde3-7181cf9dfd37,None,None,1,367,4,[],None,None
SCAN_PORT,3776.7044276877996,3801.7044276877996,25.0,26,39be024e-1617-4936-85db-d192be03a098,26,39be024e-1617-4936-85db-d192be03a098,1,367,4,"['Adara', 'Zelma']",None,None
SCAN_NEIGHBOR,3801.7044276877996,3806.7044276877996,5.0,26,39be024e-1617-4936-85db-d192be03a098,None,None,1,367,5,[],None,None
ENUM_HOST,3806.7044276877996,3811.7044276877996,5.0,26,39be024e-1617-4936-85db-d192be03a098,None,None,1,367,5,[],None,None
SCAN_PORT,3811.7044276877996,3836.7044276877996,25.0,33,efa10b4d-cbc9-4916-9ba8-a161ec9dd0f4,None,None,1,367,5,[],None,None
EXPLOIT_VULN,3836.7044276877996,3838.4375538471704,1.7331261593708405,33,efa10b4d-cbc9-4916-9ba8-a161ec9dd0f4,None,None,1,367,5,[],None,None
EXPLOIT_VULN,3838.4375538471704,3841.2165342975172,2.7789804503468076,33,efa10b4d-cbc9-4916-9ba8-a161ec9dd0f4,None,None,1,368,5,[],None,None
EXPLOIT_VULN,3841.2165342975172,3841.9070908551585,0.69055655764123,33,efa10b4d-cbc9-4916-9ba8-a161ec9dd0f4,None,None,1,369,5,[],None,None
EXPLOIT_VULN,3841.9070908551585,3845.6808637756835,3.7737729205250616,33,efa10b4d-cbc9-4916-9ba8-a161ec9dd0f4,None,None,1,370,5,[],None,None
EXPLOIT_VULN,3845.6808637756835,3849.3385528229783,3.6576890472947525,33,efa10b4d-cbc9-4916-9ba8-a161ec9dd0f4,None,None,1,371,5,[],None,None
EXPLOIT_VULN,3849.3385528229783,3854.3816452744495,5.043092451471239,33,efa10b4d-cbc9-4916-9ba8-a161ec9dd0f4,None,None,1,372,5,[],None,None
EXPLOIT_VULN,3854.3816452744495,3863.7786918166103,9.397046542160751,33,efa10b4d-cbc9-4916-9ba8-a161ec9dd0f4,None,None,1,373,5,[],None,None
EXPLOIT_VULN,3863.7786918166103,3880.3978908036624,16.619198987052187,33,efa10b4d-cbc9-4916-9ba8-a161ec9dd0f4,None,None,1,374,5,[],None,None
EXPLOIT_VULN,3880.3978908036624,3899.24317466728,18.845283863617624,33,efa10b4d-cbc9-4916-9ba8-a161ec9dd0f4,None,None,1,375,5,[],None,None
BRUTE_FORCE,3899.24317466728,3919.24317466728,20.0,33,efa10b4d-cbc9-4916-9ba8-a161ec9dd0f4,None,None,1,376,5,[],None,None
ENUM_HOST,3919.24317466728,3924.24317466728,5.0,33,efa10b4d-cbc9-4916-9ba8-a161ec9dd0f4,None,None,1,376,5,[],None,None
SCAN_PORT,3924.24317466728,3949.24317466728,25.0,24,e9bc77a2-2b34-4047-bde3-7181cf9dfd37,None,None,2,376,5,[],None,None
EXPLOIT_VULN,3949.24317466728,3949.4451196545347,0.20194498725459198,24,e9bc77a2-2b34-4047-bde3-7181cf9dfd37,None,None,2,376,5,[],None,None
EXPLOIT_VULN,3949.4451196545347,3949.801571225819,0.3564515712841967,24,e9bc77a2-2b34-4047-bde3-7181cf9dfd37,None,None,2,377,5,[],None,None
EXPLOIT_VULN,3949.801571225819,3952.5872159613964,2.7856447355775344,24,e9bc77a2-2b34-4047-bde3-7181cf9dfd37,None,None,2,378,5,[],None,None
EXPLOIT_VULN,3952.5872159613964,3954.3972823356003,1.8100663742038705,24,e9bc77a2-2b34-4047-bde3-7181cf9dfd37,None,None,2,379,5,[],None,None
EXPLOIT_VULN,3954.3972823356003,3963.4767603255405,9.079477989940187,24,e9bc77a2-2b34-4047-bde3-7181cf9dfd37,None,None,2,380,5,[],None,None
EXPLOIT_VULN,3963.4767603255405,3966.6442313307266,3.167471005186144,24,e9bc77a2-2b34-4047-bde3-7181cf9dfd37,None,None,2,381,5,[],None,None
EXPLOIT_VULN,3966.6442313307266,3968.9297418493798,2.2855105186531546,24,e9bc77a2-2b34-4047-bde3-7181cf9dfd37,None,None,2,382,5,[],None,None
EXPLOIT_VULN,3968.9297418493798,3984.4198044743507,15.49006262497096,24,e9bc77a2-2b34-4047-bde3-7181cf9dfd37,None,None,2,383,5,[],None,None
EXPLOIT_VULN,3984.4198044743507,3989.7086845582585,5.28888008390777,24,e9bc77a2-2b34-4047-bde3-7181cf9dfd37,None,None,2,384,5,[],None,None
EXPLOIT_VULN,3989.7086845582585,4007.37551349869,17.666828940431515,24,e9bc77a2-2b34-4047-bde3-7181cf9dfd37,None,None,2,385,5,[],None,None
EXPLOIT_VULN,4007.37551349869,4015.9130313127107,8.537517814020703,24,e9bc77a2-2b34-4047-bde3-7181cf9dfd37,None,None,2,386,5,[],None,None
EXPLOIT_VULN,4015.9130313127107,4030.505726422666,14.592695109955457,24,e9bc77a2-2b34-4047-bde3-7181cf9dfd37,None,None,2,387,5,[],None,None
EXPLOIT_VULN,4030.505726422666,4038.0219896421418,7.516263219475604,24,e9bc77a2-2b34-4047-bde3-7181cf9dfd37,None,None,2,388,5,[],None,None
EXPLOIT_VULN,4038.0219896421418,4049.1861618841963,11.16417224205452,24,e9bc77a2-2b34-4047-bde3-7181cf9dfd37,None,None,2,389,5,[],None,None
EXPLOIT_VULN,4049.1861618841963,4055.5865261744307,6.400364290234393,24,e9bc77a2-2b34-4047-bde3-7181cf9dfd37,None,None,2,390,5,[],None,None
EXPLOIT_VULN,4055.5865261744307,4064.986633913645,9.40010773921449,24,e9bc77a2-2b34-4047-bde3-7181cf9dfd37,None,None,2,391,5,[],None,None
EXPLOIT_VULN,4064.986633913645,4084.7474078708765,19.760773957231322,24,e9bc77a2-2b34-4047-bde3-7181cf9dfd37,None,None,2,392,5,[],None,None
EXPLOIT_VULN,4084.7474078708765,4090.4176357048414,5.670227833964873,24,e9bc77a2-2b34-4047-bde3-7181cf9dfd37,None,None,2,393,5,[],None,None
EXPLOIT_VULN,4090.4176357048414,4105.374686412673,14.957050707831968,24,e9bc77a2-2b34-4047-bde3-7181cf9dfd37,None,None,2,394,5,[],None,None
EXPLOIT_VULN,4105.374686412673,4118.414849906812,13.040163494139051,24,e9bc77a2-2b34-4047-bde3-7181cf9dfd37,None,None,2,395,5,[],None,None
EXPLOIT_VULN,4118.414849906812,4127.53781057547,9.12296066865747,24,e9bc77a2-2b34-4047-bde3-7181cf9dfd37,None,None,2,396,5,[],None,None
EXPLOIT_VULN,4127.53781057547,4145.176590049313,17.638779473842987,24,e9bc77a2-2b34-4047-bde3-7181cf9dfd37,None,None,2,397,5,[],None,None
EXPLOIT_VULN,4145.176590049313,4166.579381948712,21.402791899398835,24,e9bc77a2-2b34-4047-bde3-7181cf9dfd37,None,None,2,398,5,[],None,None
EXPLOIT_VULN,4166.579381948712,4169.612925376824,3.0335434281123526,24,e9bc77a2-2b34-4047-bde3-7181cf9dfd37,24,e9bc77a2-2b34-4047-bde3-7181cf9dfd37,2,399,5,"['Annamaria', 'Pearla', 'Wendie', 'Bernetta']",None,None
SCAN_NEIGHBOR,4169.612925376824,4174.612925376824,5.0,24,e9bc77a2-2b34-4047-bde3-7181cf9dfd37,None,None,2,400,6,[],None,None
ENUM_HOST,4174.612925376824,4179.612925376824,5.0,24,e9bc77a2-2b34-4047-bde3-7181cf9dfd37,None,None,2,400,6,[],None,None
ENUM_HOST,4179.612925376824,4184.612925376824,5.0,26,39be024e-1617-4936-85db-d192be03a098,None,None,2,400,6,[],None,None
ENUM_HOST,4184.612925376824,4189.612925376824,5.0,6,62721611-be02-4151-883b-83d394161d97,None,None,3,400,6,[],None,None
SCAN_PORT,4189.612925376824,4214.612925376824,25.0,11,1c46076f-ea2d-4800-9a61-c6d6398aa328,None,None,1,400,6,[],None,None
EXPLOIT_VULN,4214.612925376824,4215.839792014348,1.2268666375239263,11,1c46076f-ea2d-4800-9a61-c6d6398aa328,None,None,1,400,6,[],None,None
EXPLOIT_VULN,4215.839792014348,4219.721255974723,3.8814639603751857,11,1c46076f-ea2d-4800-9a61-c6d6398aa328,None,None,1,401,6,[],None,None
EXPLOIT_VULN,4219.721255974723,4222.049507549007,2.328251574283968,11,1c46076f-ea2d-4800-9a61-c6d6398aa328,None,None,1,402,6,[],None,None
EXPLOIT_VULN,4222.049507549007,4233.498420288269,11.448912739261687,11,1c46076f-ea2d-4800-9a61-c6d6398aa328,None,None,1,403,6,[],None,None
EXPLOIT_VULN,4233.498420288269,4249.434278136848,15.935857848578962,11,1c46076f-ea2d-4800-9a61-c6d6398aa328,None,None,1,404,6,[],None,None
EXPLOIT_VULN,4249.434278136848,4267.274482795348,17.840204658500625,11,1c46076f-ea2d-4800-9a61-c6d6398aa328,None,None,1,405,6,[],None,None
EXPLOIT_VULN,4267.274482795348,4285.517205562091,18.24272276674219,11,1c46076f-ea2d-4800-9a61-c6d6398aa328,None,None,1,406,6,[],None,None
EXPLOIT_VULN,4285.517205562091,4294.458771994151,8.941566432060426,11,1c46076f-ea2d-4800-9a61-c6d6398aa328,None,None,1,407,6,[],None,None
BRUTE_FORCE,4294.458771994151,4314.458771994151,20.0,11,1c46076f-ea2d-4800-9a61-c6d6398aa328,None,None,1,408,6,[],None,None
ENUM_HOST,4314.458771994151,4319.458771994151,5.0,11,1c46076f-ea2d-4800-9a61-c6d6398aa328,None,None,1,408,6,[],None,None
SCAN_PORT,4319.458771994151,4344.458771994151,25.0,22,07f44fbe-e0a6-466b-a44d-49027332a3e2,None,None,1,408,6,[],None,None
EXPLOIT_VULN,4344.458771994151,4345.640780876947,1.1820088827962536,22,07f44fbe-e0a6-466b-a44d-49027332a3e2,None,None,1,408,6,[],None,None
EXPLOIT_VULN,4345.640780876947,4345.927897669811,0.287116792863344,22,07f44fbe-e0a6-466b-a44d-49027332a3e2,None,None,1,409,6,[],None,None
EXPLOIT_VULN,4345.927897669811,4349.035800874588,3.107903204777358,22,07f44fbe-e0a6-466b-a44d-49027332a3e2,None,None,1,410,6,[],None,None
EXPLOIT_VULN,4349.035800874588,4352.68325542799,3.6474545534019853,22,07f44fbe-e0a6-466b-a44d-49027332a3e2,None,None,1,411,6,[],None,None
EXPLOIT_VULN,4352.68325542799,4354.07385776818,1.3906023401896164,22,07f44fbe-e0a6-466b-a44d-49027332a3e2,None,None,1,412,6,[],None,None
EXPLOIT_VULN,4354.07385776818,4357.3117893547205,3.237931586540981,22,07f44fbe-e0a6-466b-a44d-49027332a3e2,None,None,1,413,6,[],None,None
EXPLOIT_VULN,4357.3117893547205,4366.643212268595,9.331422913874121,22,07f44fbe-e0a6-466b-a44d-49027332a3e2,None,None,1,414,6,[],None,None
EXPLOIT_VULN,4366.643212268595,4367.727151449505,1.08393918091042,22,07f44fbe-e0a6-466b-a44d-49027332a3e2,None,None,1,415,6,[],None,None
EXPLOIT_VULN,4367.727151449505,4373.046840331781,5.319688882275841,22,07f44fbe-e0a6-466b-a44d-49027332a3e2,None,None,1,416,6,[],None,None
EXPLOIT_VULN,4373.046840331781,4375.4923265214875,2.445486189706571,22,07f44fbe-e0a6-466b-a44d-49027332a3e2,None,None,1,417,6,[],None,None
EXPLOIT_VULN,4375.4923265214875,4377.461380637832,1.9690541163445232,22,07f44fbe-e0a6-466b-a44d-49027332a3e2,None,None,1,418,6,[],None,None
EXPLOIT_VULN,4377.461380637832,4388.140095892205,10.678715254372946,22,07f44fbe-e0a6-466b-a44d-49027332a3e2,None,None,1,419,6,[],None,None
EXPLOIT_VULN,4388.140095892205,4396.283266365052,8.143170472847487,22,07f44fbe-e0a6-466b-a44d-49027332a3e2,None,None,1,420,6,[],None,None
EXPLOIT_VULN,4396.283266365052,4412.693467875339,16.410201510286242,22,07f44fbe-e0a6-466b-a44d-49027332a3e2,None,None,1,421,6,[],None,None
EXPLOIT_VULN,4412.693467875339,4431.37903852414,18.68557064880133,22,07f44fbe-e0a6-466b-a44d-49027332a3e2,None,None,1,422,6,[],None,None
EXPLOIT_VULN,4431.37903852414,4440.615854099273,9.236815575132823,22,07f44fbe-e0a6-466b-a44d-49027332a3e2,None,None,1,423,6,[],None,None
EXPLOIT_VULN,4440.615854099273,4445.196786741893,4.58093264262061,22,07f44fbe-e0a6-466b-a44d-49027332a3e2,None,None,1,424,6,[],None,None
EXPLOIT_VULN,4445.196786741893,4464.000804187942,18.80401744604842,22,07f44fbe-e0a6-466b-a44d-49027332a3e2,None,None,1,425,6,[],None,None
EXPLOIT_VULN,4464.000804187942,4470.447806146194,6.447001958252258,22,07f44fbe-e0a6-466b-a44d-49027332a3e2,None,None,1,426,6,[],None,None
EXPLOIT_VULN,4470.447806146194,4476.766590822588,6.318784676393989,22,07f44fbe-e0a6-466b-a44d-49027332a3e2,None,None,1,427,6,[],None,None
EXPLOIT_VULN,4476.766590822588,4486.265303427088,9.498712604499815,22,07f44fbe-e0a6-466b-a44d-49027332a3e2,None,None,1,428,6,[],None,None
EXPLOIT_VULN,4486.265303427088,4493.2464270294995,6.9811236024115715,22,07f44fbe-e0a6-466b-a44d-49027332a3e2,None,None,1,429,6,[],None,None
EXPLOIT_VULN,4493.2464270294995,4511.9275857694,18.68115873990064,22,07f44fbe-e0a6-466b-a44d-49027332a3e2,None,None,1,430,6,[],None,None
EXPLOIT_VULN,4511.9275857694,4525.327896371106,13.400310601706224,22,07f44fbe-e0a6-466b-a44d-49027332a3e2,None,None,1,431,6,[],None,None
BRUTE_FORCE,4525.327896371106,4545.327896371106,20.0,22,07f44fbe-e0a6-466b-a44d-49027332a3e2,None,None,1,432,6,[],None,None
ENUM_HOST,4545.327896371106,4550.327896371106,5.0,22,07f44fbe-e0a6-466b-a44d-49027332a3e2,None,None,1,432,6,[],None,None
SCAN_PORT,4550.327896371106,4575.327896371106,25.0,28,ad047b0e-c6c5-4bc8-881f-0593fcffe3e0,None,None,1,432,6,[],None,None
EXPLOIT_VULN,4575.327896371106,4576.063662412065,0.7357660409588789,28,ad047b0e-c6c5-4bc8-881f-0593fcffe3e0,None,None,1,432,6,[],None,None
EXPLOIT_VULN,4576.063662412065,4583.217232469089,7.153570057023899,28,ad047b0e-c6c5-4bc8-881f-0593fcffe3e0,None,None,1,433,6,[],None,None
EXPLOIT_VULN,4583.217232469089,4586.061862261441,2.8446297923519523,28,ad047b0e-c6c5-4bc8-881f-0593fcffe3e0,None,None,1,434,6,[],None,None
EXPLOIT_VULN,4586.061862261441,4596.100333168404,10.038470906963084,28,ad047b0e-c6c5-4bc8-881f-0593fcffe3e0,None,None,1,435,6,[],None,None
EXPLOIT_VULN,4596.100333168404,4606.612791286847,10.512458118442737,28,ad047b0e-c6c5-4bc8-881f-0593fcffe3e0,None,None,1,436,6,[],None,None
EXPLOIT_VULN,4606.612791286847,4608.7244324944995,2.1116412076526103,28,ad047b0e-c6c5-4bc8-881f-0593fcffe3e0,None,None,1,437,6,[],None,None
EXPLOIT_VULN,4608.7244324944995,4623.190102729949,14.46567023544958,28,ad047b0e-c6c5-4bc8-881f-0593fcffe3e0,None,None,1,438,6,[],None,None
EXPLOIT_VULN,4623.190102729949,4629.913116103123,6.723013373173671,28,ad047b0e-c6c5-4bc8-881f-0593fcffe3e0,None,None,1,439,6,[],None,None
EXPLOIT_VULN,4629.913116103123,4636.5025147996985,6.589398696575699,28,ad047b0e-c6c5-4bc8-881f-0593fcffe3e0,None,None,1,440,6,[],None,None
EXPLOIT_VULN,4636.5025147996985,4655.179852487436,18.677337687737236,28,ad047b0e-c6c5-4bc8-881f-0593fcffe3e0,None,None,1,441,6,[],None,None
EXPLOIT_VULN,4655.179852487436,4661.68329414056,6.503441653124355,28,ad047b0e-c6c5-4bc8-881f-0593fcffe3e0,None,None,1,442,6,[],None,None
EXPLOIT_VULN,4661.68329414056,4668.152552401545,6.469258260985043,28,ad047b0e-c6c5-4bc8-881f-0593fcffe3e0,None,None,1,443,6,[],None,None
EXPLOIT_VULN,4668.152552401545,4687.52683306727,19.374280665724655,28,ad047b0e-c6c5-4bc8-881f-0593fcffe3e0,None,None,1,444,6,[],None,None
EXPLOIT_VULN,4687.52683306727,4693.998764820546,6.471931753276294,28,ad047b0e-c6c5-4bc8-881f-0593fcffe3e0,None,None,1,445,6,[],None,None
EXPLOIT_VULN,4693.998764820546,4702.106467691477,8.107702870930552,28,ad047b0e-c6c5-4bc8-881f-0593fcffe3e0,None,None,1,446,6,[],None,None
EXPLOIT_VULN,4702.106467691477,4710.331020644461,8.224552952984595,28,ad047b0e-c6c5-4bc8-881f-0593fcffe3e0,None,None,1,447,6,[],None,None
EXPLOIT_VULN,4710.331020644461,4719.039947963525,8.70892731906406,28,ad047b0e-c6c5-4bc8-881f-0593fcffe3e0,None,None,1,448,6,[],None,None
EXPLOIT_VULN,4719.039947963525,4728.094306294909,9.05435833138381,28,ad047b0e-c6c5-4bc8-881f-0593fcffe3e0,None,None,1,449,6,[],None,None
EXPLOIT_VULN,4728.094306294909,4734.738808768578,6.644502473668581,28,ad047b0e-c6c5-4bc8-881f-0593fcffe3e0,None,None,1,450,6,[],None,None
EXPLOIT_VULN,4734.738808768578,4747.364153864426,12.625345095848388,28,ad047b0e-c6c5-4bc8-881f-0593fcffe3e0,28,ad047b0e-c6c5-4bc8-881f-0593fcffe3e0,1,451,6,"['Justine', 'Emili', 'Samantha']",None,None
SCAN_NEIGHBOR,4747.364153864426,4752.364153864426,5.0,28,ad047b0e-c6c5-4bc8-881f-0593fcffe3e0,None,None,1,452,7,[],None,None
ENUM_HOST,4752.364153864426,4757.364153864426,5.0,28,ad047b0e-c6c5-4bc8-881f-0593fcffe3e0,None,None,1,452,7,[],None,None
ENUM_HOST,4757.364153864426,4762.364153864426,5.0,24,e9bc77a2-2b34-4047-bde3-7181cf9dfd37,None,None,3,452,7,[],None,None
SCAN_PORT,4762.364153864426,4787.364153864426,25.0,12,59b42036-d1d0-4af9-9416-7937abf6b940,12,59b42036-d1d0-4af9-9416-7937abf6b940,1,452,7,"['Mina', 'Lezlie', 'Clemmie']",None,None
SCAN_NEIGHBOR,4787.364153864426,4792.364153864426,5.0,12,59b42036-d1d0-4af9-9416-7937abf6b940,None,None,1,452,8,[],None,None
ENUM_HOST,4792.364153864426,4797.364153864426,5.0,12,59b42036-d1d0-4af9-9416-7937abf6b940,None,None,1,452,8,[],None,None
ENUM_HOST,4797.364153864426,4802.364153864426,5.0,24,e9bc77a2-2b34-4047-bde3-7181cf9dfd37,None,None,4,452,8,[],None,None
SCAN_PORT,4802.364153864426,4827.364153864426,25.0,11,1c46076f-ea2d-4800-9a61-c6d6398aa328,None,None,2,452,8,[],None,None
EXPLOIT_VULN,4827.364153864426,4827.801824037596,0.4376701731698631,11,1c46076f-ea2d-4800-9a61-c6d6398aa328,None,None,2,452,8,[],None,None
EXPLOIT_VULN,4827.801824037596,4840.947022169081,13.145198131484904,11,1c46076f-ea2d-4800-9a61-c6d6398aa328,None,None,2,453,8,[],None,None
EXPLOIT_VULN,4840.947022169081,4861.120153669133,20.173131500052477,11,1c46076f-ea2d-4800-9a61-c6d6398aa328,None,None,2,454,8,[],None,None
EXPLOIT_VULN,4861.120153669133,4877.106314152583,15.986160483449567,11,1c46076f-ea2d-4800-9a61-c6d6398aa328,None,None,2,455,8,[],None,None
EXPLOIT_VULN,4877.106314152583,4895.3575461332275,18.25123198064466,11,1c46076f-ea2d-4800-9a61-c6d6398aa328,None,None,2,456,8,[],None,None
EXPLOIT_VULN,4895.3575461332275,4914.417560503678,19.060014370450517,11,1c46076f-ea2d-4800-9a61-c6d6398aa328,None,None,2,457,8,[],None,None
EXPLOIT_VULN,4914.417560503678,4923.238292542544,8.820732038865572,11,1c46076f-ea2d-4800-9a61-c6d6398aa328,None,None,2,458,8,[],None,None
BRUTE_FORCE,4923.238292542544,4943.238292542544,20.0,11,1c46076f-ea2d-4800-9a61-c6d6398aa328,None,None,2,459,8,[],None,None
ENUM_HOST,4943.238292542544,4948.238292542544,5.0,11,1c46076f-ea2d-4800-9a61-c6d6398aa328,None,None,2,459,8,[],None,None
SCAN_PORT,4948.238292542544,4973.238292542544,25.0,33,efa10b4d-cbc9-4916-9ba8-a161ec9dd0f4,None,None,2,459,8,[],None,None
EXPLOIT_VULN,4973.238292542544,4973.433683523851,0.1953909813073551,33,efa10b4d-cbc9-4916-9ba8-a161ec9dd0f4,None,None,2,459,8,[],None,None
EXPLOIT_VULN,4973.433683523851,4974.328144478413,0.8944609545624189,33,efa10b4d-cbc9-4916-9ba8-a161ec9dd0f4,None,None,2,460,8,[],None,None
EXPLOIT_VULN,4974.328144478413,4976.036143639353,1.7079991609398348,33,efa10b4d-cbc9-4916-9ba8-a161ec9dd0f4,None,None,2,461,8,[],None,None
EXPLOIT_VULN,4976.036143639353,4979.82551711107,3.7893734717172265,33,efa10b4d-cbc9-4916-9ba8-a161ec9dd0f4,None,None,2,462,8,[],None,None
EXPLOIT_VULN,4979.82551711107,4983.643587485732,3.818070374661147,33,efa10b4d-cbc9-4916-9ba8-a161ec9dd0f4,None,None,2,463,8,[],None,None
EXPLOIT_VULN,4983.643587485732,4987.37037561198,3.726788126248721,33,efa10b4d-cbc9-4916-9ba8-a161ec9dd0f4,None,None,2,464,8,[],None,None
EXPLOIT_VULN,4987.37037561198,4995.567623595065,8.197247983084708,33,efa10b4d-cbc9-4916-9ba8-a161ec9dd0f4,None,None,2,465,8,[],None,None
EXPLOIT_VULN,4995.567623595065,5001.268612455793,5.700988860728103,33,efa10b4d-cbc9-4916-9ba8-a161ec9dd0f4,None,None,2,466,8,[],None,None
EXPLOIT_VULN,5001.268612455793,5019.06832426826,17.79971181246674,33,efa10b4d-cbc9-4916-9ba8-a161ec9dd0f4,None,None,2,467,8,[],None,None
EXPLOIT_VULN,5019.06832426826,5024.004181636551,4.935857368291181,33,efa10b4d-cbc9-4916-9ba8-a161ec9dd0f4,None,None,2,468,8,[],None,None
EXPLOIT_VULN,5024.004181636551,5029.202580638195,5.198399001644248,33,efa10b4d-cbc9-4916-9ba8-a161ec9dd0f4,None,None,2,469,8,[],None,None
EXPLOIT_VULN,5029.202580638195,5033.653547456871,4.450966818675624,33,efa10b4d-cbc9-4916-9ba8-a161ec9dd0f4,None,None,2,470,8,[],None,None
EXPLOIT_VULN,5033.653547456871,5050.710354682029,17.05680722515808,33,efa10b4d-cbc9-4916-9ba8-a161ec9dd0f4,None,None,2,471,8,[],None,None
EXPLOIT_VULN,5050.710354682029,5053.763444657626,3.0530899755967766,33,efa10b4d-cbc9-4916-9ba8-a161ec9dd0f4,None,None,2,472,8,[],None,None
EXPLOIT_VULN,5053.763444657626,5072.452740735807,18.689296078181542,33,efa10b4d-cbc9-4916-9ba8-a161ec9dd0f4,None,None,2,473,8,[],None,None
EXPLOIT_VULN,5072.452740735807,5081.8285392147045,9.375798478897195,33,efa10b4d-cbc9-4916-9ba8-a161ec9dd0f4,None,None,2,474,8,[],None,None
EXPLOIT_VULN,5081.8285392147045,5088.677262264001,6.8487230492964954,33,efa10b4d-cbc9-4916-9ba8-a161ec9dd0f4,None,None,2,475,8,[],None,None
EXPLOIT_VULN,5088.677262264001,5111.321550093625,22.644287829623863,33,efa10b4d-cbc9-4916-9ba8-a161ec9dd0f4,None,None,2,476,8,[],None,None
EXPLOIT_VULN,5111.321550093625,5130.923325342446,19.60177524882147,33,efa10b4d-cbc9-4916-9ba8-a161ec9dd0f4,None,None,2,477,8,[],None,None
EXPLOIT_VULN,5130.923325342446,5153.080145250234,22.156819907787394,33,efa10b4d-cbc9-4916-9ba8-a161ec9dd0f4,None,None,2,478,8,[],None,None
EXPLOIT_VULN,5153.080145250234,5169.30151167286,16.221366422626488,33,efa10b4d-cbc9-4916-9ba8-a161ec9dd0f4,None,None,2,479,8,[],None,None
EXPLOIT_VULN,5169.30151167286,5175.020678773033,5.719167100172854,33,efa10b4d-cbc9-4916-9ba8-a161ec9dd0f4,None,None,2,480,8,[],None,None
EXPLOIT_VULN,5175.020678773033,5195.571264147282,20.55058537424884,33,efa10b4d-cbc9-4916-9ba8-a161ec9dd0f4,None,None,2,481,8,[],None,None
EXPLOIT_VULN,5195.571264147282,5202.726390753072,7.155126605790429,33,efa10b4d-cbc9-4916-9ba8-a161ec9dd0f4,None,None,2,482,8,[],None,None
EXPLOIT_VULN,5202.726390753072,5224.449922266695,21.72353151362222,33,efa10b4d-cbc9-4916-9ba8-a161ec9dd0f4,33,efa10b4d-cbc9-4916-9ba8-a161ec9dd0f4,2,483,8,[],None,None
SCAN_NEIGHBOR,5224.449922266695,5229.449922266695,5.0,33,efa10b4d-cbc9-4916-9ba8-a161ec9dd0f4,None,None,2,484,9,[],None,None
ENUM_HOST,5229.449922266695,5234.449922266695,5.0,33,efa10b4d-cbc9-4916-9ba8-a161ec9dd0f4,None,None,2,484,9,[],None,None
ENUM_HOST,5234.449922266695,5239.449922266695,5.0,12,59b42036-d1d0-4af9-9416-7937abf6b940,None,None,2,484,9,[],None,None
SCAN_PORT,5239.449922266695,5264.449922266695,25.0,13,01a01711-040d-452c-a030-4b7ed8cd1de4,13,01a01711-040d-452c-a030-4b7ed8cd1de4,1,484,9,"['Annis', 'Wally']",None,None
SCAN_NEIGHBOR,5264.449922266695,5269.449922266695,5.0,13,01a01711-040d-452c-a030-4b7ed8cd1de4,None,None,1,484,10,[],None,None
ENUM_HOST,5269.449922266695,5274.449922266695,5.0,13,01a01711-040d-452c-a030-4b7ed8cd1de4,None,None,1,484,10,[],None,None
ENUM_HOST,5274.449922266695,5279.449922266695,5.0,12,59b42036-d1d0-4af9-9416-7937abf6b940,None,None,3,484,10,[],None,None
ENUM_HOST,5279.449922266695,5284.449922266695,5.0,24,e9bc77a2-2b34-4047-bde3-7181cf9dfd37,None,None,5,484,10,[],None,None
ENUM_HOST,5284.449922266695,5289.449922266695,5.0,26,39be024e-1617-4936-85db-d192be03a098,None,None,3,484,10,[],None,None
SCAN_PORT,5289.449922266695,5314.449922266695,25.0,42,0c2dde46-de31-4f41-bf5d-100c482f939f,42,0c2dde46-de31-4f41-bf5d-100c482f939f,1,484,10,[],None,None
SCAN_NEIGHBOR,5314.449922266695,5319.449922266695,5.0,42,0c2dde46-de31-4f41-bf5d-100c482f939f,None,None,1,484,11,[],None,None
ENUM_HOST,5319.449922266695,5324.449922266695,5.0,42,0c2dde46-de31-4f41-bf5d-100c482f939f,None,None,1,484,11,[],None,None
SCAN_PORT,5324.449922266695,5349.449922266695,25.0,47,5d7cda9f-4373-42b5-9543-5139a534fb75,None,None,1,484,11,[],None,None
EXPLOIT_VULN,5349.449922266695,5350.332417308425,0.8824950417301807,47,5d7cda9f-4373-42b5-9543-5139a534fb75,None,None,1,484,11,[],None,None
EXPLOIT_VULN,5350.332417308425,5350.779282171893,0.4468648634683632,47,5d7cda9f-4373-42b5-9543-5139a534fb75,None,None,1,485,11,[],None,None
EXPLOIT_VULN,5350.779282171893,5351.738273993423,0.9589918215297075,47,5d7cda9f-4373-42b5-9543-5139a534fb75,None,None,1,486,11,[],None,None
EXPLOIT_VULN,5351.738273993423,5352.985158901193,1.2468849077704363,47,5d7cda9f-4373-42b5-9543-5139a534fb75,None,None,1,487,11,[],None,None
EXPLOIT_VULN,5352.985158901193,5357.897947577453,4.912788676259879,47,5d7cda9f-4373-42b5-9543-5139a534fb75,None,None,1,488,11,[],None,None
EXPLOIT_VULN,5357.897947577453,5364.868603001324,6.970655423870994,47,5d7cda9f-4373-42b5-9543-5139a534fb75,None,None,1,489,11,[],None,None
EXPLOIT_VULN,5364.868603001324,5368.32977546939,3.461172468066252,47,5d7cda9f-4373-42b5-9543-5139a534fb75,None,None,1,490,11,[],None,None
EXPLOIT_VULN,5368.32977546939,5374.803760980938,6.473985511547653,47,5d7cda9f-4373-42b5-9543-5139a534fb75,None,None,1,491,11,[],None,None
EXPLOIT_VULN,5374.803760980938,5384.818415766942,10.01465478600403,47,5d7cda9f-4373-42b5-9543-5139a534fb75,None,None,1,492,11,[],None,None
EXPLOIT_VULN,5384.818415766942,5389.142592997133,4.324177230190799,47,5d7cda9f-4373-42b5-9543-5139a534fb75,None,None,1,493,11,[],None,None
EXPLOIT_VULN,5389.142592997133,5393.4602657710375,4.317672773904633,47,5d7cda9f-4373-42b5-9543-5139a534fb75,None,None,1,494,11,[],None,None
EXPLOIT_VULN,5393.4602657710375,5398.950352021087,5.490086250049899,47,5d7cda9f-4373-42b5-9543-5139a534fb75,None,None,1,495,11,[],None,None
EXPLOIT_VULN,5398.950352021087,5409.224084435864,10.273732414776532,47,5d7cda9f-4373-42b5-9543-5139a534fb75,None,None,1,496,11,[],None,None
EXPLOIT_VULN,5409.224084435864,5419.638418184465,10.414333748601166,47,5d7cda9f-4373-42b5-9543-5139a534fb75,None,None,1,497,11,[],None,None
EXPLOIT_VULN,5419.638418184465,5425.51823826246,5.8798200779947365,47,5d7cda9f-4373-42b5-9543-5139a534fb75,None,None,1,498,11,[],None,None
EXPLOIT_VULN,5425.51823826246,5430.575543033437,5.057304770976771,47,5d7cda9f-4373-42b5-9543-5139a534fb75,None,None,1,499,11,[],None,None
EXPLOIT_VULN,5430.575543033437,5438.36433063568,7.7887876022432465,47,5d7cda9f-4373-42b5-9543-5139a534fb75,None,None,1,500,11,[],None,None
EXPLOIT_VULN,5438.36433063568,5445.771349536836,7.407018901156334,47,5d7cda9f-4373-42b5-9543-5139a534fb75,None,None,1,501,11,[],None,None
EXPLOIT_VULN,5445.771349536836,5453.490921862014,7.719572325177978,47,5d7cda9f-4373-42b5-9543-5139a534fb75,None,None,1,502,11,[],None,None
EXPLOIT_VULN,5453.490921862014,5461.4295336213745,7.938611759360356,47,5d7cda9f-4373-42b5-9543-5139a534fb75,None,None,1,503,11,[],None,None
EXPLOIT_VULN,5461.4295336213745,5467.273581590146,5.84404796877152,47,5d7cda9f-4373-42b5-9543-5139a534fb75,None,None,1,504,11,[],None,None
EXPLOIT_VULN,5467.273581590146,5474.22618481884,6.952603228693988,47,5d7cda9f-4373-42b5-9543-5139a534fb75,None,None,1,505,11,[],None,None
EXPLOIT_VULN,5474.22618481884,5480.575793740264,6.349608921424078,47,5d7cda9f-4373-42b5-9543-5139a534fb75,None,None,1,506,11,[],None,None
EXPLOIT_VULN,5480.575793740264,5486.327746667124,5.751952926860213,47,5d7cda9f-4373-42b5-9543-5139a534fb75,None,None,1,507,11,[],None,None
EXPLOIT_VULN,5486.327746667124,5507.7566738601845,21.42892719306019,47,5d7cda9f-4373-42b5-9543-5139a534fb75,None,None,1,508,11,[],None,None
EXPLOIT_VULN,5507.7566738601845,5513.344484832607,5.587810972422631,47,5d7cda9f-4373-42b5-9543-5139a534fb75,None,None,1,509,11,[],None,None
EXPLOIT_VULN,5513.344484832607,5522.397821920803,9.053337088195804,47,5d7cda9f-4373-42b5-9543-5139a534fb75,None,None,1,510,11,[],None,None
EXPLOIT_VULN,5522.397821920803,5526.258495900321,3.860673979517742,47,5d7cda9f-4373-42b5-9543-5139a534fb75,None,None,1,511,11,[],None,None
EXPLOIT_VULN,5526.258495900321,5534.870453861232,8.61195796091124,47,5d7cda9f-4373-42b5-9543-5139a534fb75,None,None,1,512,11,[],None,None
EXPLOIT_VULN,5534.870453861232,5539.217249785377,4.346795924145226,47,5d7cda9f-4373-42b5-9543-5139a534fb75,None,None,1,513,11,[],None,None
EXPLOIT_VULN,5539.217249785377,5543.585608305033,4.368358519655885,47,5d7cda9f-4373-42b5-9543-5139a534fb75,None,None,1,514,11,[],None,None
EXPLOIT_VULN,5543.585608305033,5548.746438073037,5.160829768004078,47,5d7cda9f-4373-42b5-9543-5139a534fb75,None,None,1,515,11,[],None,None
EXPLOIT_VULN,5548.746438073037,5557.302904871674,8.556466798637302,47,5d7cda9f-4373-42b5-9543-5139a534fb75,47,5d7cda9f-4373-42b5-9543-5139a534fb75,1,516,11,"['Vevay', 'Nikki', 'Sarine']",None,None
SCAN_NEIGHBOR,5557.302904871674,5562.302904871674,5.0,47,5d7cda9f-4373-42b5-9543-5139a534fb75,None,None,1,517,12,[],None,None
ENUM_HOST,5562.302904871674,5567.302904871674,5.0,47,5d7cda9f-4373-42b5-9543-5139a534fb75,None,None,1,517,12,[],None,None
SCAN_PORT,5567.302904871674,5592.302904871674,25.0,37,9d82a2b5-510a-43e0-b996-68b5204a464c,None,None,1,517,12,[],None,None
EXPLOIT_VULN,5592.302904871674,5595.750187917434,3.447283045759832,37,9d82a2b5-510a-43e0-b996-68b5204a464c,None,None,1,517,12,[],None,None
EXPLOIT_VULN,5595.750187917434,5596.970087482406,1.2198995649714561,37,9d82a2b5-510a-43e0-b996-68b5204a464c,None,None,1,518,12,[],None,None
EXPLOIT_VULN,5596.970087482406,5599.925399680175,2.955312197769672,37,9d82a2b5-510a-43e0-b996-68b5204a464c,None,None,1,519,12,[],None,None
BRUTE_FORCE,5599.925399680175,5619.925399680175,20.0,37,9d82a2b5-510a-43e0-b996-68b5204a464c,None,None,1,520,12,[],None,None
ENUM_HOST,5619.925399680175,5624.925399680175,5.0,37,9d82a2b5-510a-43e0-b996-68b5204a464c,None,None,1,520,12,[],None,None
ENUM_HOST,5624.925399680175,5629.925399680175,5.0,42,0c2dde46-de31-4f41-bf5d-100c482f939f,None,None,2,520,12,[],None,None
SCAN_PORT,5629.925399680175,5654.925399680175,25.0,40,09d9d70f-1515-4d25-b81e-d78899a7a7ca,None,None,1,520,12,[],None,None
EXPLOIT_VULN,5654.925399680175,5661.110007035006,6.184607354830405,40,09d9d70f-1515-4d25-b81e-d78899a7a7ca,None,None,1,520,12,[],None,None
EXPLOIT_VULN,5661.110007035006,5662.764197597466,1.6541905624599167,40,09d9d70f-1515-4d25-b81e-d78899a7a7ca,None,None,1,521,12,[],None,None
EXPLOIT_VULN,5662.764197597466,5670.3579866146,7.593789017134441,40,09d9d70f-1515-4d25-b81e-d78899a7a7ca,None,None,1,522,12,[],None,None
EXPLOIT_VULN,5670.3579866146,5671.524068375656,1.166081761055466,40,09d9d70f-1515-4d25-b81e-d78899a7a7ca,None,None,1,523,12,[],None,None
EXPLOIT_VULN,5671.524068375656,5675.10063537854,3.576567002884076,40,09d9d70f-1515-4d25-b81e-d78899a7a7ca,None,None,1,524,12,[],None,None
EXPLOIT_VULN,5675.10063537854,5678.762254984578,3.6616196060385846,40,09d9d70f-1515-4d25-b81e-d78899a7a7ca,None,None,1,525,12,[],None,None
EXPLOIT_VULN,5678.762254984578,5682.461444216713,3.699189232134813,40,09d9d70f-1515-4d25-b81e-d78899a7a7ca,None,None,1,526,12,[],None,None
EXPLOIT_VULN,5682.461444216713,5689.275776599965,6.8143323832518945,40,09d9d70f-1515-4d25-b81e-d78899a7a7ca,None,None,1,527,12,[],None,None
EXPLOIT_VULN,5689.275776599965,5697.558429041717,8.282652441752361,40,09d9d70f-1515-4d25-b81e-d78899a7a7ca,None,None,1,528,12,[],None,None
EXPLOIT_VULN,5697.558429041717,5705.03819827451,7.479769232792933,40,09d9d70f-1515-4d25-b81e-d78899a7a7ca,None,None,1,529,12,[],None,None
EXPLOIT_VULN,5705.03819827451,5710.59428496794,5.5560866934301885,40,09d9d70f-1515-4d25-b81e-d78899a7a7ca,None,None,1,530,12,[],None,None
EXPLOIT_VULN,5710.59428496794,5731.044860646257,20.450575678316454,40,09d9d70f-1515-4d25-b81e-d78899a7a7ca,None,None,1,531,12,[],None,None
EXPLOIT_VULN,5731.044860646257,5737.792485547864,6.747624901607196,40,09d9d70f-1515-4d25-b81e-d78899a7a7ca,None,None,1,532,12,[],None,None
EXPLOIT_VULN,5737.792485547864,5743.2346097545305,5.442124206666449,40,09d9d70f-1515-4d25-b81e-d78899a7a7ca,None,None,1,533,12,[],None,None
EXPLOIT_VULN,5743.2346097545305,5751.807906651739,8.57329689720882,40,09d9d70f-1515-4d25-b81e-d78899a7a7ca,None,None,1,534,12,[],None,None
EXPLOIT_VULN,5751.807906651739,5769.38653128096,17.57862462922094,40,09d9d70f-1515-4d25-b81e-d78899a7a7ca,None,None,1,535,12,[],None,None
EXPLOIT_VULN,5769.38653128096,5778.2681443199,8.881613038939577,40,09d9d70f-1515-4d25-b81e-d78899a7a7ca,None,None,1,536,12,[],None,None
EXPLOIT_VULN,5778.2681443199,5784.75049889908,6.482354579180537,40,09d9d70f-1515-4d25-b81e-d78899a7a7ca,None,None,1,537,12,[],None,None
EXPLOIT_VULN,5784.75049889908,5792.22706873504,7.476569835959708,40,09d9d70f-1515-4d25-b81e-d78899a7a7ca,None,None,1,538,12,[],None,None
BRUTE_FORCE,5792.22706873504,5812.22706873504,20.0,40,09d9d70f-1515-4d25-b81e-d78899a7a7ca,None,None,1,539,12,[],None,None
ENUM_HOST,5812.22706873504,5817.22706873504,5.0,40,09d9d70f-1515-4d25-b81e-d78899a7a7ca,None,None,1,539,12,[],None,None
ENUM_HOST,5817.22706873504,5822.22706873504,5.0,26,39be024e-1617-4936-85db-d192be03a098,None,None,4,539,12,[],None,None
SCAN_PORT,5822.22706873504,5847.22706873504,25.0,36,e5ccb476-1fc7-4029-82cd-9b628ea2099f,None,None,1,539,12,[],None,None
EXPLOIT_VULN,5847.22706873504,5848.455040809652,1.2279720746118983,36,e5ccb476-1fc7-4029-82cd-9b628ea2099f,None,None,1,539,12,[],None,None
EXPLOIT_VULN,5848.455040809652,5849.122994820218,0.6679540105660635,36,e5ccb476-1fc7-4029-82cd-9b628ea2099f,None,None,1,540,12,[],None,None
EXPLOIT_VULN,5849.122994820218,5850.207904576789,1.084909756570596,36,e5ccb476-1fc7-4029-82cd-9b628ea2099f,None,None,1,541,12,[],None,None
EXPLOIT_VULN,5850.207904576789,5852.411677815669,2.203773238879876,36,e5ccb476-1fc7-4029-82cd-9b628ea2099f,None,None,1,542,12,[],None,None
EXPLOIT_VULN,5852.411677815669,5856.213261640172,3.801583824503723,36,e5ccb476-1fc7-4029-82cd-9b628ea2099f,None,None,1,543,12,[],None,None
EXPLOIT_VULN,5856.213261640172,5857.824165959186,1.6109043190135708,36,e5ccb476-1fc7-4029-82cd-9b628ea2099f,None,None,1,544,12,[],None,None
EXPLOIT_VULN,5857.824165959186,5861.445722182718,3.621556223532025,36,e5ccb476-1fc7-4029-82cd-9b628ea2099f,None,None,1,545,12,[],None,None
EXPLOIT_VULN,5861.445722182718,5862.778356764355,1.3326345816367393,36,e5ccb476-1fc7-4029-82cd-9b628ea2099f,None,None,1,546,12,[],None,None
EXPLOIT_VULN,5862.778356764355,5864.817563664402,2.0392069000472475,36,e5ccb476-1fc7-4029-82cd-9b628ea2099f,None,None,1,547,12,[],None,None
EXPLOIT_VULN,5864.817563664402,5868.129213673012,3.3116500086098313,36,e5ccb476-1fc7-4029-82cd-9b628ea2099f,None,None,1,548,12,[],None,None
EXPLOIT_VULN,5868.129213673012,5869.454067523197,1.3248538501857183,36,e5ccb476-1fc7-4029-82cd-9b628ea2099f,None,None,1,549,12,[],None,None
EXPLOIT_VULN,5869.454067523197,5871.51031008888,2.0562425656826235,36,e5ccb476-1fc7-4029-82cd-9b628ea2099f,None,None,1,550,12,[],None,None
EXPLOIT_VULN,5871.51031008888,5875.138725693765,3.628415604885049,36,e5ccb476-1fc7-4029-82cd-9b628ea2099f,None,None,1,551,12,[],None,None
EXPLOIT_VULN,5875.138725693765,5879.627056494515,4.488330800750191,36,e5ccb476-1fc7-4029-82cd-9b628ea2099f,None,None,1,552,12,[],None,None
EXPLOIT_VULN,5879.627056494515,5890.296605362806,10.669548868290804,36,e5ccb476-1fc7-4029-82cd-9b628ea2099f,None,None,1,553,12,[],None,None
EXPLOIT_VULN,5890.296605362806,5894.744659567647,4.448054204841355,36,e5ccb476-1fc7-4029-82cd-9b628ea2099f,None,None,1,554,12,[],None,None
EXPLOIT_VULN,5894.744659567647,5898.090383845042,3.3457242773947655,36,e5ccb476-1fc7-4029-82cd-9b628ea2099f,None,None,1,555,12,[],None,None
EXPLOIT_VULN,5898.090383845042,5899.556032086319,1.46564824127654,36,e5ccb476-1fc7-4029-82cd-9b628ea2099f,None,None,1,556,12,[],None,None
EXPLOIT_VULN,5899.556032086319,5910.119290932601,10.563258846282224,36,e5ccb476-1fc7-4029-82cd-9b628ea2099f,None,None,1,557,12,[],None,None
EXPLOIT_VULN,5910.119290932601,5916.54713892742,6.427847994818876,36,e5ccb476-1fc7-4029-82cd-9b628ea2099f,None,None,1,558,12,[],None,None
EXPLOIT_VULN,5916.54713892742,5932.612791890543,16.065652963123284,36,e5ccb476-1fc7-4029-82cd-9b628ea2099f,None,None,1,559,12,[],None,None
EXPLOIT_VULN,5932.612791890543,5947.831820880216,15.219028989672552,36,e5ccb476-1fc7-4029-82cd-9b628ea2099f,None,None,1,560,12,[],None,None
EXPLOIT_VULN,5947.831820880216,5955.464944851509,7.633123971293571,36,e5ccb476-1fc7-4029-82cd-9b628ea2099f,None,None,1,561,12,[],None,None
EXPLOIT_VULN,5955.464944851509,5966.66128942034,11.196344568830682,36,e5ccb476-1fc7-4029-82cd-9b628ea2099f,None,None,1,562,12,[],None,None
EXPLOIT_VULN,5966.66128942034,5973.50035541451,6.839065994169687,36,e5ccb476-1fc7-4029-82cd-9b628ea2099f,None,None,1,563,12,[],None,None
EXPLOIT_VULN,5973.50035541451,5980.2718433570235,6.771487942513886,36,e5ccb476-1fc7-4029-82cd-9b628ea2099f,None,None,1,564,12,[],None,None
EXPLOIT_VULN,5980.2718433570235,5985.548055591302,5.276212234278319,36,e5ccb476-1fc7-4029-82cd-9b628ea2099f,None,None,1,565,12,[],None,None
EXPLOIT_VULN,5985.548055591302,5987.877138193496,2.329082602193921,36,e5ccb476-1fc7-4029-82cd-9b628ea2099f,None,None,1,566,12,[],None,None
EXPLOIT_VULN,5987.877138193496,5993.513833866002,5.636695672505994,36,e5ccb476-1fc7-4029-82cd-9b628ea2099f,None,None,1,567,12,[],None,None
EXPLOIT_VULN,5993.513833866002,5999.52967619162,6.015842325617996,36,e5ccb476-1fc7-4029-82cd-9b628ea2099f,None,None,1,568,12,[],None,None
EXPLOIT_VULN,5999.52967619162,6007.93258996221,8.402913770590203,36,e5ccb476-1fc7-4029-82cd-9b628ea2099f,None,None,1,569,12,[],None,None
EXPLOIT_VULN,6007.93258996221,6024.55850924968,16.625919287470424,36,e5ccb476-1fc7-4029-82cd-9b628ea2099f,None,None,1,570,12,[],None,None
EXPLOIT_VULN,6024.55850924968,6032.062815452967,7.504306203286433,36,e5ccb476-1fc7-4029-82cd-9b628ea2099f,None,None,1,571,12,[],None,None
EXPLOIT_VULN,6032.062815452967,6040.2756637937655,8.2128483407987,36,e5ccb476-1fc7-4029-82cd-9b628ea2099f,None,None,1,572,12,[],None,None
EXPLOIT_VULN,6040.2756637937655,6048.68397321924,8.408309425474727,36,e5ccb476-1fc7-4029-82cd-9b628ea2099f,None,None,1,573,12,[],None,None
EXPLOIT_VULN,6048.68397321924,6056.487686814073,7.803713594832516,36,e5ccb476-1fc7-4029-82cd-9b628ea2099f,None,None,1,574,12,[],None,None
EXPLOIT_VULN,6056.487686814073,6064.38260949567,7.8949226815975635,36,e5ccb476-1fc7-4029-82cd-9b628ea2099f,None,None,1,575,12,[],None,None
BRUTE_FORCE,6064.38260949567,6084.38260949567,20.0,36,e5ccb476-1fc7-4029-82cd-9b628ea2099f,None,None,1,576,12,[],None,None
ENUM_HOST,6084.38260949567,6089.38260949567,5.0,36,e5ccb476-1fc7-4029-82cd-9b628ea2099f,None,None,1,576,12,[],None,None
SCAN_PORT,6089.38260949567,6114.38260949567,25.0,7,fd9364c5-6a05-4323-b555-46dd927e9bea,7,fd9364c5-6a05-4323-b555-46dd927e9bea,1,576,12,[],None,None
SCAN_NEIGHBOR,6114.38260949567,6119.38260949567,5.0,7,fd9364c5-6a05-4323-b555-46dd927e9bea,None,None,1,576,13,[],None,None
ENUM_HOST,6119.38260949567,6124.38260949567,5.0,7,fd9364c5-6a05-4323-b555-46dd927e9bea,None,None,1,576,13,[],None,None
SCAN_PORT,6124.38260949567,6149.38260949567,25.0,9,ec92a6ad-2b42-4e29-93d4-5875f42d31f0,9,ec92a6ad-2b42-4e29-93d4-5875f42d31f0,1,576,13,['Meghan'],None,None
SCAN_NEIGHBOR,6149.38260949567,6154.38260949567,5.0,9,ec92a6ad-2b42-4e29-93d4-5875f42d31f0,None,None,1,576,14,[],None,None
ENUM_HOST,6154.38260949567,6159.38260949567,5.0,9,ec92a6ad-2b42-4e29-93d4-5875f42d31f0,None,None,1,576,14,[],None,None
SCAN_PORT,6159.38260949567,6184.38260949567,25.0,8,024a49ed-aa41-48c9-86e9-79d40e6b5fd2,None,None,1,576,14,[],None,None
EXPLOIT_VULN,6184.38260949567,6184.909101379217,0.5264918835464414,8,024a49ed-aa41-48c9-86e9-79d40e6b5fd2,None,None,1,576,14,[],None,None
EXPLOIT_VULN,6184.909101379217,6188.586476414564,3.677375035346813,8,024a49ed-aa41-48c9-86e9-79d40e6b5fd2,None,None,1,577,14,[],None,None
EXPLOIT_VULN,6188.586476414564,6192.410377902813,3.8239014882492484,8,024a49ed-aa41-48c9-86e9-79d40e6b5fd2,None,None,1,578,14,[],None,None
EXPLOIT_VULN,6192.410377902813,6195.937056727282,3.526678824468945,8,024a49ed-aa41-48c9-86e9-79d40e6b5fd2,None,None,1,579,14,[],None,None
EXPLOIT_VULN,6195.937056727282,6198.869653346863,2.9325966195810906,8,024a49ed-aa41-48c9-86e9-79d40e6b5fd2,None,None,1,580,14,[],None,None
EXPLOIT_VULN,6198.869653346863,6200.0554125635035,1.1857592166406903,8,024a49ed-aa41-48c9-86e9-79d40e6b5fd2,None,None,1,581,14,[],None,None
EXPLOIT_VULN,6200.0554125635035,6204.915462977819,4.860050414315083,8,024a49ed-aa41-48c9-86e9-79d40e6b5fd2,None,None,1,582,14,[],None,None
EXPLOIT_VULN,6204.915462977819,6211.353207338198,6.437744360379838,8,024a49ed-aa41-48c9-86e9-79d40e6b5fd2,None,None,1,583,14,[],None,None
EXPLOIT_VULN,6211.353207338198,6222.2063697509475,10.853162412749043,8,024a49ed-aa41-48c9-86e9-79d40e6b5fd2,None,None,1,584,14,[],None,None
EXPLOIT_VULN,6222.2063697509475,6242.932990217163,20.726620466215536,8,024a49ed-aa41-48c9-86e9-79d40e6b5fd2,None,None,1,585,14,[],None,None
EXPLOIT_VULN,6242.932990217163,6263.7916071788495,20.858616961686494,8,024a49ed-aa41-48c9-86e9-79d40e6b5fd2,None,None,1,586,14,[],None,None
EXPLOIT_VULN,6263.7916071788495,6265.67941766058,1.887810481730412,8,024a49ed-aa41-48c9-86e9-79d40e6b5fd2,None,None,1,587,14,[],None,None
EXPLOIT_VULN,6265.67941766058,6274.130252207949,8.450834547368686,8,024a49ed-aa41-48c9-86e9-79d40e6b5fd2,None,None,1,588,14,[],None,None
EXPLOIT_VULN,6274.130252207949,6282.971416060377,8.841163852428508,8,024a49ed-aa41-48c9-86e9-79d40e6b5fd2,None,None,1,589,14,[],None,None
EXPLOIT_VULN,6282.971416060377,6284.060830940002,1.0894148796251102,8,024a49ed-aa41-48c9-86e9-79d40e6b5fd2,None,None,1,590,14,[],None,None
EXPLOIT_VULN,6284.060830940002,6290.877686776205,6.8168558362031035,8,024a49ed-aa41-48c9-86e9-79d40e6b5fd2,None,None,1,591,14,[],None,None
BRUTE_FORCE,6290.877686776205,6310.877686776205,20.0,8,024a49ed-aa41-48c9-86e9-79d40e6b5fd2,None,None,1,592,14,[],None,None
ENUM_HOST,6310.877686776205,6315.877686776205,5.0,8,024a49ed-aa41-48c9-86e9-79d40e6b5fd2,None,None,1,592,14,[],None,None
ENUM_HOST,6315.877686776205,6320.877686776205,5.0,7,fd9364c5-6a05-4323-b555-46dd927e9bea,None,None,2,592,14,[],None,None
ENUM_HOST,6320.877686776205,6325.877686776205,5.0,12,59b42036-d1d0-4af9-9416-7937abf6b940,None,None,4,592,14,[],None,None
ENUM_HOST,6325.877686776205,6330.877686776205,5.0,33,efa10b4d-cbc9-4916-9ba8-a161ec9dd0f4,None,None,3,592,14,[],None,None
SCAN_PORT,6330.877686776205,6355.877686776205,25.0,27,0e42f9d3-ba46-4638-93a4-668443581650,None,None,1,592,14,[],None,None
EXPLOIT_VULN,6355.877686776205,6356.3761778006065,0.4984910244011189,27,0e42f9d3-ba46-4638-93a4-668443581650,None,None,1,592,14,[],None,None
EXPLOIT_VULN,6356.3761778006065,6356.79198593075,0.41580813014388696,27,0e42f9d3-ba46-4638-93a4-668443581650,None,None,1,593,14,[],None,None
EXPLOIT_VULN,6356.79198593075,6358.435126312351,1.6431403816004604,27,0e42f9d3-ba46-4638-93a4-668443581650,None,None,1,594,14,[],None,None
EXPLOIT_VULN,6358.435126312351,6359.310536552384,0.8754102400334887,27,0e42f9d3-ba46-4638-93a4-668443581650,None,None,1,595,14,[],None,None
EXPLOIT_VULN,6359.310536552384,6360.57328787771,1.262751325325553,27,0e42f9d3-ba46-4638-93a4-668443581650,None,None,1,596,14,[],None,None
EXPLOIT_VULN,6360.57328787771,6362.083276554008,1.509988676298235,27,0e42f9d3-ba46-4638-93a4-668443581650,None,None,1,597,14,[],None,None
EXPLOIT_VULN,6362.083276554008,6363.9644659625765,1.881189408568389,27,0e42f9d3-ba46-4638-93a4-668443581650,None,None,1,598,14,[],None,None
EXPLOIT_VULN,6363.9644659625765,6372.313763252146,8.349297289569222,27,0e42f9d3-ba46-4638-93a4-668443581650,None,None,1,599,14,[],None,None
EXPLOIT_VULN,6372.313763252146,6376.523607719761,4.209844467614857,27,0e42f9d3-ba46-4638-93a4-668443581650,None,None,1,600,14,[],None,None
EXPLOIT_VULN,6376.523607719761,6381.658225708178,5.134617988417631,27,0e42f9d3-ba46-4638-93a4-668443581650,None,None,1,601,14,[],None,None
EXPLOIT_VULN,6381.658225708178,6390.1232336175935,8.465007909415363,27,0e42f9d3-ba46-4638-93a4-668443581650,None,None,1,602,14,[],None,None
EXPLOIT_VULN,6390.1232336175935,6398.71241808426,8.589184466666666,27,0e42f9d3-ba46-4638-93a4-668443581650,None,None,1,603,14,[],None,None
EXPLOIT_VULN,6398.71241808426,6406.555472399697,7.843054315436348,27,0e42f9d3-ba46-4638-93a4-668443581650,None,None,1,604,14,[],None,None
EXPLOIT_VULN,6406.555472399697,6415.7379992056185,9.182526805921952,27,0e42f9d3-ba46-4638-93a4-668443581650,None,None,1,605,14,[],None,None
EXPLOIT_VULN,6415.7379992056185,6424.553242254967,8.815243049348283,27,0e42f9d3-ba46-4638-93a4-668443581650,27,0e42f9d3-ba46-4638-93a4-668443581650,1,606,14,[],None,None
SCAN_NEIGHBOR,6424.553242254967,6429.553242254967,5.0,27,0e42f9d3-ba46-4638-93a4-668443581650,None,None,1,607,15,[],None,None
ENUM_HOST,6429.553242254967,6434.553242254967,5.0,27,0e42f9d3-ba46-4638-93a4-668443581650,None,None,1,607,15,[],None,None
SCAN_PORT,6434.553242254967,6459.553242254967,25.0,22,07f44fbe-e0a6-466b-a44d-49027332a3e2,None,None,2,607,15,[],None,None
EXPLOIT_VULN,6459.553242254967,6460.998757862296,1.445515607329071,22,07f44fbe-e0a6-466b-a44d-49027332a3e2,None,None,2,607,15,[],None,None
EXPLOIT_VULN,6460.998757862296,6463.737994439822,2.739236577525844,22,07f44fbe-e0a6-466b-a44d-49027332a3e2,None,None,2,608,15,[],None,None
EXPLOIT_VULN,6463.737994439822,6468.859089350422,5.121094910600732,22,07f44fbe-e0a6-466b-a44d-49027332a3e2,None,None,2,609,15,[],None,None
EXPLOIT_VULN,6468.859089350422,6472.694179841494,3.8350904910712416,22,07f44fbe-e0a6-466b-a44d-49027332a3e2,None,None,2,610,15,[],None,None
EXPLOIT_VULN,6472.694179841494,6475.709526598029,3.0153467565351093,22,07f44fbe-e0a6-466b-a44d-49027332a3e2,None,None,2,611,15,[],None,None
EXPLOIT_VULN,6475.709526598029,6485.695084520973,9.985557922944281,22,07f44fbe-e0a6-466b-a44d-49027332a3e2,None,None,2,612,15,[],None,None
EXPLOIT_VULN,6485.695084520973,6492.725206534762,7.030122013788969,22,07f44fbe-e0a6-466b-a44d-49027332a3e2,None,None,2,613,15,[],None,None
EXPLOIT_VULN,6492.725206534762,6495.052318283877,2.32711174911492,22,07f44fbe-e0a6-466b-a44d-49027332a3e2,None,None,2,614,15,[],None,None
EXPLOIT_VULN,6495.052318283877,6508.166024236365,13.11370595248809,22,07f44fbe-e0a6-466b-a44d-49027332a3e2,None,None,2,615,15,[],None,None
EXPLOIT_VULN,6508.166024236365,6517.681433826108,9.515409589743285,22,07f44fbe-e0a6-466b-a44d-49027332a3e2,None,None,2,616,15,[],None,None
EXPLOIT_VULN,6517.681433826108,6533.2831757342465,15.601741908138138,22,07f44fbe-e0a6-466b-a44d-49027332a3e2,None,None,2,617,15,[],None,None
EXPLOIT_VULN,6533.2831757342465,6538.065168387084,4.781992652837289,22,07f44fbe-e0a6-466b-a44d-49027332a3e2,None,None,2,618,15,[],None,None
EXPLOIT_VULN,6538.065168387084,6557.546417383747,19.481248996663453,22,07f44fbe-e0a6-466b-a44d-49027332a3e2,None,None,2,619,15,[],None,None
EXPLOIT_VULN,6557.546417383747,6567.700774242953,10.154356859206018,22,07f44fbe-e0a6-466b-a44d-49027332a3e2,None,None,2,620,15,[],None,None
EXPLOIT_VULN,6567.700774242953,6585.1121430665835,17.411368823630255,22,07f44fbe-e0a6-466b-a44d-49027332a3e2,None,None,2,621,15,[],None,None
EXPLOIT_VULN,6585.1121430665835,6605.129034283964,20.016891217380362,22,07f44fbe-e0a6-466b-a44d-49027332a3e2,None,None,2,622,15,[],None,None
EXPLOIT_VULN,6605.129034283964,6611.7515339980755,6.622499714111655,22,07f44fbe-e0a6-466b-a44d-49027332a3e2,None,None,2,623,15,[],None,None
EXPLOIT_VULN,6611.7515339980755,6629.9840766498355,18.232542651760014,22,07f44fbe-e0a6-466b-a44d-49027332a3e2,None,None,2,624,15,[],None,None
EXPLOIT_VULN,6629.9840766498355,6643.303913089904,13.319836440068684,22,07f44fbe-e0a6-466b-a44d-49027332a3e2,None,None,2,625,15,[],None,None
EXPLOIT_VULN,6643.303913089904,6645.893851420935,2.5899383310306803,22,07f44fbe-e0a6-466b-a44d-49027332a3e2,22,07f44fbe-e0a6-466b-a44d-49027332a3e2,2,626,15,"['Sibella', 'Elvina']",None,None
SCAN_NEIGHBOR,6645.893851420935,6650.893851420935,5.0,22,07f44fbe-e0a6-466b-a44d-49027332a3e2,None,None,2,627,16,[],None,None
ENUM_HOST,6650.893851420935,6655.893851420935,5.0,22,07f44fbe-e0a6-466b-a44d-49027332a3e2,None,None,2,627,16,[],None,None
ENUM_HOST,6655.893851420935,6660.893851420935,5.0,24,e9bc77a2-2b34-4047-bde3-7181cf9dfd37,None,None,6,627,16,[],None,None
SCAN_PORT,6660.893851420935,6685.893851420935,25.0,11,1c46076f-ea2d-4800-9a61-c6d6398aa328,None,None,3,627,16,[],None,None
EXPLOIT_VULN,6685.893851420935,6686.862933888199,0.969082467264343,11,1c46076f-ea2d-4800-9a61-c6d6398aa328,None,None,3,627,16,[],None,None
EXPLOIT_VULN,6686.862933888199,6699.297349223309,12.434415335109406,11,1c46076f-ea2d-4800-9a61-c6d6398aa328,None,None,3,628,16,[],None,None
EXPLOIT_VULN,6699.297349223309,6719.0736718509315,19.776322627622903,11,1c46076f-ea2d-4800-9a61-c6d6398aa328,None,None,3,629,16,[],None,None
EXPLOIT_VULN,6719.0736718509315,6736.21735020979,17.14367835885878,11,1c46076f-ea2d-4800-9a61-c6d6398aa328,None,None,3,630,16,[],None,None
EXPLOIT_VULN,6736.21735020979,6753.42456594008,17.207215730290045,11,1c46076f-ea2d-4800-9a61-c6d6398aa328,None,None,3,631,16,[],None,None
EXPLOIT_VULN,6753.42456594008,6771.716846220235,18.292280280154955,11,1c46076f-ea2d-4800-9a61-c6d6398aa328,None,None,3,632,16,[],None,None
EXPLOIT_VULN,6771.716846220235,6780.80399626081,9.08715004057467,11,1c46076f-ea2d-4800-9a61-c6d6398aa328,None,None,3,633,16,[],None,None
BRUTE_FORCE,6780.80399626081,6800.80399626081,20.0,11,1c46076f-ea2d-4800-9a61-c6d6398aa328,None,None,3,634,16,[],None,None
ENUM_HOST,6800.80399626081,6805.80399626081,5.0,11,1c46076f-ea2d-4800-9a61-c6d6398aa328,None,None,3,634,16,[],None,None
ENUM_HOST,6805.80399626081,6810.80399626081,5.0,33,efa10b4d-cbc9-4916-9ba8-a161ec9dd0f4,None,None,4,634,16,[],None,None
SCAN_PORT,6810.80399626081,6835.80399626081,25.0,34,87999234-29ae-4ba2-ae23-9a1c00d9f717,None,None,1,634,16,[],None,None
EXPLOIT_VULN,6835.80399626081,6836.157782629449,0.35378636863879365,34,87999234-29ae-4ba2-ae23-9a1c00d9f717,None,None,1,634,16,[],None,None
EXPLOIT_VULN,6836.157782629449,6836.916687666091,0.758905036642318,34,87999234-29ae-4ba2-ae23-9a1c00d9f717,None,None,1,635,16,[],None,None
EXPLOIT_VULN,6836.916687666091,6846.212744557511,9.29605689141954,34,87999234-29ae-4ba2-ae23-9a1c00d9f717,None,None,1,636,16,[],None,None
EXPLOIT_VULN,6846.212744557511,6848.8297282016465,2.616983644135871,34,87999234-29ae-4ba2-ae23-9a1c00d9f717,None,None,1,637,16,[],None,None
EXPLOIT_VULN,6848.8297282016465,6857.392822608689,8.563094407042627,34,87999234-29ae-4ba2-ae23-9a1c00d9f717,None,None,1,638,16,[],None,None
EXPLOIT_VULN,6857.392822608689,6860.408544656331,3.015722047642157,34,87999234-29ae-4ba2-ae23-9a1c00d9f717,None,None,1,639,16,[],None,None
EXPLOIT_VULN,6860.408544656331,6867.332572879207,6.924028222875677,34,87999234-29ae-4ba2-ae23-9a1c00d9f717,None,None,1,640,16,[],None,None
EXPLOIT_VULN,6867.332572879207,6889.3361328862375,22.0035600070305,34,87999234-29ae-4ba2-ae23-9a1c00d9f717,None,None,1,641,16,[],None,None
EXPLOIT_VULN,6889.3361328862375,6897.21557986686,7.879446980622561,34,87999234-29ae-4ba2-ae23-9a1c00d9f717,None,None,1,642,16,[],None,None
EXPLOIT_VULN,6897.21557986686,6902.912356179573,5.696776312713155,34,87999234-29ae-4ba2-ae23-9a1c00d9f717,None,None,1,643,16,[],None,None
EXPLOIT_VULN,6902.912356179573,6905.85776738377,2.9454112041967164,34,87999234-29ae-4ba2-ae23-9a1c00d9f717,None,None,1,644,16,[],None,None
EXPLOIT_VULN,6905.85776738377,6914.6710759447205,8.813308560950645,34,87999234-29ae-4ba2-ae23-9a1c00d9f717,None,None,1,645,16,[],None,None
EXPLOIT_VULN,6914.6710759447205,6933.63676002797,18.96568408324947,34,87999234-29ae-4ba2-ae23-9a1c00d9f717,None,None,1,646,16,[],None,None
BRUTE_FORCE,6933.63676002797,6953.63676002797,20.0,34,87999234-29ae-4ba2-ae23-9a1c00d9f717,None,None,1,647,16,[],None,None
ENUM_HOST,6953.63676002797,6958.63676002797,5.0,34,87999234-29ae-4ba2-ae23-9a1c00d9f717,None,None,1,647,16,[],None,None
SCAN_PORT,6958.63676002797,6983.63676002797,25.0,35,df67afeb-6f32-4213-a0e8-9b7c3f56a7ab,None,None,1,647,16,[],None,None
EXPLOIT_VULN,6983.63676002797,6985.229541815045,1.5927817870751824,35,df67afeb-6f32-4213-a0e8-9b7c3f56a7ab,None,None,1,647,16,[],None,None
EXPLOIT_VULN,6985.229541815045,6986.729314840806,1.4997730257609874,35,df67afeb-6f32-4213-a0e8-9b7c3f56a7ab,None,None,1,648,16,[],None,None
EXPLOIT_VULN,6986.729314840806,6988.309144074328,1.579829233522105,35,df67afeb-6f32-4213-a0e8-9b7c3f56a7ab,None,None,1,649,16,[],None,None
EXPLOIT_VULN,6988.309144074328,6990.834659752965,2.5255156786370208,35,df67afeb-6f32-4213-a0e8-9b7c3f56a7ab,None,None,1,650,16,[],None,None
EXPLOIT_VULN,6990.834659752965,7000.443510630707,9.608850877742043,35,df67afeb-6f32-4213-a0e8-9b7c3f56a7ab,None,None,1,651,16,[],None,None
EXPLOIT_VULN,7000.443510630707,7010.88250947108,10.438998840372733,35,df67afeb-6f32-4213-a0e8-9b7c3f56a7ab,None,None,1,652,16,[],None,None
EXPLOIT_VULN,7010.88250947108,7024.281398063136,13.39888859205621,35,df67afeb-6f32-4213-a0e8-9b7c3f56a7ab,None,None,1,653,16,[],None,None
EXPLOIT_VULN,7024.281398063136,7040.15135959491,15.869961531773697,35,df67afeb-6f32-4213-a0e8-9b7c3f56a7ab,None,None,1,654,16,[],None,None
EXPLOIT_VULN,7040.15135959491,7046.930047243413,6.7786876485033645,35,df67afeb-6f32-4213-a0e8-9b7c3f56a7ab,None,None,1,655,16,[],None,None
EXPLOIT_VULN,7046.930047243413,7056.017775354987,9.087728111573597,35,df67afeb-6f32-4213-a0e8-9b7c3f56a7ab,None,None,1,656,16,[],None,None
EXPLOIT_VULN,7056.017775354987,7059.616638147647,3.5988627926599293,35,df67afeb-6f32-4213-a0e8-9b7c3f56a7ab,None,None,1,657,16,[],None,None
EXPLOIT_VULN,7059.616638147647,7066.979483032593,7.362844884945844,35,df67afeb-6f32-4213-a0e8-9b7c3f56a7ab,None,None,1,658,16,[],None,None
EXPLOIT_VULN,7066.979483032593,7075.328809278102,8.349326245509474,35,df67afeb-6f32-4213-a0e8-9b7c3f56a7ab,None,None,1,659,16,[],None,None
BRUTE_FORCE,7075.328809278102,7095.328809278102,20.0,35,df67afeb-6f32-4213-a0e8-9b7c3f56a7ab,None,None,1,660,16,[],None,None
ENUM_HOST,7095.328809278102,7100.328809278102,5.0,35,df67afeb-6f32-4213-a0e8-9b7c3f56a7ab,None,None,1,660,16,[],None,None
ENUM_HOST,7100.328809278102,7105.328809278102,5.0,27,0e42f9d3-ba46-4638-93a4-668443581650,None,None,2,660,16,[],None,None
SCAN_PORT,7105.328809278102,7130.328809278102,25.0,44,2b0b8b60-420d-4fa2-ada4-12aefeba3eb5,44,2b0b8b60-420d-4fa2-ada4-12aefeba3eb5,1,660,16,"['Nyssa', 'Deeyn']",None,None
SCAN_NEIGHBOR,7130.328809278102,7135.328809278102,5.0,44,2b0b8b60-420d-4fa2-ada4-12aefeba3eb5,None,None,1,660,17,[],None,None
ENUM_HOST,7135.328809278102,7140.328809278102,5.0,44,2b0b8b60-420d-4fa2-ada4-12aefeba3eb5,None,None,1,660,17,[],None,None
ENUM_HOST,7140.328809278102,7145.328809278102,5.0,27,0e42f9d3-ba46-4638-93a4-668443581650,None,None,3,660,17,[],None,None
SCAN_PORT,7145.328809278102,7170.328809278102,25.0,43,a6e88081-5149-469e-9853-869579ea282e,None,None,1,660,17,[],None,None
EXPLOIT_VULN,7170.328809278102,7173.272336724029,2.94352744592652,43,a6e88081-5149-469e-9853-869579ea282e,None,None,1,660,17,[],None,None
EXPLOIT_VULN,7173.272336724029,7174.634510234275,1.3621735102460661,43,a6e88081-5149-469e-9853-869579ea282e,None,None,1,661,17,[],None,None
EXPLOIT_VULN,7174.634510234275,7182.704334689393,8.069824455118578,43,a6e88081-5149-469e-9853-869579ea282e,None,None,1,662,17,[],None,None
EXPLOIT_VULN,7182.704334689393,7190.590979093375,7.886644403981336,43,a6e88081-5149-469e-9853-869579ea282e,None,None,1,663,17,[],None,None
EXPLOIT_VULN,7190.590979093375,7194.866797613904,4.275818520529356,43,a6e88081-5149-469e-9853-869579ea282e,None,None,1,664,17,[],None,None
EXPLOIT_VULN,7194.866797613904,7199.852298927535,4.985501313631175,43,a6e88081-5149-469e-9853-869579ea282e,None,None,1,665,17,[],None,None
EXPLOIT_VULN,7199.852298927535,7202.2948699596045,2.4425710320692815,43,a6e88081-5149-469e-9853-869579ea282e,None,None,1,666,17,[],None,None
EXPLOIT_VULN,7202.2948699596045,7205.922596695015,3.6277267354107607,43,a6e88081-5149-469e-9853-869579ea282e,None,None,1,667,17,[],None,None
EXPLOIT_VULN,7205.922596695015,7211.721509639455,5.7989129444395076,43,a6e88081-5149-469e-9853-869579ea282e,None,None,1,668,17,[],None,None
EXPLOIT_VULN,7211.721509639455,7220.234871875999,8.513362236543799,43,a6e88081-5149-469e-9853-869579ea282e,None,None,1,669,17,[],None,None
EXPLOIT_VULN,7220.234871875999,7229.1390608094425,8.904188933443947,43,a6e88081-5149-469e-9853-869579ea282e,None,None,1,670,17,[],None,None
EXPLOIT_VULN,7229.1390608094425,7235.9333853944445,6.794324585001959,43,a6e88081-5149-469e-9853-869579ea282e,None,None,1,671,17,[],None,None
EXPLOIT_VULN,7235.9333853944445,7242.131225687451,6.197840293006266,43,a6e88081-5149-469e-9853-869579ea282e,None,None,1,672,17,[],None,None
EXPLOIT_VULN,7242.131225687451,7251.447575487257,9.31634979980663,43,a6e88081-5149-469e-9853-869579ea282e,None,None,1,673,17,[],None,None
EXPLOIT_VULN,7251.447575487257,7258.94908687313,7.501511385872618,43,a6e88081-5149-469e-9853-869579ea282e,None,None,1,674,17,[],None,None
EXPLOIT_VULN,7258.94908687313,7267.955305596002,9.00621872287229,43,a6e88081-5149-469e-9853-869579ea282e,None,None,1,675,17,[],None,None
EXPLOIT_VULN,7267.955305596002,7286.243075806294,18.287770210291455,43,a6e88081-5149-469e-9853-869579ea282e,None,None,1,676,17,[],None,None
EXPLOIT_VULN,7286.243075806294,7292.99451315292,6.751437346626517,43,a6e88081-5149-469e-9853-869579ea282e,None,None,1,677,17,[],None,None
BRUTE_FORCE,7292.99451315292,7312.99451315292,20.0,43,a6e88081-5149-469e-9853-869579ea282e,None,None,1,678,17,[],None,None
ENUM_HOST,7312.99451315292,7317.99451315292,5.0,43,a6e88081-5149-469e-9853-869579ea282e,None,None,1,678,17,[],None,None
SCAN_PORT,7317.99451315292,7342.99451315292,25.0,48,2a75e0a1-447c-447c-a9e0-31ae9728d735,None,None,1,678,17,[],None,None
EXPLOIT_VULN,7342.99451315292,7343.5928168022465,0.5983036493262262,48,2a75e0a1-447c-447c-a9e0-31ae9728d735,None,None,1,678,17,[],None,None
EXPLOIT_VULN,7343.5928168022465,7344.333424694619,0.7406078923722816,48,2a75e0a1-447c-447c-a9e0-31ae9728d735,None,None,1,679,17,[],None,None
EXPLOIT_VULN,7344.333424694619,7346.887352768656,2.553928074036776,48,2a75e0a1-447c-447c-a9e0-31ae9728d735,None,None,1,680,17,[],None,None
EXPLOIT_VULN,7346.887352768656,7349.880006089973,2.992653321317448,48,2a75e0a1-447c-447c-a9e0-31ae9728d735,None,None,1,681,17,[],None,None
EXPLOIT_VULN,7349.880006089973,7352.374190999207,2.494184909233809,48,2a75e0a1-447c-447c-a9e0-31ae9728d735,None,None,1,682,17,[],None,None
EXPLOIT_VULN,7352.374190999207,7354.970948969761,2.596757970553881,48,2a75e0a1-447c-447c-a9e0-31ae9728d735,None,None,1,683,17,[],None,None
EXPLOIT_VULN,7354.970948969761,7357.794056744519,2.8231077747586824,48,2a75e0a1-447c-447c-a9e0-31ae9728d735,None,None,1,684,17,[],None,None
EXPLOIT_VULN,7357.794056744519,7359.387176351678,1.5931196071587692,48,2a75e0a1-447c-447c-a9e0-31ae9728d735,None,None,1,685,17,[],None,None
EXPLOIT_VULN,7359.387176351678,7362.25952625274,2.87234990106208,48,2a75e0a1-447c-447c-a9e0-31ae9728d735,None,None,1,686,17,[],None,None
EXPLOIT_VULN,7362.25952625274,7368.60053764063,6.341011387889921,48,2a75e0a1-447c-447c-a9e0-31ae9728d735,None,None,1,687,17,[],None,None
EXPLOIT_VULN,7368.60053764063,7371.985452573058,3.3849149324278187,48,2a75e0a1-447c-447c-a9e0-31ae9728d735,None,None,1,688,17,[],None,None
EXPLOIT_VULN,7371.985452573058,7373.704627782605,1.7191752095468473,48,2a75e0a1-447c-447c-a9e0-31ae9728d735,None,None,1,689,17,[],None,None
EXPLOIT_VULN,7373.704627782605,7377.859715015523,4.155087232918049,48,2a75e0a1-447c-447c-a9e0-31ae9728d735,None,None,1,690,17,[],None,None
EXPLOIT_VULN,7377.859715015523,7387.425282619297,9.56556760377407,48,2a75e0a1-447c-447c-a9e0-31ae9728d735,None,None,1,691,17,[],None,None
EXPLOIT_VULN,7387.425282619297,7391.350611561635,3.925328942337728,48,2a75e0a1-447c-447c-a9e0-31ae9728d735,None,None,1,692,17,[],None,None
EXPLOIT_VULN,7391.350611561635,7393.443865964777,2.093254403142055,48,2a75e0a1-447c-447c-a9e0-31ae9728d735,None,None,1,693,17,[],None,None
EXPLOIT_VULN,7393.443865964777,7395.747112915877,2.3032469510999363,48,2a75e0a1-447c-447c-a9e0-31ae9728d735,None,None,1,694,17,[],None,None
EXPLOIT_VULN,7395.747112915877,7400.456703394238,4.709590478360951,48,2a75e0a1-447c-447c-a9e0-31ae9728d735,None,None,1,695,17,[],None,None
EXPLOIT_VULN,7400.456703394238,7403.45573379309,2.999030398852483,48,2a75e0a1-447c-447c-a9e0-31ae9728d735,None,None,1,696,17,[],None,None
EXPLOIT_VULN,7403.45573379309,7408.716473230872,5.260739437781922,48,2a75e0a1-447c-447c-a9e0-31ae9728d735,None,None,1,697,17,[],None,None
EXPLOIT_VULN,7408.716473230872,7414.1805614136365,5.464088182764499,48,2a75e0a1-447c-447c-a9e0-31ae9728d735,None,None,1,698,17,[],None,None
EXPLOIT_VULN,7414.1805614136365,7419.302848503953,5.122287090316604,48,2a75e0a1-447c-447c-a9e0-31ae9728d735,None,None,1,699,17,[],None,None
EXPLOIT_VULN,7419.302848503953,7430.07143561003,10.768587106076666,48,2a75e0a1-447c-447c-a9e0-31ae9728d735,None,None,1,700,17,[],None,None
EXPLOIT_VULN,7430.07143561003,7435.719933591537,5.648497981506807,48,2a75e0a1-447c-447c-a9e0-31ae9728d735,None,None,1,701,17,[],None,None
EXPLOIT_VULN,7435.719933591537,7439.081775826033,3.36184223449618,48,2a75e0a1-447c-447c-a9e0-31ae9728d735,None,None,1,702,17,[],None,None
EXPLOIT_VULN,7439.081775826033,7444.686579747331,5.6048039212982985,48,2a75e0a1-447c-447c-a9e0-31ae9728d735,None,None,1,703,17,[],None,None
EXPLOIT_VULN,7444.686579747331,7447.308340358666,2.6217606113350485,48,2a75e0a1-447c-447c-a9e0-31ae9728d735,None,None,1,704,17,[],None,None
EXPLOIT_VULN,7447.308340358666,7448.258130171325,0.949789812659219,48,2a75e0a1-447c-447c-a9e0-31ae9728d735,None,None,1,705,17,[],None,None
EXPLOIT_VULN,7448.258130171325,7465.576299982236,17.31816981091106,48,2a75e0a1-447c-447c-a9e0-31ae9728d735,None,None,1,706,17,[],None,None
EXPLOIT_VULN,7465.576299982236,7479.240865407819,13.664565425582623,48,2a75e0a1-447c-447c-a9e0-31ae9728d735,None,None,1,707,17,[],None,None
EXPLOIT_VULN,7479.240865407819,7493.940638288036,14.699772880217097,48,2a75e0a1-447c-447c-a9e0-31ae9728d735,None,None,1,708,17,[],None,None
EXPLOIT_VULN,7493.940638288036,7512.655633825601,18.7149955375653,48,2a75e0a1-447c-447c-a9e0-31ae9728d735,None,None,1,709,17,[],None,None
EXPLOIT_VULN,7512.655633825601,7532.410693021734,19.755059196132606,48,2a75e0a1-447c-447c-a9e0-31ae9728d735,None,None,1,710,17,[],None,None
EXPLOIT_VULN,7532.410693021734,7554.834769680485,22.42407665875089,48,2a75e0a1-447c-447c-a9e0-31ae9728d735,None,None,1,711,17,[],None,None
EXPLOIT_VULN,7554.834769680485,7577.1732977940765,22.338528113591565,48,2a75e0a1-447c-447c-a9e0-31ae9728d735,None,None,1,712,17,[],None,None
EXPLOIT_VULN,7577.1732977940765,7585.757958745457,8.584660951380101,48,2a75e0a1-447c-447c-a9e0-31ae9728d735,None,None,1,713,17,[],None,None
EXPLOIT_VULN,7585.757958745457,7594.5306425443,8.77268379884299,48,2a75e0a1-447c-447c-a9e0-31ae9728d735,None,None,1,714,17,[],None,None
EXPLOIT_VULN,7594.5306425443,7609.473237633347,14.942595089047245,48,2a75e0a1-447c-447c-a9e0-31ae9728d735,None,None,1,715,17,[],None,None
EXPLOIT_VULN,7609.473237633347,7617.437708620552,7.964470987205459,48,2a75e0a1-447c-447c-a9e0-31ae9728d735,None,None,1,716,17,[],None,None
EXPLOIT_VULN,7617.437708620552,7638.455916025107,21.01820740455514,48,2a75e0a1-447c-447c-a9e0-31ae9728d735,None,None,1,717,17,[],None,None
EXPLOIT_VULN,7638.455916025107,7660.3468401669725,21.89092414186507,48,2a75e0a1-447c-447c-a9e0-31ae9728d735,None,None,1,718,17,[],None,None
EXPLOIT_VULN,7660.3468401669725,7666.894379975558,6.547539808585498,48,2a75e0a1-447c-447c-a9e0-31ae9728d735,None,None,1,719,17,[],None,None
EXPLOIT_VULN,7666.894379975558,7689.594209623197,22.69982964763858,48,2a75e0a1-447c-447c-a9e0-31ae9728d735,None,None,1,720,17,[],None,None
EXPLOIT_VULN,7689.594209623197,7694.298143917503,4.7039342943062366,48,2a75e0a1-447c-447c-a9e0-31ae9728d735,None,None,1,721,17,[],None,None
BRUTE_FORCE,7694.298143917503,7714.298143917503,20.0,48,2a75e0a1-447c-447c-a9e0-31ae9728d735,None,None,1,722,17,[],None,None
ENUM_HOST,7714.298143917503,7719.298143917503,5.0,48,2a75e0a1-447c-447c-a9e0-31ae9728d735,None,None,1,722,17,[],None,None
SCAN_PORT,7719.298143917503,7744.298143917503,25.0,39,7709a421-d633-42c8-8912-7f13ca7ecf3b,None,None,1,722,17,[],None,None
EXPLOIT_VULN,7744.298143917503,7745.352467318661,1.054323401158399,39,7709a421-d633-42c8-8912-7f13ca7ecf3b,None,None,1,722,17,[],None,None
EXPLOIT_VULN,7745.352467318661,7747.037384472087,1.6849171534258858,39,7709a421-d633-42c8-8912-7f13ca7ecf3b,None,None,1,723,17,[],None,None
EXPLOIT_VULN,7747.037384472087,7750.542040863147,3.5046563910600526,39,7709a421-d633-42c8-8912-7f13ca7ecf3b,None,None,1,724,17,[],None,None
EXPLOIT_VULN,7750.542040863147,7752.060112688338,1.5180718251913277,39,7709a421-d633-42c8-8912-7f13ca7ecf3b,None,None,1,725,17,[],None,None
EXPLOIT_VULN,7752.060112688338,7755.9112983786545,3.851185690316015,39,7709a421-d633-42c8-8912-7f13ca7ecf3b,None,None,1,726,17,[],None,None
EXPLOIT_VULN,7755.9112983786545,7763.265698665125,7.3544002864700815,39,7709a421-d633-42c8-8912-7f13ca7ecf3b,None,None,1,727,17,[],None,None
EXPLOIT_VULN,7763.265698665125,7770.546177169391,7.280478504266284,39,7709a421-d633-42c8-8912-7f13ca7ecf3b,None,None,1,728,17,[],None,None
EXPLOIT_VULN,7770.546177169391,7775.313114718366,4.7669375489749655,39,7709a421-d633-42c8-8912-7f13ca7ecf3b,None,None,1,729,17,[],None,None
EXPLOIT_VULN,7775.313114718366,7781.487488030492,6.1743733121265905,39,7709a421-d633-42c8-8912-7f13ca7ecf3b,None,None,1,730,17,[],None,None
EXPLOIT_VULN,7781.487488030492,7788.227734728677,6.740246698184819,39,7709a421-d633-42c8-8912-7f13ca7ecf3b,None,None,1,731,17,[],None,None
EXPLOIT_VULN,7788.227734728677,7794.788281578406,6.56054684972878,39,7709a421-d633-42c8-8912-7f13ca7ecf3b,None,None,1,732,17,[],None,None
EXPLOIT_VULN,7794.788281578406,7800.293243978957,5.504962400551449,39,7709a421-d633-42c8-8912-7f13ca7ecf3b,None,None,1,733,17,[],None,None
EXPLOIT_VULN,7800.293243978957,7820.378507598108,20.085263619150282,39,7709a421-d633-42c8-8912-7f13ca7ecf3b,None,None,1,734,17,[],None,None
EXPLOIT_VULN,7820.378507598108,7828.639881710734,8.261374112626072,39,7709a421-d633-42c8-8912-7f13ca7ecf3b,None,None,1,735,17,[],None,None
EXPLOIT_VULN,7828.639881710734,7837.923653830667,9.283772119933019,39,7709a421-d633-42c8-8912-7f13ca7ecf3b,None,None,1,736,17,[],None,None
EXPLOIT_VULN,7837.923653830667,7855.433200563978,17.509546733311254,39,7709a421-d633-42c8-8912-7f13ca7ecf3b,None,None,1,737,17,[],None,None
EXPLOIT_VULN,7855.433200563978,7862.412398622329,6.979198058351358,39,7709a421-d633-42c8-8912-7f13ca7ecf3b,None,None,1,738,17,[],None,None
EXPLOIT_VULN,7862.412398622329,7870.287890895937,7.875492273607961,39,7709a421-d633-42c8-8912-7f13ca7ecf3b,None,None,1,739,17,[],None,None
EXPLOIT_VULN,7870.287890895937,7887.618844739029,17.330953843091265,39,7709a421-d633-42c8-8912-7f13ca7ecf3b,None,None,1,740,17,[],None,None
EXPLOIT_VULN,7887.618844739029,7907.55845320045,19.939608461420903,39,7709a421-d633-42c8-8912-7f13ca7ecf3b,None,None,1,741,17,[],None,None
EXPLOIT_VULN,7907.55845320045,7916.432973895394,8.874520694944295,39,7709a421-d633-42c8-8912-7f13ca7ecf3b,None,None,1,742,17,[],None,None
EXPLOIT_VULN,7916.432973895394,7938.336956549659,21.903982654264837,39,7709a421-d633-42c8-8912-7f13ca7ecf3b,None,None,1,743,17,[],None,None
EXPLOIT_VULN,7938.336956549659,7941.6014315031,3.264474953441095,39,7709a421-d633-42c8-8912-7f13ca7ecf3b,None,None,1,744,17,[],None,None
EXPLOIT_VULN,7941.6014315031,7944.322334611449,2.7209031083493755,39,7709a421-d633-42c8-8912-7f13ca7ecf3b,None,None,1,745,17,[],None,None
BRUTE_FORCE,7944.322334611449,7964.322334611449,20.0,39,7709a421-d633-42c8-8912-7f13ca7ecf3b,None,None,1,746,17,[],None,None
ENUM_HOST,7964.322334611449,7969.322334611449,5.0,39,7709a421-d633-42c8-8912-7f13ca7ecf3b,None,None,1,746,17,[],None,None
SCAN_PORT,7969.322334611449,7994.322334611449,25.0,29,4ddaa79c-959b-4271-a344-b83a2fd65dd7,None,None,1,746,17,[],None,None
EXPLOIT_VULN,7994.322334611449,7994.708730518623,0.3863959071741192,29,4ddaa79c-959b-4271-a344-b83a2fd65dd7,None,None,1,746,17,[],None,None
EXPLOIT_VULN,7994.708730518623,7995.143272129477,0.43454161085355736,29,4ddaa79c-959b-4271-a344-b83a2fd65dd7,None,None,1,747,17,[],None,None
EXPLOIT_VULN,7995.143272129477,7995.486379210435,0.3431070809583616,29,4ddaa79c-959b-4271-a344-b83a2fd65dd7,None,None,1,748,17,[],None,None
EXPLOIT_VULN,7995.486379210435,7996.89067133112,1.4042921206846586,29,4ddaa79c-959b-4271-a344-b83a2fd65dd7,None,None,1,749,17,[],None,None
EXPLOIT_VULN,7996.89067133112,7999.202961709743,2.312290378623402,29,4ddaa79c-959b-4271-a344-b83a2fd65dd7,None,None,1,750,17,[],None,None
EXPLOIT_VULN,7999.202961709743,8001.279863628421,2.076901918677322,29,4ddaa79c-959b-4271-a344-b83a2fd65dd7,None,None,1,751,17,[],None,None
EXPLOIT_VULN,8001.279863628421,8002.911309143091,1.631445514670304,29,4ddaa79c-959b-4271-a344-b83a2fd65dd7,None,None,1,752,17,[],None,None
EXPLOIT_VULN,8002.911309143091,8003.814448630585,0.9031394874937178,29,4ddaa79c-959b-4271-a344-b83a2fd65dd7,None,None,1,753,17,[],None,None
EXPLOIT_VULN,8003.814448630585,8007.515923401453,3.701474770868117,29,4ddaa79c-959b-4271-a344-b83a2fd65dd7,None,None,1,754,17,[],None,None
EXPLOIT_VULN,8007.515923401453,8008.466232115189,0.9503087137363764,29,4ddaa79c-959b-4271-a344-b83a2fd65dd7,None,None,1,755,17,[],None,None
EXPLOIT_VULN,8008.466232115189,8014.17006491017,5.703832794981281,29,4ddaa79c-959b-4271-a344-b83a2fd65dd7,None,None,1,756,17,[],None,None
EXPLOIT_VULN,8014.17006491017,8016.058653597954,1.88858868778334,29,4ddaa79c-959b-4271-a344-b83a2fd65dd7,None,None,1,757,17,[],None,None
EXPLOIT_VULN,8016.058653597954,8018.478312483389,2.419658885435638,29,4ddaa79c-959b-4271-a344-b83a2fd65dd7,None,None,1,758,17,[],None,None
EXPLOIT_VULN,8018.478312483389,8026.820380629939,8.342068146549536,29,4ddaa79c-959b-4271-a344-b83a2fd65dd7,None,None,1,759,17,[],None,None
EXPLOIT_VULN,8026.820380629939,8034.966435477536,8.146054847597043,29,4ddaa79c-959b-4271-a344-b83a2fd65dd7,None,None,1,760,17,[],None,None
EXPLOIT_VULN,8034.966435477536,8044.159683206055,9.193247728519054,29,4ddaa79c-959b-4271-a344-b83a2fd65dd7,None,None,1,761,17,[],None,None
EXPLOIT_VULN,8044.159683206055,8046.930191907185,2.770508701129984,29,4ddaa79c-959b-4271-a344-b83a2fd65dd7,None,None,1,762,17,[],None,None
EXPLOIT_VULN,8046.930191907185,8054.097062630321,7.166870723135617,29,4ddaa79c-959b-4271-a344-b83a2fd65dd7,None,None,1,763,17,[],None,None
EXPLOIT_VULN,8054.097062630321,8061.0789980806885,6.981935450367928,29,4ddaa79c-959b-4271-a344-b83a2fd65dd7,None,None,1,764,17,[],None,None
EXPLOIT_VULN,8061.0789980806885,8063.160380415188,2.0813823344997218,29,4ddaa79c-959b-4271-a344-b83a2fd65dd7,None,None,1,765,17,[],None,None
EXPLOIT_VULN,8063.160380415188,8066.322094446363,3.161714031174597,29,4ddaa79c-959b-4271-a344-b83a2fd65dd7,None,None,1,766,17,[],None,None
EXPLOIT_VULN,8066.322094446363,8072.890628709944,6.568534263581569,29,4ddaa79c-959b-4271-a344-b83a2fd65dd7,None,None,1,767,17,[],None,None
EXPLOIT_VULN,8072.890628709944,8077.300434799309,4.409806089364793,29,4ddaa79c-959b-4271-a344-b83a2fd65dd7,None,None,1,768,17,[],None,None
EXPLOIT_VULN,8077.300434799309,8078.624455822952,1.324021023642672,29,4ddaa79c-959b-4271-a344-b83a2fd65dd7,None,None,1,769,17,[],None,None
EXPLOIT_VULN,8078.624455822952,8082.38801443797,3.7635586150181553,29,4ddaa79c-959b-4271-a344-b83a2fd65dd7,None,None,1,770,17,[],None,None
EXPLOIT_VULN,8082.38801443797,8089.312176108653,6.924161670683134,29,4ddaa79c-959b-4271-a344-b83a2fd65dd7,None,None,1,771,17,[],None,None
EXPLOIT_VULN,8089.312176108653,8098.412615283874,9.100439175221254,29,4ddaa79c-959b-4271-a344-b83a2fd65dd7,None,None,1,772,17,[],None,None
EXPLOIT_VULN,8098.412615283874,8106.962114794881,8.549499511006616,29,4ddaa79c-959b-4271-a344-b83a2fd65dd7,None,None,1,773,17,[],None,None
EXPLOIT_VULN,8106.962114794881,8110.995514388477,4.033399593596187,29,4ddaa79c-959b-4271-a344-b83a2fd65dd7,None,None,1,774,17,[],None,None
EXPLOIT_VULN,8110.995514388477,8117.603075957098,6.60756156862044,29,4ddaa79c-959b-4271-a344-b83a2fd65dd7,None,None,1,775,17,[],None,None
EXPLOIT_VULN,8117.603075957098,8122.853813863771,5.2507379066737485,29,4ddaa79c-959b-4271-a344-b83a2fd65dd7,None,None,1,776,17,[],None,None
EXPLOIT_VULN,8122.853813863771,8126.777537105417,3.923723241645348,29,4ddaa79c-959b-4271-a344-b83a2fd65dd7,None,None,1,777,17,[],None,None
EXPLOIT_VULN,8126.777537105417,8128.596952478047,1.8194153726299191,29,4ddaa79c-959b-4271-a344-b83a2fd65dd7,None,None,1,778,17,[],None,None
EXPLOIT_VULN,8128.596952478047,8139.631660574553,11.03470809650662,29,4ddaa79c-959b-4271-a344-b83a2fd65dd7,None,None,1,779,17,[],None,None
EXPLOIT_VULN,8139.631660574553,8140.780892472189,1.1492318976361275,29,4ddaa79c-959b-4271-a344-b83a2fd65dd7,None,None,1,780,17,[],None,None
EXPLOIT_VULN,8140.780892472189,8158.559975024115,17.779082551925967,29,4ddaa79c-959b-4271-a344-b83a2fd65dd7,None,None,1,781,17,[],None,None
EXPLOIT_VULN,8158.559975024115,8170.502867787088,11.942892762972406,29,4ddaa79c-959b-4271-a344-b83a2fd65dd7,None,None,1,782,17,[],None,None
EXPLOIT_VULN,8170.502867787088,8177.751573513373,7.248705726285152,29,4ddaa79c-959b-4271-a344-b83a2fd65dd7,None,None,1,783,17,[],None,None
EXPLOIT_VULN,8177.751573513373,8185.278045882126,7.526472368753275,29,4ddaa79c-959b-4271-a344-b83a2fd65dd7,None,None,1,784,17,[],None,None
EXPLOIT_VULN,8185.278045882126,8193.60616445788,8.32811857575416,29,4ddaa79c-959b-4271-a344-b83a2fd65dd7,None,None,1,785,17,[],None,None
EXPLOIT_VULN,8193.60616445788,8202.91710387264,9.31093941475956,29,4ddaa79c-959b-4271-a344-b83a2fd65dd7,None,None,1,786,17,[],None,None
EXPLOIT_VULN,8202.91710387264,8210.954123121513,8.037019248873548,29,4ddaa79c-959b-4271-a344-b83a2fd65dd7,None,None,1,787,17,[],None,None
EXPLOIT_VULN,8210.954123121513,8216.228077777372,5.273954655858688,29,4ddaa79c-959b-4271-a344-b83a2fd65dd7,None,None,1,788,17,[],None,None
EXPLOIT_VULN,8216.228077777372,8221.49729465107,5.269216873697587,29,4ddaa79c-959b-4271-a344-b83a2fd65dd7,None,None,1,789,17,[],None,None
EXPLOIT_VULN,8221.49729465107,8225.615330000168,4.118035349098136,29,4ddaa79c-959b-4271-a344-b83a2fd65dd7,None,None,1,790,17,[],None,None
BRUTE_FORCE,8225.615330000168,8245.615330000168,20.0,29,4ddaa79c-959b-4271-a344-b83a2fd65dd7,None,None,1,791,17,[],None,None
ENUM_HOST,8245.615330000168,8250.615330000168,5.0,29,4ddaa79c-959b-4271-a344-b83a2fd65dd7,None,None,1,791,17,[],None,None
SCAN_PORT,8250.615330000168,8275.615330000168,25.0,23,c5673048-8ad5-4ca7-a52b-c9049959d9ef,None,None,1,791,17,[],None,None
EXPLOIT_VULN,8275.615330000168,8278.578513430115,2.963183429947094,23,c5673048-8ad5-4ca7-a52b-c9049959d9ef,None,None,1,791,17,[],None,None
EXPLOIT_VULN,8278.578513430115,8279.559785474363,0.9812720442478167,23,c5673048-8ad5-4ca7-a52b-c9049959d9ef,None,None,1,792,17,[],None,None
EXPLOIT_VULN,8279.559785474363,8283.095327349223,3.535541874860428,23,c5673048-8ad5-4ca7-a52b-c9049959d9ef,None,None,1,793,17,[],None,None
EXPLOIT_VULN,8283.095327349223,8287.187463484137,4.092136134913744,23,c5673048-8ad5-4ca7-a52b-c9049959d9ef,None,None,1,794,17,[],None,None
EXPLOIT_VULN,8287.187463484137,8292.310736544114,5.123273059976782,23,c5673048-8ad5-4ca7-a52b-c9049959d9ef,None,None,1,795,17,[],None,None
EXPLOIT_VULN,8292.310736544114,8296.887785123685,4.577048579571056,23,c5673048-8ad5-4ca7-a52b-c9049959d9ef,None,None,1,796,17,[],None,None
EXPLOIT_VULN,8296.887785123685,8303.173822689365,6.28603756568009,23,c5673048-8ad5-4ca7-a52b-c9049959d9ef,None,None,1,797,17,[],None,None
EXPLOIT_VULN,8303.173822689365,8319.374714200363,16.20089151099819,23,c5673048-8ad5-4ca7-a52b-c9049959d9ef,None,None,1,798,17,[],None,None
EXPLOIT_VULN,8319.374714200363,8326.653187425167,7.278473224803747,23,c5673048-8ad5-4ca7-a52b-c9049959d9ef,None,None,1,799,17,[],None,None
EXPLOIT_VULN,8326.653187425167,8334.192620760685,7.53943333551797,23,c5673048-8ad5-4ca7-a52b-c9049959d9ef,None,None,1,800,17,[],None,None
EXPLOIT_VULN,8334.192620760685,8341.266793898983,7.074173138298647,23,c5673048-8ad5-4ca7-a52b-c9049959d9ef,None,None,1,801,17,[],None,None
EXPLOIT_VULN,8341.266793898983,8348.349973725923,7.083179826939158,23,c5673048-8ad5-4ca7-a52b-c9049959d9ef,None,None,1,802,17,[],None,None
EXPLOIT_VULN,8348.349973725923,8363.002332166541,14.652358440618627,23,c5673048-8ad5-4ca7-a52b-c9049959d9ef,None,None,1,803,17,[],None,None
EXPLOIT_VULN,8363.002332166541,8371.461441057332,8.459108890790958,23,c5673048-8ad5-4ca7-a52b-c9049959d9ef,None,None,1,804,17,[],None,None
EXPLOIT_VULN,8371.461441057332,8378.64698722849,7.185546171158421,23,c5673048-8ad5-4ca7-a52b-c9049959d9ef,None,None,1,805,17,[],None,None
BRUTE_FORCE,8378.64698722849,8398.64698722849,20.0,23,c5673048-8ad5-4ca7-a52b-c9049959d9ef,None,None,1,806,17,[],None,None
ENUM_HOST,8398.64698722849,8403.64698722849,5.0,23,c5673048-8ad5-4ca7-a52b-c9049959d9ef,None,None,1,806,17,[],None,None
SCAN_PORT,8403.64698722849,8428.64698722849,25.0,21,9a4e2b3a-b3b0-4046-8409-c616777e42f8,None,None,1,806,17,[],None,None
EXPLOIT_VULN,8428.64698722849,8428.74833889229,0.10135166379950533,21,9a4e2b3a-b3b0-4046-8409-c616777e42f8,None,None,1,806,17,[],None,None
EXPLOIT_VULN,8428.74833889229,8430.403453480842,1.6551145885514416,21,9a4e2b3a-b3b0-4046-8409-c616777e42f8,None,None,1,807,17,[],None,None
EXPLOIT_VULN,8430.403453480842,8431.531944864106,1.1284913832641905,21,9a4e2b3a-b3b0-4046-8409-c616777e42f8,None,None,1,808,17,[],None,None
EXPLOIT_VULN,8431.531944864106,8434.779929848157,3.2479849840510724,21,9a4e2b3a-b3b0-4046-8409-c616777e42f8,None,None,1,809,17,[],None,None
EXPLOIT_VULN,8434.779929848157,8435.495146163099,0.715216314942154,21,9a4e2b3a-b3b0-4046-8409-c616777e42f8,None,None,1,810,17,[],None,None
EXPLOIT_VULN,8435.495146163099,8439.63415705872,4.139010895620231,21,9a4e2b3a-b3b0-4046-8409-c616777e42f8,None,None,1,811,17,[],None,None
EXPLOIT_VULN,8439.63415705872,8446.863216593432,7.2290595347130875,21,9a4e2b3a-b3b0-4046-8409-c616777e42f8,None,None,1,812,17,[],None,None
EXPLOIT_VULN,8446.863216593432,8451.760625485653,4.897408892220483,21,9a4e2b3a-b3b0-4046-8409-c616777e42f8,None,None,1,813,17,[],None,None
EXPLOIT_VULN,8451.760625485653,8457.662687719376,5.9020622337229725,21,9a4e2b3a-b3b0-4046-8409-c616777e42f8,None,None,1,814,17,[],None,None
EXPLOIT_VULN,8457.662687719376,8463.26904504523,5.606357325854333,21,9a4e2b3a-b3b0-4046-8409-c616777e42f8,None,None,1,815,17,[],None,None
EXPLOIT_VULN,8463.26904504523,8470.12178480429,6.852739759060569,21,9a4e2b3a-b3b0-4046-8409-c616777e42f8,None,None,1,816,17,[],None,None
EXPLOIT_VULN,8470.12178480429,8488.099735881768,17.977951077476973,21,9a4e2b3a-b3b0-4046-8409-c616777e42f8,None,None,1,817,17,[],None,None
EXPLOIT_VULN,8488.099735881768,8505.946725245045,17.846989363277316,21,9a4e2b3a-b3b0-4046-8409-c616777e42f8,None,None,1,818,17,[],None,None
EXPLOIT_VULN,8505.946725245045,8511.11896029292,5.172235047875802,21,9a4e2b3a-b3b0-4046-8409-c616777e42f8,None,None,1,819,17,[],None,None
EXPLOIT_VULN,8511.11896029292,8514.09680149744,2.977841204519791,21,9a4e2b3a-b3b0-4046-8409-c616777e42f8,None,None,1,820,17,[],None,None
EXPLOIT_VULN,8514.09680149744,8517.327566774282,3.230765276841339,21,9a4e2b3a-b3b0-4046-8409-c616777e42f8,None,None,1,821,17,[],None,None
EXPLOIT_VULN,8517.327566774282,8522.37236383537,5.044797061087593,21,9a4e2b3a-b3b0-4046-8409-c616777e42f8,None,None,1,822,17,[],None,None
EXPLOIT_VULN,8522.37236383537,8544.755592180192,22.383228344822783,21,9a4e2b3a-b3b0-4046-8409-c616777e42f8,None,None,1,823,17,[],None,None
EXPLOIT_VULN,8544.755592180192,8555.191430452014,10.435838271821922,21,9a4e2b3a-b3b0-4046-8409-c616777e42f8,None,None,1,824,17,[],None,None
EXPLOIT_VULN,8555.191430452014,8563.742585505432,8.55115505341746,21,9a4e2b3a-b3b0-4046-8409-c616777e42f8,None,None,1,825,17,[],None,None
EXPLOIT_VULN,8563.742585505432,8567.36227103168,3.6196855262478493,21,9a4e2b3a-b3b0-4046-8409-c616777e42f8,None,None,1,826,17,[],None,None
EXPLOIT_VULN,8567.36227103168,8575.056074921044,7.693803889364062,21,9a4e2b3a-b3b0-4046-8409-c616777e42f8,None,None,1,827,17,[],None,None
BRUTE_FORCE,8575.056074921044,8595.056074921044,20.0,21,9a4e2b3a-b3b0-4046-8409-c616777e42f8,None,None,1,828,17,[],None,None
ENUM_HOST,8595.056074921044,8600.056074921044,5.0,21,9a4e2b3a-b3b0-4046-8409-c616777e42f8,None,None,1,828,17,[],None,None
SCAN_PORT,8600.056074921044,8625.056074921044,25.0,25,bd9066ae-7596-4663-a93e-44b743ab3b1a,25,bd9066ae-7596-4663-a93e-44b743ab3b1a,1,828,17,['Dari'],None,None
SCAN_NEIGHBOR,8625.056074921044,8630.056074921044,5.0,25,bd9066ae-7596-4663-a93e-44b743ab3b1a,None,None,1,828,18,[],None,None
ENUM_HOST,8630.056074921044,8635.056074921044,5.0,25,bd9066ae-7596-4663-a93e-44b743ab3b1a,None,None,1,828,18,[],None,None
ENUM_HOST,8635.056074921044,8640.056074921044,5.0,22,07f44fbe-e0a6-466b-a44d-49027332a3e2,None,None,3,828,18,[],None,None
SCAN_PORT,8640.056074921044,8665.056074921044,25.0,23,c5673048-8ad5-4ca7-a52b-c9049959d9ef,None,None,2,828,18,[],None,None
EXPLOIT_VULN,8665.056074921044,8665.62579028694,0.5697153658966272,23,c5673048-8ad5-4ca7-a52b-c9049959d9ef,None,None,2,828,18,[],None,None
EXPLOIT_VULN,8665.62579028694,8669.037283997672,3.41149371073152,23,c5673048-8ad5-4ca7-a52b-c9049959d9ef,None,None,2,829,18,[],None,None
EXPLOIT_VULN,8669.037283997672,8674.035078665167,4.997794667495327,23,c5673048-8ad5-4ca7-a52b-c9049959d9ef,None,None,2,830,18,[],None,None
EXPLOIT_VULN,8674.035078665167,8678.529117164951,4.494038499784438,23,c5673048-8ad5-4ca7-a52b-c9049959d9ef,None,None,2,831,18,[],None,None
EXPLOIT_VULN,8678.529117164951,8694.212105640807,15.682988475855382,23,c5673048-8ad5-4ca7-a52b-c9049959d9ef,None,None,2,832,18,[],None,None
EXPLOIT_VULN,8694.212105640807,8700.67364109278,6.461535451973759,23,c5673048-8ad5-4ca7-a52b-c9049959d9ef,None,None,2,833,18,[],None,None
EXPLOIT_VULN,8700.67364109278,8715.03020709725,14.356566004469641,23,c5673048-8ad5-4ca7-a52b-c9049959d9ef,None,None,2,834,18,[],None,None
EXPLOIT_VULN,8715.03020709725,8723.262539298423,8.23233220117254,23,c5673048-8ad5-4ca7-a52b-c9049959d9ef,None,None,2,835,18,[],None,None
EXPLOIT_VULN,8723.262539298423,8726.113494321928,2.8509550235048664,23,c5673048-8ad5-4ca7-a52b-c9049959d9ef,None,None,2,836,18,[],None,None
EXPLOIT_VULN,8726.113494321928,8733.21879946676,7.105305144832528,23,c5673048-8ad5-4ca7-a52b-c9049959d9ef,None,None,2,837,18,[],None,None
EXPLOIT_VULN,8733.21879946676,8751.33163527384,18.112835807080046,23,c5673048-8ad5-4ca7-a52b-c9049959d9ef,None,None,2,838,18,[],None,None
BRUTE_FORCE,8751.33163527384,8771.33163527384,20.0,23,c5673048-8ad5-4ca7-a52b-c9049959d9ef,None,None,2,839,18,[],None,None
ENUM_HOST,8771.33163527384,8776.33163527384,5.0,23,c5673048-8ad5-4ca7-a52b-c9049959d9ef,None,None,2,839,18,[],None,None
SCAN_PORT,8776.33163527384,8801.33163527384,25.0,19,eea481d8-8c5c-4850-a73c-b4bde9c39251,None,None,1,839,18,[],None,None
EXPLOIT_VULN,8801.33163527384,8803.828019416773,2.496384142932584,19,eea481d8-8c5c-4850-a73c-b4bde9c39251,None,None,1,839,18,[],None,None
EXPLOIT_VULN,8803.828019416773,8807.199452112573,3.37143269579974,19,eea481d8-8c5c-4850-a73c-b4bde9c39251,None,None,1,840,18,[],None,None
EXPLOIT_VULN,8807.199452112573,8810.961412883304,3.7619607707310934,19,eea481d8-8c5c-4850-a73c-b4bde9c39251,None,None,1,841,18,[],None,None
EXPLOIT_VULN,8810.961412883304,8813.961881566413,3.0004686831089202,19,eea481d8-8c5c-4850-a73c-b4bde9c39251,None,None,1,842,18,[],None,None
EXPLOIT_VULN,8813.961881566413,8819.4248628797,5.462981313286946,19,eea481d8-8c5c-4850-a73c-b4bde9c39251,None,None,1,843,18,[],None,None
EXPLOIT_VULN,8819.4248628797,8825.79254524924,6.367682369540489,19,eea481d8-8c5c-4850-a73c-b4bde9c39251,None,None,1,844,18,[],None,None
EXPLOIT_VULN,8825.79254524924,8832.282328932812,6.489783683571659,19,eea481d8-8c5c-4850-a73c-b4bde9c39251,None,None,1,845,18,[],None,None
EXPLOIT_VULN,8832.282328932812,8854.61623497431,22.333906041498267,19,eea481d8-8c5c-4850-a73c-b4bde9c39251,None,None,1,846,18,[],None,None
EXPLOIT_VULN,8854.61623497431,8864.773935858275,10.157700883964935,19,eea481d8-8c5c-4850-a73c-b4bde9c39251,None,None,1,847,18,[],None,None
EXPLOIT_VULN,8864.773935858275,8873.083009350396,8.30907349212066,19,eea481d8-8c5c-4850-a73c-b4bde9c39251,None,None,1,848,18,[],None,None
EXPLOIT_VULN,8873.083009350396,8890.57479379779,17.49178444739482,19,eea481d8-8c5c-4850-a73c-b4bde9c39251,None,None,1,849,18,[],None,None
EXPLOIT_VULN,8890.57479379779,8897.771844675255,7.19705087746479,19,eea481d8-8c5c-4850-a73c-b4bde9c39251,None,None,1,850,18,[],None,None
BRUTE_FORCE,8897.771844675255,8917.771844675255,20.0,19,eea481d8-8c5c-4850-a73c-b4bde9c39251,None,None,1,851,18,[],None,None
ENUM_HOST,8917.771844675255,8922.771844675255,5.0,19,eea481d8-8c5c-4850-a73c-b4bde9c39251,None,None,1,851,18,[],None,None
SCAN_PORT,8922.771844675255,8947.771844675255,25.0,5,a47f754e-28a2-442b-ac11-33ff7dc1ad7f,None,None,1,851,18,[],None,None
EXPLOIT_VULN,8947.771844675255,8948.705856612769,0.9340119375137874,5,a47f754e-28a2-442b-ac11-33ff7dc1ad7f,None,None,1,851,18,[],None,None
EXPLOIT_VULN,8948.705856612769,8949.569831449326,0.8639748365567357,5,a47f754e-28a2-442b-ac11-33ff7dc1ad7f,None,None,1,852,18,[],None,None
EXPLOIT_VULN,8949.569831449326,8951.771246730996,2.2014152816700516,5,a47f754e-28a2-442b-ac11-33ff7dc1ad7f,None,None,1,853,18,[],None,None
EXPLOIT_VULN,8951.771246730996,8953.872012759839,2.1007660288432817,5,a47f754e-28a2-442b-ac11-33ff7dc1ad7f,None,None,1,854,18,[],None,None
EXPLOIT_VULN,8953.872012759839,8958.098482732505,4.2264699726656545,5,a47f754e-28a2-442b-ac11-33ff7dc1ad7f,None,None,1,855,18,[],None,None
EXPLOIT_VULN,8958.098482732505,8961.284350317792,3.1858675852872693,5,a47f754e-28a2-442b-ac11-33ff7dc1ad7f,None,None,1,856,18,[],None,None
EXPLOIT_VULN,8961.284350317792,8963.501125642471,2.2167753246794746,5,a47f754e-28a2-442b-ac11-33ff7dc1ad7f,None,None,1,857,18,[],None,None
EXPLOIT_VULN,8963.501125642471,8967.535250552703,4.034124910231185,5,a47f754e-28a2-442b-ac11-33ff7dc1ad7f,None,None,1,858,18,[],None,None
EXPLOIT_VULN,8967.535250552703,8975.6232225478,8.087971995097178,5,a47f754e-28a2-442b-ac11-33ff7dc1ad7f,None,None,1,859,18,[],None,None
EXPLOIT_VULN,8975.6232225478,8979.211321002507,3.588098454707506,5,a47f754e-28a2-442b-ac11-33ff7dc1ad7f,None,None,1,860,18,[],None,None
EXPLOIT_VULN,8979.211321002507,8983.547935346152,4.336614343645124,5,a47f754e-28a2-442b-ac11-33ff7dc1ad7f,None,None,1,861,18,[],None,None
EXPLOIT_VULN,8983.547935346152,8989.861342872406,6.313407526253286,5,a47f754e-28a2-442b-ac11-33ff7dc1ad7f,None,None,1,862,18,[],None,None
EXPLOIT_VULN,8989.861342872406,9010.571184427037,20.709841554631566,5,a47f754e-28a2-442b-ac11-33ff7dc1ad7f,None,None,1,863,18,[],None,None
EXPLOIT_VULN,9010.571184427037,9016.793751232946,6.222566805909082,5,a47f754e-28a2-442b-ac11-33ff7dc1ad7f,None,None,1,864,18,[],None,None
EXPLOIT_VULN,9016.793751232946,9025.37731269411,8.583561461164209,5,a47f754e-28a2-442b-ac11-33ff7dc1ad7f,None,None,1,865,18,[],None,None
EXPLOIT_VULN,9025.37731269411,9046.39257163426,21.01525894014958,5,a47f754e-28a2-442b-ac11-33ff7dc1ad7f,None,None,1,866,18,[],None,None
EXPLOIT_VULN,9046.39257163426,9054.340305115633,7.947733481372779,5,a47f754e-28a2-442b-ac11-33ff7dc1ad7f,None,None,1,867,18,[],None,None
EXPLOIT_VULN,9054.340305115633,9073.311336918745,18.971031803112055,5,a47f754e-28a2-442b-ac11-33ff7dc1ad7f,None,None,1,868,18,[],None,None
BRUTE_FORCE,9073.311336918745,9093.311336918745,20.0,5,a47f754e-28a2-442b-ac11-33ff7dc1ad7f,None,None,1,869,18,[],None,None
ENUM_HOST,9093.311336918745,9098.311336918745,5.0,5,a47f754e-28a2-442b-ac11-33ff7dc1ad7f,None,None,1,869,18,[],None,None
SCAN_PORT,9098.311336918745,9123.311336918745,25.0,49,dc9b411f-ad95-4314-b70f-d2f166fba58f,None,None,1,869,18,[],None,None
EXPLOIT_VULN,9123.311336918745,9124.717553805036,1.4062168862910767,49,dc9b411f-ad95-4314-b70f-d2f166fba58f,None,None,1,869,18,[],None,None
EXPLOIT_VULN,9124.717553805036,9125.84429637119,1.1267425661535526,49,dc9b411f-ad95-4314-b70f-d2f166fba58f,None,None,1,870,18,[],None,None
EXPLOIT_VULN,9125.84429637119,9127.262061631427,1.417765260237502,49,dc9b411f-ad95-4314-b70f-d2f166fba58f,None,None,1,871,18,[],None,None
EXPLOIT_VULN,9127.262061631427,9130.983274586857,3.721212955430019,49,dc9b411f-ad95-4314-b70f-d2f166fba58f,None,None,1,872,18,[],None,None
EXPLOIT_VULN,9130.983274586857,9135.001376302625,4.018101715768353,49,dc9b411f-ad95-4314-b70f-d2f166fba58f,None,None,1,873,18,[],None,None
EXPLOIT_VULN,9135.001376302625,9144.460689177495,9.459312874869283,49,dc9b411f-ad95-4314-b70f-d2f166fba58f,None,None,1,874,18,[],None,None
EXPLOIT_VULN,9144.460689177495,9149.571704167964,5.111014990468902,49,dc9b411f-ad95-4314-b70f-d2f166fba58f,None,None,1,875,18,[],None,None
EXPLOIT_VULN,9149.571704167964,9159.71725566039,10.145551492425511,49,dc9b411f-ad95-4314-b70f-d2f166fba58f,None,None,1,876,18,[],None,None
EXPLOIT_VULN,9159.71725566039,9167.84484680675,8.127591146361738,49,dc9b411f-ad95-4314-b70f-d2f166fba58f,None,None,1,877,18,[],None,None
EXPLOIT_VULN,9167.84484680675,9185.052349685255,17.207502878503874,49,dc9b411f-ad95-4314-b70f-d2f166fba58f,None,None,1,878,18,[],None,None
EXPLOIT_VULN,9185.052349685255,9198.368789866969,13.316440181713915,49,dc9b411f-ad95-4314-b70f-d2f166fba58f,None,None,1,879,18,[],None,None
EXPLOIT_VULN,9198.368789866969,9216.141662149228,17.772872282259414,49,dc9b411f-ad95-4314-b70f-d2f166fba58f,None,None,1,880,18,[],None,None
EXPLOIT_VULN,9216.141662149228,9219.302714253861,3.1610521046331996,49,dc9b411f-ad95-4314-b70f-d2f166fba58f,None,None,1,881,18,[],None,None
EXPLOIT_VULN,9219.302714253861,9228.953972802854,9.6512585489927,49,dc9b411f-ad95-4314-b70f-d2f166fba58f,49,dc9b411f-ad95-4314-b70f-d2f166fba58f,1,882,18,"['Deina', 'Shandeigh']",None,None
SCAN_NEIGHBOR,9228.953972802854,9233.953972802854,5.0,49,dc9b411f-ad95-4314-b70f-d2f166fba58f,None,None,1,883,19,[],None,None
ENUM_HOST,9233.953972802854,9238.953972802854,5.0,49,dc9b411f-ad95-4314-b70f-d2f166fba58f,None,None,1,883,19,[],None,None
SCAN_PORT,9238.953972802854,9263.953972802854,25.0,46,ad9e8025-13e0-4ab6-97b8-8092804c4584,46,ad9e8025-13e0-4ab6-97b8-8092804c4584,1,883,19,[],None,None
SCAN_NEIGHBOR,9263.953972802854,9268.953972802854,5.0,46,ad9e8025-13e0-4ab6-97b8-8092804c4584,None,None,1,883,20,[],None,None
ENUM_HOST,9268.953972802854,9273.953972802854,5.0,46,ad9e8025-13e0-4ab6-97b8-8092804c4584,None,None,1,883,20,[],None,None
ENUM_HOST,9273.953972802854,9278.953972802854,5.0,49,dc9b411f-ad95-4314-b70f-d2f166fba58f,None,None,2,883,20,[],None,None
SCAN_PORT,9278.953972802854,9303.953972802854,25.0,37,9d82a2b5-510a-43e0-b996-68b5204a464c,None,None,2,883,20,[],None,None
EXPLOIT_VULN,9303.953972802854,9303.953972802854,0.0,37,9d82a2b5-510a-43e0-b996-68b5204a464c,None,None,2,883,20,[],None,None
BRUTE_FORCE,9303.953972802854,9323.953972802854,20.0,37,9d82a2b5-510a-43e0-b996-68b5204a464c,None,None,2,883,20,[],None,None
ENUM_HOST,9323.953972802854,9328.953972802854,5.0,37,9d82a2b5-510a-43e0-b996-68b5204a464c,None,None,2,883,20,[],None,None
ENUM_HOST,9328.953972802854,9333.953972802854,5.0,24,e9bc77a2-2b34-4047-bde3-7181cf9dfd37,None,None,7,883,20,[],None,None
SCAN_PORT,9333.953972802854,9358.953972802854,25.0,43,a6e88081-5149-469e-9853-869579ea282e,None,None,2,883,20,[],None,None
EXPLOIT_VULN,9358.953972802854,9362.079047460573,3.1250746577188693,43,a6e88081-5149-469e-9853-869579ea282e,None,None,2,883,20,[],None,None
EXPLOIT_VULN,9362.079047460573,9363.564916623885,1.4858691633126,43,a6e88081-5149-469e-9853-869579ea282e,None,None,2,884,20,[],None,None
EXPLOIT_VULN,9363.564916623885,9369.474242217935,5.909325594049733,43,a6e88081-5149-469e-9853-869579ea282e,None,None,2,885,20,[],None,None
EXPLOIT_VULN,9369.474242217935,9371.794107835349,2.3198656174135976,43,a6e88081-5149-469e-9853-869579ea282e,None,None,2,886,20,[],None,None
EXPLOIT_VULN,9371.794107835349,9374.540808458152,2.7467006228034734,43,a6e88081-5149-469e-9853-869579ea282e,None,None,2,887,20,[],None,None
EXPLOIT_VULN,9374.540808458152,9380.773377257327,6.23256879917426,43,a6e88081-5149-469e-9853-869579ea282e,None,None,2,888,20,[],None,None
EXPLOIT_VULN,9380.773377257327,9387.7889768942,7.015599636873958,43,a6e88081-5149-469e-9853-869579ea282e,None,None,2,889,20,[],None,None
EXPLOIT_VULN,9387.7889768942,9396.201246456434,8.412269562233632,43,a6e88081-5149-469e-9853-869579ea282e,None,None,2,890,20,[],None,None
EXPLOIT_VULN,9396.201246456434,9402.637316427894,6.436069971459801,43,a6e88081-5149-469e-9853-869579ea282e,None,None,2,891,20,[],None,None
EXPLOIT_VULN,9402.637316427894,9420.764588835435,18.12727240754066,43,a6e88081-5149-469e-9853-869579ea282e,None,None,2,892,20,[],None,None
EXPLOIT_VULN,9420.764588835435,9427.548434660372,6.783845824937089,43,a6e88081-5149-469e-9853-869579ea282e,None,None,2,893,20,[],None,None
BRUTE_FORCE,9427.548434660372,9447.548434660372,20.0,43,a6e88081-5149-469e-9853-869579ea282e,None,None,2,894,20,[],None,None
ENUM_HOST,9447.548434660372,9452.548434660372,5.0,43,a6e88081-5149-469e-9853-869579ea282e,None,None,2,894,20,[],None,None
SCAN_PORT,9452.548434660372,9477.548434660372,25.0,38,bfac4675-c2a8-4de5-b418-8c2b1fe406ff,38,bfac4675-c2a8-4de5-b418-8c2b1fe406ff,1,894,20,[],None,None
SCAN_NEIGHBOR,9477.548434660372,9482.548434660372,5.0,38,bfac4675-c2a8-4de5-b418-8c2b1fe406ff,None,None,1,894,21,[],None,None
ENUM_HOST,9482.548434660372,9487.548434660372,5.0,38,bfac4675-c2a8-4de5-b418-8c2b1fe406ff,None,None,1,894,21,[],None,None
SCAN_PORT,9487.548434660372,9512.548434660372,25.0,40,09d9d70f-1515-4d25-b81e-d78899a7a7ca,None,None,2,894,21,[],None,None
EXPLOIT_VULN,9512.548434660372,9518.05153497244,5.503100312067545,40,09d9d70f-1515-4d25-b81e-d78899a7a7ca,None,None,2,894,21,[],None,None
EXPLOIT_VULN,9518.05153497244,9526.07597016348,8.024435191040538,40,09d9d70f-1515-4d25-b81e-d78899a7a7ca,None,None,2,895,21,[],None,None
EXPLOIT_VULN,9526.07597016348,9534.913127861337,8.837157697857037,40,09d9d70f-1515-4d25-b81e-d78899a7a7ca,None,None,2,896,21,[],None,None
EXPLOIT_VULN,9534.913127861337,9535.353563835855,0.4404359745185502,40,09d9d70f-1515-4d25-b81e-d78899a7a7ca,None,None,2,897,21,[],None,None
EXPLOIT_VULN,9535.353563835855,9540.30652372619,4.952959890335478,40,09d9d70f-1515-4d25-b81e-d78899a7a7ca,None,None,2,898,21,[],None,None
EXPLOIT_VULN,9540.30652372619,9544.21119978951,3.9046760633191298,40,09d9d70f-1515-4d25-b81e-d78899a7a7ca,None,None,2,899,21,[],None,None
EXPLOIT_VULN,9544.21119978951,9551.198300019601,6.987100230091528,40,09d9d70f-1515-4d25-b81e-d78899a7a7ca,None,None,2,900,21,[],None,None
EXPLOIT_VULN,9551.198300019601,9559.263102554345,8.064802534743649,40,09d9d70f-1515-4d25-b81e-d78899a7a7ca,None,None,2,901,21,[],None,None
EXPLOIT_VULN,9559.263102554345,9567.56541866558,8.302316111234177,40,09d9d70f-1515-4d25-b81e-d78899a7a7ca,None,None,2,902,21,[],None,None
EXPLOIT_VULN,9567.56541866558,9576.334851779868,8.769433114288404,40,09d9d70f-1515-4d25-b81e-d78899a7a7ca,None,None,2,903,21,[],None,None
EXPLOIT_VULN,9576.334851779868,9582.552897216065,6.218045436196917,40,09d9d70f-1515-4d25-b81e-d78899a7a7ca,None,None,2,904,21,[],None,None
EXPLOIT_VULN,9582.552897216065,9603.684764518865,21.131867302799947,40,09d9d70f-1515-4d25-b81e-d78899a7a7ca,None,None,2,905,21,[],None,None
EXPLOIT_VULN,9603.684764518865,9624.409687802789,20.724923283924,40,09d9d70f-1515-4d25-b81e-d78899a7a7ca,None,None,2,906,21,[],None,None
EXPLOIT_VULN,9624.409687802789,9630.879591357047,6.469903554258053,40,09d9d70f-1515-4d25-b81e-d78899a7a7ca,None,None,2,907,21,[],None,None
EXPLOIT_VULN,9630.879591357047,9648.13885240619,17.25926104914288,40,09d9d70f-1515-4d25-b81e-d78899a7a7ca,None,None,2,908,21,[],None,None
EXPLOIT_VULN,9648.13885240619,9654.72071106122,6.5818586550303735,40,09d9d70f-1515-4d25-b81e-d78899a7a7ca,None,None,2,909,21,[],None,None
EXPLOIT_VULN,9654.72071106122,9662.165460801218,7.44474973999786,40,09d9d70f-1515-4d25-b81e-d78899a7a7ca,40,09d9d70f-1515-4d25-b81e-d78899a7a7ca,2,910,21,['Aurilia'],None,None
SCAN_NEIGHBOR,9662.165460801218,9667.165460801218,5.0,40,09d9d70f-1515-4d25-b81e-d78899a7a7ca,None,None,2,911,22,[],None,None
ENUM_HOST,9667.165460801218,9672.165460801218,5.0,40,09d9d70f-1515-4d25-b81e-d78899a7a7ca,None,None,2,911,22,[],None,None
SCAN_PORT,9672.165460801218,9697.165460801218,25.0,48,2a75e0a1-447c-447c-a9e0-31ae9728d735,None,None,2,911,22,[],None,None
EXPLOIT_VULN,9697.165460801218,9697.551692002646,0.3862312014280178,48,2a75e0a1-447c-447c-a9e0-31ae9728d735,None,None,2,911,22,[],None,None
EXPLOIT_VULN,9697.551692002646,9700.28494537424,2.733253371594401,48,2a75e0a1-447c-447c-a9e0-31ae9728d735,None,None,2,912,22,[],None,None
EXPLOIT_VULN,9700.28494537424,9703.908897287145,3.623951912904886,48,2a75e0a1-447c-447c-a9e0-31ae9728d735,None,None,2,913,22,[],None,None
EXPLOIT_VULN,9703.908897287145,9705.852396794122,1.9434995069768775,48,2a75e0a1-447c-447c-a9e0-31ae9728d735,None,None,2,914,22,[],None,None
EXPLOIT_VULN,9705.852396794122,9707.218325235373,1.3659284412515262,48,2a75e0a1-447c-447c-a9e0-31ae9728d735,None,None,2,915,22,[],None,None
EXPLOIT_VULN,9707.218325235373,9709.039763993853,1.8214387584794167,48,2a75e0a1-447c-447c-a9e0-31ae9728d735,None,None,2,916,22,[],None,None
EXPLOIT_VULN,9709.039763993853,9711.043178882834,2.003414888980842,48,2a75e0a1-447c-447c-a9e0-31ae9728d735,None,None,2,917,22,[],None,None
EXPLOIT_VULN,9711.043178882834,9717.419045624383,6.375866741549544,48,2a75e0a1-447c-447c-a9e0-31ae9728d735,None,None,2,918,22,[],None,None
EXPLOIT_VULN,9717.419045624383,9720.644023229548,3.224977605164895,48,2a75e0a1-447c-447c-a9e0-31ae9728d735,None,None,2,919,22,[],None,None
EXPLOIT_VULN,9720.644023229548,9729.99356850009,9.349545270541057,48,2a75e0a1-447c-447c-a9e0-31ae9728d735,None,None,2,920,22,[],None,None
EXPLOIT_VULN,9729.99356850009,9733.094656025867,3.1010875257779844,48,2a75e0a1-447c-447c-a9e0-31ae9728d735,None,None,2,921,22,[],None,None
EXPLOIT_VULN,9733.094656025867,9736.87754219426,3.7828861683919968,48,2a75e0a1-447c-447c-a9e0-31ae9728d735,None,None,2,922,22,[],None,None
EXPLOIT_VULN,9736.87754219426,9742.229321225468,5.351779031208935,48,2a75e0a1-447c-447c-a9e0-31ae9728d735,None,None,2,923,22,[],None,None
EXPLOIT_VULN,9742.229321225468,9747.877739538722,5.648418313254297,48,2a75e0a1-447c-447c-a9e0-31ae9728d735,None,None,2,924,22,[],None,None
EXPLOIT_VULN,9747.877739538722,9759.744745037298,11.867005498575963,48,2a75e0a1-447c-447c-a9e0-31ae9728d735,None,None,2,925,22,[],None,None
EXPLOIT_VULN,9759.744745037298,9767.787515615468,8.042770578169439,48,2a75e0a1-447c-447c-a9e0-31ae9728d735,None,None,2,926,22,[],None,None
EXPLOIT_VULN,9767.787515615468,9779.850807308456,12.06329169298806,48,2a75e0a1-447c-447c-a9e0-31ae9728d735,None,None,2,927,22,[],None,None
EXPLOIT_VULN,9779.850807308456,9785.77173941928,5.920932110824651,48,2a75e0a1-447c-447c-a9e0-31ae9728d735,None,None,2,928,22,[],None,None
EXPLOIT_VULN,9785.77173941928,9791.011748243522,5.240008824241158,48,2a75e0a1-447c-447c-a9e0-31ae9728d735,None,None,2,929,22,[],None,None
EXPLOIT_VULN,9791.011748243522,9798.704049364693,7.692301121171113,48,2a75e0a1-447c-447c-a9e0-31ae9728d735,None,None,2,930,22,[],None,None
EXPLOIT_VULN,9798.704049364693,9803.77438491393,5.0703355492369155,48,2a75e0a1-447c-447c-a9e0-31ae9728d735,None,None,2,931,22,[],None,None
EXPLOIT_VULN,9803.77438491393,9809.022769597083,5.248384683152835,48,2a75e0a1-447c-447c-a9e0-31ae9728d735,None,None,2,932,22,[],None,None
EXPLOIT_VULN,9809.022769597083,9815.772875360972,6.7501057638892235,48,2a75e0a1-447c-447c-a9e0-31ae9728d735,None,None,2,933,22,[],None,None
EXPLOIT_VULN,9815.772875360972,9832.26358390493,16.490708543959045,48,2a75e0a1-447c-447c-a9e0-31ae9728d735,None,None,2,934,22,[],None,None
EXPLOIT_VULN,9832.26358390493,9846.178997159615,13.915413254684609,48,2a75e0a1-447c-447c-a9e0-31ae9728d735,None,None,2,935,22,[],None,None
EXPLOIT_VULN,9846.178997159615,9862.782880806084,16.603883646468603,48,2a75e0a1-447c-447c-a9e0-31ae9728d735,None,None,2,936,22,[],None,None
EXPLOIT_VULN,9862.782880806084,9881.435190692719,18.65230988663461,48,2a75e0a1-447c-447c-a9e0-31ae9728d735,None,None,2,937,22,[],None,None
EXPLOIT_VULN,9881.435190692719,9900.766959155824,19.331768463105618,48,2a75e0a1-447c-447c-a9e0-31ae9728d735,None,None,2,938,22,[],None,None
EXPLOIT_VULN,9900.766959155824,9922.731119008302,21.964159852477678,48,2a75e0a1-447c-447c-a9e0-31ae9728d735,None,None,2,939,22,[],None,None
EXPLOIT_VULN,9922.731119008302,9943.093079460907,20.361960452604762,48,2a75e0a1-447c-447c-a9e0-31ae9728d735,None,None,2,940,22,[],None,None
EXPLOIT_VULN,9943.093079460907,9950.782807066364,7.6897276054569375,48,2a75e0a1-447c-447c-a9e0-31ae9728d735,None,None,2,941,22,[],None,None
EXPLOIT_VULN,9950.782807066364,9959.767078122884,8.98427105652081,48,2a75e0a1-447c-447c-a9e0-31ae9728d735,None,None,2,942,22,[],None,None
EXPLOIT_VULN,9959.767078122884,9968.500484439563,8.733406316678156,48,2a75e0a1-447c-447c-a9e0-31ae9728d735,None,None,2,943,22,[],None,None
EXPLOIT_VULN,9968.500484439563,9983.39885033826,14.898365898698103,48,2a75e0a1-447c-447c-a9e0-31ae9728d735,None,None,2,944,22,[],None,None
EXPLOIT_VULN,9983.39885033826,10004.653419683642,21.254569345381242,48,2a75e0a1-447c-447c-a9e0-31ae9728d735,None,None,2,945,22,[],None,None
EXPLOIT_VULN,10004.653419683642,10021.755594260152,17.10217457651015,48,2a75e0a1-447c-447c-a9e0-31ae9728d735,None,None,2,946,22,[],None,None
EXPLOIT_VULN,10021.755594260152,10031.162179549863,9.406585289711074,48,2a75e0a1-447c-447c-a9e0-31ae9728d735,None,None,2,947,22,[],None,None
EXPLOIT_VULN,10031.162179549863,10038.624302287126,7.462122737262689,48,2a75e0a1-447c-447c-a9e0-31ae9728d735,None,None,2,948,22,[],None,None
EXPLOIT_VULN,10038.624302287126,10046.698593141818,8.074290854692663,48,2a75e0a1-447c-447c-a9e0-31ae9728d735,None,None,2,949,22,[],None,None
EXPLOIT_VULN,10046.698593141818,10068.85541576285,22.156822621031097,48,2a75e0a1-447c-447c-a9e0-31ae9728d735,None,None,2,950,22,[],None,None
EXPLOIT_VULN,10068.85541576285,10075.822514595327,6.967098832477859,48,2a75e0a1-447c-447c-a9e0-31ae9728d735,None,None,2,951,22,[],None,None
EXPLOIT_VULN,10075.822514595327,10097.859656667699,22.037142072371353,48,2a75e0a1-447c-447c-a9e0-31ae9728d735,None,None,2,952,22,[],None,None
EXPLOIT_VULN,10097.859656667699,10116.604718851971,18.745062184272683,48,2a75e0a1-447c-447c-a9e0-31ae9728d735,None,None,2,953,22,[],None,None
EXPLOIT_VULN,10116.604718851971,10119.965297206763,3.360578354791869,48,2a75e0a1-447c-447c-a9e0-31ae9728d735,None,None,2,954,22,[],None,None
EXPLOIT_VULN,10119.965297206763,10140.283443845221,20.31814663845762,48,2a75e0a1-447c-447c-a9e0-31ae9728d735,None,None,2,955,22,[],None,None
EXPLOIT_VULN,10140.283443845221,10158.511045027344,18.22760118212318,48,2a75e0a1-447c-447c-a9e0-31ae9728d735,48,2a75e0a1-447c-447c-a9e0-31ae9728d735,2,956,22,[],None,None
SCAN_NEIGHBOR,10158.511045027344,10163.511045027344,5.0,48,2a75e0a1-447c-447c-a9e0-31ae9728d735,None,None,2,957,23,[],None,None
ENUM_HOST,10163.511045027344,10168.511045027344,5.0,48,2a75e0a1-447c-447c-a9e0-31ae9728d735,None,None,2,957,23,[],None,None
ENUM_HOST,10168.511045027344,10173.511045027344,5.0,44,2b0b8b60-420d-4fa2-ada4-12aefeba3eb5,None,None,2,957,23,[],None,None
SCAN_PORT,10173.511045027344,10198.511045027344,25.0,39,7709a421-d633-42c8-8912-7f13ca7ecf3b,None,None,2,957,23,[],None,None
EXPLOIT_VULN,10198.511045027344,10199.539826646998,1.0287816196541826,39,7709a421-d633-42c8-8912-7f13ca7ecf3b,None,None,2,957,23,[],None,None
EXPLOIT_VULN,10199.539826646998,10200.074060352546,0.5342337055481039,39,7709a421-d633-42c8-8912-7f13ca7ecf3b,None,None,2,958,23,[],None,None
EXPLOIT_VULN,10200.074060352546,10200.954629021886,0.8805686693394819,39,7709a421-d633-42c8-8912-7f13ca7ecf3b,None,None,2,959,23,[],None,None
EXPLOIT_VULN,10200.954629021886,10202.78027512642,1.825646104534826,39,7709a421-d633-42c8-8912-7f13ca7ecf3b,None,None,2,960,23,[],None,None
EXPLOIT_VULN,10202.78027512642,10206.106659764275,3.326384637854062,39,7709a421-d633-42c8-8912-7f13ca7ecf3b,None,None,2,961,23,[],None,None
EXPLOIT_VULN,10206.106659764275,10209.997870843605,3.891211079329878,39,7709a421-d633-42c8-8912-7f13ca7ecf3b,None,None,2,962,23,[],None,None
EXPLOIT_VULN,10209.997870843605,10214.04530373277,4.047432889165066,39,7709a421-d633-42c8-8912-7f13ca7ecf3b,None,None,2,963,23,[],None,None
EXPLOIT_VULN,10214.04530373277,10221.690213640033,7.644909907263354,39,7709a421-d633-42c8-8912-7f13ca7ecf3b,None,None,2,964,23,[],None,None
EXPLOIT_VULN,10221.690213640033,10230.38921287639,8.69899923635603,39,7709a421-d633-42c8-8912-7f13ca7ecf3b,None,None,2,965,23,[],None,None
EXPLOIT_VULN,10230.38921287639,10233.317019086384,2.927806209994742,39,7709a421-d633-42c8-8912-7f13ca7ecf3b,None,None,2,966,23,[],None,None
EXPLOIT_VULN,10233.317019086384,10239.437179530278,6.1201604438938375,39,7709a421-d633-42c8-8912-7f13ca7ecf3b,None,None,2,967,23,[],None,None
EXPLOIT_VULN,10239.437179530278,10247.645503402839,8.208323872560868,39,7709a421-d633-42c8-8912-7f13ca7ecf3b,None,None,2,968,23,[],None,None
EXPLOIT_VULN,10247.645503402839,10255.110417909409,7.464914506570494,39,7709a421-d633-42c8-8912-7f13ca7ecf3b,None,None,2,969,23,[],None,None
EXPLOIT_VULN,10255.110417909409,10274.553437688128,19.443019778718735,39,7709a421-d633-42c8-8912-7f13ca7ecf3b,None,None,2,970,23,[],None,None
EXPLOIT_VULN,10274.553437688128,10285.172751909055,10.619314220926753,39,7709a421-d633-42c8-8912-7f13ca7ecf3b,None,None,2,971,23,[],None,None
EXPLOIT_VULN,10285.172751909055,10303.367315240777,18.194563331722748,39,7709a421-d633-42c8-8912-7f13ca7ecf3b,None,None,2,972,23,[],None,None
EXPLOIT_VULN,10303.367315240777,10304.980798761511,1.6134835207340075,39,7709a421-d633-42c8-8912-7f13ca7ecf3b,None,None,2,973,23,[],None,None
EXPLOIT_VULN,10304.980798761511,10322.495349893821,17.51455113230986,39,7709a421-d633-42c8-8912-7f13ca7ecf3b,None,None,2,974,23,[],None,None
EXPLOIT_VULN,10322.495349893821,10342.369026775394,19.873676881572464,39,7709a421-d633-42c8-8912-7f13ca7ecf3b,None,None,2,975,23,[],None,None
EXPLOIT_VULN,10342.369026775394,10351.06406155223,8.69503477683611,39,7709a421-d633-42c8-8912-7f13ca7ecf3b,None,None,2,976,23,[],None,None
EXPLOIT_VULN,10351.06406155223,10371.568695880496,20.504634328266548,39,7709a421-d633-42c8-8912-7f13ca7ecf3b,None,None,2,977,23,[],None,None
EXPLOIT_VULN,10371.568695880496,10394.586633716553,23.017937836057172,39,7709a421-d633-42c8-8912-7f13ca7ecf3b,39,7709a421-d633-42c8-8912-7f13ca7ecf3b,2,978,23,"['Kelcy', 'Alma', 'Maureen']",None,None
SCAN_NEIGHBOR,10394.586633716553,10399.586633716553,5.0,39,7709a421-d633-42c8-8912-7f13ca7ecf3b,None,None,2,979,24,[],None,None
ENUM_HOST,10399.586633716553,10404.586633716553,5.0,39,7709a421-d633-42c8-8912-7f13ca7ecf3b,None,None,2,979,24,[],None,None
ENUM_HOST,10404.586633716553,10409.586633716553,5.0,42,0c2dde46-de31-4f41-bf5d-100c482f939f,None,None,3,979,24,[],None,None
ENUM_HOST,10409.586633716553,10414.586633716553,5.0,40,09d9d70f-1515-4d25-b81e-d78899a7a7ca,None,None,3,979,24,[],None,None
ENUM_HOST,10414.586633716553,10419.586633716553,5.0,38,bfac4675-c2a8-4de5-b418-8c2b1fe406ff,None,None,2,979,24,[],None,None
SCAN_PORT,10419.586633716553,10444.586633716553,25.0,37,9d82a2b5-510a-43e0-b996-68b5204a464c,None,None,3,979,24,[],None,None
EXPLOIT_VULN,10444.586633716553,10444.586633716553,0.0,37,9d82a2b5-510a-43e0-b996-68b5204a464c,None,None,3,979,24,[],None,None
BRUTE_FORCE,10444.586633716553,10464.586633716553,20.0,37,9d82a2b5-510a-43e0-b996-68b5204a464c,None,None,3,979,24,[],None,None
ENUM_HOST,10464.586633716553,10469.586633716553,5.0,37,9d82a2b5-510a-43e0-b996-68b5204a464c,None,None,3,979,24,[],None,None
SCAN_PORT,10469.586633716553,10494.586633716553,25.0,45,70e3ff08-cbc9-4bce-9038-ccbab5be5c97,None,None,1,979,24,[],None,None
EXPLOIT_VULN,10494.586633716553,10495.932342317148,1.3457086005946621,45,70e3ff08-cbc9-4bce-9038-ccbab5be5c97,None,None,1,979,24,[],None,None
EXPLOIT_VULN,10495.932342317148,10497.172096759914,1.2397544427658431,45,70e3ff08-cbc9-4bce-9038-ccbab5be5c97,None,None,1,980,24,[],None,None
EXPLOIT_VULN,10497.172096759914,10498.208641112495,1.0365443525806768,45,70e3ff08-cbc9-4bce-9038-ccbab5be5c97,None,None,1,981,24,[],None,None
EXPLOIT_VULN,10498.208641112495,10498.573005477929,0.3643643654340849,45,70e3ff08-cbc9-4bce-9038-ccbab5be5c97,None,None,1,982,24,[],None,None
EXPLOIT_VULN,10498.573005477929,10501.63869333901,3.0656878610807325,45,70e3ff08-cbc9-4bce-9038-ccbab5be5c97,None,None,1,983,24,[],None,None
EXPLOIT_VULN,10501.63869333901,10504.12284941992,2.484156080910907,45,70e3ff08-cbc9-4bce-9038-ccbab5be5c97,None,None,1,984,24,[],None,None
EXPLOIT_VULN,10504.12284941992,10505.78883262728,1.6659832073601137,45,70e3ff08-cbc9-4bce-9038-ccbab5be5c97,None,None,1,985,24,[],None,None
EXPLOIT_VULN,10505.78883262728,10506.923134047354,1.1343014200738253,45,70e3ff08-cbc9-4bce-9038-ccbab5be5c97,None,None,1,986,24,[],None,None
EXPLOIT_VULN,10506.923134047354,10508.196384509018,1.2732504616633378,45,70e3ff08-cbc9-4bce-9038-ccbab5be5c97,None,None,1,987,24,[],None,None
EXPLOIT_VULN,10508.196384509018,10511.598081119022,3.4016966100043646,45,70e3ff08-cbc9-4bce-9038-ccbab5be5c97,None,None,1,988,24,[],None,None
EXPLOIT_VULN,10511.598081119022,10513.476411968952,1.8783308499296254,45,70e3ff08-cbc9-4bce-9038-ccbab5be5c97,None,None,1,989,24,[],None,None
EXPLOIT_VULN,10513.476411968952,10515.344447297737,1.8680353287854814,45,70e3ff08-cbc9-4bce-9038-ccbab5be5c97,None,None,1,990,24,[],None,None
EXPLOIT_VULN,10515.344447297737,10520.344089850016,4.999642552278601,45,70e3ff08-cbc9-4bce-9038-ccbab5be5c97,None,None,1,991,24,[],None,None
EXPLOIT_VULN,10520.344089850016,10527.88773799827,7.543648148253851,45,70e3ff08-cbc9-4bce-9038-ccbab5be5c97,None,None,1,992,24,[],None,None
EXPLOIT_VULN,10527.88773799827,10532.725801473236,4.838063474966475,45,70e3ff08-cbc9-4bce-9038-ccbab5be5c97,None,None,1,993,24,[],None,None
EXPLOIT_VULN,10532.725801473236,10542.082470465659,9.356668992422783,45,70e3ff08-cbc9-4bce-9038-ccbab5be5c97,None,None,1,994,24,[],None,None
EXPLOIT_VULN,10542.082470465659,10545.074372021596,2.9919015559371474,45,70e3ff08-cbc9-4bce-9038-ccbab5be5c97,None,None,1,995,24,[],None,None
EXPLOIT_VULN,10545.074372021596,10546.986879159856,1.9125071382604801,45,70e3ff08-cbc9-4bce-9038-ccbab5be5c97,None,None,1,996,24,[],None,None
EXPLOIT_VULN,10546.986879159856,10550.738257470628,3.7513783107715426,45,70e3ff08-cbc9-4bce-9038-ccbab5be5c97,None,None,1,997,24,[],None,None
EXPLOIT_VULN,10550.738257470628,10555.4437748145,4.705517343871179,45,70e3ff08-cbc9-4bce-9038-ccbab5be5c97,None,None,1,998,24,[],None,None
EXPLOIT_VULN,10555.4437748145,10565.619806583458,10.176031768958637,45,70e3ff08-cbc9-4bce-9038-ccbab5be5c97,None,None,1,999,24,[],None,None
EXPLOIT_VULN,10565.619806583458,10576.523049668342,10.903243084883798,45,70e3ff08-cbc9-4bce-9038-ccbab5be5c97,None,None,1,1000,24,[],None,None
EXPLOIT_VULN,10576.523049668342,10588.930941270524,12.407891602182644,45,70e3ff08-cbc9-4bce-9038-ccbab5be5c97,None,None,1,1001,24,[],None,None
EXPLOIT_VULN,10588.930941270524,10596.042389469303,7.111448198778817,45,70e3ff08-cbc9-4bce-9038-ccbab5be5c97,None,None,1,1002,24,[],None,None
EXPLOIT_VULN,10596.042389469303,10605.53655077409,9.494161304786758,45,70e3ff08-cbc9-4bce-9038-ccbab5be5c97,None,None,1,1003,24,[],None,None
EXPLOIT_VULN,10605.53655077409,10620.131145310786,14.594594536696604,45,70e3ff08-cbc9-4bce-9038-ccbab5be5c97,None,None,1,1004,24,[],None,None
EXPLOIT_VULN,10620.131145310786,10622.21532106967,2.0841757588841574,45,70e3ff08-cbc9-4bce-9038-ccbab5be5c97,None,None,1,1005,24,[],None,None
EXPLOIT_VULN,10622.21532106967,10634.58852454247,12.373203472800014,45,70e3ff08-cbc9-4bce-9038-ccbab5be5c97,None,None,1,1006,24,[],None,None
EXPLOIT_VULN,10634.58852454247,10640.464789136473,5.87626459400235,45,70e3ff08-cbc9-4bce-9038-ccbab5be5c97,None,None,1,1007,24,[],None,None
EXPLOIT_VULN,10640.464789136473,10646.436851632297,5.9720624958245025,45,70e3ff08-cbc9-4bce-9038-ccbab5be5c97,None,None,1,1008,24,[],None,None
EXPLOIT_VULN,10646.436851632297,10649.207042463411,2.770190831113723,45,70e3ff08-cbc9-4bce-9038-ccbab5be5c97,None,None,1,1009,24,[],None,None
EXPLOIT_VULN,10649.207042463411,10657.699587618215,8.492545154804247,45,70e3ff08-cbc9-4bce-9038-ccbab5be5c97,None,None,1,1010,24,[],None,None
EXPLOIT_VULN,10657.699587618215,10666.448600810805,8.7490131925897,45,70e3ff08-cbc9-4bce-9038-ccbab5be5c97,None,None,1,1011,24,[],None,None
EXPLOIT_VULN,10666.448600810805,10670.443424674395,3.9948238635897724,45,70e3ff08-cbc9-4bce-9038-ccbab5be5c97,None,None,1,1012,24,[],None,None
EXPLOIT_VULN,10670.443424674395,10679.505363229384,9.061938554988956,45,70e3ff08-cbc9-4bce-9038-ccbab5be5c97,None,None,1,1013,24,[],None,None
EXPLOIT_VULN,10679.505363229384,10688.722390443452,9.217027214068366,45,70e3ff08-cbc9-4bce-9038-ccbab5be5c97,None,None,1,1014,24,[],None,None
EXPLOIT_VULN,10688.722390443452,10697.830386596295,9.107996152843043,45,70e3ff08-cbc9-4bce-9038-ccbab5be5c97,None,None,1,1015,24,[],None,None
EXPLOIT_VULN,10697.830386596295,10704.179038031067,6.348651434771455,45,70e3ff08-cbc9-4bce-9038-ccbab5be5c97,None,None,1,1016,24,[],None,None
EXPLOIT_VULN,10704.179038031067,10706.971653144508,2.7926151134415704,45,70e3ff08-cbc9-4bce-9038-ccbab5be5c97,None,None,1,1017,24,[],None,None
EXPLOIT_VULN,10706.971653144508,10709.746309774175,2.774656629666424,45,70e3ff08-cbc9-4bce-9038-ccbab5be5c97,None,None,1,1018,24,[],None,None
BRUTE_FORCE,10709.746309774175,10729.746309774175,20.0,45,70e3ff08-cbc9-4bce-9038-ccbab5be5c97,None,None,1,1019,24,[],None,None
ENUM_HOST,10729.746309774175,10734.746309774175,5.0,45,70e3ff08-cbc9-4bce-9038-ccbab5be5c97,None,None,1,1019,24,[],None,None
SCAN_PORT,10734.746309774175,10759.746309774175,25.0,41,0aaeb494-0158-4883-af21-3bd83f7ba923,None,None,1,1019,24,[],None,None
EXPLOIT_VULN,10759.746309774175,10760.625721066875,0.8794112927007518,41,0aaeb494-0158-4883-af21-3bd83f7ba923,None,None,1,1019,24,[],None,None
EXPLOIT_VULN,10760.625721066875,10767.987687534414,7.361966467538878,41,0aaeb494-0158-4883-af21-3bd83f7ba923,None,None,1,1020,24,[],None,None
EXPLOIT_VULN,10767.987687534414,10773.921215837878,5.93352830346339,41,0aaeb494-0158-4883-af21-3bd83f7ba923,None,None,1,1021,24,[],None,None
EXPLOIT_VULN,10773.921215837878,10782.659286843858,8.7380710059806,41,0aaeb494-0158-4883-af21-3bd83f7ba923,None,None,1,1022,24,[],None,None
EXPLOIT_VULN,10782.659286843858,10789.856164313136,7.1968774692777515,41,0aaeb494-0158-4883-af21-3bd83f7ba923,None,None,1,1023,24,[],None,None
EXPLOIT_VULN,10789.856164313136,10796.557584769798,6.701420456662163,41,0aaeb494-0158-4883-af21-3bd83f7ba923,None,None,1,1024,24,[],None,None
EXPLOIT_VULN,10796.557584769798,10804.431088954732,7.873504184934063,41,0aaeb494-0158-4883-af21-3bd83f7ba923,None,None,1,1025,24,[],None,None
EXPLOIT_VULN,10804.431088954732,10813.723541733987,9.292452779254745,41,0aaeb494-0158-4883-af21-3bd83f7ba923,None,None,1,1026,24,[],None,None
EXPLOIT_VULN,10813.723541733987,10823.242117974247,9.51857624025979,41,0aaeb494-0158-4883-af21-3bd83f7ba923,None,None,1,1027,24,[],None,None
EXPLOIT_VULN,10823.242117974247,10825.82936435271,2.587246378463533,41,0aaeb494-0158-4883-af21-3bd83f7ba923,None,None,1,1028,24,[],None,None
BRUTE_FORCE,10825.82936435271,10845.82936435271,20.0,41,0aaeb494-0158-4883-af21-3bd83f7ba923,None,None,1,1029,24,[],None,None
ENUM_HOST,10845.82936435271,10850.82936435271,5.0,41,0aaeb494-0158-4883-af21-3bd83f7ba923,None,None,1,1029,24,[],None,None
SCAN_PORT,10850.82936435271,10875.82936435271,25.0,23,c5673048-8ad5-4ca7-a52b-c9049959d9ef,None,None,3,1029,24,[],None,None
EXPLOIT_VULN,10875.82936435271,10876.633595023155,0.8042306704446673,23,c5673048-8ad5-4ca7-a52b-c9049959d9ef,None,None,3,1029,24,[],None,None
EXPLOIT_VULN,10876.633595023155,10879.898348620369,3.264753597213712,23,c5673048-8ad5-4ca7-a52b-c9049959d9ef,None,None,3,1030,24,[],None,None
EXPLOIT_VULN,10879.898348620369,10885.095256514798,5.196907894429387,23,c5673048-8ad5-4ca7-a52b-c9049959d9ef,None,None,3,1031,24,[],None,None
EXPLOIT_VULN,10885.095256514798,10901.710878411952,16.615621897153687,23,c5673048-8ad5-4ca7-a52b-c9049959d9ef,None,None,3,1032,24,[],None,None
EXPLOIT_VULN,10901.710878411952,10908.405574674785,6.694696262833531,23,c5673048-8ad5-4ca7-a52b-c9049959d9ef,None,None,3,1033,24,[],None,None
EXPLOIT_VULN,10908.405574674785,10922.262767566624,13.857192891839077,23,c5673048-8ad5-4ca7-a52b-c9049959d9ef,None,None,3,1034,24,[],None,None
EXPLOIT_VULN,10922.262767566624,10940.396068057562,18.133300490937472,23,c5673048-8ad5-4ca7-a52b-c9049959d9ef,None,None,3,1035,24,[],None,None
BRUTE_FORCE,10940.396068057562,10960.396068057562,20.0,23,c5673048-8ad5-4ca7-a52b-c9049959d9ef,None,None,3,1036,24,[],None,None
ENUM_HOST,10960.396068057562,10965.396068057562,5.0,23,c5673048-8ad5-4ca7-a52b-c9049959d9ef,None,None,3,1036,24,[],None,None
ENUM_HOST,10965.396068057562,10970.396068057562,5.0,46,ad9e8025-13e0-4ab6-97b8-8092804c4584,None,None,2,1036,24,[],None,None
ENUM_HOST,10970.396068057562,10975.396068057562,5.0,44,2b0b8b60-420d-4fa2-ada4-12aefeba3eb5,None,None,3,1036,24,[],None,None
SCAN_PORT,10975.396068057562,11000.396068057562,25.0,29,4ddaa79c-959b-4271-a344-b83a2fd65dd7,None,None,2,1036,24,[],None,None
EXPLOIT_VULN,11000.396068057562,11001.318258529154,0.9221904715923301,29,4ddaa79c-959b-4271-a344-b83a2fd65dd7,None,None,2,1036,24,[],None,None
EXPLOIT_VULN,11001.318258529154,11001.93886304422,0.6206045150665886,29,4ddaa79c-959b-4271-a344-b83a2fd65dd7,None,None,2,1037,24,[],None,None
EXPLOIT_VULN,11001.93886304422,11003.906034026133,1.9671709819122043,29,4ddaa79c-959b-4271-a344-b83a2fd65dd7,None,None,2,1038,24,[],None,None
EXPLOIT_VULN,11003.906034026133,11006.652916902947,2.7468828768141975,29,4ddaa79c-959b-4271-a344-b83a2fd65dd7,None,None,2,1039,24,[],None,None
EXPLOIT_VULN,11006.652916902947,11008.400609950984,1.7476930480370356,29,4ddaa79c-959b-4271-a344-b83a2fd65dd7,None,None,2,1040,24,[],None,None
EXPLOIT_VULN,11008.400609950984,11014.419838972683,6.019229021698266,29,4ddaa79c-959b-4271-a344-b83a2fd65dd7,None,None,2,1041,24,[],None,None
EXPLOIT_VULN,11014.419838972683,11017.057055644886,2.637216672203067,29,4ddaa79c-959b-4271-a344-b83a2fd65dd7,None,None,2,1042,24,[],None,None
EXPLOIT_VULN,11017.057055644886,11025.334982243663,8.277926598777412,29,4ddaa79c-959b-4271-a344-b83a2fd65dd7,None,None,2,1043,24,[],None,None
EXPLOIT_VULN,11025.334982243663,11033.655013104511,8.32003086084842,29,4ddaa79c-959b-4271-a344-b83a2fd65dd7,None,None,2,1044,24,[],None,None
EXPLOIT_VULN,11033.655013104511,11042.47600093409,8.820987829578371,29,4ddaa79c-959b-4271-a344-b83a2fd65dd7,None,None,2,1045,24,[],None,None
EXPLOIT_VULN,11042.47600093409,11049.30162888112,6.825627947029716,29,4ddaa79c-959b-4271-a344-b83a2fd65dd7,None,None,2,1046,24,[],None,None
EXPLOIT_VULN,11049.30162888112,11056.143326457208,6.841697576088336,29,4ddaa79c-959b-4271-a344-b83a2fd65dd7,None,None,2,1047,24,[],None,None
EXPLOIT_VULN,11056.143326457208,11058.00517467427,1.8618482170622883,29,4ddaa79c-959b-4271-a344-b83a2fd65dd7,None,None,2,1048,24,[],None,None
EXPLOIT_VULN,11058.00517467427,11062.486949269954,4.481774595684328,29,4ddaa79c-959b-4271-a344-b83a2fd65dd7,None,None,2,1049,24,[],None,None
EXPLOIT_VULN,11062.486949269954,11064.698462900289,2.2115136303345935,29,4ddaa79c-959b-4271-a344-b83a2fd65dd7,None,None,2,1050,24,[],None,None
EXPLOIT_VULN,11064.698462900289,11069.008820343219,4.310357442929671,29,4ddaa79c-959b-4271-a344-b83a2fd65dd7,None,None,2,1051,24,[],None,None
EXPLOIT_VULN,11069.008820343219,11071.940223505926,2.9314031627072836,29,4ddaa79c-959b-4271-a344-b83a2fd65dd7,None,None,2,1052,24,[],None,None
EXPLOIT_VULN,11071.940223505926,11080.125025144622,8.184801638695717,29,4ddaa79c-959b-4271-a344-b83a2fd65dd7,None,None,2,1053,24,[],None,None
EXPLOIT_VULN,11080.125025144622,11087.705319450351,7.580294305729694,29,4ddaa79c-959b-4271-a344-b83a2fd65dd7,None,None,2,1054,24,[],None,None
EXPLOIT_VULN,11087.705319450351,11097.569275638614,9.863956188262819,29,4ddaa79c-959b-4271-a344-b83a2fd65dd7,None,None,2,1055,24,[],None,None
EXPLOIT_VULN,11097.569275638614,11102.380283586563,4.811007947948383,29,4ddaa79c-959b-4271-a344-b83a2fd65dd7,None,None,2,1056,24,[],None,None
EXPLOIT_VULN,11102.380283586563,11108.65111441408,6.270830827517784,29,4ddaa79c-959b-4271-a344-b83a2fd65dd7,None,None,2,1057,24,[],None,None
EXPLOIT_VULN,11108.65111441408,11114.480674933304,5.829560519223378,29,4ddaa79c-959b-4271-a344-b83a2fd65dd7,None,None,2,1058,24,[],None,None
EXPLOIT_VULN,11114.480674933304,11123.270182914894,8.78950798158985,29,4ddaa79c-959b-4271-a344-b83a2fd65dd7,None,None,2,1059,24,[],None,None
EXPLOIT_VULN,11123.270182914894,11138.212014536733,14.94183162183981,29,4ddaa79c-959b-4271-a344-b83a2fd65dd7,None,None,2,1060,24,[],None,None
EXPLOIT_VULN,11138.212014536733,11149.275580624508,11.063566087774234,29,4ddaa79c-959b-4271-a344-b83a2fd65dd7,None,None,2,1061,24,[],None,None
EXPLOIT_VULN,11149.275580624508,11152.54857105659,3.2729904320822243,29,4ddaa79c-959b-4271-a344-b83a2fd65dd7,None,None,2,1062,24,[],None,None
EXPLOIT_VULN,11152.54857105659,11170.506693876143,17.958122819552955,29,4ddaa79c-959b-4271-a344-b83a2fd65dd7,None,None,2,1063,24,[],None,None
EXPLOIT_VULN,11170.506693876143,11182.183025321736,11.67633144559295,29,4ddaa79c-959b-4271-a344-b83a2fd65dd7,None,None,2,1064,24,[],None,None
EXPLOIT_VULN,11182.183025321736,11186.067947294488,3.884921972752636,29,4ddaa79c-959b-4271-a344-b83a2fd65dd7,None,None,2,1065,24,[],None,None
EXPLOIT_VULN,11186.067947294488,11200.94639948604,14.878452191551332,29,4ddaa79c-959b-4271-a344-b83a2fd65dd7,None,None,2,1066,24,[],None,None
EXPLOIT_VULN,11200.94639948604,11212.794773600885,11.848374114844773,29,4ddaa79c-959b-4271-a344-b83a2fd65dd7,None,None,2,1067,24,[],None,None
EXPLOIT_VULN,11212.794773600885,11220.40668286979,7.611909268905947,29,4ddaa79c-959b-4271-a344-b83a2fd65dd7,None,None,2,1068,24,[],None,None
EXPLOIT_VULN,11220.40668286979,11226.48436883707,6.0776859672787396,29,4ddaa79c-959b-4271-a344-b83a2fd65dd7,None,None,2,1069,24,[],None,None
EXPLOIT_VULN,11226.48436883707,11232.277091863743,5.792723026674139,29,4ddaa79c-959b-4271-a344-b83a2fd65dd7,None,None,2,1070,24,[],None,None
EXPLOIT_VULN,11232.277091863743,11241.100306275459,8.823214411715526,29,4ddaa79c-959b-4271-a344-b83a2fd65dd7,None,None,2,1071,24,[],None,None
EXPLOIT_VULN,11241.100306275459,11245.650667008265,4.550360732806439,29,4ddaa79c-959b-4271-a344-b83a2fd65dd7,None,None,2,1072,24,[],None,None
EXPLOIT_VULN,11245.650667008265,11254.327600482937,8.676933474671387,29,4ddaa79c-959b-4271-a344-b83a2fd65dd7,None,None,2,1073,24,[],None,None
EXPLOIT_VULN,11254.327600482937,11276.430414292236,22.102813809298823,29,4ddaa79c-959b-4271-a344-b83a2fd65dd7,None,None,2,1074,24,[],None,None
EXPLOIT_VULN,11276.430414292236,11281.812720415419,5.382306123183298,29,4ddaa79c-959b-4271-a344-b83a2fd65dd7,None,None,2,1075,24,[],None,None
EXPLOIT_VULN,11281.812720415419,11284.089069346637,2.2763489312183083,29,4ddaa79c-959b-4271-a344-b83a2fd65dd7,None,None,2,1076,24,[],None,None
EXPLOIT_VULN,11284.089069346637,11289.809858238381,5.720788891743723,29,4ddaa79c-959b-4271-a344-b83a2fd65dd7,None,None,2,1077,24,[],None,None
EXPLOIT_VULN,11289.809858238381,11293.743236787244,3.933378548863402,29,4ddaa79c-959b-4271-a344-b83a2fd65dd7,None,None,2,1078,24,[],None,None
EXPLOIT_VULN,11293.743236787244,11303.766022567585,10.0227857803402,29,4ddaa79c-959b-4271-a344-b83a2fd65dd7,None,None,2,1079,24,[],None,None
EXPLOIT_VULN,11303.766022567585,11311.801636199132,8.035613631547676,29,4ddaa79c-959b-4271-a344-b83a2fd65dd7,None,None,2,1080,24,[],None,None
EXPLOIT_VULN,11311.801636199132,11321.154314004269,9.352677805136409,29,4ddaa79c-959b-4271-a344-b83a2fd65dd7,None,None,2,1081,24,[],None,None
EXPLOIT_VULN,11321.154314004269,11330.461896024792,9.307582020523114,29,4ddaa79c-959b-4271-a344-b83a2fd65dd7,None,None,2,1082,24,[],None,None
EXPLOIT_VULN,11330.461896024792,11335.888489903975,5.426593879183201,29,4ddaa79c-959b-4271-a344-b83a2fd65dd7,None,None,2,1083,24,[],None,None
EXPLOIT_VULN,11335.888489903975,11340.75186663094,4.8633767269657255,29,4ddaa79c-959b-4271-a344-b83a2fd65dd7,None,None,2,1084,24,[],None,None
EXPLOIT_VULN,11340.75186663094,11349.491742433838,8.739875802897586,29,4ddaa79c-959b-4271-a344-b83a2fd65dd7,29,4ddaa79c-959b-4271-a344-b83a2fd65dd7,2,1085,24,[],None,None
SCAN_NEIGHBOR,11349.491742433838,11354.491742433838,5.0,29,4ddaa79c-959b-4271-a344-b83a2fd65dd7,None,None,2,1086,25,[],None,None
ENUM_HOST,11354.491742433838,11359.491742433838,5.0,29,4ddaa79c-959b-4271-a344-b83a2fd65dd7,None,None,2,1086,25,[],None,None
SCAN_PORT,11359.491742433838,11384.491742433838,25.0,32,6ef90a9c-8230-408e-8807-2947367eb322,None,None,1,1086,25,[],None,None
EXPLOIT_VULN,11384.491742433838,11388.2738614684,3.782119034562129,32,6ef90a9c-8230-408e-8807-2947367eb322,None,None,1,1086,25,[],None,None
EXPLOIT_VULN,11388.2738614684,11404.351276563619,16.077415095218385,32,6ef90a9c-8230-408e-8807-2947367eb322,None,None,1,1087,25,[],None,None
EXPLOIT_VULN,11404.351276563619,11407.717599881022,3.36632331740293,32,6ef90a9c-8230-408e-8807-2947367eb322,None,None,1,1088,25,[],None,None
EXPLOIT_VULN,11407.717599881022,11416.822820378518,9.105220497496703,32,6ef90a9c-8230-408e-8807-2947367eb322,None,None,1,1089,25,[],None,None
BRUTE_FORCE,11416.822820378518,11436.822820378518,20.0,32,6ef90a9c-8230-408e-8807-2947367eb322,None,None,1,1090,25,[],None,None
ENUM_HOST,11436.822820378518,11441.822820378518,5.0,32,6ef90a9c-8230-408e-8807-2947367eb322,None,None,1,1090,25,[],None,None
SCAN_PORT,11441.822820378518,11466.822820378518,25.0,30,646c18dd-05a6-4198-9f08-e14f649e383c,30,646c18dd-05a6-4198-9f08-e14f649e383c,1,1090,25,[],None,None
SCAN_NEIGHBOR,11466.822820378518,11471.822820378518,5.0,30,646c18dd-05a6-4198-9f08-e14f649e383c,None,None,1,1090,26,[],None,None
ENUM_HOST,11471.822820378518,11476.822820378518,5.0,30,646c18dd-05a6-4198-9f08-e14f649e383c,None,None,1,1090,26,[],None,None
SCAN_PORT,11476.822820378518,11501.822820378518,25.0,31,8089a952-e12d-45d1-a954-58ff287a9a5f,None,None,1,1090,26,[],None,None
EXPLOIT_VULN,11501.822820378518,11502.79686849062,0.9740481121025368,31,8089a952-e12d-45d1-a954-58ff287a9a5f,None,None,1,1090,26,[],None,None
EXPLOIT_VULN,11502.79686849062,11507.571439749163,4.774571258541982,31,8089a952-e12d-45d1-a954-58ff287a9a5f,None,None,1,1091,26,[],None,None
EXPLOIT_VULN,11507.571439749163,11511.16395572213,3.592515972966794,31,8089a952-e12d-45d1-a954-58ff287a9a5f,None,None,1,1092,26,[],None,None
EXPLOIT_VULN,11511.16395572213,11513.868853370008,2.7048976478781697,31,8089a952-e12d-45d1-a954-58ff287a9a5f,None,None,1,1093,26,[],None,None
EXPLOIT_VULN,11513.868853370008,11519.766892605647,5.898039235638862,31,8089a952-e12d-45d1-a954-58ff287a9a5f,None,None,1,1094,26,[],None,None
EXPLOIT_VULN,11519.766892605647,11522.462676756746,2.6957841510993603,31,8089a952-e12d-45d1-a954-58ff287a9a5f,None,None,1,1095,26,[],None,None
EXPLOIT_VULN,11522.462676756746,11528.032914097723,5.570237340976746,31,8089a952-e12d-45d1-a954-58ff287a9a5f,None,None,1,1096,26,[],None,None
EXPLOIT_VULN,11528.032914097723,11542.212186596886,14.179272499162835,31,8089a952-e12d-45d1-a954-58ff287a9a5f,None,None,1,1097,26,[],None,None
EXPLOIT_VULN,11542.212186596886,11546.69573442528,4.483547828394876,31,8089a952-e12d-45d1-a954-58ff287a9a5f,None,None,1,1098,26,[],None,None
EXPLOIT_VULN,11546.69573442528,11549.379393367804,2.6836589425238344,31,8089a952-e12d-45d1-a954-58ff287a9a5f,None,None,1,1099,26,[],None,None
EXPLOIT_VULN,11549.379393367804,11556.430660423042,7.051267055237986,31,8089a952-e12d-45d1-a954-58ff287a9a5f,None,None,1,1100,26,[],None,None
BRUTE_FORCE,11556.430660423042,11576.430660423042,20.0,31,8089a952-e12d-45d1-a954-58ff287a9a5f,None,None,1,1101,26,[],None,None
ENUM_HOST,11576.430660423042,11581.430660423042,5.0,31,8089a952-e12d-45d1-a954-58ff287a9a5f,None,None,1,1101,26,[],None,None
ENUM_HOST,11581.430660423042,11586.430660423042,5.0,29,4ddaa79c-959b-4271-a344-b83a2fd65dd7,None,None,3,1101,26,[],None,None
ENUM_HOST,11586.430660423042,11591.430660423042,5.0,39,7709a421-d633-42c8-8912-7f13ca7ecf3b,None,None,3,1101,26,[],None,None
ENUM_HOST,11591.430660423042,11596.430660423042,5.0,22,07f44fbe-e0a6-466b-a44d-49027332a3e2,None,None,4,1101,26,[],None,None
SCAN_PORT,11596.430660423042,11621.430660423042,25.0,1,7fb9112a-44c7-4dc3-9f20-1507951ee638,None,None,3,1101,26,[],None,None
EXPLOIT_VULN,11621.430660423042,11622.318098473215,0.887438050172932,1,7fb9112a-44c7-4dc3-9f20-1507951ee638,None,None,3,1101,26,[],None,None
EXPLOIT_VULN,11622.318098473215,11623.664163515949,1.346065042733244,1,7fb9112a-44c7-4dc3-9f20-1507951ee638,None,None,3,1102,26,[],None,None
EXPLOIT_VULN,11623.664163515949,11626.779180126696,3.1150166107472614,1,7fb9112a-44c7-4dc3-9f20-1507951ee638,None,None,3,1103,26,[],None,None
EXPLOIT_VULN,11626.779180126696,11629.53568972208,2.7565095953850687,1,7fb9112a-44c7-4dc3-9f20-1507951ee638,None,None,3,1104,26,[],None,None
EXPLOIT_VULN,11629.53568972208,11637.231758914955,7.696069192874347,1,7fb9112a-44c7-4dc3-9f20-1507951ee638,None,None,3,1105,26,[],None,None
EXPLOIT_VULN,11637.231758914955,11645.715494817368,8.483735902413173,1,7fb9112a-44c7-4dc3-9f20-1507951ee638,None,None,3,1106,26,[],None,None
EXPLOIT_VULN,11645.715494817368,11648.299619669513,2.5841248521446687,1,7fb9112a-44c7-4dc3-9f20-1507951ee638,None,None,3,1107,26,[],None,None
EXPLOIT_VULN,11648.299619669513,11655.569232238902,7.26961256938921,1,7fb9112a-44c7-4dc3-9f20-1507951ee638,None,None,3,1108,26,[],None,None
EXPLOIT_VULN,11655.569232238902,11663.02772734504,7.458495106136979,1,7fb9112a-44c7-4dc3-9f20-1507951ee638,None,None,3,1109,26,[],None,None
EXPLOIT_VULN,11663.02772734504,11671.851916052781,8.824188707741996,1,7fb9112a-44c7-4dc3-9f20-1507951ee638,None,None,3,1110,26,[],None,None
EXPLOIT_VULN,11671.851916052781,11679.809612936511,7.957696883730023,1,7fb9112a-44c7-4dc3-9f20-1507951ee638,None,None,3,1111,26,[],None,None
BRUTE_FORCE,11679.809612936511,11699.809612936511,20.0,1,7fb9112a-44c7-4dc3-9f20-1507951ee638,None,None,3,1112,26,[],None,None
ENUM_HOST,11699.809612936511,11704.809612936511,5.0,1,7fb9112a-44c7-4dc3-9f20-1507951ee638,None,None,3,1112,26,[],None,None
SCAN_PORT,11704.809612936511,11729.809612936511,25.0,2,fc9746b1-979d-43ad-b52a-a9c47dada09f,2,fc9746b1-979d-43ad-b52a-a9c47dada09f,3,1112,26,[],None,None
SCAN_NEIGHBOR,11729.809612936511,11734.809612936511,5.0,2,fc9746b1-979d-43ad-b52a-a9c47dada09f,None,None,3,1112,27,[],None,None
ENUM_HOST,11734.809612936511,11739.809612936511,5.0,2,fc9746b1-979d-43ad-b52a-a9c47dada09f,None,None,3,1112,27,[],None,None
SCAN_PORT,11739.809612936511,11764.809612936511,25.0,8,024a49ed-aa41-48c9-86e9-79d40e6b5fd2,None,None,2,1112,27,[],None,None
EXPLOIT_VULN,11764.809612936511,11765.107622651023,0.2980097145118634,8,024a49ed-aa41-48c9-86e9-79d40e6b5fd2,None,None,2,1112,27,[],None,None
EXPLOIT_VULN,11765.107622651023,11767.76928795771,2.6616653066867,8,024a49ed-aa41-48c9-86e9-79d40e6b5fd2,None,None,2,1113,27,[],None,None
EXPLOIT_VULN,11767.76928795771,11770.952695089096,3.1834071313860477,8,024a49ed-aa41-48c9-86e9-79d40e6b5fd2,None,None,2,1114,27,[],None,None
EXPLOIT_VULN,11770.952695089096,11775.052591562466,4.099896473369881,8,024a49ed-aa41-48c9-86e9-79d40e6b5fd2,None,None,2,1115,27,[],None,None
EXPLOIT_VULN,11775.052591562466,11790.559331184071,15.506739621605448,8,024a49ed-aa41-48c9-86e9-79d40e6b5fd2,None,None,2,1116,27,[],None,None
EXPLOIT_VULN,11790.559331184071,11795.993017936253,5.433686752181529,8,024a49ed-aa41-48c9-86e9-79d40e6b5fd2,None,None,2,1117,27,[],None,None
EXPLOIT_VULN,11795.993017936253,11803.366279963775,7.373262027522287,8,024a49ed-aa41-48c9-86e9-79d40e6b5fd2,None,None,2,1118,27,[],None,None
EXPLOIT_VULN,11803.366279963775,11814.063156515967,10.696876552192407,8,024a49ed-aa41-48c9-86e9-79d40e6b5fd2,None,None,2,1119,27,[],None,None
EXPLOIT_VULN,11814.063156515967,11835.026668222648,20.963511706680947,8,024a49ed-aa41-48c9-86e9-79d40e6b5fd2,None,None,2,1120,27,[],None,None
EXPLOIT_VULN,11835.026668222648,11842.223274865763,7.196606643114137,8,024a49ed-aa41-48c9-86e9-79d40e6b5fd2,None,None,2,1121,27,[],None,None
EXPLOIT_VULN,11842.223274865763,11862.58952474522,20.366249879458337,8,024a49ed-aa41-48c9-86e9-79d40e6b5fd2,None,None,2,1122,27,[],None,None
EXPLOIT_VULN,11862.58952474522,11880.025359273963,17.435834528741907,8,024a49ed-aa41-48c9-86e9-79d40e6b5fd2,None,None,2,1123,27,[],None,None
EXPLOIT_VULN,11880.025359273963,11897.573914341063,17.548555067100096,8,024a49ed-aa41-48c9-86e9-79d40e6b5fd2,8,024a49ed-aa41-48c9-86e9-79d40e6b5fd2,2,1124,27,[],None,None
SCAN_NEIGHBOR,11897.573914341063,11902.573914341063,5.0,8,024a49ed-aa41-48c9-86e9-79d40e6b5fd2,None,None,2,1125,28,[],None,None
ENUM_HOST,11902.573914341063,11907.573914341063,5.0,8,024a49ed-aa41-48c9-86e9-79d40e6b5fd2,None,None,2,1125,28,[],None,None
ENUM_HOST,11907.573914341063,11912.573914341063,5.0,7,fd9364c5-6a05-4323-b555-46dd927e9bea,None,None,3,1125,28,[],None,None
ENUM_HOST,11912.573914341063,11917.573914341063,5.0,2,fc9746b1-979d-43ad-b52a-a9c47dada09f,None,None,4,1125,28,[],None,None
SCAN_HOST,11917.573914341063,11922.573914341063,5.0,3,8c890e99-f923-4b5e-bb8f-4015806e2f2e,None,None,3,1125,28,[],None,None
ENUM_HOST,11922.573914341063,11927.573914341063,5.0,3,8c890e99-f923-4b5e-bb8f-4015806e2f2e,None,None,3,1125,28,[],None,None
SCAN_PORT,11927.573914341063,11952.573914341063,25.0,10,d79c0963-4a36-42b2-9ec4-1e466a44227f,None,None,3,1125,28,[],None,None
EXPLOIT_VULN,11952.573914341063,11960.386019778094,7.812105437031278,10,d79c0963-4a36-42b2-9ec4-1e466a44227f,None,None,3,1125,28,[],None,None
EXPLOIT_VULN,11960.386019778094,11966.178746616413,5.79272683831914,10,d79c0963-4a36-42b2-9ec4-1e466a44227f,None,None,3,1126,28,[],None,None
EXPLOIT_VULN,11966.178746616413,11985.107242488673,18.9284958722601,10,d79c0963-4a36-42b2-9ec4-1e466a44227f,None,None,3,1127,28,[],None,None
EXPLOIT_VULN,11985.107242488673,12003.728013808477,18.62077131980368,10,d79c0963-4a36-42b2-9ec4-1e466a44227f,None,None,3,1128,28,[],None,None
BRUTE_FORCE,12003.728013808477,12023.728013808477,20.0,10,d79c0963-4a36-42b2-9ec4-1e466a44227f,None,None,3,1129,28,[],None,None
ENUM_HOST,12023.728013808477,12028.728013808477,5.0,10,d79c0963-4a36-42b2-9ec4-1e466a44227f,None,None,3,1129,28,[],None,None
SCAN_PORT,12028.728013808477,12053.728013808477,25.0,18,0e1965b7-58a3-4660-92a6-422c5c49cf70,None,None,4,1129,28,[],None,None
EXPLOIT_VULN,12053.728013808477,12058.467615842656,4.739602034178461,18,0e1965b7-58a3-4660-92a6-422c5c49cf70,None,None,4,1129,28,[],None,None
EXPLOIT_VULN,12058.467615842656,12079.761623425135,21.294007582479026,18,0e1965b7-58a3-4660-92a6-422c5c49cf70,None,None,4,1130,28,[],None,None
EXPLOIT_VULN,12079.761623425135,12100.702938506574,20.941315081439825,18,0e1965b7-58a3-4660-92a6-422c5c49cf70,None,None,4,1131,28,[],None,None
EXPLOIT_VULN,12100.702938506574,12108.582345652967,7.879407146392623,18,0e1965b7-58a3-4660-92a6-422c5c49cf70,None,None,4,1132,28,[],None,None
EXPLOIT_VULN,12108.582345652967,12126.09092407135,17.508578418382967,18,0e1965b7-58a3-4660-92a6-422c5c49cf70,None,None,4,1133,28,[],None,None
EXPLOIT_VULN,12126.09092407135,12148.412788315976,22.32186424462634,18,0e1965b7-58a3-4660-92a6-422c5c49cf70,None,None,4,1134,28,[],None,None
EXPLOIT_VULN,12148.412788315976,12155.422235869848,7.009447553871723,18,0e1965b7-58a3-4660-92a6-422c5c49cf70,None,None,4,1135,28,[],None,None
EXPLOIT_VULN,12155.422235869848,12176.831043407365,21.408807537516623,18,0e1965b7-58a3-4660-92a6-422c5c49cf70,None,None,4,1136,28,[],None,None
EXPLOIT_VULN,12176.831043407365,12200.910119218735,24.079075811370785,18,0e1965b7-58a3-4660-92a6-422c5c49cf70,None,None,4,1137,28,[],None,None
BRUTE_FORCE,12200.910119218735,12220.910119218735,20.0,18,0e1965b7-58a3-4660-92a6-422c5c49cf70,None,None,4,1138,28,[],None,None
ENUM_HOST,12220.910119218735,12225.910119218735,5.0,18,0e1965b7-58a3-4660-92a6-422c5c49cf70,None,None,4,1138,28,[],None,None
SCAN_PORT,12225.910119218735,12250.910119218735,25.0,11,1c46076f-ea2d-4800-9a61-c6d6398aa328,None,None,4,1138,28,[],None,None
EXPLOIT_VULN,12250.910119218735,12252.162349033542,1.252229814806924,11,1c46076f-ea2d-4800-9a61-c6d6398aa328,None,None,4,1138,28,[],None,None
EXPLOIT_VULN,12252.162349033542,12264.352784721663,12.190435688120488,11,1c46076f-ea2d-4800-9a61-c6d6398aa328,None,None,4,1139,28,[],None,None
EXPLOIT_VULN,12264.352784721663,12284.047682128705,19.694897407041935,11,1c46076f-ea2d-4800-9a61-c6d6398aa328,None,None,4,1140,28,[],None,None
EXPLOIT_VULN,12284.047682128705,12300.083052753469,16.035370624764255,11,1c46076f-ea2d-4800-9a61-c6d6398aa328,None,None,4,1141,28,[],None,None
EXPLOIT_VULN,12300.083052753469,12317.198784931708,17.11573217823934,11,1c46076f-ea2d-4800-9a61-c6d6398aa328,None,None,4,1142,28,[],None,None
EXPLOIT_VULN,12317.198784931708,12335.866923882217,18.668138950508364,11,1c46076f-ea2d-4800-9a61-c6d6398aa328,None,None,4,1143,28,[],None,None
EXPLOIT_VULN,12335.866923882217,12344.5809174761,8.71399359388306,11,1c46076f-ea2d-4800-9a61-c6d6398aa328,None,None,4,1144,28,[],None,None
BRUTE_FORCE,12344.5809174761,12364.5809174761,20.0,11,1c46076f-ea2d-4800-9a61-c6d6398aa328,None,None,4,1145,28,[],None,None
ENUM_HOST,12364.5809174761,12369.5809174761,5.0,11,1c46076f-ea2d-4800-9a61-c6d6398aa328,None,None,4,1145,28,[],None,None
SCAN_PORT,12369.5809174761,12394.5809174761,25.0,36,e5ccb476-1fc7-4029-82cd-9b628ea2099f,None,None,2,1145,28,[],None,None
EXPLOIT_VULN,12394.5809174761,12397.903280082706,3.3223626066064753,36,e5ccb476-1fc7-4029-82cd-9b628ea2099f,None,None,2,1145,28,[],None,None
EXPLOIT_VULN,12397.903280082706,12400.431252131275,2.5279720485686994,36,e5ccb476-1fc7-4029-82cd-9b628ea2099f,None,None,2,1146,28,[],None,None
EXPLOIT_VULN,12400.431252131275,12402.088179957987,1.65692782671249,36,e5ccb476-1fc7-4029-82cd-9b628ea2099f,None,None,2,1147,28,[],None,None
EXPLOIT_VULN,12402.088179957987,12404.585372568912,2.497192610924685,36,e5ccb476-1fc7-4029-82cd-9b628ea2099f,None,None,2,1148,28,[],None,None
EXPLOIT_VULN,12404.585372568912,12407.693785276968,3.1084127080557664,36,e5ccb476-1fc7-4029-82cd-9b628ea2099f,None,None,2,1149,28,[],None,None
EXPLOIT_VULN,12407.693785276968,12411.561906909932,3.8681216329641757,36,e5ccb476-1fc7-4029-82cd-9b628ea2099f,None,None,2,1150,28,[],None,None
EXPLOIT_VULN,12411.561906909932,12422.19990906857,10.638002158637391,36,e5ccb476-1fc7-4029-82cd-9b628ea2099f,None,None,2,1151,28,[],None,None
EXPLOIT_VULN,12422.19990906857,12425.761959515046,3.56205044647686,36,e5ccb476-1fc7-4029-82cd-9b628ea2099f,None,None,2,1152,28,[],None,None
EXPLOIT_VULN,12425.761959515046,12429.22748157878,3.46552206373417,36,e5ccb476-1fc7-4029-82cd-9b628ea2099f,None,None,2,1153,28,[],None,None
EXPLOIT_VULN,12429.22748157878,12430.870516866697,1.6430352879160637,36,e5ccb476-1fc7-4029-82cd-9b628ea2099f,None,None,2,1154,28,[],None,None
EXPLOIT_VULN,12430.870516866697,12441.80896828509,10.938451418393015,36,e5ccb476-1fc7-4029-82cd-9b628ea2099f,None,None,2,1155,28,[],None,None
EXPLOIT_VULN,12441.80896828509,12447.872486233518,6.063517948428853,36,e5ccb476-1fc7-4029-82cd-9b628ea2099f,None,None,2,1156,28,[],None,None
EXPLOIT_VULN,12447.872486233518,12463.52634769655,15.653861463031717,36,e5ccb476-1fc7-4029-82cd-9b628ea2099f,None,None,2,1157,28,[],None,None
EXPLOIT_VULN,12463.52634769655,12477.475000681732,13.94865298518198,36,e5ccb476-1fc7-4029-82cd-9b628ea2099f,None,None,2,1158,28,[],None,None
EXPLOIT_VULN,12477.475000681732,12494.328349386933,16.853348705200915,36,e5ccb476-1fc7-4029-82cd-9b628ea2099f,None,None,2,1159,28,[],None,None
EXPLOIT_VULN,12494.328349386933,12511.385832202574,17.05748281564047,36,e5ccb476-1fc7-4029-82cd-9b628ea2099f,None,None,2,1160,28,[],None,None
EXPLOIT_VULN,12511.385832202574,12522.321849766839,10.936017564265057,36,e5ccb476-1fc7-4029-82cd-9b628ea2099f,None,None,2,1161,28,[],None,None
EXPLOIT_VULN,12522.321849766839,12529.284251679475,6.962401912636778,36,e5ccb476-1fc7-4029-82cd-9b628ea2099f,None,None,2,1162,28,[],None,None
EXPLOIT_VULN,12529.284251679475,12534.671784220838,5.387532541362816,36,e5ccb476-1fc7-4029-82cd-9b628ea2099f,None,None,2,1163,28,[],None,None
EXPLOIT_VULN,12534.671784220838,12542.742677932229,8.070893711390454,36,e5ccb476-1fc7-4029-82cd-9b628ea2099f,None,None,2,1164,28,[],None,None
EXPLOIT_VULN,12542.742677932229,12560.495634050503,17.752956118274597,36,e5ccb476-1fc7-4029-82cd-9b628ea2099f,None,None,2,1165,28,[],None,None
EXPLOIT_VULN,12560.495634050503,12566.326702365925,5.831068315421362,36,e5ccb476-1fc7-4029-82cd-9b628ea2099f,None,None,2,1166,28,[],None,None
EXPLOIT_VULN,12566.326702365925,12574.760492073216,8.433789707290998,36,e5ccb476-1fc7-4029-82cd-9b628ea2099f,None,None,2,1167,28,[],None,None
EXPLOIT_VULN,12574.760492073216,12583.212529615512,8.452037542296239,36,e5ccb476-1fc7-4029-82cd-9b628ea2099f,None,None,2,1168,28,[],None,None
EXPLOIT_VULN,12583.212529615512,12598.962579441664,15.750049826152463,36,e5ccb476-1fc7-4029-82cd-9b628ea2099f,None,None,2,1169,28,[],None,None
EXPLOIT_VULN,12598.962579441664,12622.25141792878,23.288838487114845,36,e5ccb476-1fc7-4029-82cd-9b628ea2099f,None,None,2,1170,28,[],None,None
EXPLOIT_VULN,12622.25141792878,12629.767182013791,7.5157640850120515,36,e5ccb476-1fc7-4029-82cd-9b628ea2099f,None,None,2,1171,28,[],None,None
EXPLOIT_VULN,12629.767182013791,12650.840640897015,21.073458883223793,36,e5ccb476-1fc7-4029-82cd-9b628ea2099f,None,None,2,1172,28,[],None,None
EXPLOIT_VULN,12650.840640897015,12659.23872435689,8.398083459875124,36,e5ccb476-1fc7-4029-82cd-9b628ea2099f,None,None,2,1173,28,[],None,None
EXPLOIT_VULN,12659.23872435689,12667.366304940844,8.127580583954114,36,e5ccb476-1fc7-4029-82cd-9b628ea2099f,None,None,2,1174,28,[],None,None
EXPLOIT_VULN,12667.366304940844,12671.201987550123,3.8356826092785923,36,e5ccb476-1fc7-4029-82cd-9b628ea2099f,None,None,2,1175,28,[],None,None
EXPLOIT_VULN,12671.201987550123,12683.166437302165,11.964449752042128,36,e5ccb476-1fc7-4029-82cd-9b628ea2099f,None,None,2,1176,28,[],None,None
EXPLOIT_VULN,12683.166437302165,12698.444942176187,15.278504874022474,36,e5ccb476-1fc7-4029-82cd-9b628ea2099f,None,None,2,1177,28,[],None,None
EXPLOIT_VULN,12698.444942176187,12705.362349613402,6.9174074372149335,36,e5ccb476-1fc7-4029-82cd-9b628ea2099f,None,None,2,1178,28,[],None,None
EXPLOIT_VULN,12705.362349613402,12714.13755439606,8.775204782657966,36,e5ccb476-1fc7-4029-82cd-9b628ea2099f,None,None,2,1179,28,[],None,None
EXPLOIT_VULN,12714.13755439606,12718.280175168346,4.142620772285227,36,e5ccb476-1fc7-4029-82cd-9b628ea2099f,None,None,2,1180,28,[],None,None
EXPLOIT_VULN,12718.280175168346,12740.713123621153,22.432948452807977,36,e5ccb476-1fc7-4029-82cd-9b628ea2099f,36,e5ccb476-1fc7-4029-82cd-9b628ea2099f,2,1181,28,[],None,None
SCAN_NEIGHBOR,12740.713123621153,12745.713123621153,5.0,36,e5ccb476-1fc7-4029-82cd-9b628ea2099f,None,None,2,1182,29,[],None,None
ENUM_HOST,12745.713123621153,12750.713123621153,5.0,36,e5ccb476-1fc7-4029-82cd-9b628ea2099f,None,None,2,1182,29,[],None,None
ENUM_HOST,12750.713123621153,12755.713123621153,5.0,33,efa10b4d-cbc9-4916-9ba8-a161ec9dd0f4,None,None,5,1182,29,[],None,None
SCAN_PORT,12755.713123621153,12780.713123621153,25.0,35,df67afeb-6f32-4213-a0e8-9b7c3f56a7ab,None,None,2,1182,29,[],None,None
EXPLOIT_VULN,12780.713123621153,12781.76320985746,1.050086236306015,35,df67afeb-6f32-4213-a0e8-9b7c3f56a7ab,None,None,2,1182,29,[],None,None
EXPLOIT_VULN,12781.76320985746,12784.9991679633,3.2359581058408367,35,df67afeb-6f32-4213-a0e8-9b7c3f56a7ab,None,None,2,1183,29,[],None,None
EXPLOIT_VULN,12784.9991679633,12786.221173441032,1.2220054777317273,35,df67afeb-6f32-4213-a0e8-9b7c3f56a7ab,None,None,2,1184,29,[],None,None
EXPLOIT_VULN,12786.221173441032,12796.29109364999,10.069920208958138,35,df67afeb-6f32-4213-a0e8-9b7c3f56a7ab,None,None,2,1185,29,[],None,None
EXPLOIT_VULN,12796.29109364999,12806.51637929645,10.22528564646018,35,df67afeb-6f32-4213-a0e8-9b7c3f56a7ab,None,None,2,1186,29,[],None,None
EXPLOIT_VULN,12806.51637929645,12819.689429766779,13.173050470328235,35,df67afeb-6f32-4213-a0e8-9b7c3f56a7ab,None,None,2,1187,29,[],None,None
EXPLOIT_VULN,12819.689429766779,12835.4141781599,15.724748393120535,35,df67afeb-6f32-4213-a0e8-9b7c3f56a7ab,None,None,2,1188,29,[],None,None
EXPLOIT_VULN,12835.4141781599,12841.424321576442,6.010143416542633,35,df67afeb-6f32-4213-a0e8-9b7c3f56a7ab,None,None,2,1189,29,[],None,None
EXPLOIT_VULN,12841.424321576442,12849.851064657849,8.42674308140704,35,df67afeb-6f32-4213-a0e8-9b7c3f56a7ab,None,None,2,1190,29,[],None,None
EXPLOIT_VULN,12849.851064657849,12865.45936460208,15.608299944231476,35,df67afeb-6f32-4213-a0e8-9b7c3f56a7ab,None,None,2,1191,29,[],None,None
EXPLOIT_VULN,12865.45936460208,12869.910586157643,4.45122155556237,35,df67afeb-6f32-4213-a0e8-9b7c3f56a7ab,None,None,2,1192,29,[],None,None
EXPLOIT_VULN,12869.910586157643,12879.341054845669,9.43046868802594,35,df67afeb-6f32-4213-a0e8-9b7c3f56a7ab,None,None,2,1193,29,[],None,None
EXPLOIT_VULN,12879.341054845669,12883.509843640586,4.168788794917418,35,df67afeb-6f32-4213-a0e8-9b7c3f56a7ab,None,None,2,1194,29,[],None,None
EXPLOIT_VULN,12883.509843640586,12892.900015893494,9.390172252908087,35,df67afeb-6f32-4213-a0e8-9b7c3f56a7ab,None,None,2,1195,29,[],None,None
EXPLOIT_VULN,12892.900015893494,12896.003726256533,3.103710363038772,35,df67afeb-6f32-4213-a0e8-9b7c3f56a7ab,None,None,2,1196,29,[],None,None
EXPLOIT_VULN,12896.003726256533,12903.443663296968,7.439937040435325,35,df67afeb-6f32-4213-a0e8-9b7c3f56a7ab,None,None,2,1197,29,[],None,None
BRUTE_FORCE,12903.443663296968,12923.443663296968,20.0,35,df67afeb-6f32-4213-a0e8-9b7c3f56a7ab,None,None,2,1198,29,[],None,None
ENUM_HOST,12923.443663296968,12928.443663296968,5.0,35,df67afeb-6f32-4213-a0e8-9b7c3f56a7ab,None,None,2,1198,29,[],None,None
SCAN_PORT,12928.443663296968,12953.443663296968,25.0,37,9d82a2b5-510a-43e0-b996-68b5204a464c,None,None,4,1198,29,[],None,None
EXPLOIT_VULN,12953.443663296968,12953.443663296968,0.0,37,9d82a2b5-510a-43e0-b996-68b5204a464c,None,None,4,1198,29,[],None,None
BRUTE_FORCE,12953.443663296968,12973.443663296968,20.0,37,9d82a2b5-510a-43e0-b996-68b5204a464c,None,None,4,1198,29,[],None,None
ENUM_HOST,12973.443663296968,12978.443663296968,5.0,37,9d82a2b5-510a-43e0-b996-68b5204a464c,None,None,4,1198,29,[],None,None
SCAN_PORT,12978.443663296968,13003.443663296968,25.0,34,87999234-29ae-4ba2-ae23-9a1c00d9f717,None,None,2,1198,29,[],None,None
EXPLOIT_VULN,13003.443663296968,13005.478112464589,2.0344491676205507,34,87999234-29ae-4ba2-ae23-9a1c00d9f717,None,None,2,1198,29,[],None,None
EXPLOIT_VULN,13005.478112464589,13006.759031421476,1.2809189568870352,34,87999234-29ae-4ba2-ae23-9a1c00d9f717,None,None,2,1199,29,[],None,None
EXPLOIT_VULN,13006.759031421476,13017.593477673887,10.834446252410999,34,87999234-29ae-4ba2-ae23-9a1c00d9f717,None,None,2,1200,29,[],None,None
EXPLOIT_VULN,13017.593477673887,13025.345744722583,7.752267048696012,34,87999234-29ae-4ba2-ae23-9a1c00d9f717,None,None,2,1201,29,[],None,None
EXPLOIT_VULN,13025.345744722583,13032.341963916795,6.9962191942122445,34,87999234-29ae-4ba2-ae23-9a1c00d9f717,None,None,2,1202,29,[],None,None
EXPLOIT_VULN,13032.341963916795,13054.290197042204,21.948233125409388,34,87999234-29ae-4ba2-ae23-9a1c00d9f717,None,None,2,1203,29,[],None,None
EXPLOIT_VULN,13054.290197042204,13056.73044460392,2.440247561715296,34,87999234-29ae-4ba2-ae23-9a1c00d9f717,None,None,2,1204,29,[],None,None
EXPLOIT_VULN,13056.73044460392,13064.462525783953,7.732081180032765,34,87999234-29ae-4ba2-ae23-9a1c00d9f717,None,None,2,1205,29,[],None,None
EXPLOIT_VULN,13064.462525783953,13068.6395111574,4.176985373447678,34,87999234-29ae-4ba2-ae23-9a1c00d9f717,None,None,2,1206,29,[],None,None
EXPLOIT_VULN,13068.6395111574,13071.221358333538,2.5818471761376713,34,87999234-29ae-4ba2-ae23-9a1c00d9f717,None,None,2,1207,29,[],None,None
EXPLOIT_VULN,13071.221358333538,13089.405527105566,18.184168772027988,34,87999234-29ae-4ba2-ae23-9a1c00d9f717,34,87999234-29ae-4ba2-ae23-9a1c00d9f717,2,1208,29,[],None,None
SCAN_NEIGHBOR,13089.405527105566,13094.405527105566,5.0,34,87999234-29ae-4ba2-ae23-9a1c00d9f717,None,None,2,1209,30,[],None,None
ENUM_HOST,13094.405527105566,13099.405527105566,5.0,34,87999234-29ae-4ba2-ae23-9a1c00d9f717,None,None,2,1209,30,[],None,None
ENUM_HOST,13099.405527105566,13104.405527105566,5.0,33,efa10b4d-cbc9-4916-9ba8-a161ec9dd0f4,None,None,6,1209,30,[],None,None
SCAN_PORT,13104.405527105566,13129.405527105566,25.0,43,a6e88081-5149-469e-9853-869579ea282e,None,None,3,1209,30,[],None,None
EXPLOIT_VULN,13129.405527105566,13131.932282859094,2.5267557535280503,43,a6e88081-5149-469e-9853-869579ea282e,None,None,3,1209,30,[],None,None
EXPLOIT_VULN,13131.932282859094,13137.609157088244,5.676874229149689,43,a6e88081-5149-469e-9853-869579ea282e,None,None,3,1210,30,[],None,None
EXPLOIT_VULN,13137.609157088244,13140.00977095754,2.4006138692966488,43,a6e88081-5149-469e-9853-869579ea282e,None,None,3,1211,30,[],None,None
EXPLOIT_VULN,13140.00977095754,13143.034204203772,3.024433246231638,43,a6e88081-5149-469e-9853-869579ea282e,None,None,3,1212,30,[],None,None
EXPLOIT_VULN,13143.034204203772,13151.250155001902,8.215950798130507,43,a6e88081-5149-469e-9853-869579ea282e,None,None,3,1213,30,[],None,None
EXPLOIT_VULN,13151.250155001902,13157.679098446739,6.428943444836477,43,a6e88081-5149-469e-9853-869579ea282e,None,None,3,1214,30,[],None,None
EXPLOIT_VULN,13157.679098446739,13176.561972282936,18.882873836197177,43,a6e88081-5149-469e-9853-869579ea282e,None,None,3,1215,30,[],None,None
BRUTE_FORCE,13176.561972282936,13196.561972282936,20.0,43,a6e88081-5149-469e-9853-869579ea282e,None,None,3,1216,30,[],None,None
ENUM_HOST,13196.561972282936,13201.561972282936,5.0,43,a6e88081-5149-469e-9853-869579ea282e,None,None,3,1216,30,[],None,None
SCAN_PORT,13201.561972282936,13226.561972282936,25.0,19,eea481d8-8c5c-4850-a73c-b4bde9c39251,None,None,2,1216,30,[],None,None
EXPLOIT_VULN,13226.561972282936,13226.930611978596,0.36863969566002197,19,eea481d8-8c5c-4850-a73c-b4bde9c39251,None,None,2,1216,30,[],None,None
EXPLOIT_VULN,13226.930611978596,13227.220983729485,0.29037175088888034,19,eea481d8-8c5c-4850-a73c-b4bde9c39251,None,None,2,1217,30,[],None,None
EXPLOIT_VULN,13227.220983729485,13229.026319077415,1.8053353479299403,19,eea481d8-8c5c-4850-a73c-b4bde9c39251,None,None,2,1218,30,[],None,None
EXPLOIT_VULN,13229.026319077415,13231.875738100238,2.8494190228229854,19,eea481d8-8c5c-4850-a73c-b4bde9c39251,None,None,2,1219,30,[],None,None
EXPLOIT_VULN,13231.875738100238,13232.708325041833,0.8325869415948546,19,eea481d8-8c5c-4850-a73c-b4bde9c39251,None,None,2,1220,30,[],None,None
EXPLOIT_VULN,13232.708325041833,13235.006993583804,2.298668541970983,19,eea481d8-8c5c-4850-a73c-b4bde9c39251,None,None,2,1221,30,[],None,None
EXPLOIT_VULN,13235.006993583804,13245.866299792868,10.859306209064016,19,eea481d8-8c5c-4850-a73c-b4bde9c39251,None,None,2,1222,30,[],None,None
EXPLOIT_VULN,13245.866299792868,13251.799379409747,5.933079616879695,19,eea481d8-8c5c-4850-a73c-b4bde9c39251,None,None,2,1223,30,[],None,None
EXPLOIT_VULN,13251.799379409747,13272.52023094792,20.7208515381717,19,eea481d8-8c5c-4850-a73c-b4bde9c39251,None,None,2,1224,30,[],None,None
EXPLOIT_VULN,13272.52023094792,13280.740516436665,8.220285488745503,19,eea481d8-8c5c-4850-a73c-b4bde9c39251,None,None,2,1225,30,[],None,None
EXPLOIT_VULN,13280.740516436665,13298.9734002939,18.23288385723572,19,eea481d8-8c5c-4850-a73c-b4bde9c39251,None,None,2,1226,30,[],None,None
EXPLOIT_VULN,13298.9734002939,13308.797042566497,9.823642272596771,19,eea481d8-8c5c-4850-a73c-b4bde9c39251,19,eea481d8-8c5c-4850-a73c-b4bde9c39251,2,1227,30,[],None,None
SCAN_NEIGHBOR,13308.797042566497,13313.797042566497,5.0,19,eea481d8-8c5c-4850-a73c-b4bde9c39251,None,None,2,1228,31,[],None,None
ENUM_HOST,13313.797042566497,13318.797042566497,5.0,19,eea481d8-8c5c-4850-a73c-b4bde9c39251,None,None,2,1228,31,[],None,None
SCAN_PORT,13318.797042566497,13343.797042566497,25.0,18,0e1965b7-58a3-4660-92a6-422c5c49cf70,None,None,5,1228,31,[],None,None
EXPLOIT_VULN,13343.797042566497,13347.539892695515,3.7428501290178247,18,0e1965b7-58a3-4660-92a6-422c5c49cf70,None,None,5,1228,31,[],None,None
EXPLOIT_VULN,13347.539892695515,13368.600724492288,21.060831796772618,18,0e1965b7-58a3-4660-92a6-422c5c49cf70,None,None,5,1229,31,[],None,None
EXPLOIT_VULN,13368.600724492288,13389.560838710539,20.960114218250965,18,0e1965b7-58a3-4660-92a6-422c5c49cf70,None,None,5,1230,31,[],None,None
EXPLOIT_VULN,13389.560838710539,13396.77260278274,7.211764072200822,18,0e1965b7-58a3-4660-92a6-422c5c49cf70,None,None,5,1231,31,[],None,None
EXPLOIT_VULN,13396.77260278274,13414.072145874357,17.299543091618034,18,0e1965b7-58a3-4660-92a6-422c5c49cf70,None,None,5,1232,31,[],None,None
EXPLOIT_VULN,13414.072145874357,13436.04021419494,21.96806832058246,18,0e1965b7-58a3-4660-92a6-422c5c49cf70,None,None,5,1233,31,[],None,None
EXPLOIT_VULN,13436.04021419494,13457.759459433642,21.71924523870257,18,0e1965b7-58a3-4660-92a6-422c5c49cf70,None,None,5,1234,31,[],None,None
EXPLOIT_VULN,13457.759459433642,13479.102017598572,21.34255816492987,18,0e1965b7-58a3-4660-92a6-422c5c49cf70,None,None,5,1235,31,[],None,None
BRUTE_FORCE,13479.102017598572,13499.102017598572,20.0,18,0e1965b7-58a3-4660-92a6-422c5c49cf70,None,None,5,1236,31,[],None,None
ENUM_HOST,13499.102017598572,13504.102017598572,5.0,18,0e1965b7-58a3-4660-92a6-422c5c49cf70,None,None,5,1236,31,[],None,None
ENUM_HOST,13504.102017598572,13509.102017598572,5.0,34,87999234-29ae-4ba2-ae23-9a1c00d9f717,None,None,3,1236,31,[],None,None
ENUM_HOST,13509.102017598572,13514.102017598572,5.0,6,62721611-be02-4151-883b-83d394161d97,None,None,4,1236,31,[],None,None
SCAN_PORT,13514.102017598572,13539.102017598572,25.0,5,a47f754e-28a2-442b-ac11-33ff7dc1ad7f,None,None,2,1236,31,[],None,None
EXPLOIT_VULN,13539.102017598572,13540.041629856521,0.939612257949193,5,a47f754e-28a2-442b-ac11-33ff7dc1ad7f,None,None,2,1236,31,[],None,None
EXPLOIT_VULN,13540.041629856521,13540.717083222875,0.6754533663533948,5,a47f754e-28a2-442b-ac11-33ff7dc1ad7f,None,None,2,1237,31,[],None,None
EXPLOIT_VULN,13540.717083222875,13543.850791295443,3.13370807256797,5,a47f754e-28a2-442b-ac11-33ff7dc1ad7f,None,None,2,1238,31,[],None,None
EXPLOIT_VULN,13543.850791295443,13548.234618271481,4.383826976038108,5,a47f754e-28a2-442b-ac11-33ff7dc1ad7f,None,None,2,1239,31,[],None,None
EXPLOIT_VULN,13548.234618271481,13557.324587112456,9.089968840975416,5,a47f754e-28a2-442b-ac11-33ff7dc1ad7f,None,None,2,1240,31,[],None,None
EXPLOIT_VULN,13557.324587112456,13561.022426585769,3.6978394733123423,5,a47f754e-28a2-442b-ac11-33ff7dc1ad7f,None,None,2,1241,31,[],None,None
EXPLOIT_VULN,13561.022426585769,13568.051480057846,7.0290534720770665,5,a47f754e-28a2-442b-ac11-33ff7dc1ad7f,None,None,2,1242,31,[],None,None
EXPLOIT_VULN,13568.051480057846,13588.069020906913,20.01754084906679,5,a47f754e-28a2-442b-ac11-33ff7dc1ad7f,None,None,2,1243,31,[],None,None
EXPLOIT_VULN,13588.069020906913,13593.640569941848,5.571549034935742,5,a47f754e-28a2-442b-ac11-33ff7dc1ad7f,None,None,2,1244,31,[],None,None
EXPLOIT_VULN,13593.640569941848,13614.643400800353,21.00283085850424,5,a47f754e-28a2-442b-ac11-33ff7dc1ad7f,None,None,2,1245,31,[],None,None
EXPLOIT_VULN,13614.643400800353,13631.52374135431,16.880340553956557,5,a47f754e-28a2-442b-ac11-33ff7dc1ad7f,None,None,2,1246,31,[],None,None
EXPLOIT_VULN,13631.52374135431,13638.774631740283,7.250890385974344,5,a47f754e-28a2-442b-ac11-33ff7dc1ad7f,None,None,2,1247,31,[],None,None
EXPLOIT_VULN,13638.774631740283,13655.26339210522,16.488760364936752,5,a47f754e-28a2-442b-ac11-33ff7dc1ad7f,None,None,2,1248,31,[],None,None
EXPLOIT_VULN,13655.26339210522,13671.054043841228,15.79065173600793,5,a47f754e-28a2-442b-ac11-33ff7dc1ad7f,None,None,2,1249,31,[],None,None
EXPLOIT_VULN,13671.054043841228,13691.751576346534,20.6975325053063,5,a47f754e-28a2-442b-ac11-33ff7dc1ad7f,None,None,2,1250,31,[],None,None
EXPLOIT_VULN,13691.751576346534,13698.864915304956,7.113338958421082,5,a47f754e-28a2-442b-ac11-33ff7dc1ad7f,None,None,2,1251,31,[],None,None
EXPLOIT_VULN,13698.864915304956,13706.444952892063,7.580037587107654,5,a47f754e-28a2-442b-ac11-33ff7dc1ad7f,None,None,2,1252,31,[],None,None
EXPLOIT_VULN,13706.444952892063,13714.073884825859,7.628931933795684,5,a47f754e-28a2-442b-ac11-33ff7dc1ad7f,None,None,2,1253,31,[],None,None
EXPLOIT_VULN,13714.073884825859,13723.00459502764,8.93071020178104,5,a47f754e-28a2-442b-ac11-33ff7dc1ad7f,None,None,2,1254,31,[],None,None
EXPLOIT_VULN,13723.00459502764,13742.225329829142,19.22073480150175,5,a47f754e-28a2-442b-ac11-33ff7dc1ad7f,5,a47f754e-28a2-442b-ac11-33ff7dc1ad7f,2,1255,31,[],None,None
SCAN_NEIGHBOR,13742.225329829142,13747.225329829142,5.0,5,a47f754e-28a2-442b-ac11-33ff7dc1ad7f,None,None,2,1256,32,[],None,None
ENUM_HOST,13747.225329829142,13752.225329829142,5.0,5,a47f754e-28a2-442b-ac11-33ff7dc1ad7f,None,None,2,1256,32,[],None,None
ENUM_HOST,13752.225329829142,13757.225329829142,5.0,6,62721611-be02-4151-883b-83d394161d97,None,None,5,1256,32,[],None,None
ENUM_HOST,13757.225329829142,13762.225329829142,5.0,7,fd9364c5-6a05-4323-b555-46dd927e9bea,None,None,4,1256,32,[],None,None
SCAN_PORT,13762.225329829142,13787.225329829142,25.0,23,c5673048-8ad5-4ca7-a52b-c9049959d9ef,None,None,4,1256,32,[],None,None
EXPLOIT_VULN,13787.225329829142,13787.476798942838,0.2514691136966576,23,c5673048-8ad5-4ca7-a52b-c9049959d9ef,None,None,4,1256,32,[],None,None
EXPLOIT_VULN,13787.476798942838,13790.816798511061,3.339999568222993,23,c5673048-8ad5-4ca7-a52b-c9049959d9ef,None,None,4,1257,32,[],None,None
EXPLOIT_VULN,13790.816798511061,13796.644692407537,5.827893896475871,23,c5673048-8ad5-4ca7-a52b-c9049959d9ef,None,None,4,1258,32,[],None,None
EXPLOIT_VULN,13796.644692407537,13812.48301079656,15.838318389023698,23,c5673048-8ad5-4ca7-a52b-c9049959d9ef,None,None,4,1259,32,[],None,None
EXPLOIT_VULN,13812.48301079656,13819.848522409562,7.3655116130012175,23,c5673048-8ad5-4ca7-a52b-c9049959d9ef,None,None,4,1260,32,[],None,None
EXPLOIT_VULN,13819.848522409562,13834.870906872136,15.022384462574337,23,c5673048-8ad5-4ca7-a52b-c9049959d9ef,None,None,4,1261,32,[],None,None
EXPLOIT_VULN,13834.870906872136,13854.125822925622,19.25491605348543,23,c5673048-8ad5-4ca7-a52b-c9049959d9ef,None,None,4,1262,32,[],None,None
BRUTE_FORCE,13854.125822925622,13874.125822925622,20.0,23,c5673048-8ad5-4ca7-a52b-c9049959d9ef,None,None,4,1263,32,[],None,None
ENUM_HOST,13874.125822925622,13879.125822925622,5.0,23,c5673048-8ad5-4ca7-a52b-c9049959d9ef,None,None,4,1263,32,[],None,None
SCAN_PORT,13879.125822925622,13904.125822925622,25.0,21,9a4e2b3a-b3b0-4046-8409-c616777e42f8,None,None,2,1263,32,[],None,None
EXPLOIT_VULN,13904.125822925622,13906.382459894947,2.2566369693249726,21,9a4e2b3a-b3b0-4046-8409-c616777e42f8,None,None,2,1263,32,[],None,None
EXPLOIT_VULN,13906.382459894947,13910.536507006786,4.154047111838736,21,9a4e2b3a-b3b0-4046-8409-c616777e42f8,None,None,2,1264,32,[],None,None
EXPLOIT_VULN,13910.536507006786,13919.691324962656,9.154817955870385,21,9a4e2b3a-b3b0-4046-8409-c616777e42f8,None,None,2,1265,32,[],None,None
EXPLOIT_VULN,13919.691324962656,13927.667722316985,7.976397354328583,21,9a4e2b3a-b3b0-4046-8409-c616777e42f8,None,None,2,1266,32,[],None,None
EXPLOIT_VULN,13927.667722316985,13934.8843284817,7.216606164714904,21,9a4e2b3a-b3b0-4046-8409-c616777e42f8,None,None,2,1267,32,[],None,None
EXPLOIT_VULN,13934.8843284817,13942.123296860167,7.238968378467689,21,9a4e2b3a-b3b0-4046-8409-c616777e42f8,None,None,2,1268,32,[],None,None
EXPLOIT_VULN,13942.123296860167,13947.403304306752,5.280007446584932,21,9a4e2b3a-b3b0-4046-8409-c616777e42f8,None,None,2,1269,32,[],None,None
EXPLOIT_VULN,13947.403304306752,13965.016027009025,17.61272270227346,21,9a4e2b3a-b3b0-4046-8409-c616777e42f8,None,None,2,1270,32,[],None,None
EXPLOIT_VULN,13965.016027009025,13982.640538590227,17.62451158120166,21,9a4e2b3a-b3b0-4046-8409-c616777e42f8,None,None,2,1271,32,[],None,None
EXPLOIT_VULN,13982.640538590227,13988.264710046393,5.624171456165641,21,9a4e2b3a-b3b0-4046-8409-c616777e42f8,None,None,2,1272,32,[],None,None
EXPLOIT_VULN,13988.264710046393,14010.004375467188,21.739665420795063,21,9a4e2b3a-b3b0-4046-8409-c616777e42f8,None,None,2,1273,32,[],None,None
EXPLOIT_VULN,14010.004375467188,14014.540704547318,4.536329080130599,21,9a4e2b3a-b3b0-4046-8409-c616777e42f8,None,None,2,1274,32,[],None,None
EXPLOIT_VULN,14014.540704547318,14022.872745973818,8.332041426499927,21,9a4e2b3a-b3b0-4046-8409-c616777e42f8,None,None,2,1275,32,[],None,None
EXPLOIT_VULN,14022.872745973818,14031.335149757064,8.462403783245463,21,9a4e2b3a-b3b0-4046-8409-c616777e42f8,None,None,2,1276,32,[],None,None
EXPLOIT_VULN,14031.335149757064,14037.916507320735,6.58135756367119,21,9a4e2b3a-b3b0-4046-8409-c616777e42f8,None,None,2,1277,32,[],None,None
EXPLOIT_VULN,14037.916507320735,14056.192405459698,18.275898138963385,21,9a4e2b3a-b3b0-4046-8409-c616777e42f8,21,9a4e2b3a-b3b0-4046-8409-c616777e42f8,2,1278,32,[],None,None
SCAN_NEIGHBOR,14056.192405459698,14061.192405459698,5.0,21,9a4e2b3a-b3b0-4046-8409-c616777e42f8,None,None,2,1279,33,[],None,None
ENUM_HOST,14061.192405459698,14066.192405459698,5.0,21,9a4e2b3a-b3b0-4046-8409-c616777e42f8,None,None,2,1279,33,[],None,None
ENUM_HOST,14066.192405459698,14071.192405459698,5.0,22,07f44fbe-e0a6-466b-a44d-49027332a3e2,None,None,5,1279,33,[],None,None
SCAN_PORT,14071.192405459698,14096.192405459698,25.0,32,6ef90a9c-8230-408e-8807-2947367eb322,None,None,2,1279,33,[],None,None
EXPLOIT_VULN,14096.192405459698,14099.566615469166,3.374210009467788,32,6ef90a9c-8230-408e-8807-2947367eb322,None,None,2,1279,33,[],None,None
EXPLOIT_VULN,14099.566615469166,14115.947036940042,16.380421470876172,32,6ef90a9c-8230-408e-8807-2947367eb322,None,None,2,1280,33,[],None,None
EXPLOIT_VULN,14115.947036940042,14119.793437487146,3.846400547103258,32,6ef90a9c-8230-408e-8807-2947367eb322,None,None,2,1281,33,[],None,None
EXPLOIT_VULN,14119.793437487146,14128.5018613112,8.70842382405499,32,6ef90a9c-8230-408e-8807-2947367eb322,None,None,2,1282,33,[],None,None
BRUTE_FORCE,14128.5018613112,14148.5018613112,20.0,32,6ef90a9c-8230-408e-8807-2947367eb322,None,None,2,1283,33,[],None,None
ENUM_HOST,14148.5018613112,14153.5018613112,5.0,32,6ef90a9c-8230-408e-8807-2947367eb322,None,None,2,1283,33,[],None,None
SCAN_PORT,14153.5018613112,14178.5018613112,25.0,31,8089a952-e12d-45d1-a954-58ff287a9a5f,None,None,2,1283,33,[],None,None
EXPLOIT_VULN,14178.5018613112,14181.65952617654,3.1576648653390293,31,8089a952-e12d-45d1-a954-58ff287a9a5f,None,None,2,1283,33,[],None,None
EXPLOIT_VULN,14181.65952617654,14186.206483587755,4.546957411215772,31,8089a952-e12d-45d1-a954-58ff287a9a5f,None,None,2,1284,33,[],None,None
EXPLOIT_VULN,14186.206483587755,14189.174951030413,2.968467442657129,31,8089a952-e12d-45d1-a954-58ff287a9a5f,None,None,2,1285,33,[],None,None
EXPLOIT_VULN,14189.174951030413,14190.614335802386,1.439384771972982,31,8089a952-e12d-45d1-a954-58ff287a9a5f,None,None,2,1286,33,[],None,None
EXPLOIT_VULN,14190.614335802386,14197.267766386338,6.653430583952286,31,8089a952-e12d-45d1-a954-58ff287a9a5f,None,None,2,1287,33,[],None,None
EXPLOIT_VULN,14197.267766386338,14197.972661256106,0.7048948697683954,31,8089a952-e12d-45d1-a954-58ff287a9a5f,None,None,2,1288,33,[],None,None
EXPLOIT_VULN,14197.972661256106,14211.464311812679,13.491650556572495,31,8089a952-e12d-45d1-a954-58ff287a9a5f,None,None,2,1289,33,[],None,None
EXPLOIT_VULN,14211.464311812679,14231.206090746564,19.741778933885143,31,8089a952-e12d-45d1-a954-58ff287a9a5f,None,None,2,1290,33,[],None,None
EXPLOIT_VULN,14231.206090746564,14234.209787784243,3.0036970376786485,31,8089a952-e12d-45d1-a954-58ff287a9a5f,None,None,2,1291,33,[],None,None
EXPLOIT_VULN,14234.209787784243,14241.224722075976,7.01493429173388,31,8089a952-e12d-45d1-a954-58ff287a9a5f,None,None,2,1292,33,[],None,None
EXPLOIT_VULN,14241.224722075976,14247.696929758087,6.47220768211082,31,8089a952-e12d-45d1-a954-58ff287a9a5f,None,None,2,1293,33,[],None,None
BRUTE_FORCE,14247.696929758087,14267.696929758087,20.0,31,8089a952-e12d-45d1-a954-58ff287a9a5f,None,None,2,1294,33,[],None,None
ENUM_HOST,14267.696929758087,14272.696929758087,5.0,31,8089a952-e12d-45d1-a954-58ff287a9a5f,None,None,2,1294,33,[],None,None
SCAN_PORT,14272.696929758087,14297.696929758087,25.0,45,70e3ff08-cbc9-4bce-9038-ccbab5be5c97,None,None,2,1294,33,[],None,None
EXPLOIT_VULN,14297.696929758087,14299.04655897053,1.3496292124436877,45,70e3ff08-cbc9-4bce-9038-ccbab5be5c97,None,None,2,1294,33,[],None,None
EXPLOIT_VULN,14299.04655897053,14300.918403600104,1.8718446295733884,45,70e3ff08-cbc9-4bce-9038-ccbab5be5c97,None,None,2,1295,33,[],None,None
EXPLOIT_VULN,14300.918403600104,14303.834905526512,2.9165019264073635,45,70e3ff08-cbc9-4bce-9038-ccbab5be5c97,None,None,2,1296,33,[],None,None
EXPLOIT_VULN,14303.834905526512,14306.028761429649,2.193855903136864,45,70e3ff08-cbc9-4bce-9038-ccbab5be5c97,None,None,2,1297,33,[],None,None
EXPLOIT_VULN,14306.028761429649,14310.991040756155,4.962279326506177,45,70e3ff08-cbc9-4bce-9038-ccbab5be5c97,None,None,2,1298,33,[],None,None
EXPLOIT_VULN,14310.991040756155,14318.745136419775,7.754095663620319,45,70e3ff08-cbc9-4bce-9038-ccbab5be5c97,None,None,2,1299,33,[],None,None
EXPLOIT_VULN,14318.745136419775,14328.553247961627,9.808111541851758,45,70e3ff08-cbc9-4bce-9038-ccbab5be5c97,None,None,2,1300,33,[],None,None
EXPLOIT_VULN,14328.553247961627,14331.183582600108,2.630334638481145,45,70e3ff08-cbc9-4bce-9038-ccbab5be5c97,None,None,2,1301,33,[],None,None
EXPLOIT_VULN,14331.183582600108,14334.513132987839,3.3295503877307056,45,70e3ff08-cbc9-4bce-9038-ccbab5be5c97,None,None,2,1302,33,[],None,None
EXPLOIT_VULN,14334.513132987839,14336.522193925712,2.0090609378730733,45,70e3ff08-cbc9-4bce-9038-ccbab5be5c97,None,None,2,1303,33,[],None,None
EXPLOIT_VULN,14336.522193925712,14340.215136847355,3.6929429216434073,45,70e3ff08-cbc9-4bce-9038-ccbab5be5c97,None,None,2,1304,33,[],None,None
EXPLOIT_VULN,14340.215136847355,14350.98557029229,10.770433444935406,45,70e3ff08-cbc9-4bce-9038-ccbab5be5c97,None,None,2,1305,33,[],None,None
EXPLOIT_VULN,14350.98557029229,14357.232719991609,6.24714969931847,45,70e3ff08-cbc9-4bce-9038-ccbab5be5c97,None,None,2,1306,33,[],None,None
EXPLOIT_VULN,14357.232719991609,14371.177922514209,13.945202522600084,45,70e3ff08-cbc9-4bce-9038-ccbab5be5c97,None,None,2,1307,33,[],None,None
EXPLOIT_VULN,14371.177922514209,14381.361272930553,10.183350416344183,45,70e3ff08-cbc9-4bce-9038-ccbab5be5c97,None,None,2,1308,33,[],None,None
EXPLOIT_VULN,14381.361272930553,14392.591171107884,11.229898177331052,45,70e3ff08-cbc9-4bce-9038-ccbab5be5c97,None,None,2,1309,33,[],None,None
EXPLOIT_VULN,14392.591171107884,14405.000347320214,12.40917621232984,45,70e3ff08-cbc9-4bce-9038-ccbab5be5c97,None,None,2,1310,33,[],None,None
EXPLOIT_VULN,14405.000347320214,14414.571027370339,9.570680050124793,45,70e3ff08-cbc9-4bce-9038-ccbab5be5c97,None,None,2,1311,33,[],None,None
EXPLOIT_VULN,14414.571027370339,14419.709661721838,5.138634351498695,45,70e3ff08-cbc9-4bce-9038-ccbab5be5c97,None,None,2,1312,33,[],None,None
EXPLOIT_VULN,14419.709661721838,14427.389535204737,7.679873482898984,45,70e3ff08-cbc9-4bce-9038-ccbab5be5c97,None,None,2,1313,33,[],None,None
EXPLOIT_VULN,14427.389535204737,14442.065408588858,14.675873384121587,45,70e3ff08-cbc9-4bce-9038-ccbab5be5c97,None,None,2,1314,33,[],None,None
EXPLOIT_VULN,14442.065408588858,14454.195250329569,12.129841740710617,45,70e3ff08-cbc9-4bce-9038-ccbab5be5c97,None,None,2,1315,33,[],None,None
EXPLOIT_VULN,14454.195250329569,14473.967314666434,19.772064336864787,45,70e3ff08-cbc9-4bce-9038-ccbab5be5c97,None,None,2,1316,33,[],None,None
EXPLOIT_VULN,14473.967314666434,14481.032386029881,7.065071363447714,45,70e3ff08-cbc9-4bce-9038-ccbab5be5c97,None,None,2,1317,33,[],None,None
EXPLOIT_VULN,14481.032386029881,14487.544864935446,6.512478905564421,45,70e3ff08-cbc9-4bce-9038-ccbab5be5c97,None,None,2,1318,33,[],None,None
EXPLOIT_VULN,14487.544864935446,14492.738443200473,5.193578265027099,45,70e3ff08-cbc9-4bce-9038-ccbab5be5c97,None,None,2,1319,33,[],None,None
EXPLOIT_VULN,14492.738443200473,14510.783321080255,18.04487787978178,45,70e3ff08-cbc9-4bce-9038-ccbab5be5c97,None,None,2,1320,33,[],None,None
EXPLOIT_VULN,14510.783321080255,14518.996572246491,8.21325116623666,45,70e3ff08-cbc9-4bce-9038-ccbab5be5c97,None,None,2,1321,33,[],None,None
EXPLOIT_VULN,14518.996572246491,14526.562343291405,7.565771044914072,45,70e3ff08-cbc9-4bce-9038-ccbab5be5c97,None,None,2,1322,33,[],None,None
EXPLOIT_VULN,14526.562343291405,14534.677370258803,8.11502696739808,45,70e3ff08-cbc9-4bce-9038-ccbab5be5c97,None,None,2,1323,33,[],None,None
EXPLOIT_VULN,14534.677370258803,14541.119066296082,6.441696037278234,45,70e3ff08-cbc9-4bce-9038-ccbab5be5c97,None,None,2,1324,33,[],None,None
EXPLOIT_VULN,14541.119066296082,14546.238340509797,5.119274213715471,45,70e3ff08-cbc9-4bce-9038-ccbab5be5c97,None,None,2,1325,33,[],None,None
EXPLOIT_VULN,14546.238340509797,14554.253384121204,8.015043611407236,45,70e3ff08-cbc9-4bce-9038-ccbab5be5c97,None,None,2,1326,33,[],None,None
EXPLOIT_VULN,14554.253384121204,14562.514194237532,8.260810116327775,45,70e3ff08-cbc9-4bce-9038-ccbab5be5c97,None,None,2,1327,33,[],None,None
EXPLOIT_VULN,14562.514194237532,14585.078678299189,22.564484061656913,45,70e3ff08-cbc9-4bce-9038-ccbab5be5c97,None,None,2,1328,33,[],None,None
EXPLOIT_VULN,14585.078678299189,14588.053407650657,2.9747293514683406,45,70e3ff08-cbc9-4bce-9038-ccbab5be5c97,None,None,2,1329,33,[],None,None
EXPLOIT_VULN,14588.053407650657,14596.497626258446,8.44421860778857,45,70e3ff08-cbc9-4bce-9038-ccbab5be5c97,None,None,2,1330,33,[],None,None
EXPLOIT_VULN,14596.497626258446,14616.276856893577,19.77923063513117,45,70e3ff08-cbc9-4bce-9038-ccbab5be5c97,None,None,2,1331,33,[],None,None
EXPLOIT_VULN,14616.276856893577,14623.564811755352,7.287954861774779,45,70e3ff08-cbc9-4bce-9038-ccbab5be5c97,None,None,2,1332,33,[],None,None
EXPLOIT_VULN,14623.564811755352,14631.164112515924,7.599300760572078,45,70e3ff08-cbc9-4bce-9038-ccbab5be5c97,45,70e3ff08-cbc9-4bce-9038-ccbab5be5c97,2,1333,33,[],None,None
SCAN_NEIGHBOR,14631.164112515924,14636.164112515924,5.0,45,70e3ff08-cbc9-4bce-9038-ccbab5be5c97,None,None,2,1334,34,[],None,None
ENUM_HOST,14636.164112515924,14641.164112515924,5.0,45,70e3ff08-cbc9-4bce-9038-ccbab5be5c97,None,None,2,1334,34,[],None,None
ENUM_HOST,14641.164112515924,14646.164112515924,5.0,38,bfac4675-c2a8-4de5-b418-8c2b1fe406ff,None,None,3,1334,34,[],None,None
SCAN_PORT,14646.164112515924,14671.164112515924,25.0,37,9d82a2b5-510a-43e0-b996-68b5204a464c,None,None,5,1334,34,[],None,None
EXPLOIT_VULN,14671.164112515924,14671.164112515924,0.0,37,9d82a2b5-510a-43e0-b996-68b5204a464c,None,None,5,1334,34,[],None,None
BRUTE_FORCE,14671.164112515924,14691.164112515924,20.0,37,9d82a2b5-510a-43e0-b996-68b5204a464c,None,None,5,1334,34,[],None,None
ENUM_HOST,14691.164112515924,14696.164112515924,5.0,37,9d82a2b5-510a-43e0-b996-68b5204a464c,None,None,5,1334,34,[],None,None
SCAN_PORT,14696.164112515924,14721.164112515924,25.0,41,0aaeb494-0158-4883-af21-3bd83f7ba923,None,None,2,1334,34,[],None,None
EXPLOIT_VULN,14721.164112515924,14721.820753535992,0.6566410200684913,41,0aaeb494-0158-4883-af21-3bd83f7ba923,None,None,2,1334,34,[],None,None
EXPLOIT_VULN,14721.820753535992,14722.45943794359,0.6386844075968838,41,0aaeb494-0158-4883-af21-3bd83f7ba923,None,None,2,1335,34,[],None,None
EXPLOIT_VULN,14722.45943794359,14727.168866937254,4.709428993664915,41,0aaeb494-0158-4883-af21-3bd83f7ba923,None,None,2,1336,34,[],None,None
EXPLOIT_VULN,14727.168866937254,14733.150658967283,5.981792030028373,41,0aaeb494-0158-4883-af21-3bd83f7ba923,None,None,2,1337,34,[],None,None
EXPLOIT_VULN,14733.150658967283,14742.66472194204,9.514062974756598,41,0aaeb494-0158-4883-af21-3bd83f7ba923,None,None,2,1338,34,[],None,None
EXPLOIT_VULN,14742.66472194204,14747.938203139776,5.2734811977370555,41,0aaeb494-0158-4883-af21-3bd83f7ba923,None,None,2,1339,34,[],None,None
EXPLOIT_VULN,14747.938203139776,14755.956945926871,8.018742787095107,41,0aaeb494-0158-4883-af21-3bd83f7ba923,None,None,2,1340,34,[],None,None
EXPLOIT_VULN,14755.956945926871,14760.201456600418,4.244510673546756,41,0aaeb494-0158-4883-af21-3bd83f7ba923,None,None,2,1341,34,[],None,None
EXPLOIT_VULN,14760.201456600418,14766.7048168111,6.5033602106814214,41,0aaeb494-0158-4883-af21-3bd83f7ba923,None,None,2,1342,34,[],None,None
EXPLOIT_VULN,14766.7048168111,14774.789219350227,8.08440253912704,41,0aaeb494-0158-4883-af21-3bd83f7ba923,None,None,2,1343,34,[],None,None
EXPLOIT_VULN,14774.789219350227,14783.87387305249,9.084653702262585,41,0aaeb494-0158-4883-af21-3bd83f7ba923,None,None,2,1344,34,[],None,None
BRUTE_FORCE,14783.87387305249,14803.87387305249,20.0,41,0aaeb494-0158-4883-af21-3bd83f7ba923,None,None,2,1345,34,[],None,None
ENUM_HOST,14803.87387305249,14808.87387305249,5.0,41,0aaeb494-0158-4883-af21-3bd83f7ba923,None,None,2,1345,34,[],None,None
SCAN_PORT,14808.87387305249,14833.87387305249,25.0,1,7fb9112a-44c7-4dc3-9f20-1507951ee638,None,None,4,1345,34,[],None,None
EXPLOIT_VULN,14833.87387305249,14834.865000952957,0.9911279004682001,1,7fb9112a-44c7-4dc3-9f20-1507951ee638,None,None,4,1345,34,[],None,None
EXPLOIT_VULN,14834.865000952957,14836.147039592055,1.2820386390976637,1,7fb9112a-44c7-4dc3-9f20-1507951ee638,None,None,4,1346,34,[],None,None
EXPLOIT_VULN,14836.147039592055,14839.17329844869,3.0262588566347404,1,7fb9112a-44c7-4dc3-9f20-1507951ee638,None,None,4,1347,34,[],None,None
EXPLOIT_VULN,14839.17329844869,14841.921366323839,2.7480678751489904,1,7fb9112a-44c7-4dc3-9f20-1507951ee638,None,None,4,1348,34,[],None,None
EXPLOIT_VULN,14841.921366323839,14850.664426253388,8.743059929549418,1,7fb9112a-44c7-4dc3-9f20-1507951ee638,None,None,4,1349,34,[],None,None
EXPLOIT_VULN,14850.664426253388,14857.716572893989,7.052146640600768,1,7fb9112a-44c7-4dc3-9f20-1507951ee638,None,None,4,1350,34,[],None,None
EXPLOIT_VULN,14857.716572893989,14866.382048206407,8.665475312418494,1,7fb9112a-44c7-4dc3-9f20-1507951ee638,None,None,4,1351,34,[],None,None
EXPLOIT_VULN,14866.382048206407,14874.882487310482,8.500439104074758,1,7fb9112a-44c7-4dc3-9f20-1507951ee638,None,None,4,1352,34,[],None,None
BRUTE_FORCE,14874.882487310482,14894.882487310482,20.0,1,7fb9112a-44c7-4dc3-9f20-1507951ee638,None,None,4,1353,34,[],None,None
SCAN_HOST,14894.882487310482,14899.882487310482,5.0,1,7fb9112a-44c7-4dc3-9f20-1507951ee638,None,None,4,1353,34,[],None,None
ENUM_HOST,14899.882487310482,14904.882487310482,5.0,1,7fb9112a-44c7-4dc3-9f20-1507951ee638,None,None,4,1353,34,[],None,None
SCAN_PORT,14904.882487310482,14929.882487310482,25.0,11,1c46076f-ea2d-4800-9a61-c6d6398aa328,None,None,5,1353,34,[],None,None
EXPLOIT_VULN,14929.882487310482,14930.03775139685,0.15526408636833366,11,1c46076f-ea2d-4800-9a61-c6d6398aa328,None,None,5,1353,34,[],None,None
EXPLOIT_VULN,14930.03775139685,14942.507658032991,12.469906636140877,11,1c46076f-ea2d-4800-9a61-c6d6398aa328,None,None,5,1354,34,[],None,None
EXPLOIT_VULN,14942.507658032991,14962.171608264041,19.663950231049967,11,1c46076f-ea2d-4800-9a61-c6d6398aa328,None,None,5,1355,34,[],None,None
EXPLOIT_VULN,14962.171608264041,14978.356228676314,16.184620412272125,11,1c46076f-ea2d-4800-9a61-c6d6398aa328,None,None,5,1356,34,[],None,None
EXPLOIT_VULN,14978.356228676314,14996.347738247896,17.991509571582355,11,1c46076f-ea2d-4800-9a61-c6d6398aa328,None,None,5,1357,34,[],None,None
