name,start_time,finish_time,duration,current_host,current_host_uuid,compromise_host,compromise_host_uuid,current_host_attempt,cumulative_attempts,cumulative_compromised_hosts,compromise_users,interrupted_in,interrupted_by
SCAN_HOST,0.0,5.0,5.0,-1,-1,None,None,0,0,0,[],None,None
ENUM_HOST,5.0,10.0,5.0,-1,-1,None,None,0,0,0,[],None,None
SCAN_PORT,10.0,35.0,25.0,0,0c888da5-77a4-488c-a757-9b0d1136d893,None,None,1,0,0,[],None,None
EXPLOIT_VULN,35.0,36.91585109117064,1.9158510911706372,0,0c888da5-77a4-488c-a757-9b0d1136d893,None,None,1,0,0,[],None,None
EXPLOIT_VULN,36.91585109117064,40.391696317139576,3.475845225968939,0,0c888da5-77a4-488c-a757-9b0d1136d893,None,None,1,1,0,[],None,None
EXPLOIT_VULN,40.391696317139576,45.45518994104585,5.063493623906275,0,0c888da5-77a4-488c-a757-9b0d1136d893,None,None,1,2,0,[],None,None
EXPLOIT_VULN,45.45518994104585,47.115677434375534,1.6604874933296827,0,0c888da5-77a4-488c-a757-9b0d1136d893,None,None,1,3,0,[],None,None
EXPLOIT_VULN,47.115677434375534,50.9463579090754,3.830680474699868,0,0c888da5-77a4-488c-a757-9b0d1136d893,None,None,1,4,0,[],None,None
EXPLOIT_VULN,50.9463579090754,55.437825047429115,4.491467138353713,0,0c888da5-77a4-488c-a757-9b0d1136d893,None,None,1,5,0,[],None,None
EXPLOIT_VULN,55.437825047429115,60.81470530623862,5.376880258809507,0,0c888da5-77a4-488c-a757-9b0d1136d893,None,None,1,6,0,[],None,None
EXPLOIT_VULN,60.81470530623862,66.7651704228899,5.950465116651273,0,0c888da5-77a4-488c-a757-9b0d1136d893,None,None,1,7,0,[],None,None
EXPLOIT_VULN,66.7651704228899,69.14524723918989,2.38007681629999,0,0c888da5-77a4-488c-a757-9b0d1136d893,None,None,1,8,0,[],None,None
EXPLOIT_VULN,69.14524723918989,70.04394586309805,0.8986986239081602,0,0c888da5-77a4-488c-a757-9b0d1136d893,None,None,1,9,0,[],application,ServiceDiversity
SCAN_PORT,90.57166660416567,115.57166660416567,25.0,0,0c888da5-77a4-488c-a757-9b0d1136d893,None,None,1,9,0,[],None,None
EXPLOIT_VULN,115.57166660416567,123.08765488115084,7.515988276985169,0,0c888da5-77a4-488c-a757-9b0d1136d893,None,None,1,9,0,[],None,None
EXPLOIT_VULN,123.08765488115084,127.03106857523585,3.9434136940850095,0,0c888da5-77a4-488c-a757-9b0d1136d893,None,None,1,10,0,[],None,None
EXPLOIT_VULN,127.03106857523585,131.32800289091887,4.296934315683018,0,0c888da5-77a4-488c-a757-9b0d1136d893,None,None,1,11,0,[],None,None
EXPLOIT_VULN,131.32800289091887,132.32897979359393,1.0009769026750632,0,0c888da5-77a4-488c-a757-9b0d1136d893,None,None,1,12,0,[],None,None
EXPLOIT_VULN,132.32897979359393,140.77887123686872,8.449891443274794,0,0c888da5-77a4-488c-a757-9b0d1136d893,0,0c888da5-77a4-488c-a757-9b0d1136d893,1,13,0,"['Emmeline', 'Theadora', 'Loraine', 'Flor', 'Danya']",None,None
SCAN_NEIGHBOR,140.77887123686872,145.77887123686872,5.0,0,0c888da5-77a4-488c-a757-9b0d1136d893,None,None,1,14,1,[],None,None
ENUM_HOST,145.77887123686872,150.77887123686872,5.0,0,0c888da5-77a4-488c-a757-9b0d1136d893,None,None,1,14,1,[],None,None
SCAN_PORT,150.77887123686872,175.77887123686872,25.0,19,e903ddd7-d237-4033-92bb-954f44c76929,None,None,1,14,1,[],None,None
EXPLOIT_VULN,175.77887123686872,176.714651993159,0.9357807562902849,19,e903ddd7-d237-4033-92bb-954f44c76929,None,None,1,14,1,[],None,None
EXPLOIT_VULN,176.714651993159,178.11858226662275,1.403930273463743,19,e903ddd7-d237-4033-92bb-954f44c76929,None,None,1,15,1,[],None,None
EXPLOIT_VULN,178.11858226662275,183.79420826248142,5.675625995858667,19,e903ddd7-d237-4033-92bb-954f44c76929,None,None,1,16,1,[],None,None
EXPLOIT_VULN,183.79420826248142,187.22915323184026,3.4349449693588383,19,e903ddd7-d237-4033-92bb-954f44c76929,None,None,1,17,1,[],None,None
EXPLOIT_VULN,187.22915323184026,188.1337295569565,0.9045763251162384,19,e903ddd7-d237-4033-92bb-954f44c76929,None,None,1,18,1,[],None,None
EXPLOIT_VULN,188.1337295569565,193.44475433835376,5.311024781397265,19,e903ddd7-d237-4033-92bb-954f44c76929,None,None,1,19,1,[],None,None
EXPLOIT_VULN,193.44475433835376,198.3622142012062,4.917459862852439,19,e903ddd7-d237-4033-92bb-954f44c76929,None,None,1,20,1,[],None,None
EXPLOIT_VULN,198.3622142012062,201.99204375068572,3.629829549479524,19,e903ddd7-d237-4033-92bb-954f44c76929,None,None,1,21,1,[],None,None
EXPLOIT_VULN,201.99204375068572,216.83999229985585,14.847948549170127,19,e903ddd7-d237-4033-92bb-954f44c76929,None,None,1,22,1,[],None,None
EXPLOIT_VULN,216.83999229985585,228.57401597817432,11.734023678318465,19,e903ddd7-d237-4033-92bb-954f44c76929,None,None,1,23,1,[],None,None
EXPLOIT_VULN,228.57401597817432,232.6162709361275,4.04225495795319,19,e903ddd7-d237-4033-92bb-954f44c76929,None,None,1,24,1,[],None,None
EXPLOIT_VULN,232.6162709361275,239.77805380922706,7.161782873099554,19,e903ddd7-d237-4033-92bb-954f44c76929,None,None,1,25,1,[],None,None
EXPLOIT_VULN,239.77805380922706,246.0451643743925,6.267110565165439,19,e903ddd7-d237-4033-92bb-954f44c76929,None,None,1,26,1,[],None,None
EXPLOIT_VULN,246.0451643743925,254.42336819547273,8.378203821080234,19,e903ddd7-d237-4033-92bb-954f44c76929,None,None,1,27,1,[],None,None
BRUTE_FORCE,254.42336819547273,270.76334909530385,16.33998089983112,19,e903ddd7-d237-4033-92bb-954f44c76929,None,None,1,28,1,[],application,ServiceDiversity
SCAN_PORT,290.8719565429665,315.8719565429665,25.0,19,e903ddd7-d237-4033-92bb-954f44c76929,None,None,1,28,1,[],None,None
EXPLOIT_VULN,315.8719565429665,317.8370605660297,1.9651040230632475,19,e903ddd7-d237-4033-92bb-954f44c76929,None,None,1,28,1,[],None,None
EXPLOIT_VULN,317.8370605660297,320.1332923304236,2.2962317643938945,19,e903ddd7-d237-4033-92bb-954f44c76929,None,None,1,29,1,[],None,None
EXPLOIT_VULN,320.1332923304236,322.4071303259617,2.273837995538088,19,e903ddd7-d237-4033-92bb-954f44c76929,None,None,1,30,1,[],None,None
EXPLOIT_VULN,322.4071303259617,325.89672461851205,3.4895942925503505,19,e903ddd7-d237-4033-92bb-954f44c76929,None,None,1,31,1,[],None,None
EXPLOIT_VULN,325.89672461851205,327.47577957241725,1.5790549539051995,19,e903ddd7-d237-4033-92bb-954f44c76929,None,None,1,32,1,[],None,None
EXPLOIT_VULN,327.47577957241725,334.8522799385183,7.376500366101027,19,e903ddd7-d237-4033-92bb-954f44c76929,None,None,1,33,1,[],None,None
EXPLOIT_VULN,334.8522799385183,351.72803542919985,16.87575549068157,19,e903ddd7-d237-4033-92bb-954f44c76929,None,None,1,34,1,[],None,None
EXPLOIT_VULN,351.72803542919985,358.2459471601334,6.517911730933577,19,e903ddd7-d237-4033-92bb-954f44c76929,None,None,1,35,1,[],None,None
EXPLOIT_VULN,358.2459471601334,370.52734116417037,12.28139400403694,19,e903ddd7-d237-4033-92bb-954f44c76929,None,None,1,36,1,[],None,None
EXPLOIT_VULN,370.52734116417037,371.31293741766893,0.7855962534985679,19,e903ddd7-d237-4033-92bb-954f44c76929,None,None,1,37,1,[],None,None
EXPLOIT_VULN,371.31293741766893,377.0002809625688,5.687343544899875,19,e903ddd7-d237-4033-92bb-954f44c76929,None,None,1,38,1,[],None,None
EXPLOIT_VULN,377.0002809625688,383.35039727490465,6.350116312335842,19,e903ddd7-d237-4033-92bb-954f44c76929,None,None,1,39,1,[],None,None
EXPLOIT_VULN,383.35039727490465,402.44986208310854,19.09946480820389,19,e903ddd7-d237-4033-92bb-954f44c76929,None,None,1,40,1,[],None,None
EXPLOIT_VULN,402.44986208310854,411.2656500960859,8.81578801297735,19,e903ddd7-d237-4033-92bb-954f44c76929,None,None,1,41,1,[],None,None
BRUTE_FORCE,411.2656500960859,431.2656500960859,20.0,19,e903ddd7-d237-4033-92bb-954f44c76929,None,None,1,42,1,[],None,None
ENUM_HOST,431.2656500960859,436.2656500960859,5.0,19,e903ddd7-d237-4033-92bb-954f44c76929,None,None,1,42,1,[],None,None
SCAN_PORT,436.2656500960859,461.2656500960859,25.0,1,db00ebd5-3d7b-40c9-a6b9-83745e4f2127,None,None,1,42,1,[],None,None
EXPLOIT_VULN,461.2656500960859,462.11018077318244,0.8445306770965431,1,db00ebd5-3d7b-40c9-a6b9-83745e4f2127,None,None,1,42,1,[],None,None
EXPLOIT_VULN,462.11018077318244,463.86011636900764,1.7499355958252067,1,db00ebd5-3d7b-40c9-a6b9-83745e4f2127,None,None,1,43,1,[],None,None
EXPLOIT_VULN,463.86011636900764,464.8482617543092,0.98814538530155,1,db00ebd5-3d7b-40c9-a6b9-83745e4f2127,None,None,1,44,1,[],None,None
EXPLOIT_VULN,464.8482617543092,467.98096579958906,3.1327040452798656,1,db00ebd5-3d7b-40c9-a6b9-83745e4f2127,None,None,1,45,1,[],None,None
EXPLOIT_VULN,467.98096579958906,470.069641979286,2.088676179696961,1,db00ebd5-3d7b-40c9-a6b9-83745e4f2127,None,None,1,46,1,[],None,None
EXPLOIT_VULN,470.069641979286,473.81276889329627,3.743126914010247,1,db00ebd5-3d7b-40c9-a6b9-83745e4f2127,None,None,1,47,1,[],None,None
EXPLOIT_VULN,473.81276889329627,474.7937945080674,0.9810256147711129,1,db00ebd5-3d7b-40c9-a6b9-83745e4f2127,None,None,1,48,1,[],None,None
EXPLOIT_VULN,474.7937945080674,478.1869605756879,3.393166067620541,1,db00ebd5-3d7b-40c9-a6b9-83745e4f2127,None,None,1,49,1,[],None,None
EXPLOIT_VULN,478.1869605756879,483.278503558455,5.091542982767066,1,db00ebd5-3d7b-40c9-a6b9-83745e4f2127,None,None,1,50,1,[],application,OSDiversity
SCAN_PORT,503.75576891621387,528.7557689162138,24.999999999999943,1,db00ebd5-3d7b-40c9-a6b9-83745e4f2127,None,None,1,50,1,[],None,None
EXPLOIT_VULN,528.7557689162138,532.7428614738038,3.9870925575900173,1,db00ebd5-3d7b-40c9-a6b9-83745e4f2127,None,None,1,50,1,[],None,None
EXPLOIT_VULN,532.7428614738038,534.5366722403395,1.793810766535671,1,db00ebd5-3d7b-40c9-a6b9-83745e4f2127,None,None,1,51,1,[],None,None
EXPLOIT_VULN,534.5366722403395,542.6127369340957,8.076064693756166,1,db00ebd5-3d7b-40c9-a6b9-83745e4f2127,None,None,1,52,1,[],None,None
EXPLOIT_VULN,542.6127369340957,548.778999503868,6.166262569772357,1,db00ebd5-3d7b-40c9-a6b9-83745e4f2127,None,None,1,53,1,[],None,None
EXPLOIT_VULN,548.778999503868,562.4463580997601,13.667358595892097,1,db00ebd5-3d7b-40c9-a6b9-83745e4f2127,None,None,1,54,1,[],None,None
EXPLOIT_VULN,562.4463580997601,576.682973051267,14.236614951506908,1,db00ebd5-3d7b-40c9-a6b9-83745e4f2127,None,None,1,55,1,[],None,None
EXPLOIT_VULN,576.682973051267,583.2550756218436,6.57210257057659,1,db00ebd5-3d7b-40c9-a6b9-83745e4f2127,None,None,1,56,1,[],None,None
EXPLOIT_VULN,583.2550756218436,599.2189735628803,15.963897941036635,1,db00ebd5-3d7b-40c9-a6b9-83745e4f2127,None,None,1,57,1,[],None,None
EXPLOIT_VULN,599.2189735628803,603.5869177540312,4.367944191150968,1,db00ebd5-3d7b-40c9-a6b9-83745e4f2127,None,None,1,58,1,[],None,None
EXPLOIT_VULN,603.5869177540312,616.1174270484546,12.530509294423382,1,db00ebd5-3d7b-40c9-a6b9-83745e4f2127,None,None,1,59,1,[],None,None
EXPLOIT_VULN,616.1174270484546,620.1443074789278,4.02688043047317,1,db00ebd5-3d7b-40c9-a6b9-83745e4f2127,None,None,1,60,1,[],None,None
EXPLOIT_VULN,620.1443074789278,626.5559640056439,6.411656526716115,1,db00ebd5-3d7b-40c9-a6b9-83745e4f2127,None,None,1,61,1,[],None,None
EXPLOIT_VULN,626.5559640056439,634.6866236734162,8.130659667772306,1,db00ebd5-3d7b-40c9-a6b9-83745e4f2127,None,None,1,62,1,[],None,None
EXPLOIT_VULN,634.6866236734162,643.244179667547,8.55755599413078,1,db00ebd5-3d7b-40c9-a6b9-83745e4f2127,None,None,1,63,1,[],None,None
EXPLOIT_VULN,643.244179667547,651.851508630305,8.60732896275806,1,db00ebd5-3d7b-40c9-a6b9-83745e4f2127,None,None,1,64,1,[],None,None
EXPLOIT_VULN,651.851508630305,674.060283901789,22.208775271484,1,db00ebd5-3d7b-40c9-a6b9-83745e4f2127,None,None,1,65,1,[],None,None
EXPLOIT_VULN,674.060283901789,683.6598226608108,9.599538759021812,1,db00ebd5-3d7b-40c9-a6b9-83745e4f2127,None,None,1,66,1,[],None,None
EXPLOIT_VULN,683.6598226608108,692.1336150537392,8.473792392928317,1,db00ebd5-3d7b-40c9-a6b9-83745e4f2127,None,None,1,67,1,[],None,None
EXPLOIT_VULN,692.1336150537392,710.9536442158138,18.82002916207466,1,db00ebd5-3d7b-40c9-a6b9-83745e4f2127,None,None,1,68,1,[],None,None
EXPLOIT_VULN,710.9536442158138,714.9856528116144,4.032008595800562,1,db00ebd5-3d7b-40c9-a6b9-83745e4f2127,None,None,1,69,1,[],network,CompleteTopologyShuffle
SCAN_HOST,735.4794898981183,740.4794898981183,5.0,-1,-1,None,None,0,69,1,[],None,None
ENUM_HOST,740.4794898981183,745.4794898981183,5.0,-1,-1,None,None,0,69,1,[],None,None
SCAN_PORT,745.4794898981183,770.4794898981183,25.0,24,643fa780-b4c9-470c-ad17-71e4d54ec6a5,None,None,1,69,1,[],None,None
EXPLOIT_VULN,770.4794898981183,771.359288916211,0.8797990180926263,24,643fa780-b4c9-470c-ad17-71e4d54ec6a5,None,None,1,69,1,[],None,None
EXPLOIT_VULN,771.359288916211,773.2404040911423,1.881115174931324,24,643fa780-b4c9-470c-ad17-71e4d54ec6a5,None,None,1,70,1,[],None,None
EXPLOIT_VULN,773.2404040911423,775.0642429538474,1.823838862705088,24,643fa780-b4c9-470c-ad17-71e4d54ec6a5,None,None,1,71,1,[],None,None
EXPLOIT_VULN,775.0642429538474,785.944502171011,10.880259217163598,24,643fa780-b4c9-470c-ad17-71e4d54ec6a5,None,None,1,72,1,[],None,None
EXPLOIT_VULN,785.944502171011,791.6009388686953,5.656436697684285,24,643fa780-b4c9-470c-ad17-71e4d54ec6a5,None,None,1,73,1,[],None,None
EXPLOIT_VULN,791.6009388686953,796.8602154776759,5.259276608980599,24,643fa780-b4c9-470c-ad17-71e4d54ec6a5,None,None,1,74,1,[],None,None
EXPLOIT_VULN,796.8602154776759,805.7365698049359,8.87635432726006,24,643fa780-b4c9-470c-ad17-71e4d54ec6a5,None,None,1,75,1,[],None,None
EXPLOIT_VULN,805.7365698049359,814.2520570506613,8.515487245725353,24,643fa780-b4c9-470c-ad17-71e4d54ec6a5,None,None,1,76,1,[],None,None
EXPLOIT_VULN,814.2520570506613,822.9748715150707,8.722814464409453,24,643fa780-b4c9-470c-ad17-71e4d54ec6a5,None,None,1,77,1,[],None,None
EXPLOIT_VULN,822.9748715150707,827.2234899940916,4.24861847902082,24,643fa780-b4c9-470c-ad17-71e4d54ec6a5,None,None,1,78,1,[],None,None
EXPLOIT_VULN,827.2234899940916,836.4625752038905,9.239085209798986,24,643fa780-b4c9-470c-ad17-71e4d54ec6a5,None,None,1,79,1,[],None,None
EXPLOIT_VULN,836.4625752038905,845.3039997029028,8.841424499012305,24,643fa780-b4c9-470c-ad17-71e4d54ec6a5,None,None,1,80,1,[],None,None
EXPLOIT_VULN,845.3039997029028,855.871563961294,10.567564258391144,24,643fa780-b4c9-470c-ad17-71e4d54ec6a5,None,None,1,81,1,[],None,None
EXPLOIT_VULN,855.871563961294,863.0419661740193,7.170402212725321,24,643fa780-b4c9-470c-ad17-71e4d54ec6a5,None,None,1,82,1,[],None,None
EXPLOIT_VULN,863.0419661740193,872.4293475950177,9.387381420998395,24,643fa780-b4c9-470c-ad17-71e4d54ec6a5,None,None,1,83,1,[],None,None
BRUTE_FORCE,872.4293475950177,884.9697785974215,12.540431002403807,24,643fa780-b4c9-470c-ad17-71e4d54ec6a5,None,None,1,84,1,[],application,OSDiversity
SCAN_PORT,905.3538178146275,930.3538178146275,25.0,24,643fa780-b4c9-470c-ad17-71e4d54ec6a5,None,None,1,84,1,[],None,None
EXPLOIT_VULN,930.3538178146275,938.5813974552364,8.227579640608838,24,643fa780-b4c9-470c-ad17-71e4d54ec6a5,None,None,1,84,1,[],None,None
EXPLOIT_VULN,938.5813974552364,944.7784418160055,6.197044360769155,24,643fa780-b4c9-470c-ad17-71e4d54ec6a5,None,None,1,85,1,[],None,None
EXPLOIT_VULN,944.7784418160055,950.4362307123176,5.657788896312127,24,643fa780-b4c9-470c-ad17-71e4d54ec6a5,None,None,1,86,1,[],None,None
EXPLOIT_VULN,950.4362307123176,952.4823160084395,2.0460852961218734,24,643fa780-b4c9-470c-ad17-71e4d54ec6a5,None,None,1,87,1,[],None,None
EXPLOIT_VULN,952.4823160084395,959.5903661966654,7.108050188225889,24,643fa780-b4c9-470c-ad17-71e4d54ec6a5,None,None,1,88,1,[],None,None
EXPLOIT_VULN,959.5903661966654,963.2649628213491,3.6745966246836588,24,643fa780-b4c9-470c-ad17-71e4d54ec6a5,None,None,1,89,1,[],None,None
EXPLOIT_VULN,963.2649628213491,969.7882213589806,6.523258537631591,24,643fa780-b4c9-470c-ad17-71e4d54ec6a5,None,None,1,90,1,[],None,None
EXPLOIT_VULN,969.7882213589806,974.3878821582333,4.599660799252661,24,643fa780-b4c9-470c-ad17-71e4d54ec6a5,None,None,1,91,1,[],None,None
EXPLOIT_VULN,974.3878821582333,982.324845909782,7.93696375154866,24,643fa780-b4c9-470c-ad17-71e4d54ec6a5,None,None,1,92,1,[],None,None
EXPLOIT_VULN,982.324845909782,989.2386848507562,6.913838940974188,24,643fa780-b4c9-470c-ad17-71e4d54ec6a5,None,None,1,93,1,[],None,None
EXPLOIT_VULN,989.2386848507562,998.7759063985261,9.537221547769946,24,643fa780-b4c9-470c-ad17-71e4d54ec6a5,None,None,1,94,1,[],None,None
EXPLOIT_VULN,998.7759063985261,1008.7076529040407,9.931746505514639,24,643fa780-b4c9-470c-ad17-71e4d54ec6a5,None,None,1,95,1,[],None,None
EXPLOIT_VULN,1008.7076529040407,1016.5014495177982,7.793796613757422,24,643fa780-b4c9-470c-ad17-71e4d54ec6a5,None,None,1,96,1,[],None,None
EXPLOIT_VULN,1016.5014495177982,1025.7034090994973,9.201959581699157,24,643fa780-b4c9-470c-ad17-71e4d54ec6a5,None,None,1,97,1,[],None,None
EXPLOIT_VULN,1025.7034090994973,1036.019020596008,10.315611496510655,24,643fa780-b4c9-470c-ad17-71e4d54ec6a5,None,None,1,98,1,[],None,None
EXPLOIT_VULN,1036.019020596008,1044.494534914963,8.475514318954993,24,643fa780-b4c9-470c-ad17-71e4d54ec6a5,None,None,1,99,1,[],None,None
BRUTE_FORCE,1044.494534914963,1064.494534914963,20.0,24,643fa780-b4c9-470c-ad17-71e4d54ec6a5,None,None,1,100,1,[],None,None
ENUM_HOST,1064.494534914963,1069.494534914963,5.0,24,643fa780-b4c9-470c-ad17-71e4d54ec6a5,None,None,1,100,1,[],None,None
SCAN_PORT,1069.494534914963,1075.3046688102768,5.810133895313811,1,db00ebd5-3d7b-40c9-a6b9-83745e4f2127,None,None,2,100,1,[],application,ServiceDiversity
SCAN_PORT,1095.7555308753847,1120.7555308753847,25.0,1,db00ebd5-3d7b-40c9-a6b9-83745e4f2127,None,None,2,100,1,[],None,None
EXPLOIT_VULN,1120.7555308753847,1125.1894308742812,4.43389999889655,1,db00ebd5-3d7b-40c9-a6b9-83745e4f2127,None,None,2,100,1,[],None,None
EXPLOIT_VULN,1125.1894308742812,1138.6431071922627,13.45367631798149,1,db00ebd5-3d7b-40c9-a6b9-83745e4f2127,None,None,2,101,1,[],None,None
EXPLOIT_VULN,1138.6431071922627,1145.6196737042292,6.976566511966439,1,db00ebd5-3d7b-40c9-a6b9-83745e4f2127,None,None,2,102,1,[],None,None
EXPLOIT_VULN,1145.6196737042292,1154.313336206461,8.693662502231746,1,db00ebd5-3d7b-40c9-a6b9-83745e4f2127,None,None,2,103,1,[],None,None
EXPLOIT_VULN,1154.313336206461,1162.3866250200074,8.073288813546469,1,db00ebd5-3d7b-40c9-a6b9-83745e4f2127,None,None,2,104,1,[],None,None
EXPLOIT_VULN,1162.3866250200074,1184.2580424353994,21.87141741539199,1,db00ebd5-3d7b-40c9-a6b9-83745e4f2127,None,None,2,105,1,[],None,None
EXPLOIT_VULN,1184.2580424353994,1204.0210978999953,19.763055464595936,1,db00ebd5-3d7b-40c9-a6b9-83745e4f2127,None,None,2,106,1,[],None,None
EXPLOIT_VULN,1204.0210978999953,1226.2507578839652,22.229659983969896,1,db00ebd5-3d7b-40c9-a6b9-83745e4f2127,None,None,2,107,1,[],None,None
EXPLOIT_VULN,1226.2507578839652,1248.7978266772298,22.547068793264543,1,db00ebd5-3d7b-40c9-a6b9-83745e4f2127,None,None,2,108,1,[],None,None
EXPLOIT_VULN,1248.7978266772298,1264.762750357135,15.964923679905269,1,db00ebd5-3d7b-40c9-a6b9-83745e4f2127,None,None,2,109,1,[],None,None
EXPLOIT_VULN,1264.762750357135,1278.285563132989,13.522812775853936,1,db00ebd5-3d7b-40c9-a6b9-83745e4f2127,None,None,2,110,1,[],None,None
EXPLOIT_VULN,1278.285563132989,1286.152503590795,7.866940457806095,1,db00ebd5-3d7b-40c9-a6b9-83745e4f2127,None,None,2,111,1,[],application,OSDiversity
SCAN_PORT,1307.6005894322323,1332.6005894322323,25.0,1,db00ebd5-3d7b-40c9-a6b9-83745e4f2127,None,None,2,111,1,[],None,None
EXPLOIT_VULN,1332.6005894322323,1337.7421385886043,5.141549156372093,1,db00ebd5-3d7b-40c9-a6b9-83745e4f2127,None,None,2,111,1,[],None,None
EXPLOIT_VULN,1337.7421385886043,1349.5860368516885,11.843898263084156,1,db00ebd5-3d7b-40c9-a6b9-83745e4f2127,None,None,2,112,1,[],None,None
EXPLOIT_VULN,1349.5860368516885,1357.6680177443852,8.08198089269672,1,db00ebd5-3d7b-40c9-a6b9-83745e4f2127,None,None,2,113,1,[],None,None
EXPLOIT_VULN,1357.6680177443852,1365.4942469445182,7.826229200132957,1,db00ebd5-3d7b-40c9-a6b9-83745e4f2127,None,None,2,114,1,[],None,None
EXPLOIT_VULN,1365.4942469445182,1386.63771985626,21.14347291174181,1,db00ebd5-3d7b-40c9-a6b9-83745e4f2127,None,None,2,115,1,[],None,None
EXPLOIT_VULN,1386.63771985626,1409.3042902096017,22.66657035334174,1,db00ebd5-3d7b-40c9-a6b9-83745e4f2127,None,None,2,116,1,[],None,None
EXPLOIT_VULN,1409.3042902096017,1418.1979701562898,8.893679946688053,1,db00ebd5-3d7b-40c9-a6b9-83745e4f2127,None,None,2,117,1,[],None,None
EXPLOIT_VULN,1418.1979701562898,1426.0705819401899,7.8726117839000835,1,db00ebd5-3d7b-40c9-a6b9-83745e4f2127,None,None,2,118,1,[],None,None
EXPLOIT_VULN,1426.0705819401899,1433.7817530536406,7.711171113450746,1,db00ebd5-3d7b-40c9-a6b9-83745e4f2127,None,None,2,119,1,[],None,None
EXPLOIT_VULN,1433.7817530536406,1437.8595095054297,4.077756451789128,1,db00ebd5-3d7b-40c9-a6b9-83745e4f2127,None,None,2,120,1,[],None,None
EXPLOIT_VULN,1437.8595095054297,1446.9618989146527,9.102389409222951,1,db00ebd5-3d7b-40c9-a6b9-83745e4f2127,None,None,2,121,1,[],None,None
EXPLOIT_VULN,1446.9618989146527,1452.730271880082,5.768372965429307,1,db00ebd5-3d7b-40c9-a6b9-83745e4f2127,None,None,2,122,1,[],None,None
EXPLOIT_VULN,1452.730271880082,1460.4814570475244,7.751185167442372,1,db00ebd5-3d7b-40c9-a6b9-83745e4f2127,None,None,2,123,1,[],None,None
EXPLOIT_VULN,1460.4814570475244,1479.895602317031,19.414145269506662,1,db00ebd5-3d7b-40c9-a6b9-83745e4f2127,1,db00ebd5-3d7b-40c9-a6b9-83745e4f2127,2,124,1,"['Jaime', 'Nola', 'Aili', 'Benedetta']",None,None
SCAN_NEIGHBOR,1479.895602317031,1484.895602317031,5.0,1,db00ebd5-3d7b-40c9-a6b9-83745e4f2127,None,None,2,125,2,[],None,None
ENUM_HOST,1484.895602317031,1489.895602317031,5.0,1,db00ebd5-3d7b-40c9-a6b9-83745e4f2127,None,None,2,125,2,[],None,None
SCAN_PORT,1489.895602317031,1514.895602317031,25.0,6,6fd694ff-1092-4de0-a2a7-21e94a122a4b,None,None,1,125,2,[],None,None
EXPLOIT_VULN,1514.895602317031,1516.325463999389,1.4298616823580232,6,6fd694ff-1092-4de0-a2a7-21e94a122a4b,None,None,1,125,2,[],None,None
EXPLOIT_VULN,1516.325463999389,1517.5035502317319,1.178086232342821,6,6fd694ff-1092-4de0-a2a7-21e94a122a4b,None,None,1,126,2,[],None,None
EXPLOIT_VULN,1517.5035502317319,1520.6058172940564,3.102267062324472,6,6fd694ff-1092-4de0-a2a7-21e94a122a4b,None,None,1,127,2,[],None,None
EXPLOIT_VULN,1520.6058172940564,1523.0146690877473,2.4088517936909284,6,6fd694ff-1092-4de0-a2a7-21e94a122a4b,None,None,1,128,2,[],None,None
EXPLOIT_VULN,1523.0146690877473,1523.4722258813345,0.45755679358717316,6,6fd694ff-1092-4de0-a2a7-21e94a122a4b,None,None,1,129,2,[],None,None
EXPLOIT_VULN,1523.4722258813345,1531.0241354334635,7.551909552129018,6,6fd694ff-1092-4de0-a2a7-21e94a122a4b,None,None,1,130,2,[],None,None
EXPLOIT_VULN,1531.0241354334635,1539.4384811910602,8.41434575759672,6,6fd694ff-1092-4de0-a2a7-21e94a122a4b,None,None,1,131,2,[],None,None
EXPLOIT_VULN,1539.4384811910602,1542.989900843002,3.551419651941842,6,6fd694ff-1092-4de0-a2a7-21e94a122a4b,None,None,1,132,2,[],None,None
EXPLOIT_VULN,1542.989900843002,1549.168926547858,6.179025704856031,6,6fd694ff-1092-4de0-a2a7-21e94a122a4b,None,None,1,133,2,[],None,None
EXPLOIT_VULN,1549.168926547858,1558.0136159137255,8.844689365867453,6,6fd694ff-1092-4de0-a2a7-21e94a122a4b,None,None,1,134,2,[],None,None
EXPLOIT_VULN,1558.0136159137255,1561.2799389689626,3.2663230552370806,6,6fd694ff-1092-4de0-a2a7-21e94a122a4b,None,None,1,135,2,[],None,None
EXPLOIT_VULN,1561.2799389689626,1566.7812330845138,5.501294115551218,6,6fd694ff-1092-4de0-a2a7-21e94a122a4b,None,None,1,136,2,[],None,None
EXPLOIT_VULN,1566.7812330845138,1573.4910615513984,6.709828466884574,6,6fd694ff-1092-4de0-a2a7-21e94a122a4b,None,None,1,137,2,[],None,None
EXPLOIT_VULN,1573.4910615513984,1588.2986257332823,14.80756418188389,6,6fd694ff-1092-4de0-a2a7-21e94a122a4b,None,None,1,138,2,[],None,None
EXPLOIT_VULN,1588.2986257332823,1594.6012265753125,6.302600842030188,6,6fd694ff-1092-4de0-a2a7-21e94a122a4b,None,None,1,139,2,[],None,None
EXPLOIT_VULN,1594.6012265753125,1600.5499245973258,5.948698022013332,6,6fd694ff-1092-4de0-a2a7-21e94a122a4b,None,None,1,140,2,[],None,None
EXPLOIT_VULN,1600.5499245973258,1606.3279556048706,5.778031007544769,6,6fd694ff-1092-4de0-a2a7-21e94a122a4b,None,None,1,141,2,[],None,None
EXPLOIT_VULN,1606.3279556048706,1626.1956624597226,19.86770685485203,6,6fd694ff-1092-4de0-a2a7-21e94a122a4b,None,None,1,142,2,[],None,None
EXPLOIT_VULN,1626.1956624597226,1642.7281749245212,16.53251246479863,6,6fd694ff-1092-4de0-a2a7-21e94a122a4b,None,None,1,143,2,[],None,None
EXPLOIT_VULN,1642.7281749245212,1649.058129746679,6.329954822157788,6,6fd694ff-1092-4de0-a2a7-21e94a122a4b,None,None,1,144,2,[],None,None
EXPLOIT_VULN,1649.058129746679,1650.8428461324968,1.7847163858177737,6,6fd694ff-1092-4de0-a2a7-21e94a122a4b,None,None,1,145,2,[],None,None
EXPLOIT_VULN,1650.8428461324968,1673.3668031634754,22.523957030978636,6,6fd694ff-1092-4de0-a2a7-21e94a122a4b,None,None,1,146,2,[],None,None
EXPLOIT_VULN,1673.3668031634754,1677.2098956727407,3.8430925092652615,6,6fd694ff-1092-4de0-a2a7-21e94a122a4b,None,None,1,147,2,[],application,ServiceDiversity
SCAN_PORT,1698.5157270542618,1723.5157270542618,25.0,6,6fd694ff-1092-4de0-a2a7-21e94a122a4b,None,None,1,147,2,[],None,None
EXPLOIT_VULN,1723.5157270542618,1725.4103807930906,1.8946537388287652,6,6fd694ff-1092-4de0-a2a7-21e94a122a4b,None,None,1,147,2,[],None,None
EXPLOIT_VULN,1725.4103807930906,1726.632441543184,1.222060750093533,6,6fd694ff-1092-4de0-a2a7-21e94a122a4b,None,None,1,148,2,[],None,None
EXPLOIT_VULN,1726.632441543184,1728.0846156136995,1.4521740705154116,6,6fd694ff-1092-4de0-a2a7-21e94a122a4b,None,None,1,149,2,[],None,None
EXPLOIT_VULN,1728.0846156136995,1732.4089223410965,4.3243067273970155,6,6fd694ff-1092-4de0-a2a7-21e94a122a4b,None,None,1,150,2,[],None,None
EXPLOIT_VULN,1732.4089223410965,1735.1156481660369,2.7067258249403494,6,6fd694ff-1092-4de0-a2a7-21e94a122a4b,None,None,1,151,2,[],None,None
EXPLOIT_VULN,1735.1156481660369,1739.0852629775407,3.9696148115037886,6,6fd694ff-1092-4de0-a2a7-21e94a122a4b,None,None,1,152,2,[],None,None
EXPLOIT_VULN,1739.0852629775407,1750.4632797227114,11.378016745170726,6,6fd694ff-1092-4de0-a2a7-21e94a122a4b,None,None,1,153,2,[],None,None
EXPLOIT_VULN,1750.4632797227114,1755.7175522073912,5.254272484679859,6,6fd694ff-1092-4de0-a2a7-21e94a122a4b,None,None,1,154,2,[],None,None
EXPLOIT_VULN,1755.7175522073912,1760.8739581107013,5.1564059033100875,6,6fd694ff-1092-4de0-a2a7-21e94a122a4b,None,None,1,155,2,[],None,None
EXPLOIT_VULN,1760.8739581107013,1765.9462994431037,5.072341332402402,6,6fd694ff-1092-4de0-a2a7-21e94a122a4b,None,None,1,156,2,[],None,None
EXPLOIT_VULN,1765.9462994431037,1771.0181623776834,5.071862934579713,6,6fd694ff-1092-4de0-a2a7-21e94a122a4b,None,None,1,157,2,[],None,None
EXPLOIT_VULN,1771.0181623776834,1775.8451124235382,4.826950045854801,6,6fd694ff-1092-4de0-a2a7-21e94a122a4b,None,None,1,158,2,[],None,None
EXPLOIT_VULN,1775.8451124235382,1780.553812298053,4.70869987451465,6,6fd694ff-1092-4de0-a2a7-21e94a122a4b,None,None,1,159,2,[],None,None
EXPLOIT_VULN,1780.553812298053,1781.7472394269294,1.1934271288764648,6,6fd694ff-1092-4de0-a2a7-21e94a122a4b,None,None,1,160,2,[],None,None
EXPLOIT_VULN,1781.7472394269294,1786.6421830779277,4.894943650998357,6,6fd694ff-1092-4de0-a2a7-21e94a122a4b,None,None,1,161,2,[],None,None
EXPLOIT_VULN,1786.6421830779277,1791.3483953300051,4.706212252077421,6,6fd694ff-1092-4de0-a2a7-21e94a122a4b,None,None,1,162,2,[],None,None
EXPLOIT_VULN,1791.3483953300051,1799.3574794082053,8.009084078200203,6,6fd694ff-1092-4de0-a2a7-21e94a122a4b,None,None,1,163,2,[],None,None
EXPLOIT_VULN,1799.3574794082053,1803.8791172429685,4.521637834763169,6,6fd694ff-1092-4de0-a2a7-21e94a122a4b,None,None,1,164,2,[],None,None
EXPLOIT_VULN,1803.8791172429685,1812.1868428127711,8.307725569802642,6,6fd694ff-1092-4de0-a2a7-21e94a122a4b,None,None,1,165,2,[],None,None
EXPLOIT_VULN,1812.1868428127711,1819.9647874471063,7.777944634335199,6,6fd694ff-1092-4de0-a2a7-21e94a122a4b,None,None,1,166,2,[],None,None
EXPLOIT_VULN,1819.9647874471063,1828.0963682235486,8.131580776442206,6,6fd694ff-1092-4de0-a2a7-21e94a122a4b,None,None,1,167,2,[],None,None
BRUTE_FORCE,1828.0963682235486,1848.0963682235486,20.0,6,6fd694ff-1092-4de0-a2a7-21e94a122a4b,None,None,1,168,2,[],None,None
ENUM_HOST,1848.0963682235486,1853.0963682235486,5.0,6,6fd694ff-1092-4de0-a2a7-21e94a122a4b,None,None,1,168,2,[],None,None
SCAN_PORT,1853.0963682235486,1876.9119978084145,23.815629584865974,2,7eb5493e-5496-4338-b09f-863e1196f4d8,None,None,1,168,2,[],application,ServiceDiversity
SCAN_PORT,1897.0752718677302,1922.0752718677302,25.0,2,7eb5493e-5496-4338-b09f-863e1196f4d8,None,None,1,168,2,[],None,None
EXPLOIT_VULN,1922.0752718677302,1922.224289182787,0.14901731505688076,2,7eb5493e-5496-4338-b09f-863e1196f4d8,None,None,1,168,2,[],None,None
EXPLOIT_VULN,1922.224289182787,1923.0683044063035,0.8440152235164078,2,7eb5493e-5496-4338-b09f-863e1196f4d8,None,None,1,169,2,[],None,None
EXPLOIT_VULN,1923.0683044063035,1926.5984093664554,3.5301049601519026,2,7eb5493e-5496-4338-b09f-863e1196f4d8,None,None,1,170,2,[],None,None
EXPLOIT_VULN,1926.5984093664554,1929.4838760432915,2.8854666768361312,2,7eb5493e-5496-4338-b09f-863e1196f4d8,None,None,1,171,2,[],None,None
EXPLOIT_VULN,1929.4838760432915,1936.6774054287657,7.193529385474221,2,7eb5493e-5496-4338-b09f-863e1196f4d8,None,None,1,172,2,[],None,None
EXPLOIT_VULN,1936.6774054287657,1938.385484155314,1.708078726548365,2,7eb5493e-5496-4338-b09f-863e1196f4d8,None,None,1,173,2,[],None,None
EXPLOIT_VULN,1938.385484155314,1943.038200707155,4.652716551840967,2,7eb5493e-5496-4338-b09f-863e1196f4d8,None,None,1,174,2,[],None,None
EXPLOIT_VULN,1943.038200707155,1954.5067762671808,11.468575560025783,2,7eb5493e-5496-4338-b09f-863e1196f4d8,None,None,1,175,2,[],None,None
EXPLOIT_VULN,1954.5067762671808,1958.8670944482901,4.360318181109278,2,7eb5493e-5496-4338-b09f-863e1196f4d8,None,None,1,176,2,[],None,None
EXPLOIT_VULN,1958.8670944482901,1966.1172472027924,7.250152754502324,2,7eb5493e-5496-4338-b09f-863e1196f4d8,None,None,1,177,2,[],None,None
EXPLOIT_VULN,1966.1172472027924,1980.0640428052193,13.946795602426846,2,7eb5493e-5496-4338-b09f-863e1196f4d8,None,None,1,178,2,[],None,None
EXPLOIT_VULN,1980.0640428052193,1984.4762723366414,4.412229531422099,2,7eb5493e-5496-4338-b09f-863e1196f4d8,None,None,1,179,2,[],None,None
EXPLOIT_VULN,1984.4762723366414,1998.9647242616431,14.488451925001755,2,7eb5493e-5496-4338-b09f-863e1196f4d8,None,None,1,180,2,[],None,None
EXPLOIT_VULN,1998.9647242616431,2005.4800658266458,6.5153415650027,2,7eb5493e-5496-4338-b09f-863e1196f4d8,None,None,1,181,2,[],None,None
EXPLOIT_VULN,2005.4800658266458,2019.815397184346,14.33533135770017,2,7eb5493e-5496-4338-b09f-863e1196f4d8,None,None,1,182,2,[],None,None
EXPLOIT_VULN,2019.815397184346,2036.5465723716134,16.731175187267354,2,7eb5493e-5496-4338-b09f-863e1196f4d8,None,None,1,183,2,[],None,None
EXPLOIT_VULN,2036.5465723716134,2040.507592825689,3.9610204540756513,2,7eb5493e-5496-4338-b09f-863e1196f4d8,None,None,1,184,2,[],None,None
BRUTE_FORCE,2040.507592825689,2060.5075928256892,20.000000000000227,2,7eb5493e-5496-4338-b09f-863e1196f4d8,None,None,1,185,2,[],None,None
ENUM_HOST,2060.5075928256892,2065.5075928256892,5.0,2,7eb5493e-5496-4338-b09f-863e1196f4d8,None,None,1,185,2,[],None,None
SCAN_PORT,2065.5075928256892,2077.7202541680867,12.212661342397496,3,ed1a4d54-d54c-4bed-972c-608bed08f881,None,None,1,185,2,[],application,ServiceDiversity
SCAN_PORT,2097.8377036836773,2122.8377036836773,25.0,3,ed1a4d54-d54c-4bed-972c-608bed08f881,None,None,1,185,2,[],None,None
EXPLOIT_VULN,2122.8377036836773,2123.5767840345356,0.7390803508583303,3,ed1a4d54-d54c-4bed-972c-608bed08f881,None,None,1,185,2,[],None,None
EXPLOIT_VULN,2123.5767840345356,2130.2294555587546,6.652671524218931,3,ed1a4d54-d54c-4bed-972c-608bed08f881,None,None,1,186,2,[],None,None
EXPLOIT_VULN,2130.2294555587546,2137.204941311911,6.97548575315659,3,ed1a4d54-d54c-4bed-972c-608bed08f881,None,None,1,187,2,[],None,None
EXPLOIT_VULN,2137.204941311911,2145.8490297470835,8.644088435172307,3,ed1a4d54-d54c-4bed-972c-608bed08f881,None,None,1,188,2,[],None,None
EXPLOIT_VULN,2145.8490297470835,2167.233665354124,21.38463560704031,3,ed1a4d54-d54c-4bed-972c-608bed08f881,None,None,1,189,2,[],None,None
EXPLOIT_VULN,2167.233665354124,2176.8422687344837,9.60860338035991,3,ed1a4d54-d54c-4bed-972c-608bed08f881,None,None,1,190,2,[],None,None
BRUTE_FORCE,2176.8422687344837,2196.8422687344837,20.0,3,ed1a4d54-d54c-4bed-972c-608bed08f881,None,None,1,191,2,[],None,None
ENUM_HOST,2196.8422687344837,2201.8422687344837,5.0,3,ed1a4d54-d54c-4bed-972c-608bed08f881,None,None,1,191,2,[],None,None
SCAN_PORT,2201.8422687344837,2226.8422687344837,25.0,4,1a46e123-af81-4257-a4a3-d77c1dbb8fe6,None,None,1,191,2,[],None,None
EXPLOIT_VULN,2226.8422687344837,2227.5148584839817,0.6725897494980018,4,1a46e123-af81-4257-a4a3-d77c1dbb8fe6,None,None,1,191,2,[],None,None
EXPLOIT_VULN,2227.5148584839817,2228.8512155091344,1.3363570251526653,4,1a46e123-af81-4257-a4a3-d77c1dbb8fe6,None,None,1,192,2,[],None,None
EXPLOIT_VULN,2228.8512155091344,2229.8735995963607,1.0223840872263281,4,1a46e123-af81-4257-a4a3-d77c1dbb8fe6,None,None,1,193,2,[],None,None
EXPLOIT_VULN,2229.8735995963607,2232.336700855003,2.463101258642382,4,1a46e123-af81-4257-a4a3-d77c1dbb8fe6,None,None,1,194,2,[],None,None
EXPLOIT_VULN,2232.336700855003,2235.0011584633135,2.6644576083103857,4,1a46e123-af81-4257-a4a3-d77c1dbb8fe6,None,None,1,195,2,[],None,None
EXPLOIT_VULN,2235.0011584633135,2239.002560372627,4.001401909313699,4,1a46e123-af81-4257-a4a3-d77c1dbb8fe6,None,None,1,196,2,[],None,None
EXPLOIT_VULN,2239.002560372627,2241.3402122412263,2.337651868599096,4,1a46e123-af81-4257-a4a3-d77c1dbb8fe6,None,None,1,197,2,[],None,None
EXPLOIT_VULN,2241.3402122412263,2243.171137982725,1.8309257414989588,4,1a46e123-af81-4257-a4a3-d77c1dbb8fe6,None,None,1,198,2,[],None,None
EXPLOIT_VULN,2243.171137982725,2247.3271666456585,4.156028662933295,4,1a46e123-af81-4257-a4a3-d77c1dbb8fe6,None,None,1,199,2,[],None,None
EXPLOIT_VULN,2247.3271666456585,2255.931462808074,8.604296162415267,4,1a46e123-af81-4257-a4a3-d77c1dbb8fe6,None,None,1,200,2,[],None,None
EXPLOIT_VULN,2255.931462808074,2268.649751638632,12.718288830558322,4,1a46e123-af81-4257-a4a3-d77c1dbb8fe6,None,None,1,201,2,[],None,None
EXPLOIT_VULN,2268.649751638632,2284.5214134019557,15.871661763323573,4,1a46e123-af81-4257-a4a3-d77c1dbb8fe6,None,None,1,202,2,[],None,None
EXPLOIT_VULN,2284.5214134019557,2290.9252027326247,6.403789330669042,4,1a46e123-af81-4257-a4a3-d77c1dbb8fe6,None,None,1,203,2,[],None,None
EXPLOIT_VULN,2290.9252027326247,2304.678522408137,13.753319675512103,4,1a46e123-af81-4257-a4a3-d77c1dbb8fe6,None,None,1,204,2,[],None,None
EXPLOIT_VULN,2304.678522408137,2309.9090345088625,5.2305121007257185,4,1a46e123-af81-4257-a4a3-d77c1dbb8fe6,None,None,1,205,2,[],None,None
EXPLOIT_VULN,2309.9090345088625,2314.3181052010204,4.409070692157911,4,1a46e123-af81-4257-a4a3-d77c1dbb8fe6,None,None,1,206,2,[],None,None
EXPLOIT_VULN,2314.3181052010204,2317.2073433089795,2.889238107959045,4,1a46e123-af81-4257-a4a3-d77c1dbb8fe6,None,None,1,207,2,[],network,CompleteTopologyShuffle
SCAN_HOST,2340.0913841165548,2345.0913841165548,5.0,-1,-1,None,None,0,207,2,[],None,None
ENUM_HOST,2345.0913841165548,2350.0913841165548,5.0,-1,-1,None,None,0,207,2,[],None,None
SCAN_PORT,2350.0913841165548,2375.0913841165548,25.0,19,e903ddd7-d237-4033-92bb-954f44c76929,None,None,2,207,2,[],None,None
EXPLOIT_VULN,2375.0913841165548,2375.513455515923,0.4220713993681784,19,e903ddd7-d237-4033-92bb-954f44c76929,None,None,2,207,2,[],None,None
EXPLOIT_VULN,2375.513455515923,2376.013708989987,0.5002534740642659,19,e903ddd7-d237-4033-92bb-954f44c76929,None,None,2,208,2,[],None,None
EXPLOIT_VULN,2376.013708989987,2377.6043273637324,1.590618373745201,19,e903ddd7-d237-4033-92bb-954f44c76929,None,None,2,209,2,[],None,None
EXPLOIT_VULN,2377.6043273637324,2379.5540761346197,1.949748770887254,19,e903ddd7-d237-4033-92bb-954f44c76929,None,None,2,210,2,[],None,None
EXPLOIT_VULN,2379.5540761346197,2383.376707840017,3.8226317053972707,19,e903ddd7-d237-4033-92bb-954f44c76929,None,None,2,211,2,[],None,None
EXPLOIT_VULN,2383.376707840017,2385.7571572569964,2.3804494169794452,19,e903ddd7-d237-4033-92bb-954f44c76929,None,None,2,212,2,[],None,None
EXPLOIT_VULN,2385.7571572569964,2389.64225846653,3.8851012095337865,19,e903ddd7-d237-4033-92bb-954f44c76929,None,None,2,213,2,[],None,None
EXPLOIT_VULN,2389.64225846653,2391.705392150506,2.063133683976048,19,e903ddd7-d237-4033-92bb-954f44c76929,None,None,2,214,2,[],None,None
EXPLOIT_VULN,2391.705392150506,2402.600282929627,10.894890779120942,19,e903ddd7-d237-4033-92bb-954f44c76929,None,None,2,215,2,[],None,None
EXPLOIT_VULN,2402.600282929627,2407.647650841921,5.047367912293794,19,e903ddd7-d237-4033-92bb-954f44c76929,None,None,2,216,2,[],None,None
EXPLOIT_VULN,2407.647650841921,2410.9633692045822,3.3157183626613005,19,e903ddd7-d237-4033-92bb-954f44c76929,None,None,2,217,2,[],None,None
EXPLOIT_VULN,2410.9633692045822,2416.0098566248053,5.046487420223002,19,e903ddd7-d237-4033-92bb-954f44c76929,None,None,2,218,2,[],None,None
EXPLOIT_VULN,2416.0098566248053,2423.337812403344,7.3279557785385805,19,e903ddd7-d237-4033-92bb-954f44c76929,None,None,2,219,2,[],None,None
EXPLOIT_VULN,2423.337812403344,2431.7797653341563,8.441952930812477,19,e903ddd7-d237-4033-92bb-954f44c76929,None,None,2,220,2,[],None,None
EXPLOIT_VULN,2431.7797653341563,2439.5934371677595,7.813671833603166,19,e903ddd7-d237-4033-92bb-954f44c76929,None,None,2,221,2,[],None,None
BRUTE_FORCE,2439.5934371677595,2459.5934371677595,20.0,19,e903ddd7-d237-4033-92bb-954f44c76929,None,None,2,222,2,[],None,None
ENUM_HOST,2459.5934371677595,2464.5934371677595,5.0,19,e903ddd7-d237-4033-92bb-954f44c76929,None,None,2,222,2,[],None,None
SCAN_PORT,2464.5934371677595,2487.1145449442884,22.52110777652888,34,47053269-dac7-4b00-a172-a7fec8f95b50,None,None,1,222,2,[],application,OSDiversity
SCAN_PORT,2507.5246266728573,2532.5246266728573,25.0,34,47053269-dac7-4b00-a172-a7fec8f95b50,None,None,1,222,2,[],None,None
EXPLOIT_VULN,2532.5246266728573,2533.116665972084,0.5920392992265988,34,47053269-dac7-4b00-a172-a7fec8f95b50,None,None,1,222,2,[],None,None
EXPLOIT_VULN,2533.116665972084,2534.2455531380356,1.12888716595171,34,47053269-dac7-4b00-a172-a7fec8f95b50,None,None,1,223,2,[],None,None
EXPLOIT_VULN,2534.2455531380356,2537.2909155428933,3.0453624048577694,34,47053269-dac7-4b00-a172-a7fec8f95b50,None,None,1,224,2,[],None,None
EXPLOIT_VULN,2537.2909155428933,2541.012901152523,3.7219856096298827,34,47053269-dac7-4b00-a172-a7fec8f95b50,None,None,1,225,2,[],None,None
EXPLOIT_VULN,2541.012901152523,2543.6140324248677,2.601131272344446,34,47053269-dac7-4b00-a172-a7fec8f95b50,None,None,1,226,2,[],None,None
EXPLOIT_VULN,2543.6140324248677,2545.59591817033,1.9818857454624776,34,47053269-dac7-4b00-a172-a7fec8f95b50,None,None,1,227,2,[],None,None
EXPLOIT_VULN,2545.59591817033,2548.7201067419173,3.124188571587183,34,47053269-dac7-4b00-a172-a7fec8f95b50,None,None,1,228,2,[],None,None
EXPLOIT_VULN,2548.7201067419173,2552.686821947703,3.9667152057854764,34,47053269-dac7-4b00-a172-a7fec8f95b50,None,None,1,229,2,[],None,None
EXPLOIT_VULN,2552.686821947703,2561.42462764119,8.73780569348719,34,47053269-dac7-4b00-a172-a7fec8f95b50,None,None,1,230,2,[],None,None
EXPLOIT_VULN,2561.42462764119,2567.003487820258,5.578860179068215,34,47053269-dac7-4b00-a172-a7fec8f95b50,None,None,1,231,2,[],None,None
EXPLOIT_VULN,2567.003487820258,2583.3101288328803,16.306641012622094,34,47053269-dac7-4b00-a172-a7fec8f95b50,None,None,1,232,2,[],None,None
EXPLOIT_VULN,2583.3101288328803,2597.4028987844354,14.092769951555056,34,47053269-dac7-4b00-a172-a7fec8f95b50,None,None,1,233,2,[],None,None
EXPLOIT_VULN,2597.4028987844354,2601.7862155296116,4.3833167451762165,34,47053269-dac7-4b00-a172-a7fec8f95b50,None,None,1,234,2,[],None,None
EXPLOIT_VULN,2601.7862155296116,2609.6687930445214,7.882577514909826,34,47053269-dac7-4b00-a172-a7fec8f95b50,None,None,1,235,2,[],None,None
EXPLOIT_VULN,2609.6687930445214,2613.2008383437856,3.532045299264155,34,47053269-dac7-4b00-a172-a7fec8f95b50,None,None,1,236,2,[],None,None
EXPLOIT_VULN,2613.2008383437856,2620.7009814844473,7.5001431406617485,34,47053269-dac7-4b00-a172-a7fec8f95b50,None,None,1,237,2,[],None,None
EXPLOIT_VULN,2620.7009814844473,2626.6479936671813,5.947012182733943,34,47053269-dac7-4b00-a172-a7fec8f95b50,None,None,1,238,2,[],None,None
EXPLOIT_VULN,2626.6479936671813,2635.6668214320725,9.018827764891284,34,47053269-dac7-4b00-a172-a7fec8f95b50,None,None,1,239,2,[],None,None
BRUTE_FORCE,2635.6668214320725,2655.6668214320725,20.0,34,47053269-dac7-4b00-a172-a7fec8f95b50,None,None,1,240,2,[],None,None
ENUM_HOST,2655.6668214320725,2660.6668214320725,5.0,34,47053269-dac7-4b00-a172-a7fec8f95b50,None,None,1,240,2,[],None,None
SCAN_PORT,2660.6668214320725,2678.0537908874508,17.38696945537822,2,7eb5493e-5496-4338-b09f-863e1196f4d8,None,None,2,240,2,[],application,ServiceDiversity
SCAN_PORT,2698.582640431911,2723.582640431911,25.0,2,7eb5493e-5496-4338-b09f-863e1196f4d8,None,None,2,240,2,[],None,None
EXPLOIT_VULN,2723.582640431911,2727.1844915964207,3.6018511645097533,2,7eb5493e-5496-4338-b09f-863e1196f4d8,None,None,2,240,2,[],None,None
EXPLOIT_VULN,2727.1844915964207,2733.7563039607635,6.571812364342804,2,7eb5493e-5496-4338-b09f-863e1196f4d8,None,None,2,241,2,[],None,None
EXPLOIT_VULN,2733.7563039607635,2740.9735970012707,7.217293040507229,2,7eb5493e-5496-4338-b09f-863e1196f4d8,None,None,2,242,2,[],None,None
EXPLOIT_VULN,2740.9735970012707,2745.9544097238786,4.9808127226078796,2,7eb5493e-5496-4338-b09f-863e1196f4d8,None,None,2,243,2,[],None,None
EXPLOIT_VULN,2745.9544097238786,2762.5996272753014,16.645217551422775,2,7eb5493e-5496-4338-b09f-863e1196f4d8,None,None,2,244,2,[],None,None
EXPLOIT_VULN,2762.5996272753014,2768.9082307994477,6.308603524146292,2,7eb5493e-5496-4338-b09f-863e1196f4d8,None,None,2,245,2,[],None,None
EXPLOIT_VULN,2768.9082307994477,2785.819953646893,16.911722847445162,2,7eb5493e-5496-4338-b09f-863e1196f4d8,None,None,2,246,2,[],None,None
EXPLOIT_VULN,2785.819953646893,2790.7409738523293,4.9210202054364345,2,7eb5493e-5496-4338-b09f-863e1196f4d8,None,None,2,247,2,[],None,None
EXPLOIT_VULN,2790.7409738523293,2793.0144415368723,2.273467684542993,2,7eb5493e-5496-4338-b09f-863e1196f4d8,None,None,2,248,2,[],None,None
EXPLOIT_VULN,2793.0144415368723,2799.8852807842363,6.870839247364074,2,7eb5493e-5496-4338-b09f-863e1196f4d8,None,None,2,249,2,[],None,None
EXPLOIT_VULN,2799.8852807842363,2814.4729646743094,14.587683890073095,2,7eb5493e-5496-4338-b09f-863e1196f4d8,2,7eb5493e-5496-4338-b09f-863e1196f4d8,2,250,2,"['Joey', 'Genevra', 'Rhona', 'Rozele', 'Jobey']",None,None
SCAN_NEIGHBOR,2814.4729646743094,2819.4729646743094,5.0,2,7eb5493e-5496-4338-b09f-863e1196f4d8,None,None,2,251,3,[],None,None
ENUM_HOST,2819.4729646743094,2824.4729646743094,5.0,2,7eb5493e-5496-4338-b09f-863e1196f4d8,None,None,2,251,3,[],None,None
SCAN_PORT,2824.4729646743094,2849.4729646743094,25.0,30,ad5229e2-cbca-4fe9-a495-0116c240702d,None,None,1,251,3,[],None,None
EXPLOIT_VULN,2849.4729646743094,2852.6293345515614,3.1563698772520183,30,ad5229e2-cbca-4fe9-a495-0116c240702d,None,None,1,251,3,[],None,None
EXPLOIT_VULN,2852.6293345515614,2855.250556758214,2.621222206652419,30,ad5229e2-cbca-4fe9-a495-0116c240702d,None,None,1,252,3,[],None,None
EXPLOIT_VULN,2855.250556758214,2868.990235998715,13.739679240501118,30,ad5229e2-cbca-4fe9-a495-0116c240702d,None,None,1,253,3,[],None,None
EXPLOIT_VULN,2868.990235998715,2875.3935791555514,6.403343156836399,30,ad5229e2-cbca-4fe9-a495-0116c240702d,None,None,1,254,3,[],None,None
EXPLOIT_VULN,2875.3935791555514,2886.59112685532,11.19754769976862,30,ad5229e2-cbca-4fe9-a495-0116c240702d,None,None,1,255,3,[],None,None
EXPLOIT_VULN,2886.59112685532,2887.672657885327,1.081531030007227,30,ad5229e2-cbca-4fe9-a495-0116c240702d,None,None,1,256,3,[],application,OSDiversity
SCAN_PORT,2908.523005836837,2933.523005836837,25.0,30,ad5229e2-cbca-4fe9-a495-0116c240702d,None,None,1,256,3,[],None,None
EXPLOIT_VULN,2933.523005836837,2935.726072913387,2.2030670765498144,30,ad5229e2-cbca-4fe9-a495-0116c240702d,None,None,1,256,3,[],None,None
EXPLOIT_VULN,2935.726072913387,2938.8455159540913,3.119443040704482,30,ad5229e2-cbca-4fe9-a495-0116c240702d,None,None,1,257,3,[],None,None
EXPLOIT_VULN,2938.8455159540913,2947.652347998402,8.806832044310795,30,ad5229e2-cbca-4fe9-a495-0116c240702d,None,None,1,258,3,[],None,None
EXPLOIT_VULN,2947.652347998402,2953.265237422557,5.612889424155128,30,ad5229e2-cbca-4fe9-a495-0116c240702d,None,None,1,259,3,[],None,None
EXPLOIT_VULN,2953.265237422557,2961.46405892924,8.198821506682634,30,ad5229e2-cbca-4fe9-a495-0116c240702d,None,None,1,260,3,[],None,None
EXPLOIT_VULN,2961.46405892924,2967.2003348438266,5.736275914586713,30,ad5229e2-cbca-4fe9-a495-0116c240702d,None,None,1,261,3,[],None,None
EXPLOIT_VULN,2967.2003348438266,2976.198737060596,8.998402216769591,30,ad5229e2-cbca-4fe9-a495-0116c240702d,None,None,1,262,3,[],None,None
EXPLOIT_VULN,2976.198737060596,2989.171444306226,12.972707245629863,30,ad5229e2-cbca-4fe9-a495-0116c240702d,None,None,1,263,3,[],None,None
BRUTE_FORCE,2989.171444306226,3009.171444306226,20.0,30,ad5229e2-cbca-4fe9-a495-0116c240702d,None,None,1,264,3,[],None,None
ENUM_HOST,3009.171444306226,3014.171444306226,5.0,30,ad5229e2-cbca-4fe9-a495-0116c240702d,None,None,1,264,3,[],None,None
SCAN_PORT,3014.171444306226,3039.171444306226,25.0,3,ed1a4d54-d54c-4bed-972c-608bed08f881,None,None,2,264,3,[],None,None
EXPLOIT_VULN,3039.171444306226,3047.148062752929,7.976618446703014,3,ed1a4d54-d54c-4bed-972c-608bed08f881,None,None,2,264,3,[],None,None
EXPLOIT_VULN,3047.148062752929,3056.2831221584674,9.135059405538414,3,ed1a4d54-d54c-4bed-972c-608bed08f881,None,None,2,265,3,[],None,None
EXPLOIT_VULN,3056.2831221584674,3065.279088317694,8.995966159226555,3,ed1a4d54-d54c-4bed-972c-608bed08f881,None,None,2,266,3,[],None,None
BRUTE_FORCE,3065.279088317694,3085.279088317694,20.0,3,ed1a4d54-d54c-4bed-972c-608bed08f881,None,None,2,267,3,[],None,None
ENUM_HOST,3085.279088317694,3090.279088317694,5.0,3,ed1a4d54-d54c-4bed-972c-608bed08f881,None,None,2,267,3,[],None,None
SCAN_PORT,3090.279088317694,3115.279088317694,25.0,4,1a46e123-af81-4257-a4a3-d77c1dbb8fe6,None,None,2,267,3,[],None,None
EXPLOIT_VULN,3115.279088317694,3116.5255302723153,1.2464419546213321,4,1a46e123-af81-4257-a4a3-d77c1dbb8fe6,None,None,2,267,3,[],None,None
EXPLOIT_VULN,3116.5255302723153,3117.660449785736,1.1349195134207548,4,1a46e123-af81-4257-a4a3-d77c1dbb8fe6,None,None,2,268,3,[],None,None
EXPLOIT_VULN,3117.660449785736,3117.8089078973417,0.14845811160557787,4,1a46e123-af81-4257-a4a3-d77c1dbb8fe6,None,None,2,269,3,[],network,CompleteTopologyShuffle
SCAN_HOST,3138.6380016322087,3143.6380016322087,5.0,-1,-1,None,None,0,269,3,[],None,None
ENUM_HOST,3143.6380016322087,3148.6380016322087,5.0,-1,-1,None,None,0,269,3,[],None,None
SCAN_PORT,3148.6380016322087,3173.6380016322087,25.0,38,62a5b83c-167a-4ee0-bee9-dc23af6b521c,None,None,1,269,3,[],None,None
EXPLOIT_VULN,3173.6380016322087,3181.8385083038365,8.200506671627863,38,62a5b83c-167a-4ee0-bee9-dc23af6b521c,None,None,1,269,3,[],None,None
EXPLOIT_VULN,3181.8385083038365,3199.5436748967622,17.705166592925707,38,62a5b83c-167a-4ee0-bee9-dc23af6b521c,None,None,1,270,3,[],None,None
EXPLOIT_VULN,3199.5436748967622,3206.614041059301,7.070366162538903,38,62a5b83c-167a-4ee0-bee9-dc23af6b521c,None,None,1,271,3,[],None,None
EXPLOIT_VULN,3206.614041059301,3213.5126478923216,6.898606833020494,38,62a5b83c-167a-4ee0-bee9-dc23af6b521c,None,None,1,272,3,[],None,None
BRUTE_FORCE,3213.5126478923216,3233.5126478923216,20.0,38,62a5b83c-167a-4ee0-bee9-dc23af6b521c,None,None,1,273,3,[],None,None
ENUM_HOST,3233.5126478923216,3238.5126478923216,5.0,38,62a5b83c-167a-4ee0-bee9-dc23af6b521c,None,None,1,273,3,[],None,None
SCAN_PORT,3238.5126478923216,3263.5126478923216,25.0,9,4fcb77ab-c763-4785-a719-f379a84629fe,None,None,1,273,3,[],None,None
EXPLOIT_VULN,3263.5126478923216,3264.406857548963,0.8942096566415785,9,4fcb77ab-c763-4785-a719-f379a84629fe,None,None,1,273,3,[],None,None
EXPLOIT_VULN,3264.406857548963,3264.9898776753407,0.5830201263775052,9,4fcb77ab-c763-4785-a719-f379a84629fe,None,None,1,274,3,[],None,None
EXPLOIT_VULN,3264.9898776753407,3265.7632189924902,0.7733413171495158,9,4fcb77ab-c763-4785-a719-f379a84629fe,None,None,1,275,3,[],None,None
EXPLOIT_VULN,3265.7632189924902,3270.0920863322476,4.32886733975738,9,4fcb77ab-c763-4785-a719-f379a84629fe,None,None,1,276,3,[],None,None
EXPLOIT_VULN,3270.0920863322476,3272.928451151044,2.8363648187964827,9,4fcb77ab-c763-4785-a719-f379a84629fe,None,None,1,277,3,[],None,None
EXPLOIT_VULN,3272.928451151044,3275.8758669262743,2.9474157752301835,9,4fcb77ab-c763-4785-a719-f379a84629fe,None,None,1,278,3,[],None,None
EXPLOIT_VULN,3275.8758669262743,3278.0713568189944,2.195489892720161,9,4fcb77ab-c763-4785-a719-f379a84629fe,None,None,1,279,3,[],application,ServiceDiversity
SCAN_PORT,3298.4131003411503,3323.4131003411503,25.0,9,4fcb77ab-c763-4785-a719-f379a84629fe,None,None,1,279,3,[],None,None
EXPLOIT_VULN,3323.4131003411503,3324.8133209327857,1.4002205916353887,9,4fcb77ab-c763-4785-a719-f379a84629fe,None,None,1,279,3,[],None,None
EXPLOIT_VULN,3324.8133209327857,3326.449226544583,1.6359056117971704,9,4fcb77ab-c763-4785-a719-f379a84629fe,None,None,1,280,3,[],None,None
EXPLOIT_VULN,3326.449226544583,3329.5813302560528,3.132103711469881,9,4fcb77ab-c763-4785-a719-f379a84629fe,None,None,1,281,3,[],None,None
EXPLOIT_VULN,3329.5813302560528,3331.0545007185665,1.4731704625137354,9,4fcb77ab-c763-4785-a719-f379a84629fe,None,None,1,282,3,[],None,None
EXPLOIT_VULN,3331.0545007185665,3334.122111842052,3.067611123485676,9,4fcb77ab-c763-4785-a719-f379a84629fe,None,None,1,283,3,[],None,None
EXPLOIT_VULN,3334.122111842052,3338.243128934552,4.121017092499642,9,4fcb77ab-c763-4785-a719-f379a84629fe,None,None,1,284,3,[],None,None
EXPLOIT_VULN,3338.243128934552,3340.2648729521147,2.0217440175629235,9,4fcb77ab-c763-4785-a719-f379a84629fe,None,None,1,285,3,[],None,None
EXPLOIT_VULN,3340.2648729521147,3345.9532985113156,5.688425559200823,9,4fcb77ab-c763-4785-a719-f379a84629fe,None,None,1,286,3,[],None,None
EXPLOIT_VULN,3345.9532985113156,3351.546194050673,5.592895539357414,9,4fcb77ab-c763-4785-a719-f379a84629fe,None,None,1,287,3,[],None,None
EXPLOIT_VULN,3351.546194050673,3369.910486412603,18.364292361929984,9,4fcb77ab-c763-4785-a719-f379a84629fe,None,None,1,288,3,[],None,None
EXPLOIT_VULN,3369.910486412603,3377.7345862875095,7.824099874906551,9,4fcb77ab-c763-4785-a719-f379a84629fe,None,None,1,289,3,[],None,None
EXPLOIT_VULN,3377.7345862875095,3383.7206290285512,5.986042741041729,9,4fcb77ab-c763-4785-a719-f379a84629fe,None,None,1,290,3,[],None,None
EXPLOIT_VULN,3383.7206290285512,3396.387001994794,12.666372966242761,9,4fcb77ab-c763-4785-a719-f379a84629fe,None,None,1,291,3,[],None,None
EXPLOIT_VULN,3396.387001994794,3399.238564409636,2.851562414842192,9,4fcb77ab-c763-4785-a719-f379a84629fe,None,None,1,292,3,[],None,None
EXPLOIT_VULN,3399.238564409636,3404.205936058056,4.967371648419885,9,4fcb77ab-c763-4785-a719-f379a84629fe,9,4fcb77ab-c763-4785-a719-f379a84629fe,1,293,3,"['Ester', 'Pierrette', 'Ines', 'Hollyanne']",None,None
SCAN_NEIGHBOR,3404.205936058056,3409.205936058056,5.0,9,4fcb77ab-c763-4785-a719-f379a84629fe,None,None,1,294,4,[],None,None
ENUM_HOST,3409.205936058056,3414.205936058056,5.0,9,4fcb77ab-c763-4785-a719-f379a84629fe,None,None,1,294,4,[],None,None
SCAN_PORT,3414.205936058056,3439.205936058056,25.0,32,3e0a5bf6-69c8-4f0f-a06c-7fbb984d8665,None,None,1,294,4,[],None,None
EXPLOIT_VULN,3439.205936058056,3439.933457426625,0.7275213685688868,32,3e0a5bf6-69c8-4f0f-a06c-7fbb984d8665,None,None,1,294,4,[],None,None
EXPLOIT_VULN,3439.933457426625,3440.4765869790035,0.5431295523785593,32,3e0a5bf6-69c8-4f0f-a06c-7fbb984d8665,None,None,1,295,4,[],None,None
EXPLOIT_VULN,3440.4765869790035,3443.4859912009065,3.009404221902969,32,3e0a5bf6-69c8-4f0f-a06c-7fbb984d8665,None,None,1,296,4,[],None,None
EXPLOIT_VULN,3443.4859912009065,3444.924636711117,1.4386455102103355,32,3e0a5bf6-69c8-4f0f-a06c-7fbb984d8665,None,None,1,297,4,[],None,None
EXPLOIT_VULN,3444.924636711117,3445.7402378154784,0.8156011043615763,32,3e0a5bf6-69c8-4f0f-a06c-7fbb984d8665,None,None,1,298,4,[],None,None
EXPLOIT_VULN,3445.7402378154784,3447.9892761123456,2.249038296867184,32,3e0a5bf6-69c8-4f0f-a06c-7fbb984d8665,None,None,1,299,4,[],None,None
EXPLOIT_VULN,3447.9892761123456,3449.4184332349637,1.4291571226181077,32,3e0a5bf6-69c8-4f0f-a06c-7fbb984d8665,None,None,1,300,4,[],None,None
EXPLOIT_VULN,3449.4184332349637,3450.08045896095,0.6620257259864957,32,3e0a5bf6-69c8-4f0f-a06c-7fbb984d8665,None,None,1,301,4,[],None,None
EXPLOIT_VULN,3450.08045896095,3454.0713461663563,3.990887205406125,32,3e0a5bf6-69c8-4f0f-a06c-7fbb984d8665,None,None,1,302,4,[],None,None
EXPLOIT_VULN,3454.0713461663563,3455.346136957224,1.2747907908678826,32,3e0a5bf6-69c8-4f0f-a06c-7fbb984d8665,None,None,1,303,4,[],None,None
EXPLOIT_VULN,3455.346136957224,3458.253808409013,2.9076714517887012,32,3e0a5bf6-69c8-4f0f-a06c-7fbb984d8665,None,None,1,304,4,[],None,None
EXPLOIT_VULN,3458.253808409013,3461.106551107198,2.8527426981850112,32,3e0a5bf6-69c8-4f0f-a06c-7fbb984d8665,None,None,1,305,4,[],None,None
EXPLOIT_VULN,3461.106551107198,3463.1789992330673,2.072448125869414,32,3e0a5bf6-69c8-4f0f-a06c-7fbb984d8665,None,None,1,306,4,[],None,None
EXPLOIT_VULN,3463.1789992330673,3467.925461280959,4.746462047891782,32,3e0a5bf6-69c8-4f0f-a06c-7fbb984d8665,None,None,1,307,4,[],None,None
EXPLOIT_VULN,3467.925461280959,3470.5956091268395,2.670147845880365,32,3e0a5bf6-69c8-4f0f-a06c-7fbb984d8665,None,None,1,308,4,[],None,None
EXPLOIT_VULN,3470.5956091268395,3473.2792775680014,2.683668441161899,32,3e0a5bf6-69c8-4f0f-a06c-7fbb984d8665,None,None,1,309,4,[],None,None
EXPLOIT_VULN,3473.2792775680014,3482.8031663434017,9.523888775400337,32,3e0a5bf6-69c8-4f0f-a06c-7fbb984d8665,None,None,1,310,4,[],None,None
EXPLOIT_VULN,3482.8031663434017,3488.583713037629,5.780546694227269,32,3e0a5bf6-69c8-4f0f-a06c-7fbb984d8665,None,None,1,311,4,[],None,None
EXPLOIT_VULN,3488.583713037629,3488.6360948560828,0.05238181845379586,32,3e0a5bf6-69c8-4f0f-a06c-7fbb984d8665,None,None,1,312,4,[],application,OSDiversity
SCAN_PORT,3509.1386636200536,3534.1386636200536,25.0,32,3e0a5bf6-69c8-4f0f-a06c-7fbb984d8665,None,None,1,312,4,[],None,None
EXPLOIT_VULN,3534.1386636200536,3535.257993716974,1.1193300969202937,32,3e0a5bf6-69c8-4f0f-a06c-7fbb984d8665,None,None,1,312,4,[],None,None
EXPLOIT_VULN,3535.257993716974,3538.0980428395046,2.8400491225306723,32,3e0a5bf6-69c8-4f0f-a06c-7fbb984d8665,None,None,1,313,4,[],None,None
EXPLOIT_VULN,3538.0980428395046,3543.808440735647,5.71039789614224,32,3e0a5bf6-69c8-4f0f-a06c-7fbb984d8665,None,None,1,314,4,[],None,None
EXPLOIT_VULN,3543.808440735647,3547.461218026811,3.652777291164057,32,3e0a5bf6-69c8-4f0f-a06c-7fbb984d8665,None,None,1,315,4,[],None,None
EXPLOIT_VULN,3547.461218026811,3550.458637975386,2.9974199485750432,32,3e0a5bf6-69c8-4f0f-a06c-7fbb984d8665,None,None,1,316,4,[],None,None
EXPLOIT_VULN,3550.458637975386,3560.560971969799,10.10233399441313,32,3e0a5bf6-69c8-4f0f-a06c-7fbb984d8665,None,None,1,317,4,[],None,None
EXPLOIT_VULN,3560.560971969799,3562.609048674963,2.0480767051640214,32,3e0a5bf6-69c8-4f0f-a06c-7fbb984d8665,None,None,1,318,4,[],None,None
EXPLOIT_VULN,3562.609048674963,3564.5913186924286,1.9822700174654528,32,3e0a5bf6-69c8-4f0f-a06c-7fbb984d8665,None,None,1,319,4,[],None,None
EXPLOIT_VULN,3564.5913186924286,3570.0900878749667,5.498769182538126,32,3e0a5bf6-69c8-4f0f-a06c-7fbb984d8665,None,None,1,320,4,[],None,None
EXPLOIT_VULN,3570.0900878749667,3583.9241847793546,13.834096904387934,32,3e0a5bf6-69c8-4f0f-a06c-7fbb984d8665,None,None,1,321,4,[],None,None
EXPLOIT_VULN,3583.9241847793546,3599.0883321483293,15.164147368974682,32,3e0a5bf6-69c8-4f0f-a06c-7fbb984d8665,None,None,1,322,4,[],None,None
EXPLOIT_VULN,3599.0883321483293,3602.0300849469986,2.941752798669313,32,3e0a5bf6-69c8-4f0f-a06c-7fbb984d8665,None,None,1,323,4,[],None,None
EXPLOIT_VULN,3602.0300849469986,3603.395329481904,1.3652445349052869,32,3e0a5bf6-69c8-4f0f-a06c-7fbb984d8665,None,None,1,324,4,[],None,None
EXPLOIT_VULN,3603.395329481904,3619.2516550728137,15.856325590909819,32,3e0a5bf6-69c8-4f0f-a06c-7fbb984d8665,None,None,1,325,4,[],None,None
EXPLOIT_VULN,3619.2516550728137,3624.127665954577,4.87601088176325,32,3e0a5bf6-69c8-4f0f-a06c-7fbb984d8665,None,None,1,326,4,[],None,None
EXPLOIT_VULN,3624.127665954577,3629.714243560616,5.5865776060391,32,3e0a5bf6-69c8-4f0f-a06c-7fbb984d8665,None,None,1,327,4,[],None,None
EXPLOIT_VULN,3629.714243560616,3636.0620488644527,6.347805303836594,32,3e0a5bf6-69c8-4f0f-a06c-7fbb984d8665,None,None,1,328,4,[],None,None
EXPLOIT_VULN,3636.0620488644527,3649.640404544488,13.578355680035202,32,3e0a5bf6-69c8-4f0f-a06c-7fbb984d8665,None,None,1,329,4,[],None,None
EXPLOIT_VULN,3649.640404544488,3656.7714980024252,7.131093457937368,32,3e0a5bf6-69c8-4f0f-a06c-7fbb984d8665,None,None,1,330,4,[],None,None
EXPLOIT_VULN,3656.7714980024252,3673.791866954303,17.020368951877572,32,3e0a5bf6-69c8-4f0f-a06c-7fbb984d8665,None,None,1,331,4,[],None,None
EXPLOIT_VULN,3673.791866954303,3678.7589267561334,4.967059801830601,32,3e0a5bf6-69c8-4f0f-a06c-7fbb984d8665,None,None,1,332,4,[],application,ServiceDiversity
SCAN_PORT,3699.451378084614,3724.451378084614,25.0,32,3e0a5bf6-69c8-4f0f-a06c-7fbb984d8665,None,None,1,332,4,[],None,None
EXPLOIT_VULN,3724.451378084614,3724.5560154126174,0.10463732800326397,32,3e0a5bf6-69c8-4f0f-a06c-7fbb984d8665,None,None,1,332,4,[],None,None
EXPLOIT_VULN,3724.5560154126174,3725.366601024855,0.8105856122374462,32,3e0a5bf6-69c8-4f0f-a06c-7fbb984d8665,None,None,1,333,4,[],None,None
EXPLOIT_VULN,3725.366601024855,3725.980432847043,0.613831822188331,32,3e0a5bf6-69c8-4f0f-a06c-7fbb984d8665,None,None,1,334,4,[],None,None
EXPLOIT_VULN,3725.980432847043,3726.7923781695004,0.8119453224571771,32,3e0a5bf6-69c8-4f0f-a06c-7fbb984d8665,None,None,1,335,4,[],None,None
EXPLOIT_VULN,3726.7923781695004,3730.298428858435,3.506050688934465,32,3e0a5bf6-69c8-4f0f-a06c-7fbb984d8665,None,None,1,336,4,[],None,None
EXPLOIT_VULN,3730.298428858435,3731.820934269399,1.522505410964186,32,3e0a5bf6-69c8-4f0f-a06c-7fbb984d8665,None,None,1,337,4,[],None,None
EXPLOIT_VULN,3731.820934269399,3734.639995238157,2.8190609687580945,32,3e0a5bf6-69c8-4f0f-a06c-7fbb984d8665,None,None,1,338,4,[],None,None
EXPLOIT_VULN,3734.639995238157,3736.8966957852695,2.2567005471123593,32,3e0a5bf6-69c8-4f0f-a06c-7fbb984d8665,None,None,1,339,4,[],None,None
EXPLOIT_VULN,3736.8966957852695,3739.559383457574,2.6626876723044006,32,3e0a5bf6-69c8-4f0f-a06c-7fbb984d8665,None,None,1,340,4,[],None,None
EXPLOIT_VULN,3739.559383457574,3746.7206176161717,7.161234158597836,32,3e0a5bf6-69c8-4f0f-a06c-7fbb984d8665,None,None,1,341,4,[],None,None
EXPLOIT_VULN,3746.7206176161717,3752.1473661715245,5.426748555352788,32,3e0a5bf6-69c8-4f0f-a06c-7fbb984d8665,None,None,1,342,4,[],None,None
EXPLOIT_VULN,3752.1473661715245,3758.648445673298,6.501079501773347,32,3e0a5bf6-69c8-4f0f-a06c-7fbb984d8665,None,None,1,343,4,[],None,None
EXPLOIT_VULN,3758.648445673298,3766.218185085342,7.569739412044328,32,3e0a5bf6-69c8-4f0f-a06c-7fbb984d8665,None,None,1,344,4,[],None,None
EXPLOIT_VULN,3766.218185085342,3768.9153004206096,2.6971153352674264,32,3e0a5bf6-69c8-4f0f-a06c-7fbb984d8665,None,None,1,345,4,[],None,None
EXPLOIT_VULN,3768.9153004206096,3771.9111124649085,2.995812044298873,32,3e0a5bf6-69c8-4f0f-a06c-7fbb984d8665,None,None,1,346,4,[],None,None
EXPLOIT_VULN,3771.9111124649085,3776.9181870961265,5.0070746312180745,32,3e0a5bf6-69c8-4f0f-a06c-7fbb984d8665,None,None,1,347,4,[],None,None
EXPLOIT_VULN,3776.9181870961265,3789.3266622701367,12.408475174010164,32,3e0a5bf6-69c8-4f0f-a06c-7fbb984d8665,None,None,1,348,4,[],None,None
EXPLOIT_VULN,3789.3266622701367,3794.48660704941,5.159944779273246,32,3e0a5bf6-69c8-4f0f-a06c-7fbb984d8665,None,None,1,349,4,[],None,None
EXPLOIT_VULN,3794.48660704941,3797.503423333082,3.016816283672142,32,3e0a5bf6-69c8-4f0f-a06c-7fbb984d8665,None,None,1,350,4,[],None,None
EXPLOIT_VULN,3797.503423333082,3808.946196136624,11.442772803542084,32,3e0a5bf6-69c8-4f0f-a06c-7fbb984d8665,None,None,1,351,4,[],None,None
EXPLOIT_VULN,3808.946196136624,3814.109142783507,5.162946646883029,32,3e0a5bf6-69c8-4f0f-a06c-7fbb984d8665,None,None,1,352,4,[],None,None
EXPLOIT_VULN,3814.109142783507,3817.0894269224527,2.9802841389455352,32,3e0a5bf6-69c8-4f0f-a06c-7fbb984d8665,None,None,1,353,4,[],None,None
EXPLOIT_VULN,3817.0894269224527,3834.204510521548,17.115083599095215,32,3e0a5bf6-69c8-4f0f-a06c-7fbb984d8665,None,None,1,354,4,[],None,None
EXPLOIT_VULN,3834.204510521548,3836.343059037657,2.13854851610904,32,3e0a5bf6-69c8-4f0f-a06c-7fbb984d8665,None,None,1,355,4,[],None,None
EXPLOIT_VULN,3836.343059037657,3850.4067866069186,14.063727569261573,32,3e0a5bf6-69c8-4f0f-a06c-7fbb984d8665,None,None,1,356,4,[],None,None
EXPLOIT_VULN,3850.4067866069186,3855.9463555470397,5.539568940121171,32,3e0a5bf6-69c8-4f0f-a06c-7fbb984d8665,None,None,1,357,4,[],None,None
EXPLOIT_VULN,3855.9463555470397,3859.2128307691114,3.2664752220716764,32,3e0a5bf6-69c8-4f0f-a06c-7fbb984d8665,None,None,1,358,4,[],None,None
EXPLOIT_VULN,3859.2128307691114,3869.062283512674,9.849452743562779,32,3e0a5bf6-69c8-4f0f-a06c-7fbb984d8665,None,None,1,359,4,[],None,None
EXPLOIT_VULN,3869.062283512674,3875.396182974406,6.333899461732017,32,3e0a5bf6-69c8-4f0f-a06c-7fbb984d8665,None,None,1,360,4,[],None,None
EXPLOIT_VULN,3875.396182974406,3893.9178530279733,18.52167005356705,32,3e0a5bf6-69c8-4f0f-a06c-7fbb984d8665,None,None,1,361,4,[],None,None
EXPLOIT_VULN,3893.9178530279733,3897.5751450472553,3.6572920192820675,32,3e0a5bf6-69c8-4f0f-a06c-7fbb984d8665,None,None,1,362,4,[],None,None
EXPLOIT_VULN,3897.5751450472553,3909.421741431594,11.846596384338682,32,3e0a5bf6-69c8-4f0f-a06c-7fbb984d8665,None,None,1,363,4,[],network,IPShuffle
SCAN_HOST,3929.4375559561418,3934.4375559561418,5.0,-1,-1,None,None,0,363,4,[],None,None
ENUM_HOST,3934.4375559561418,3939.4375559561418,5.0,-1,-1,None,None,0,363,4,[],None,None
SCAN_PORT,3939.4375559561418,3964.4375559561418,25.0,32,3e0a5bf6-69c8-4f0f-a06c-7fbb984d8665,None,None,2,363,4,[],None,None
EXPLOIT_VULN,3964.4375559561418,3965.472541681426,1.0349857252840593,32,3e0a5bf6-69c8-4f0f-a06c-7fbb984d8665,None,None,2,363,4,[],None,None
EXPLOIT_VULN,3965.472541681426,3967.4207416817267,1.948200000300858,32,3e0a5bf6-69c8-4f0f-a06c-7fbb984d8665,None,None,2,364,4,[],None,None
EXPLOIT_VULN,3967.4207416817267,3970.924597049817,3.5038553680901714,32,3e0a5bf6-69c8-4f0f-a06c-7fbb984d8665,None,None,2,365,4,[],None,None
EXPLOIT_VULN,3970.924597049817,3975.805123763709,4.880526713892323,32,3e0a5bf6-69c8-4f0f-a06c-7fbb984d8665,None,None,2,366,4,[],None,None
EXPLOIT_VULN,3975.805123763709,3979.881853076775,4.076729313065698,32,3e0a5bf6-69c8-4f0f-a06c-7fbb984d8665,None,None,2,367,4,[],None,None
EXPLOIT_VULN,3979.881853076775,3983.653981180545,3.7721281037702283,32,3e0a5bf6-69c8-4f0f-a06c-7fbb984d8665,None,None,2,368,4,[],None,None
EXPLOIT_VULN,3983.653981180545,3996.952574842194,13.298593661648738,32,3e0a5bf6-69c8-4f0f-a06c-7fbb984d8665,None,None,2,369,4,[],None,None
EXPLOIT_VULN,3996.952574842194,4000.1482818678346,3.195707025640786,32,3e0a5bf6-69c8-4f0f-a06c-7fbb984d8665,None,None,2,370,4,[],None,None
EXPLOIT_VULN,4000.1482818678346,4014.665148295335,14.51686642750019,32,3e0a5bf6-69c8-4f0f-a06c-7fbb984d8665,None,None,2,371,4,[],None,None
EXPLOIT_VULN,4014.665148295335,4019.395355570569,4.730207275234079,32,3e0a5bf6-69c8-4f0f-a06c-7fbb984d8665,None,None,2,372,4,[],None,None
EXPLOIT_VULN,4019.395355570569,4024.4690562860787,5.073700715509858,32,3e0a5bf6-69c8-4f0f-a06c-7fbb984d8665,None,None,2,373,4,[],None,None
EXPLOIT_VULN,4024.4690562860787,4040.226741512633,15.757685226554258,32,3e0a5bf6-69c8-4f0f-a06c-7fbb984d8665,None,None,2,374,4,[],None,None
EXPLOIT_VULN,4040.226741512633,4053.196755204334,12.970013691700842,32,3e0a5bf6-69c8-4f0f-a06c-7fbb984d8665,None,None,2,375,4,[],None,None
EXPLOIT_VULN,4053.196755204334,4056.480731498604,3.28397629427036,32,3e0a5bf6-69c8-4f0f-a06c-7fbb984d8665,None,None,2,376,4,[],None,None
EXPLOIT_VULN,4056.480731498604,4064.407731398965,7.926999900360897,32,3e0a5bf6-69c8-4f0f-a06c-7fbb984d8665,None,None,2,377,4,[],None,None
EXPLOIT_VULN,4064.407731398965,4083.230917561562,18.823186162596812,32,3e0a5bf6-69c8-4f0f-a06c-7fbb984d8665,None,None,2,378,4,[],None,None
EXPLOIT_VULN,4083.230917561562,4088.2695395655805,5.0386220040186345,32,3e0a5bf6-69c8-4f0f-a06c-7fbb984d8665,None,None,2,379,4,[],None,None
EXPLOIT_VULN,4088.2695395655805,4093.8064605583404,5.53692099275986,32,3e0a5bf6-69c8-4f0f-a06c-7fbb984d8665,None,None,2,380,4,[],None,None
EXPLOIT_VULN,4093.8064605583404,4101.253492947644,7.447032389303786,32,3e0a5bf6-69c8-4f0f-a06c-7fbb984d8665,None,None,2,381,4,[],None,None
EXPLOIT_VULN,4101.253492947644,4109.317388286603,8.0638953389589,32,3e0a5bf6-69c8-4f0f-a06c-7fbb984d8665,None,None,2,382,4,[],None,None
EXPLOIT_VULN,4109.317388286603,4111.562132549491,2.2447442628881618,32,3e0a5bf6-69c8-4f0f-a06c-7fbb984d8665,None,None,2,383,4,[],network,IPShuffle
SCAN_HOST,4131.900370556196,4136.900370556196,5.0,-1,-1,None,None,0,383,4,[],None,None
ENUM_HOST,4136.900370556196,4141.900370556196,5.0,-1,-1,None,None,0,383,4,[],None,None
SCAN_PORT,4141.900370556196,4166.900370556196,25.0,32,3e0a5bf6-69c8-4f0f-a06c-7fbb984d8665,None,None,3,383,4,[],None,None
EXPLOIT_VULN,4166.900370556196,4170.603074096233,3.702703540036964,32,3e0a5bf6-69c8-4f0f-a06c-7fbb984d8665,None,None,3,383,4,[],None,None
EXPLOIT_VULN,4170.603074096233,4184.819197217951,14.216123121717828,32,3e0a5bf6-69c8-4f0f-a06c-7fbb984d8665,None,None,3,384,4,[],None,None
EXPLOIT_VULN,4184.819197217951,4189.21402651628,4.394829298328659,32,3e0a5bf6-69c8-4f0f-a06c-7fbb984d8665,None,None,3,385,4,[],None,None
EXPLOIT_VULN,4189.21402651628,4195.016033883842,5.80200736756251,32,3e0a5bf6-69c8-4f0f-a06c-7fbb984d8665,None,None,3,386,4,[],None,None
EXPLOIT_VULN,4195.016033883842,4210.9429798523115,15.926945968469227,32,3e0a5bf6-69c8-4f0f-a06c-7fbb984d8665,None,None,3,387,4,[],None,None
EXPLOIT_VULN,4210.9429798523115,4218.377530237804,7.434550385492912,32,3e0a5bf6-69c8-4f0f-a06c-7fbb984d8665,None,None,3,388,4,[],None,None
EXPLOIT_VULN,4218.377530237804,4237.121483468809,18.743953231004525,32,3e0a5bf6-69c8-4f0f-a06c-7fbb984d8665,None,None,3,389,4,[],None,None
EXPLOIT_VULN,4237.121483468809,4242.424620315131,5.3031368463216495,32,3e0a5bf6-69c8-4f0f-a06c-7fbb984d8665,None,None,3,390,4,[],None,None
EXPLOIT_VULN,4242.424620315131,4249.751334348708,7.326714033577446,32,3e0a5bf6-69c8-4f0f-a06c-7fbb984d8665,None,None,3,391,4,[],None,None
EXPLOIT_VULN,4249.751334348708,4261.3812801758395,11.62994582713145,32,3e0a5bf6-69c8-4f0f-a06c-7fbb984d8665,None,None,3,392,4,[],None,None
EXPLOIT_VULN,4261.3812801758395,4269.143892623972,7.762612448132131,32,3e0a5bf6-69c8-4f0f-a06c-7fbb984d8665,None,None,3,393,4,[],None,None
EXPLOIT_VULN,4269.143892623972,4274.172558350463,5.028665726491454,32,3e0a5bf6-69c8-4f0f-a06c-7fbb984d8665,None,None,3,394,4,[],None,None
EXPLOIT_VULN,4274.172558350463,4282.686364697788,8.513806347325044,32,3e0a5bf6-69c8-4f0f-a06c-7fbb984d8665,None,None,3,395,4,[],None,None
EXPLOIT_VULN,4282.686364697788,4300.10562100613,17.419256308341573,32,3e0a5bf6-69c8-4f0f-a06c-7fbb984d8665,None,None,3,396,4,[],None,None
EXPLOIT_VULN,4300.10562100613,4308.620797530283,8.515176524153503,32,3e0a5bf6-69c8-4f0f-a06c-7fbb984d8665,None,None,3,397,4,[],None,None
EXPLOIT_VULN,4308.620797530283,4313.756909683094,5.1361121528107105,32,3e0a5bf6-69c8-4f0f-a06c-7fbb984d8665,None,None,3,398,4,[],None,None
EXPLOIT_VULN,4313.756909683094,4321.331319137788,7.5744094546944325,32,3e0a5bf6-69c8-4f0f-a06c-7fbb984d8665,None,None,3,399,4,[],None,None
EXPLOIT_VULN,4321.331319137788,4321.81550540975,0.48418627196133457,32,3e0a5bf6-69c8-4f0f-a06c-7fbb984d8665,None,None,3,400,4,[],network,CompleteTopologyShuffle
SCAN_HOST,4342.614788147974,4347.614788147974,5.0,-1,-1,None,None,0,400,4,[],None,None
ENUM_HOST,4347.614788147974,4352.614788147974,5.0,-1,-1,None,None,0,400,4,[],None,None
SCAN_PORT,4352.614788147974,4377.614788147974,25.0,29,d8c4a94e-1e28-4544-869a-bef69090b184,None,None,1,400,4,[],None,None
EXPLOIT_VULN,4377.614788147974,4378.408457192191,0.793669044217495,29,d8c4a94e-1e28-4544-869a-bef69090b184,None,None,1,400,4,[],None,None
EXPLOIT_VULN,4378.408457192191,4390.298647525884,11.890190333692772,29,d8c4a94e-1e28-4544-869a-bef69090b184,None,None,1,401,4,[],None,None
EXPLOIT_VULN,4390.298647525884,4401.40145428771,11.102806761826287,29,d8c4a94e-1e28-4544-869a-bef69090b184,None,None,1,402,4,[],None,None
EXPLOIT_VULN,4401.40145428771,4415.574642507438,14.173188219727308,29,d8c4a94e-1e28-4544-869a-bef69090b184,None,None,1,403,4,[],None,None
EXPLOIT_VULN,4415.574642507438,4422.1242000306365,6.549557523198928,29,d8c4a94e-1e28-4544-869a-bef69090b184,None,None,1,404,4,[],None,None
EXPLOIT_VULN,4422.1242000306365,4437.282867776151,15.158667745514322,29,d8c4a94e-1e28-4544-869a-bef69090b184,None,None,1,405,4,[],None,None
EXPLOIT_VULN,4437.282867776151,4452.783790255086,15.500922478935536,29,d8c4a94e-1e28-4544-869a-bef69090b184,None,None,1,406,4,[],None,None
EXPLOIT_VULN,4452.783790255086,4471.619367459698,18.83557720461158,29,d8c4a94e-1e28-4544-869a-bef69090b184,None,None,1,407,4,[],None,None
EXPLOIT_VULN,4471.619367459698,4480.331031906152,8.711664446454051,29,d8c4a94e-1e28-4544-869a-bef69090b184,None,None,1,408,4,[],None,None
EXPLOIT_VULN,4480.331031906152,4489.2017214276475,8.870689521495478,29,d8c4a94e-1e28-4544-869a-bef69090b184,None,None,1,409,4,[],None,None
EXPLOIT_VULN,4489.2017214276475,4502.006500190295,12.804778762647402,29,d8c4a94e-1e28-4544-869a-bef69090b184,None,None,1,410,4,[],None,None
EXPLOIT_VULN,4502.006500190295,4511.055901649226,9.049401458931243,29,d8c4a94e-1e28-4544-869a-bef69090b184,None,None,1,411,4,[],None,None
EXPLOIT_VULN,4511.055901649226,4517.499148530397,6.443246881171035,29,d8c4a94e-1e28-4544-869a-bef69090b184,None,None,1,412,4,[],None,None
BRUTE_FORCE,4517.499148530397,4521.979961687093,4.480813156696058,29,d8c4a94e-1e28-4544-869a-bef69090b184,None,None,1,413,4,[],network,CompleteTopologyShuffle
SCAN_HOST,4542.2090264283215,4547.2090264283215,5.0,-1,-1,None,None,0,413,4,[],None,None
ENUM_HOST,4547.2090264283215,4552.2090264283215,5.0,-1,-1,None,None,0,413,4,[],None,None
SCAN_PORT,4552.2090264283215,4577.2090264283215,25.0,16,405a81d8-a06b-40bb-a0c6-b4c2e4df6657,None,None,1,413,4,[],None,None
EXPLOIT_VULN,4577.2090264283215,4579.072034093502,1.863007665180703,16,405a81d8-a06b-40bb-a0c6-b4c2e4df6657,None,None,1,413,4,[],None,None
EXPLOIT_VULN,4579.072034093502,4580.912813517316,1.8407794238137285,16,405a81d8-a06b-40bb-a0c6-b4c2e4df6657,None,None,1,414,4,[],None,None
EXPLOIT_VULN,4580.912813517316,4582.025803920797,1.11299040348149,16,405a81d8-a06b-40bb-a0c6-b4c2e4df6657,None,None,1,415,4,[],None,None
EXPLOIT_VULN,4582.025803920797,4587.141607444191,5.115803523393879,16,405a81d8-a06b-40bb-a0c6-b4c2e4df6657,None,None,1,416,4,[],None,None
EXPLOIT_VULN,4587.141607444191,4588.178453843723,1.0368463995318962,16,405a81d8-a06b-40bb-a0c6-b4c2e4df6657,None,None,1,417,4,[],None,None
EXPLOIT_VULN,4588.178453843723,4591.141136636975,2.962682793251588,16,405a81d8-a06b-40bb-a0c6-b4c2e4df6657,None,None,1,418,4,[],None,None
EXPLOIT_VULN,4591.141136636975,4592.7310702507775,1.5899336138027138,16,405a81d8-a06b-40bb-a0c6-b4c2e4df6657,None,None,1,419,4,[],None,None
EXPLOIT_VULN,4592.7310702507775,4595.4945718700965,2.7635016193189585,16,405a81d8-a06b-40bb-a0c6-b4c2e4df6657,None,None,1,420,4,[],None,None
EXPLOIT_VULN,4595.4945718700965,4600.155769076847,4.66119720675033,16,405a81d8-a06b-40bb-a0c6-b4c2e4df6657,None,None,1,421,4,[],None,None
EXPLOIT_VULN,4600.155769076847,4604.741118705197,4.585349628349832,16,405a81d8-a06b-40bb-a0c6-b4c2e4df6657,None,None,1,422,4,[],None,None
EXPLOIT_VULN,4604.741118705197,4605.760987995226,1.019869290029419,16,405a81d8-a06b-40bb-a0c6-b4c2e4df6657,None,None,1,423,4,[],None,None
EXPLOIT_VULN,4605.760987995226,4609.126308982741,3.3653209875146786,16,405a81d8-a06b-40bb-a0c6-b4c2e4df6657,None,None,1,424,4,[],None,None
EXPLOIT_VULN,4609.126308982741,4609.379531645043,0.25322266230250534,16,405a81d8-a06b-40bb-a0c6-b4c2e4df6657,None,None,1,425,4,[],None,None
EXPLOIT_VULN,4609.379531645043,4614.460028437719,5.080496792676058,16,405a81d8-a06b-40bb-a0c6-b4c2e4df6657,None,None,1,426,4,[],None,None
EXPLOIT_VULN,4614.460028437719,4619.0889311926185,4.628902754899173,16,405a81d8-a06b-40bb-a0c6-b4c2e4df6657,None,None,1,427,4,[],None,None
EXPLOIT_VULN,4619.0889311926185,4622.932055751737,3.8431245591182233,16,405a81d8-a06b-40bb-a0c6-b4c2e4df6657,None,None,1,428,4,[],None,None
EXPLOIT_VULN,4622.932055751737,4627.526099204468,4.594043452731057,16,405a81d8-a06b-40bb-a0c6-b4c2e4df6657,None,None,1,429,4,[],None,None
EXPLOIT_VULN,4627.526099204468,4632.263483848508,4.737384644040503,16,405a81d8-a06b-40bb-a0c6-b4c2e4df6657,None,None,1,430,4,[],None,None
EXPLOIT_VULN,4632.263483848508,4645.559693016562,13.296209168053792,16,405a81d8-a06b-40bb-a0c6-b4c2e4df6657,None,None,1,431,4,[],None,None
EXPLOIT_VULN,4645.559693016562,4656.18485880733,10.625165790767824,16,405a81d8-a06b-40bb-a0c6-b4c2e4df6657,None,None,1,432,4,[],None,None
EXPLOIT_VULN,4656.18485880733,4666.57071001783,10.385851210499823,16,405a81d8-a06b-40bb-a0c6-b4c2e4df6657,None,None,1,433,4,[],None,None
EXPLOIT_VULN,4666.57071001783,4676.610901005715,10.04019098788558,16,405a81d8-a06b-40bb-a0c6-b4c2e4df6657,None,None,1,434,4,[],None,None
EXPLOIT_VULN,4676.610901005715,4682.121923354477,5.511022348761799,16,405a81d8-a06b-40bb-a0c6-b4c2e4df6657,None,None,1,435,4,[],None,None
EXPLOIT_VULN,4682.121923354477,4687.572987325378,5.451063970900577,16,405a81d8-a06b-40bb-a0c6-b4c2e4df6657,None,None,1,436,4,[],None,None
EXPLOIT_VULN,4687.572987325378,4693.500498736988,5.927511411610794,16,405a81d8-a06b-40bb-a0c6-b4c2e4df6657,None,None,1,437,4,[],None,None
EXPLOIT_VULN,4693.500498736988,4699.543988298558,6.043489561569913,16,405a81d8-a06b-40bb-a0c6-b4c2e4df6657,None,None,1,438,4,[],None,None
EXPLOIT_VULN,4699.543988298558,4707.237557861314,7.693569562755329,16,405a81d8-a06b-40bb-a0c6-b4c2e4df6657,None,None,1,439,4,[],None,None
EXPLOIT_VULN,4707.237557861314,4721.869086720158,14.631528858843922,16,405a81d8-a06b-40bb-a0c6-b4c2e4df6657,None,None,1,440,4,[],network,CompleteTopologyShuffle
SCAN_HOST,4741.917887974652,4746.917887974652,5.0,-1,-1,None,None,0,440,4,[],None,None
ENUM_HOST,4746.917887974652,4751.917887974652,5.0,-1,-1,None,None,0,440,4,[],None,None
SCAN_PORT,4751.917887974652,4776.917887974652,25.0,17,e77d0c0c-92f1-4a6e-9bba-78ff3381311d,None,None,1,440,4,[],None,None
EXPLOIT_VULN,4776.917887974652,4778.1280284111945,1.210140436542133,17,e77d0c0c-92f1-4a6e-9bba-78ff3381311d,None,None,1,440,4,[],None,None
EXPLOIT_VULN,4778.1280284111945,4781.1762267595395,3.0481983483450676,17,e77d0c0c-92f1-4a6e-9bba-78ff3381311d,None,None,1,441,4,[],None,None
EXPLOIT_VULN,4781.1762267595395,4782.481078144835,1.3048513852954784,17,e77d0c0c-92f1-4a6e-9bba-78ff3381311d,None,None,1,442,4,[],None,None
EXPLOIT_VULN,4782.481078144835,4784.045555630649,1.564477485813768,17,e77d0c0c-92f1-4a6e-9bba-78ff3381311d,None,None,1,443,4,[],None,None
EXPLOIT_VULN,4784.045555630649,4787.0824860188895,3.036930388240762,17,e77d0c0c-92f1-4a6e-9bba-78ff3381311d,None,None,1,444,4,[],None,None
EXPLOIT_VULN,4787.0824860188895,4790.711622175124,3.629136156234381,17,e77d0c0c-92f1-4a6e-9bba-78ff3381311d,None,None,1,445,4,[],None,None
EXPLOIT_VULN,4790.711622175124,4800.872450748885,10.160828573761137,17,e77d0c0c-92f1-4a6e-9bba-78ff3381311d,None,None,1,446,4,[],None,None
EXPLOIT_VULN,4800.872450748885,4805.688598545948,4.816147797062513,17,e77d0c0c-92f1-4a6e-9bba-78ff3381311d,None,None,1,447,4,[],None,None
EXPLOIT_VULN,4805.688598545948,4811.280216349975,5.59161780402701,17,e77d0c0c-92f1-4a6e-9bba-78ff3381311d,None,None,1,448,4,[],None,None
EXPLOIT_VULN,4811.280216349975,4814.371344698395,3.0911283484201704,17,e77d0c0c-92f1-4a6e-9bba-78ff3381311d,None,None,1,449,4,[],None,None
EXPLOIT_VULN,4814.371344698395,4824.598323999411,10.2269793010164,17,e77d0c0c-92f1-4a6e-9bba-78ff3381311d,None,None,1,450,4,[],None,None
EXPLOIT_VULN,4824.598323999411,4832.354620286236,7.756296286825091,17,e77d0c0c-92f1-4a6e-9bba-78ff3381311d,None,None,1,451,4,[],None,None
EXPLOIT_VULN,4832.354620286236,4835.7718124985,3.4171922122641263,17,e77d0c0c-92f1-4a6e-9bba-78ff3381311d,None,None,1,452,4,[],None,None
EXPLOIT_VULN,4835.7718124985,4842.275910428496,6.504097929995623,17,e77d0c0c-92f1-4a6e-9bba-78ff3381311d,None,None,1,453,4,[],None,None
EXPLOIT_VULN,4842.275910428496,4844.47097801601,2.1950675875141314,17,e77d0c0c-92f1-4a6e-9bba-78ff3381311d,None,None,1,454,4,[],None,None
EXPLOIT_VULN,4844.47097801601,4863.179029882417,18.708051866407004,17,e77d0c0c-92f1-4a6e-9bba-78ff3381311d,None,None,1,455,4,[],None,None
EXPLOIT_VULN,4863.179029882417,4882.070753828151,18.891723945734157,17,e77d0c0c-92f1-4a6e-9bba-78ff3381311d,None,None,1,456,4,[],None,None
EXPLOIT_VULN,4882.070753828151,4889.4597654589215,7.389011630770256,17,e77d0c0c-92f1-4a6e-9bba-78ff3381311d,None,None,1,457,4,[],None,None
EXPLOIT_VULN,4889.4597654589215,4906.000180060741,16.540414601819066,17,e77d0c0c-92f1-4a6e-9bba-78ff3381311d,None,None,1,458,4,[],None,None
BRUTE_FORCE,4906.000180060741,4913.183459008448,7.183278947707549,17,e77d0c0c-92f1-4a6e-9bba-78ff3381311d,None,None,1,459,4,[],network,IPShuffle
SCAN_HOST,4933.263222200561,4938.263222200561,5.0,-1,-1,None,None,0,459,4,[],None,None
ENUM_HOST,4938.263222200561,4943.263222200561,5.0,-1,-1,None,None,0,459,4,[],None,None
SCAN_PORT,4943.263222200561,4968.263222200561,25.0,17,e77d0c0c-92f1-4a6e-9bba-78ff3381311d,None,None,2,459,4,[],None,None
EXPLOIT_VULN,4968.263222200561,4968.953650073899,0.6904278733372848,17,e77d0c0c-92f1-4a6e-9bba-78ff3381311d,None,None,2,459,4,[],None,None
EXPLOIT_VULN,4968.953650073899,4970.382888402298,1.4292383283991512,17,e77d0c0c-92f1-4a6e-9bba-78ff3381311d,None,None,2,460,4,[],None,None
EXPLOIT_VULN,4970.382888402298,4972.972128609734,2.589240207435978,17,e77d0c0c-92f1-4a6e-9bba-78ff3381311d,None,None,2,461,4,[],None,None
EXPLOIT_VULN,4972.972128609734,4975.674425103801,2.7022964940670136,17,e77d0c0c-92f1-4a6e-9bba-78ff3381311d,None,None,2,462,4,[],None,None
EXPLOIT_VULN,4975.674425103801,4978.946886017431,3.2724609136303116,17,e77d0c0c-92f1-4a6e-9bba-78ff3381311d,None,None,2,463,4,[],None,None
EXPLOIT_VULN,4978.946886017431,4980.467549265278,1.5206632478466418,17,e77d0c0c-92f1-4a6e-9bba-78ff3381311d,None,None,2,464,4,[],None,None
EXPLOIT_VULN,4980.467549265278,4988.121285538381,7.653736273103277,17,e77d0c0c-92f1-4a6e-9bba-78ff3381311d,None,None,2,465,4,[],None,None
EXPLOIT_VULN,4988.121285538381,4998.167457647107,10.046172108725841,17,e77d0c0c-92f1-4a6e-9bba-78ff3381311d,None,None,2,466,4,[],None,None
EXPLOIT_VULN,4998.167457647107,5011.407824128799,13.240366481692035,17,e77d0c0c-92f1-4a6e-9bba-78ff3381311d,None,None,2,467,4,[],None,None
EXPLOIT_VULN,5011.407824128799,5016.802914859645,5.395090730846277,17,e77d0c0c-92f1-4a6e-9bba-78ff3381311d,None,None,2,468,4,[],None,None
EXPLOIT_VULN,5016.802914859645,5021.947703719682,5.144788860036897,17,e77d0c0c-92f1-4a6e-9bba-78ff3381311d,None,None,2,469,4,[],None,None
EXPLOIT_VULN,5021.947703719682,5026.97481928419,5.027115564507767,17,e77d0c0c-92f1-4a6e-9bba-78ff3381311d,None,None,2,470,4,[],None,None
EXPLOIT_VULN,5026.97481928419,5033.546240348124,6.571421063934395,17,e77d0c0c-92f1-4a6e-9bba-78ff3381311d,None,None,2,471,4,[],None,None
EXPLOIT_VULN,5033.546240348124,5038.815748208382,5.269507860257363,17,e77d0c0c-92f1-4a6e-9bba-78ff3381311d,None,None,2,472,4,[],None,None
EXPLOIT_VULN,5038.815748208382,5055.084586143346,16.268837934964722,17,e77d0c0c-92f1-4a6e-9bba-78ff3381311d,None,None,2,473,4,[],None,None
EXPLOIT_VULN,5055.084586143346,5062.989434026365,7.904847883019102,17,e77d0c0c-92f1-4a6e-9bba-78ff3381311d,None,None,2,474,4,[],None,None
EXPLOIT_VULN,5062.989434026365,5069.734384083018,6.7449500566526694,17,e77d0c0c-92f1-4a6e-9bba-78ff3381311d,None,None,2,475,4,[],None,None
EXPLOIT_VULN,5069.734384083018,5077.106193064119,7.371808981100912,17,e77d0c0c-92f1-4a6e-9bba-78ff3381311d,None,None,2,476,4,[],None,None
EXPLOIT_VULN,5077.106193064119,5083.239142074477,6.132949010358061,17,e77d0c0c-92f1-4a6e-9bba-78ff3381311d,None,None,2,477,4,[],application,ServiceDiversity
SCAN_PORT,5103.252415052084,5128.252415052084,25.0,17,e77d0c0c-92f1-4a6e-9bba-78ff3381311d,None,None,2,477,4,[],None,None
EXPLOIT_VULN,5128.252415052084,5128.473133295707,0.22071824362319603,17,e77d0c0c-92f1-4a6e-9bba-78ff3381311d,None,None,2,477,4,[],None,None
EXPLOIT_VULN,5128.473133295707,5130.55128967528,2.078156379572647,17,e77d0c0c-92f1-4a6e-9bba-78ff3381311d,None,None,2,478,4,[],None,None
EXPLOIT_VULN,5130.55128967528,5133.519126630422,2.9678369551420474,17,e77d0c0c-92f1-4a6e-9bba-78ff3381311d,None,None,2,479,4,[],None,None
EXPLOIT_VULN,5133.519126630422,5136.215843903161,2.696717272739079,17,e77d0c0c-92f1-4a6e-9bba-78ff3381311d,None,None,2,480,4,[],None,None
EXPLOIT_VULN,5136.215843903161,5138.8942560727255,2.678412169564581,17,e77d0c0c-92f1-4a6e-9bba-78ff3381311d,None,None,2,481,4,[],None,None
EXPLOIT_VULN,5138.8942560727255,5141.962521781329,3.068265708603576,17,e77d0c0c-92f1-4a6e-9bba-78ff3381311d,None,None,2,482,4,[],None,None
EXPLOIT_VULN,5141.962521781329,5146.342797740101,4.380275958771563,17,e77d0c0c-92f1-4a6e-9bba-78ff3381311d,None,None,2,483,4,[],None,None
EXPLOIT_VULN,5146.342797740101,5150.400738272292,4.057940532191424,17,e77d0c0c-92f1-4a6e-9bba-78ff3381311d,None,None,2,484,4,[],None,None
EXPLOIT_VULN,5150.400738272292,5154.778446956855,4.377708684563004,17,e77d0c0c-92f1-4a6e-9bba-78ff3381311d,None,None,2,485,4,[],None,None
EXPLOIT_VULN,5154.778446956855,5160.784077352419,6.005630395564367,17,e77d0c0c-92f1-4a6e-9bba-78ff3381311d,None,None,2,486,4,[],None,None
EXPLOIT_VULN,5160.784077352419,5164.833923053473,4.049845701053528,17,e77d0c0c-92f1-4a6e-9bba-78ff3381311d,None,None,2,487,4,[],None,None
EXPLOIT_VULN,5164.833923053473,5170.311344204003,5.477421150530063,17,e77d0c0c-92f1-4a6e-9bba-78ff3381311d,None,None,2,488,4,[],None,None
EXPLOIT_VULN,5170.311344204003,5181.103169149787,10.791824945784356,17,e77d0c0c-92f1-4a6e-9bba-78ff3381311d,None,None,2,489,4,[],None,None
EXPLOIT_VULN,5181.103169149787,5188.563858879459,7.460689729671685,17,e77d0c0c-92f1-4a6e-9bba-78ff3381311d,None,None,2,490,4,[],None,None
EXPLOIT_VULN,5188.563858879459,5192.920611400429,4.356752520970076,17,e77d0c0c-92f1-4a6e-9bba-78ff3381311d,None,None,2,491,4,[],None,None
EXPLOIT_VULN,5192.920611400429,5197.938861643397,5.018250242967952,17,e77d0c0c-92f1-4a6e-9bba-78ff3381311d,None,None,2,492,4,[],None,None
EXPLOIT_VULN,5197.938861643397,5200.5719545873535,2.633092943956399,17,e77d0c0c-92f1-4a6e-9bba-78ff3381311d,None,None,2,493,4,[],None,None
EXPLOIT_VULN,5200.5719545873535,5219.962956241689,19.391001654335923,17,e77d0c0c-92f1-4a6e-9bba-78ff3381311d,None,None,2,494,4,[],None,None
EXPLOIT_VULN,5219.962956241689,5242.803209221295,22.840252979605793,17,e77d0c0c-92f1-4a6e-9bba-78ff3381311d,None,None,2,495,4,[],None,None
EXPLOIT_VULN,5242.803209221295,5246.410772246705,3.607563025409945,17,e77d0c0c-92f1-4a6e-9bba-78ff3381311d,None,None,2,496,4,[],None,None
BRUTE_FORCE,5246.410772246705,5266.410772246705,20.0,17,e77d0c0c-92f1-4a6e-9bba-78ff3381311d,None,None,2,497,4,[],None,None
ENUM_HOST,5266.410772246705,5271.410772246705,5.0,17,e77d0c0c-92f1-4a6e-9bba-78ff3381311d,None,None,2,497,4,[],None,None
SCAN_PORT,5271.410772246705,5296.410772246705,25.0,40,f9c09d6c-d5b5-413e-be2a-6c08f720a35d,None,None,1,497,4,[],None,None
EXPLOIT_VULN,5296.410772246705,5298.755282528165,2.3445102814594065,40,f9c09d6c-d5b5-413e-be2a-6c08f720a35d,None,None,1,497,4,[],None,None
EXPLOIT_VULN,5298.755282528165,5318.28441882542,19.529136297255718,40,f9c09d6c-d5b5-413e-be2a-6c08f720a35d,None,None,1,498,4,[],None,None
EXPLOIT_VULN,5318.28441882542,5323.628366955653,5.343948130233002,40,f9c09d6c-d5b5-413e-be2a-6c08f720a35d,None,None,1,499,4,[],network,CompleteTopologyShuffle
SCAN_HOST,5343.9246158173455,5348.9246158173455,5.0,-1,-1,None,None,0,499,4,[],None,None
ENUM_HOST,5348.9246158173455,5353.9246158173455,5.0,-1,-1,None,None,0,499,4,[],None,None
SCAN_PORT,5353.9246158173455,5378.9246158173455,25.0,34,47053269-dac7-4b00-a172-a7fec8f95b50,None,None,2,499,4,[],None,None
EXPLOIT_VULN,5378.9246158173455,5380.788943078078,1.8643272607323524,34,47053269-dac7-4b00-a172-a7fec8f95b50,None,None,2,499,4,[],None,None
EXPLOIT_VULN,5380.788943078078,5382.220813002893,1.431869924815146,34,47053269-dac7-4b00-a172-a7fec8f95b50,None,None,2,500,4,[],None,None
EXPLOIT_VULN,5382.220813002893,5384.983836630992,2.7630236280992904,34,47053269-dac7-4b00-a172-a7fec8f95b50,None,None,2,501,4,[],None,None
EXPLOIT_VULN,5384.983836630992,5386.983657188673,1.999820557680323,34,47053269-dac7-4b00-a172-a7fec8f95b50,None,None,2,502,4,[],None,None
EXPLOIT_VULN,5386.983657188673,5391.755400882149,4.77174369347631,34,47053269-dac7-4b00-a172-a7fec8f95b50,None,None,2,503,4,[],None,None
EXPLOIT_VULN,5391.755400882149,5395.584379577415,3.8289786952664144,34,47053269-dac7-4b00-a172-a7fec8f95b50,None,None,2,504,4,[],None,None
EXPLOIT_VULN,5395.584379577415,5400.163160822091,4.578781244676065,34,47053269-dac7-4b00-a172-a7fec8f95b50,None,None,2,505,4,[],None,None
EXPLOIT_VULN,5400.163160822091,5405.914908699272,5.751747877180605,34,47053269-dac7-4b00-a172-a7fec8f95b50,None,None,2,506,4,[],None,None
EXPLOIT_VULN,5405.914908699272,5411.33283126918,5.417922569908114,34,47053269-dac7-4b00-a172-a7fec8f95b50,None,None,2,507,4,[],None,None
EXPLOIT_VULN,5411.33283126918,5417.197378195278,5.864546926098228,34,47053269-dac7-4b00-a172-a7fec8f95b50,None,None,2,508,4,[],None,None
EXPLOIT_VULN,5417.197378195278,5420.692431659063,3.495053463784643,34,47053269-dac7-4b00-a172-a7fec8f95b50,None,None,2,509,4,[],None,None
EXPLOIT_VULN,5420.692431659063,5441.357120248862,20.66468858979897,34,47053269-dac7-4b00-a172-a7fec8f95b50,None,None,2,510,4,[],None,None
EXPLOIT_VULN,5441.357120248862,5460.475453292223,19.118333043361417,34,47053269-dac7-4b00-a172-a7fec8f95b50,None,None,2,511,4,[],None,None
EXPLOIT_VULN,5460.475453292223,5469.804523664734,9.329070372510614,34,47053269-dac7-4b00-a172-a7fec8f95b50,None,None,2,512,4,[],None,None
EXPLOIT_VULN,5469.804523664734,5477.5706900159175,7.766166351183529,34,47053269-dac7-4b00-a172-a7fec8f95b50,None,None,2,513,4,[],None,None
EXPLOIT_VULN,5477.5706900159175,5482.738644110754,5.167954094836205,34,47053269-dac7-4b00-a172-a7fec8f95b50,None,None,2,514,4,[],None,None
EXPLOIT_VULN,5482.738644110754,5491.744721384094,9.006077273340452,34,47053269-dac7-4b00-a172-a7fec8f95b50,None,None,2,515,4,[],None,None
EXPLOIT_VULN,5491.744721384094,5500.3807762636625,8.636054879568292,34,47053269-dac7-4b00-a172-a7fec8f95b50,None,None,2,516,4,[],None,None
EXPLOIT_VULN,5500.3807762636625,5514.238884054822,13.858107791159455,34,47053269-dac7-4b00-a172-a7fec8f95b50,None,None,2,517,4,[],network,IPShuffle
SCAN_HOST,5534.404193593626,5539.404193593626,5.0,-1,-1,None,None,0,517,4,[],None,None
ENUM_HOST,5539.404193593626,5544.404193593626,5.0,-1,-1,None,None,0,517,4,[],None,None
SCAN_PORT,5544.404193593626,5569.404193593626,25.0,35,1383c873-6859-4322-a298-cb7743723353,None,None,1,517,4,[],None,None
EXPLOIT_VULN,5569.404193593626,5571.6221710658365,2.217977472210805,35,1383c873-6859-4322-a298-cb7743723353,None,None,1,517,4,[],None,None
EXPLOIT_VULN,5571.6221710658365,5582.4424294754535,10.820258409617054,35,1383c873-6859-4322-a298-cb7743723353,None,None,1,518,4,[],None,None
EXPLOIT_VULN,5582.4424294754535,5585.986336629735,3.5439071542814418,35,1383c873-6859-4322-a298-cb7743723353,None,None,1,519,4,[],None,None
EXPLOIT_VULN,5585.986336629735,5591.483075369092,5.49673873935717,35,1383c873-6859-4322-a298-cb7743723353,None,None,1,520,4,[],None,None
EXPLOIT_VULN,5591.483075369092,5609.95103262741,18.467957258318165,35,1383c873-6859-4322-a298-cb7743723353,None,None,1,521,4,[],None,None
EXPLOIT_VULN,5609.95103262741,5618.543810743724,8.592778116313639,35,1383c873-6859-4322-a298-cb7743723353,None,None,1,522,4,[],None,None
EXPLOIT_VULN,5618.543810743724,5625.92964404527,7.385833301545972,35,1383c873-6859-4322-a298-cb7743723353,None,None,1,523,4,[],None,None
BRUTE_FORCE,5625.92964404527,5645.92964404527,20.0,35,1383c873-6859-4322-a298-cb7743723353,None,None,1,524,4,[],None,None
ENUM_HOST,5645.92964404527,5650.92964404527,5.0,35,1383c873-6859-4322-a298-cb7743723353,None,None,1,524,4,[],None,None
SCAN_PORT,5650.92964404527,5675.92964404527,25.0,20,7fdd6ba1-b974-4360-8a09-ebc5c2a3de57,None,None,1,524,4,[],None,None
EXPLOIT_VULN,5675.92964404527,5676.594214118465,0.6645700731951365,20,7fdd6ba1-b974-4360-8a09-ebc5c2a3de57,None,None,1,524,4,[],None,None
EXPLOIT_VULN,5676.594214118465,5683.290024826038,6.695810707572491,20,7fdd6ba1-b974-4360-8a09-ebc5c2a3de57,None,None,1,525,4,[],None,None
EXPLOIT_VULN,5683.290024826038,5683.742271552853,0.4522467268152468,20,7fdd6ba1-b974-4360-8a09-ebc5c2a3de57,None,None,1,526,4,[],application,ServiceDiversity
SCAN_PORT,5704.421987164266,5729.421987164266,25.0,20,7fdd6ba1-b974-4360-8a09-ebc5c2a3de57,None,None,1,526,4,[],None,None
EXPLOIT_VULN,5729.421987164266,5731.814137489493,2.392150325226794,20,7fdd6ba1-b974-4360-8a09-ebc5c2a3de57,None,None,1,526,4,[],None,None
EXPLOIT_VULN,5731.814137489493,5752.43653736808,20.622399878587203,20,7fdd6ba1-b974-4360-8a09-ebc5c2a3de57,None,None,1,527,4,[],None,None
EXPLOIT_VULN,5752.43653736808,5761.149782161864,8.713244793783815,20,7fdd6ba1-b974-4360-8a09-ebc5c2a3de57,None,None,1,528,4,[],None,None
EXPLOIT_VULN,5761.149782161864,5765.222889860239,4.07310769837477,20,7fdd6ba1-b974-4360-8a09-ebc5c2a3de57,None,None,1,529,4,[],None,None
EXPLOIT_VULN,5765.222889860239,5770.184094843005,4.961204982766503,20,7fdd6ba1-b974-4360-8a09-ebc5c2a3de57,None,None,1,530,4,[],None,None
EXPLOIT_VULN,5770.184094843005,5776.68006311853,6.495968275524319,20,7fdd6ba1-b974-4360-8a09-ebc5c2a3de57,None,None,1,531,4,[],None,None
EXPLOIT_VULN,5776.68006311853,5791.571159959029,14.891096840498903,20,7fdd6ba1-b974-4360-8a09-ebc5c2a3de57,None,None,1,532,4,[],None,None
EXPLOIT_VULN,5791.571159959029,5805.9161107831105,14.344950824081934,20,7fdd6ba1-b974-4360-8a09-ebc5c2a3de57,None,None,1,533,4,[],None,None
EXPLOIT_VULN,5805.9161107831105,5822.0945036202875,16.178392837176943,20,7fdd6ba1-b974-4360-8a09-ebc5c2a3de57,None,None,1,534,4,[],None,None
EXPLOIT_VULN,5822.0945036202875,5830.901742310099,8.807238689811129,20,7fdd6ba1-b974-4360-8a09-ebc5c2a3de57,None,None,1,535,4,[],None,None
BRUTE_FORCE,5830.901742310099,5850.901742310099,20.0,20,7fdd6ba1-b974-4360-8a09-ebc5c2a3de57,None,None,1,536,4,[],None,None
ENUM_HOST,5850.901742310099,5855.901742310099,5.0,20,7fdd6ba1-b974-4360-8a09-ebc5c2a3de57,None,None,1,536,4,[],None,None
SCAN_PORT,5855.901742310099,5880.901742310099,25.0,29,d8c4a94e-1e28-4544-869a-bef69090b184,None,None,2,536,4,[],None,None
EXPLOIT_VULN,5880.901742310099,5885.590617038494,4.688874728395604,29,d8c4a94e-1e28-4544-869a-bef69090b184,None,None,2,536,4,[],None,None
EXPLOIT_VULN,5885.590617038494,5886.990777239298,1.400160200803839,29,d8c4a94e-1e28-4544-869a-bef69090b184,None,None,2,537,4,[],None,None
EXPLOIT_VULN,5886.990777239298,5888.546431598806,1.555654359507571,29,d8c4a94e-1e28-4544-869a-bef69090b184,None,None,2,538,4,[],None,None
EXPLOIT_VULN,5888.546431598806,5889.287427643864,0.7409960450586368,29,d8c4a94e-1e28-4544-869a-bef69090b184,None,None,2,539,4,[],None,None
EXPLOIT_VULN,5889.287427643864,5893.146742135658,3.8593144917940663,29,d8c4a94e-1e28-4544-869a-bef69090b184,None,None,2,540,4,[],None,None
EXPLOIT_VULN,5893.146742135658,5893.449876940508,0.303134804849833,29,d8c4a94e-1e28-4544-869a-bef69090b184,None,None,2,541,4,[],application,OSDiversity
SCAN_PORT,5913.51092290416,5938.51092290416,25.0,29,d8c4a94e-1e28-4544-869a-bef69090b184,None,None,2,541,4,[],None,None
EXPLOIT_VULN,5938.51092290416,5938.690120669588,0.17919776542839827,29,d8c4a94e-1e28-4544-869a-bef69090b184,None,None,2,541,4,[],None,None
EXPLOIT_VULN,5938.690120669588,5941.2569339016545,2.5668132320661243,29,d8c4a94e-1e28-4544-869a-bef69090b184,None,None,2,542,4,[],None,None
EXPLOIT_VULN,5941.2569339016545,5944.846460067398,3.5895261657433366,29,d8c4a94e-1e28-4544-869a-bef69090b184,None,None,2,543,4,[],None,None
EXPLOIT_VULN,5944.846460067398,5953.398395648188,8.551935580790087,29,d8c4a94e-1e28-4544-869a-bef69090b184,None,None,2,544,4,[],None,None
EXPLOIT_VULN,5953.398395648188,5960.024483864522,6.62608821633421,29,d8c4a94e-1e28-4544-869a-bef69090b184,None,None,2,545,4,[],None,None
EXPLOIT_VULN,5960.024483864522,5963.384273437314,3.3597895727916693,29,d8c4a94e-1e28-4544-869a-bef69090b184,None,None,2,546,4,[],None,None
EXPLOIT_VULN,5963.384273437314,5966.912581624054,3.528308186740105,29,d8c4a94e-1e28-4544-869a-bef69090b184,None,None,2,547,4,[],None,None
EXPLOIT_VULN,5966.912581624054,5972.301730698975,5.389149074921079,29,d8c4a94e-1e28-4544-869a-bef69090b184,None,None,2,548,4,[],None,None
EXPLOIT_VULN,5972.301730698975,5991.948740506524,19.647009807548784,29,d8c4a94e-1e28-4544-869a-bef69090b184,None,None,2,549,4,[],None,None
EXPLOIT_VULN,5991.948740506524,6007.1402820793855,15.191541572861752,29,d8c4a94e-1e28-4544-869a-bef69090b184,None,None,2,550,4,[],None,None
EXPLOIT_VULN,6007.1402820793855,6022.790060269639,15.649778190253528,29,d8c4a94e-1e28-4544-869a-bef69090b184,None,None,2,551,4,[],None,None
EXPLOIT_VULN,6022.790060269639,6042.475699101541,19.685638831901997,29,d8c4a94e-1e28-4544-869a-bef69090b184,None,None,2,552,4,[],None,None
EXPLOIT_VULN,6042.475699101541,6046.927155868072,4.45145676653101,29,d8c4a94e-1e28-4544-869a-bef69090b184,None,None,2,553,4,[],None,None
EXPLOIT_VULN,6046.927155868072,6056.231281119462,9.30412525139036,29,d8c4a94e-1e28-4544-869a-bef69090b184,None,None,2,554,4,[],None,None
EXPLOIT_VULN,6056.231281119462,6059.91278746704,3.6815063475778516,29,d8c4a94e-1e28-4544-869a-bef69090b184,None,None,2,555,4,[],None,None
EXPLOIT_VULN,6059.91278746704,6067.044005905512,7.131218438471478,29,d8c4a94e-1e28-4544-869a-bef69090b184,None,None,2,556,4,[],None,None
EXPLOIT_VULN,6067.044005905512,6084.484497867511,17.440491961999214,29,d8c4a94e-1e28-4544-869a-bef69090b184,None,None,2,557,4,[],None,None
EXPLOIT_VULN,6084.484497867511,6085.338819839506,0.8543219719949775,29,d8c4a94e-1e28-4544-869a-bef69090b184,None,None,2,558,4,[],application,ServiceDiversity
SCAN_PORT,6105.393852736245,6130.393852736245,25.0,29,d8c4a94e-1e28-4544-869a-bef69090b184,None,None,2,558,4,[],None,None
EXPLOIT_VULN,6130.393852736245,6130.766440638886,0.37258790264058916,29,d8c4a94e-1e28-4544-869a-bef69090b184,None,None,2,558,4,[],None,None
EXPLOIT_VULN,6130.766440638886,6134.13723605362,3.370795414733948,29,d8c4a94e-1e28-4544-869a-bef69090b184,None,None,2,559,4,[],None,None
EXPLOIT_VULN,6134.13723605362,6142.333385190108,8.196149136488202,29,d8c4a94e-1e28-4544-869a-bef69090b184,None,None,2,560,4,[],None,None
EXPLOIT_VULN,6142.333385190108,6154.5971299941,12.263744803992267,29,d8c4a94e-1e28-4544-869a-bef69090b184,None,None,2,561,4,[],None,None
EXPLOIT_VULN,6154.5971299941,6160.626282887224,6.0291528931238645,29,d8c4a94e-1e28-4544-869a-bef69090b184,None,None,2,562,4,[],None,None
EXPLOIT_VULN,6160.626282887224,6164.470755898987,3.8444730117626023,29,d8c4a94e-1e28-4544-869a-bef69090b184,None,None,2,563,4,[],None,None
EXPLOIT_VULN,6164.470755898987,6169.296644851954,4.825888952967034,29,d8c4a94e-1e28-4544-869a-bef69090b184,None,None,2,564,4,[],None,None
EXPLOIT_VULN,6169.296644851954,6174.168929780546,4.8722849285923076,29,d8c4a94e-1e28-4544-869a-bef69090b184,None,None,2,565,4,[],None,None
EXPLOIT_VULN,6174.168929780546,6181.572596008817,7.403666228270595,29,d8c4a94e-1e28-4544-869a-bef69090b184,None,None,2,566,4,[],None,None
EXPLOIT_VULN,6181.572596008817,6185.703743322907,4.131147314090413,29,d8c4a94e-1e28-4544-869a-bef69090b184,None,None,2,567,4,[],None,None
EXPLOIT_VULN,6185.703743322907,6194.815641277262,9.1118979543553,29,d8c4a94e-1e28-4544-869a-bef69090b184,None,None,2,568,4,[],None,None
EXPLOIT_VULN,6194.815641277262,6197.118303345485,2.3026620682230714,29,d8c4a94e-1e28-4544-869a-bef69090b184,None,None,2,569,4,[],None,None
EXPLOIT_VULN,6197.118303345485,6206.068215402977,8.949912057491929,29,d8c4a94e-1e28-4544-869a-bef69090b184,None,None,2,570,4,[],None,None
EXPLOIT_VULN,6206.068215402977,6223.448600060387,17.380384657410104,29,d8c4a94e-1e28-4544-869a-bef69090b184,None,None,2,571,4,[],None,None
EXPLOIT_VULN,6223.448600060387,6232.104157283579,8.655557223191863,29,d8c4a94e-1e28-4544-869a-bef69090b184,None,None,2,572,4,[],None,None
EXPLOIT_VULN,6232.104157283579,6241.309066264475,9.204908980896107,29,d8c4a94e-1e28-4544-869a-bef69090b184,None,None,2,573,4,[],None,None
EXPLOIT_VULN,6241.309066264475,6261.5158478007215,20.206781536246126,29,d8c4a94e-1e28-4544-869a-bef69090b184,None,None,2,574,4,[],None,None
EXPLOIT_VULN,6261.5158478007215,6270.121328750455,8.605480949733646,29,d8c4a94e-1e28-4544-869a-bef69090b184,None,None,2,575,4,[],None,None
EXPLOIT_VULN,6270.121328750455,6275.462558859451,5.34123010899566,29,d8c4a94e-1e28-4544-869a-bef69090b184,None,None,2,576,4,[],None,None
BRUTE_FORCE,6275.462558859451,6286.463634190216,11.001075330765161,29,d8c4a94e-1e28-4544-869a-bef69090b184,None,None,2,577,4,[],application,ServiceDiversity
SCAN_PORT,6306.579595539491,6331.579595539491,25.0,29,d8c4a94e-1e28-4544-869a-bef69090b184,None,None,2,577,4,[],None,None
EXPLOIT_VULN,6331.579595539491,6331.994634040469,0.4150385009779711,29,d8c4a94e-1e28-4544-869a-bef69090b184,None,None,2,577,4,[],None,None
EXPLOIT_VULN,6331.994634040469,6332.408788395576,0.41415435510771204,29,d8c4a94e-1e28-4544-869a-bef69090b184,None,None,2,578,4,[],None,None
EXPLOIT_VULN,6332.408788395576,6334.468522912421,2.059734516844401,29,d8c4a94e-1e28-4544-869a-bef69090b184,None,None,2,579,4,[],None,None
EXPLOIT_VULN,6334.468522912421,6341.670140313156,7.201617400734904,29,d8c4a94e-1e28-4544-869a-bef69090b184,None,None,2,580,4,[],None,None
EXPLOIT_VULN,6341.670140313156,6344.905802592008,3.2356622788520326,29,d8c4a94e-1e28-4544-869a-bef69090b184,None,None,2,581,4,[],None,None
EXPLOIT_VULN,6344.905802592008,6349.265675561072,4.3598729690647815,29,d8c4a94e-1e28-4544-869a-bef69090b184,None,None,2,582,4,[],None,None
EXPLOIT_VULN,6349.265675561072,6352.962550330423,3.6968747693508703,29,d8c4a94e-1e28-4544-869a-bef69090b184,None,None,2,583,4,[],None,None
EXPLOIT_VULN,6352.962550330423,6358.801164910251,5.838614579827663,29,d8c4a94e-1e28-4544-869a-bef69090b184,None,None,2,584,4,[],None,None
EXPLOIT_VULN,6358.801164910251,6369.107684774433,10.306519864182519,29,d8c4a94e-1e28-4544-869a-bef69090b184,None,None,2,585,4,[],None,None
EXPLOIT_VULN,6369.107684774433,6374.980478941028,5.872794166594758,29,d8c4a94e-1e28-4544-869a-bef69090b184,None,None,2,586,4,[],None,None
EXPLOIT_VULN,6374.980478941028,6390.060621297467,15.080142356438955,29,d8c4a94e-1e28-4544-869a-bef69090b184,None,None,2,587,4,[],None,None
EXPLOIT_VULN,6390.060621297467,6410.795640039201,20.735018741734166,29,d8c4a94e-1e28-4544-869a-bef69090b184,None,None,2,588,4,[],None,None
EXPLOIT_VULN,6410.795640039201,6419.853800574033,9.058160534831586,29,d8c4a94e-1e28-4544-869a-bef69090b184,None,None,2,589,4,[],None,None
EXPLOIT_VULN,6419.853800574033,6426.439051578664,6.585251004630663,29,d8c4a94e-1e28-4544-869a-bef69090b184,None,None,2,590,4,[],None,None
EXPLOIT_VULN,6426.439051578664,6443.553554613131,17.114503034467816,29,d8c4a94e-1e28-4544-869a-bef69090b184,None,None,2,591,4,[],None,None
EXPLOIT_VULN,6443.553554613131,6449.084099023031,5.5305444098994485,29,d8c4a94e-1e28-4544-869a-bef69090b184,None,None,2,592,4,[],None,None
BRUTE_FORCE,6449.084099023031,6469.084099023031,20.0,29,d8c4a94e-1e28-4544-869a-bef69090b184,None,None,2,593,4,[],None,None
ENUM_HOST,6469.084099023031,6474.084099023031,5.0,29,d8c4a94e-1e28-4544-869a-bef69090b184,None,None,2,593,4,[],None,None
SCAN_PORT,6474.084099023031,6499.084099023031,25.0,34,47053269-dac7-4b00-a172-a7fec8f95b50,None,None,3,593,4,[],None,None
EXPLOIT_VULN,6499.084099023031,6500.201422906907,1.1173238838764519,34,47053269-dac7-4b00-a172-a7fec8f95b50,None,None,3,593,4,[],None,None
EXPLOIT_VULN,6500.201422906907,6500.671502903127,0.4700799962192832,34,47053269-dac7-4b00-a172-a7fec8f95b50,None,None,3,594,4,[],None,None
EXPLOIT_VULN,6500.671502903127,6501.87865287022,1.2071499670937555,34,47053269-dac7-4b00-a172-a7fec8f95b50,None,None,3,595,4,[],None,None
EXPLOIT_VULN,6501.87865287022,6504.498093940807,2.6194410705866176,34,47053269-dac7-4b00-a172-a7fec8f95b50,None,None,3,596,4,[],None,None
EXPLOIT_VULN,6504.498093940807,6505.7845194186175,1.2864254778105533,34,47053269-dac7-4b00-a172-a7fec8f95b50,None,None,3,597,4,[],None,None
EXPLOIT_VULN,6505.7845194186175,6507.9584846552025,2.1739652365849906,34,47053269-dac7-4b00-a172-a7fec8f95b50,None,None,3,598,4,[],None,None
EXPLOIT_VULN,6507.9584846552025,6512.413917046788,4.455432391585418,34,47053269-dac7-4b00-a172-a7fec8f95b50,None,None,3,599,4,[],None,None
EXPLOIT_VULN,6512.413917046788,6515.326126355756,2.9122093089681584,34,47053269-dac7-4b00-a172-a7fec8f95b50,None,None,3,600,4,[],network,IPShuffle
SCAN_HOST,6535.590808794459,6540.590808794459,5.0,-1,-1,None,None,0,600,4,[],None,None
ENUM_HOST,6540.590808794459,6545.590808794459,5.0,-1,-1,None,None,0,600,4,[],None,None
SCAN_PORT,6545.590808794459,6570.590808794459,25.0,35,1383c873-6859-4322-a298-cb7743723353,None,None,2,600,4,[],None,None
EXPLOIT_VULN,6570.590808794459,6574.389459424855,3.7986506303959686,35,1383c873-6859-4322-a298-cb7743723353,None,None,2,600,4,[],None,None
EXPLOIT_VULN,6574.389459424855,6590.692697615636,16.303238190780576,35,1383c873-6859-4322-a298-cb7743723353,None,None,2,601,4,[],None,None
EXPLOIT_VULN,6590.692697615636,6599.802223428343,9.109525812707034,35,1383c873-6859-4322-a298-cb7743723353,None,None,2,602,4,[],None,None
EXPLOIT_VULN,6599.802223428343,6603.508336733287,3.7061133049446653,35,1383c873-6859-4322-a298-cb7743723353,None,None,2,603,4,[],None,None
BRUTE_FORCE,6603.508336733287,6623.508336733287,20.0,35,1383c873-6859-4322-a298-cb7743723353,None,None,2,604,4,[],None,None
ENUM_HOST,6623.508336733287,6628.508336733287,5.0,35,1383c873-6859-4322-a298-cb7743723353,None,None,2,604,4,[],None,None
SCAN_PORT,6628.508336733287,6653.508336733287,25.0,34,47053269-dac7-4b00-a172-a7fec8f95b50,None,None,4,604,4,[],None,None
EXPLOIT_VULN,6653.508336733287,6659.449699743207,5.941363009919769,34,47053269-dac7-4b00-a172-a7fec8f95b50,None,None,4,604,4,[],None,None
EXPLOIT_VULN,6659.449699743207,6662.486888019231,3.0371882760236986,34,47053269-dac7-4b00-a172-a7fec8f95b50,None,None,4,605,4,[],None,None
EXPLOIT_VULN,6662.486888019231,6664.455660774675,1.968772755444661,34,47053269-dac7-4b00-a172-a7fec8f95b50,None,None,4,606,4,[],None,None
EXPLOIT_VULN,6664.455660774675,6677.474246820138,13.018586045463053,34,47053269-dac7-4b00-a172-a7fec8f95b50,None,None,4,607,4,[],None,None
EXPLOIT_VULN,6677.474246820138,6690.615526703465,13.141279883326206,34,47053269-dac7-4b00-a172-a7fec8f95b50,None,None,4,608,4,[],None,None
EXPLOIT_VULN,6690.615526703465,6696.102042745798,5.486516042333278,34,47053269-dac7-4b00-a172-a7fec8f95b50,None,None,4,609,4,[],None,None
EXPLOIT_VULN,6696.102042745798,6699.375054448862,3.273011703064185,34,47053269-dac7-4b00-a172-a7fec8f95b50,None,None,4,610,4,[],None,None
EXPLOIT_VULN,6699.375054448862,6715.696327601464,16.32127315260186,34,47053269-dac7-4b00-a172-a7fec8f95b50,None,None,4,611,4,[],None,None
EXPLOIT_VULN,6715.696327601464,6716.442959069609,0.7466314681450967,34,47053269-dac7-4b00-a172-a7fec8f95b50,None,None,4,612,4,[],network,IPShuffle
SCAN_HOST,6736.685082467684,6741.685082467684,5.0,-1,-1,None,None,0,612,4,[],None,None
ENUM_HOST,6741.685082467684,6746.685082467684,5.0,-1,-1,None,None,0,612,4,[],None,None
SCAN_PORT,6746.685082467684,6771.685082467684,25.0,20,7fdd6ba1-b974-4360-8a09-ebc5c2a3de57,None,None,2,612,4,[],None,None
EXPLOIT_VULN,6771.685082467684,6772.041314316884,0.3562318492004124,20,7fdd6ba1-b974-4360-8a09-ebc5c2a3de57,None,None,2,612,4,[],None,None
EXPLOIT_VULN,6772.041314316884,6772.77926883679,0.7379545199055428,20,7fdd6ba1-b974-4360-8a09-ebc5c2a3de57,None,None,2,613,4,[],None,None
EXPLOIT_VULN,6772.77926883679,6774.496158431917,1.7168895951272134,20,7fdd6ba1-b974-4360-8a09-ebc5c2a3de57,None,None,2,614,4,[],None,None
EXPLOIT_VULN,6774.496158431917,6776.7223257495325,2.2261673176153636,20,7fdd6ba1-b974-4360-8a09-ebc5c2a3de57,None,None,2,615,4,[],None,None
EXPLOIT_VULN,6776.7223257495325,6779.922820933073,3.2004951835406246,20,7fdd6ba1-b974-4360-8a09-ebc5c2a3de57,None,None,2,616,4,[],None,None
EXPLOIT_VULN,6779.922820933073,6786.183006935045,6.260186001972215,20,7fdd6ba1-b974-4360-8a09-ebc5c2a3de57,None,None,2,617,4,[],None,None
EXPLOIT_VULN,6786.183006935045,6790.784845739368,4.601838804323052,20,7fdd6ba1-b974-4360-8a09-ebc5c2a3de57,None,None,2,618,4,[],None,None
EXPLOIT_VULN,6790.784845739368,6792.628186705155,1.8433409657864104,20,7fdd6ba1-b974-4360-8a09-ebc5c2a3de57,None,None,2,619,4,[],None,None
EXPLOIT_VULN,6792.628186705155,6796.88067717084,4.252490465684787,20,7fdd6ba1-b974-4360-8a09-ebc5c2a3de57,None,None,2,620,4,[],None,None
EXPLOIT_VULN,6796.88067717084,6801.1023725049,4.221695334060314,20,7fdd6ba1-b974-4360-8a09-ebc5c2a3de57,None,None,2,621,4,[],None,None
EXPLOIT_VULN,6801.1023725049,6806.085524272949,4.983151768049538,20,7fdd6ba1-b974-4360-8a09-ebc5c2a3de57,None,None,2,622,4,[],None,None
EXPLOIT_VULN,6806.085524272949,6809.416394428633,3.330870155683442,20,7fdd6ba1-b974-4360-8a09-ebc5c2a3de57,None,None,2,623,4,[],None,None
EXPLOIT_VULN,6809.416394428633,6818.081968625007,8.66557419637411,20,7fdd6ba1-b974-4360-8a09-ebc5c2a3de57,None,None,2,624,4,[],None,None
EXPLOIT_VULN,6818.081968625007,6827.754228872552,9.672260247544727,20,7fdd6ba1-b974-4360-8a09-ebc5c2a3de57,None,None,2,625,4,[],None,None
EXPLOIT_VULN,6827.754228872552,6848.153842525464,20.399613652912194,20,7fdd6ba1-b974-4360-8a09-ebc5c2a3de57,None,None,2,626,4,[],None,None
BRUTE_FORCE,6848.153842525464,6868.153842525464,20.0,20,7fdd6ba1-b974-4360-8a09-ebc5c2a3de57,None,None,2,627,4,[],None,None
ENUM_HOST,6868.153842525464,6873.153842525464,5.0,20,7fdd6ba1-b974-4360-8a09-ebc5c2a3de57,None,None,2,627,4,[],None,None
SCAN_PORT,6873.153842525464,6898.153842525464,25.0,35,1383c873-6859-4322-a298-cb7743723353,None,None,3,627,4,[],None,None
EXPLOIT_VULN,6898.153842525464,6914.865683964778,16.711841439314412,35,1383c873-6859-4322-a298-cb7743723353,None,None,3,627,4,[],None,None
EXPLOIT_VULN,6914.865683964778,6916.265213024612,1.3995290598340944,35,1383c873-6859-4322-a298-cb7743723353,None,None,3,628,4,[],network,IPShuffle
SCAN_HOST,6936.329447093125,6941.329447093125,5.0,-1,-1,None,None,0,628,4,[],None,None
ENUM_HOST,6941.329447093125,6946.329447093125,5.0,-1,-1,None,None,0,628,4,[],None,None
SCAN_PORT,6946.329447093125,6971.329447093125,25.0,35,1383c873-6859-4322-a298-cb7743723353,None,None,4,628,4,[],None,None
EXPLOIT_VULN,6971.329447093125,6981.134559130007,9.805112036881837,35,1383c873-6859-4322-a298-cb7743723353,None,None,4,628,4,[],None,None
EXPLOIT_VULN,6981.134559130007,6988.509663177391,7.375104047384411,35,1383c873-6859-4322-a298-cb7743723353,None,None,4,629,4,[],None,None
BRUTE_FORCE,6988.509663177391,7008.509663177391,20.0,35,1383c873-6859-4322-a298-cb7743723353,None,None,4,630,4,[],None,None
ENUM_HOST,7008.509663177391,7013.509663177391,5.0,35,1383c873-6859-4322-a298-cb7743723353,None,None,4,630,4,[],None,None
SCAN_PORT,7013.509663177391,7038.509663177391,25.0,20,7fdd6ba1-b974-4360-8a09-ebc5c2a3de57,None,None,3,630,4,[],None,None
EXPLOIT_VULN,7038.509663177391,7038.544462186454,0.0347990090631356,20,7fdd6ba1-b974-4360-8a09-ebc5c2a3de57,None,None,3,630,4,[],None,None
EXPLOIT_VULN,7038.544462186454,7039.339766649246,0.7953044627911368,20,7fdd6ba1-b974-4360-8a09-ebc5c2a3de57,None,None,3,631,4,[],None,None
EXPLOIT_VULN,7039.339766649246,7041.138840005259,1.7990733560136505,20,7fdd6ba1-b974-4360-8a09-ebc5c2a3de57,None,None,3,632,4,[],None,None
EXPLOIT_VULN,7041.138840005259,7044.075434058888,2.936594053629051,20,7fdd6ba1-b974-4360-8a09-ebc5c2a3de57,None,None,3,633,4,[],None,None
EXPLOIT_VULN,7044.075434058888,7053.073924077691,8.99849001880284,20,7fdd6ba1-b974-4360-8a09-ebc5c2a3de57,None,None,3,634,4,[],None,None
EXPLOIT_VULN,7053.073924077691,7057.399000270303,4.325076192611959,20,7fdd6ba1-b974-4360-8a09-ebc5c2a3de57,None,None,3,635,4,[],None,None
EXPLOIT_VULN,7057.399000270303,7060.325438994977,2.9264387246739716,20,7fdd6ba1-b974-4360-8a09-ebc5c2a3de57,None,None,3,636,4,[],None,None
EXPLOIT_VULN,7060.325438994977,7065.643153244096,5.3177142491185805,20,7fdd6ba1-b974-4360-8a09-ebc5c2a3de57,None,None,3,637,4,[],None,None
EXPLOIT_VULN,7065.643153244096,7074.220779922205,8.577626678109482,20,7fdd6ba1-b974-4360-8a09-ebc5c2a3de57,None,None,3,638,4,[],None,None
EXPLOIT_VULN,7074.220779922205,7079.957178801559,5.736398879354056,20,7fdd6ba1-b974-4360-8a09-ebc5c2a3de57,None,None,3,639,4,[],None,None
EXPLOIT_VULN,7079.957178801559,7091.367721255205,11.410542453645576,20,7fdd6ba1-b974-4360-8a09-ebc5c2a3de57,None,None,3,640,4,[],None,None
EXPLOIT_VULN,7091.367721255205,7094.015886701962,2.648165446757048,20,7fdd6ba1-b974-4360-8a09-ebc5c2a3de57,None,None,3,641,4,[],None,None
EXPLOIT_VULN,7094.015886701962,7108.058013891256,14.04212718929466,20,7fdd6ba1-b974-4360-8a09-ebc5c2a3de57,None,None,3,642,4,[],None,None
EXPLOIT_VULN,7108.058013891256,7116.381803547333,8.32378965607677,20,7fdd6ba1-b974-4360-8a09-ebc5c2a3de57,None,None,3,643,4,[],None,None
EXPLOIT_VULN,7116.381803547333,7124.016698224592,7.634894677258671,20,7fdd6ba1-b974-4360-8a09-ebc5c2a3de57,None,None,3,644,4,[],None,None
EXPLOIT_VULN,7124.016698224592,7125.841527301629,1.8248290770370659,20,7fdd6ba1-b974-4360-8a09-ebc5c2a3de57,None,None,3,645,4,[],network,CompleteTopologyShuffle
SCAN_HOST,7147.772694285617,7152.772694285617,5.0,-1,-1,None,None,0,645,4,[],None,None
ENUM_HOST,7152.772694285617,7157.772694285617,5.0,-1,-1,None,None,0,645,4,[],None,None
SCAN_PORT,7157.772694285617,7182.772694285617,25.0,22,e2ee1603-9b30-4c38-96a5-228fba153066,None,None,1,645,4,[],None,None
EXPLOIT_VULN,7182.772694285617,7185.8430021375625,3.070307851945472,22,e2ee1603-9b30-4c38-96a5-228fba153066,None,None,1,645,4,[],None,None
EXPLOIT_VULN,7185.8430021375625,7190.368656747217,4.525654609654339,22,e2ee1603-9b30-4c38-96a5-228fba153066,None,None,1,646,4,[],None,None
EXPLOIT_VULN,7190.368656747217,7196.789359198681,6.420702451464422,22,e2ee1603-9b30-4c38-96a5-228fba153066,None,None,1,647,4,[],None,None
EXPLOIT_VULN,7196.789359198681,7212.532237503503,15.742878304821716,22,e2ee1603-9b30-4c38-96a5-228fba153066,None,None,1,648,4,[],None,None
EXPLOIT_VULN,7212.532237503503,7227.184761781732,14.652524278229066,22,e2ee1603-9b30-4c38-96a5-228fba153066,None,None,1,649,4,[],None,None
EXPLOIT_VULN,7227.184761781732,7246.042741759557,18.85797997782538,22,e2ee1603-9b30-4c38-96a5-228fba153066,None,None,1,650,4,[],None,None
EXPLOIT_VULN,7246.042741759557,7255.459418601625,9.416676842067318,22,e2ee1603-9b30-4c38-96a5-228fba153066,None,None,1,651,4,[],None,None
EXPLOIT_VULN,7255.459418601625,7263.950971794122,8.491553192497122,22,e2ee1603-9b30-4c38-96a5-228fba153066,None,None,1,652,4,[],None,None
EXPLOIT_VULN,7263.950971794122,7272.658268921285,8.707297127162747,22,e2ee1603-9b30-4c38-96a5-228fba153066,22,e2ee1603-9b30-4c38-96a5-228fba153066,1,653,4,"['Livvyy', 'Emmalynne', 'Erica']",None,None
SCAN_NEIGHBOR,7272.658268921285,7277.658268921285,5.0,22,e2ee1603-9b30-4c38-96a5-228fba153066,None,None,1,654,5,[],None,None
ENUM_HOST,7277.658268921285,7282.658268921285,5.0,22,e2ee1603-9b30-4c38-96a5-228fba153066,None,None,1,654,5,[],None,None
SCAN_PORT,7282.658268921285,7307.658268921285,25.0,36,ee075a69-3d83-4f76-9491-f0b6080ad1f4,None,None,1,654,5,[],None,None
EXPLOIT_VULN,7307.658268921285,7308.527841397762,0.869572476477515,36,ee075a69-3d83-4f76-9491-f0b6080ad1f4,None,None,1,654,5,[],None,None
EXPLOIT_VULN,7308.527841397762,7309.9444257154555,1.4165843176933777,36,ee075a69-3d83-4f76-9491-f0b6080ad1f4,None,None,1,655,5,[],None,None
EXPLOIT_VULN,7309.9444257154555,7312.647814732616,2.703389017160589,36,ee075a69-3d83-4f76-9491-f0b6080ad1f4,None,None,1,656,5,[],None,None
EXPLOIT_VULN,7312.647814732616,7316.679485201546,4.031670468930315,36,ee075a69-3d83-4f76-9491-f0b6080ad1f4,None,None,1,657,5,[],None,None
EXPLOIT_VULN,7316.679485201546,7321.101294951896,4.421809750349894,36,ee075a69-3d83-4f76-9491-f0b6080ad1f4,None,None,1,658,5,[],None,None
EXPLOIT_VULN,7321.101294951896,7326.444949425424,5.343654473527749,36,ee075a69-3d83-4f76-9491-f0b6080ad1f4,None,None,1,659,5,[],network,CompleteTopologyShuffle
SCAN_HOST,7346.732183596921,7351.732183596921,5.0,-1,-1,None,None,0,659,5,[],None,None
ENUM_HOST,7351.732183596921,7356.732183596921,5.0,-1,-1,None,None,0,659,5,[],None,None
SCAN_PORT,7356.732183596921,7381.732183596921,25.0,16,405a81d8-a06b-40bb-a0c6-b4c2e4df6657,None,None,2,659,5,[],None,None
EXPLOIT_VULN,7381.732183596921,7382.233955635117,0.5017720381965773,16,405a81d8-a06b-40bb-a0c6-b4c2e4df6657,None,None,2,659,5,[],None,None
EXPLOIT_VULN,7382.233955635117,7382.319744298244,0.08578866312655009,16,405a81d8-a06b-40bb-a0c6-b4c2e4df6657,None,None,2,660,5,[],None,None
EXPLOIT_VULN,7382.319744298244,7384.800559773907,2.4808154756628937,16,405a81d8-a06b-40bb-a0c6-b4c2e4df6657,None,None,2,661,5,[],None,None
EXPLOIT_VULN,7384.800559773907,7388.43931006114,3.6387502872330515,16,405a81d8-a06b-40bb-a0c6-b4c2e4df6657,None,None,2,662,5,[],None,None
EXPLOIT_VULN,7388.43931006114,7390.472929820718,2.0336197595779595,16,405a81d8-a06b-40bb-a0c6-b4c2e4df6657,None,None,2,663,5,[],None,None
EXPLOIT_VULN,7390.472929820718,7393.214181024319,2.741251203601678,16,405a81d8-a06b-40bb-a0c6-b4c2e4df6657,None,None,2,664,5,[],None,None
EXPLOIT_VULN,7393.214181024319,7396.712913079643,3.4987320553236714,16,405a81d8-a06b-40bb-a0c6-b4c2e4df6657,None,None,2,665,5,[],None,None
EXPLOIT_VULN,7396.712913079643,7399.775723344008,3.062810264364998,16,405a81d8-a06b-40bb-a0c6-b4c2e4df6657,None,None,2,666,5,[],None,None
EXPLOIT_VULN,7399.775723344008,7408.464842473533,8.689119129525352,16,405a81d8-a06b-40bb-a0c6-b4c2e4df6657,None,None,2,667,5,[],None,None
EXPLOIT_VULN,7408.464842473533,7410.790698303634,2.3258558301004086,16,405a81d8-a06b-40bb-a0c6-b4c2e4df6657,None,None,2,668,5,[],None,None
EXPLOIT_VULN,7410.790698303634,7422.732990943095,11.942292639460902,16,405a81d8-a06b-40bb-a0c6-b4c2e4df6657,None,None,2,669,5,[],None,None
EXPLOIT_VULN,7422.732990943095,7436.049323830879,13.316332887784483,16,405a81d8-a06b-40bb-a0c6-b4c2e4df6657,None,None,2,670,5,[],None,None
EXPLOIT_VULN,7436.049323830879,7444.022183980987,7.972860150108318,16,405a81d8-a06b-40bb-a0c6-b4c2e4df6657,None,None,2,671,5,[],None,None
EXPLOIT_VULN,7444.022183980987,7449.271969584851,5.249785603863529,16,405a81d8-a06b-40bb-a0c6-b4c2e4df6657,None,None,2,672,5,[],None,None
EXPLOIT_VULN,7449.271969584851,7455.82445928552,6.552489700668957,16,405a81d8-a06b-40bb-a0c6-b4c2e4df6657,None,None,2,673,5,[],None,None
EXPLOIT_VULN,7455.82445928552,7461.794441106606,5.969981821086549,16,405a81d8-a06b-40bb-a0c6-b4c2e4df6657,None,None,2,674,5,[],None,None
EXPLOIT_VULN,7461.794441106606,7482.45693573445,20.662494627843444,16,405a81d8-a06b-40bb-a0c6-b4c2e4df6657,None,None,2,675,5,[],None,None
EXPLOIT_VULN,7482.45693573445,7499.886311046508,17.429375312058255,16,405a81d8-a06b-40bb-a0c6-b4c2e4df6657,None,None,2,676,5,[],None,None
EXPLOIT_VULN,7499.886311046508,7508.070213545931,8.183902499423311,16,405a81d8-a06b-40bb-a0c6-b4c2e4df6657,None,None,2,677,5,[],None,None
EXPLOIT_VULN,7508.070213545931,7515.773611540832,7.703397994900115,16,405a81d8-a06b-40bb-a0c6-b4c2e4df6657,None,None,2,678,5,[],None,None
EXPLOIT_VULN,7515.773611540832,7516.584461397813,0.8108498569818039,16,405a81d8-a06b-40bb-a0c6-b4c2e4df6657,None,None,2,679,5,[],network,IPShuffle
SCAN_HOST,7536.589001179739,7541.589001179739,5.0,-1,-1,None,None,0,679,5,[],None,None
ENUM_HOST,7541.589001179739,7546.589001179739,5.0,-1,-1,None,None,0,679,5,[],None,None
SCAN_PORT,7546.589001179739,7571.589001179739,25.0,16,405a81d8-a06b-40bb-a0c6-b4c2e4df6657,None,None,3,679,5,[],None,None
EXPLOIT_VULN,7571.589001179739,7571.8831272421885,0.2941260624493225,16,405a81d8-a06b-40bb-a0c6-b4c2e4df6657,None,None,3,679,5,[],None,None
EXPLOIT_VULN,7571.8831272421885,7574.83867551401,2.955548271821499,16,405a81d8-a06b-40bb-a0c6-b4c2e4df6657,None,None,3,680,5,[],None,None
EXPLOIT_VULN,7574.83867551401,7576.113379986322,1.274704472311896,16,405a81d8-a06b-40bb-a0c6-b4c2e4df6657,None,None,3,681,5,[],None,None
EXPLOIT_VULN,7576.113379986322,7577.855230037423,1.7418500511012098,16,405a81d8-a06b-40bb-a0c6-b4c2e4df6657,None,None,3,682,5,[],None,None
EXPLOIT_VULN,7577.855230037423,7588.737578075998,10.882348038574492,16,405a81d8-a06b-40bb-a0c6-b4c2e4df6657,None,None,3,683,5,[],None,None
EXPLOIT_VULN,7588.737578075998,7601.923980231986,13.186402155988617,16,405a81d8-a06b-40bb-a0c6-b4c2e4df6657,None,None,3,684,5,[],None,None
EXPLOIT_VULN,7601.923980231986,7607.59403109851,5.670050866523525,16,405a81d8-a06b-40bb-a0c6-b4c2e4df6657,None,None,3,685,5,[],None,None
EXPLOIT_VULN,7607.59403109851,7619.128940594343,11.534909495832835,16,405a81d8-a06b-40bb-a0c6-b4c2e4df6657,None,None,3,686,5,[],None,None
EXPLOIT_VULN,7619.128940594343,7621.712459490106,2.5835188957635182,16,405a81d8-a06b-40bb-a0c6-b4c2e4df6657,None,None,3,687,5,[],None,None
EXPLOIT_VULN,7621.712459490106,7626.5344219616045,4.821962471498409,16,405a81d8-a06b-40bb-a0c6-b4c2e4df6657,None,None,3,688,5,[],None,None
EXPLOIT_VULN,7626.5344219616045,7633.11822801949,6.58380605788534,16,405a81d8-a06b-40bb-a0c6-b4c2e4df6657,None,None,3,689,5,[],None,None
EXPLOIT_VULN,7633.11822801949,7638.562294149106,5.444066129615749,16,405a81d8-a06b-40bb-a0c6-b4c2e4df6657,None,None,3,690,5,[],None,None
EXPLOIT_VULN,7638.562294149106,7646.8841168601875,8.32182271108195,16,405a81d8-a06b-40bb-a0c6-b4c2e4df6657,None,None,3,691,5,[],None,None
EXPLOIT_VULN,7646.8841168601875,7667.711438458274,20.8273215980862,16,405a81d8-a06b-40bb-a0c6-b4c2e4df6657,None,None,3,692,5,[],None,None
EXPLOIT_VULN,7667.711438458274,7676.416895425825,8.705456967551072,16,405a81d8-a06b-40bb-a0c6-b4c2e4df6657,None,None,3,693,5,[],None,None
EXPLOIT_VULN,7676.416895425825,7686.118955067189,9.70205964136403,16,405a81d8-a06b-40bb-a0c6-b4c2e4df6657,None,None,3,694,5,[],None,None
EXPLOIT_VULN,7686.118955067189,7693.4998581206,7.380903053411203,16,405a81d8-a06b-40bb-a0c6-b4c2e4df6657,None,None,3,695,5,[],None,None
EXPLOIT_VULN,7693.4998581206,7716.144059134308,22.64420101370797,16,405a81d8-a06b-40bb-a0c6-b4c2e4df6657,None,None,3,696,5,[],None,None
EXPLOIT_VULN,7716.144059134308,7721.758200876764,5.614141742456013,16,405a81d8-a06b-40bb-a0c6-b4c2e4df6657,None,None,3,697,5,[],None,None
EXPLOIT_VULN,7721.758200876764,7727.389121845509,5.6309209687451585,16,405a81d8-a06b-40bb-a0c6-b4c2e4df6657,None,None,3,698,5,[],None,None
EXPLOIT_VULN,7727.389121845509,7727.484196597825,0.09507475231566787,16,405a81d8-a06b-40bb-a0c6-b4c2e4df6657,None,None,3,699,5,[],network,CompleteTopologyShuffle
SCAN_HOST,7747.544322860403,7752.544322860403,5.0,-1,-1,None,None,0,699,5,[],None,None
ENUM_HOST,7752.544322860403,7757.544322860403,5.0,-1,-1,None,None,0,699,5,[],None,None
SCAN_PORT,7757.544322860403,7782.544322860403,25.0,7,b3ba5df7-ddbd-4d5c-ab78-9cf122620589,None,None,1,699,5,[],None,None
EXPLOIT_VULN,7782.544322860403,7783.367847119105,0.8235242587024914,7,b3ba5df7-ddbd-4d5c-ab78-9cf122620589,None,None,1,699,5,[],None,None
EXPLOIT_VULN,7783.367847119105,7784.478219147479,1.1103720283736038,7,b3ba5df7-ddbd-4d5c-ab78-9cf122620589,None,None,1,700,5,[],None,None
EXPLOIT_VULN,7784.478219147479,7785.81185326202,1.3336341145413826,7,b3ba5df7-ddbd-4d5c-ab78-9cf122620589,None,None,1,701,5,[],None,None
EXPLOIT_VULN,7785.81185326202,7789.273059366805,3.461206104784651,7,b3ba5df7-ddbd-4d5c-ab78-9cf122620589,None,None,1,702,5,[],None,None
EXPLOIT_VULN,7789.273059366805,7790.79246244957,1.519403082765166,7,b3ba5df7-ddbd-4d5c-ab78-9cf122620589,None,None,1,703,5,[],None,None
EXPLOIT_VULN,7790.79246244957,7792.23305109879,1.4405886492204445,7,b3ba5df7-ddbd-4d5c-ab78-9cf122620589,None,None,1,704,5,[],None,None
EXPLOIT_VULN,7792.23305109879,7794.10987888067,1.8768277818799106,7,b3ba5df7-ddbd-4d5c-ab78-9cf122620589,None,None,1,705,5,[],None,None
EXPLOIT_VULN,7794.10987888067,7795.261843784063,1.1519649033925816,7,b3ba5df7-ddbd-4d5c-ab78-9cf122620589,None,None,1,706,5,[],None,None
EXPLOIT_VULN,7795.261843784063,7798.194937784694,2.933094000631172,7,b3ba5df7-ddbd-4d5c-ab78-9cf122620589,None,None,1,707,5,[],None,None
EXPLOIT_VULN,7798.194937784694,7800.954489292368,2.7595515076736774,7,b3ba5df7-ddbd-4d5c-ab78-9cf122620589,None,None,1,708,5,[],None,None
EXPLOIT_VULN,7800.954489292368,7802.605417741065,1.6509284486974138,7,b3ba5df7-ddbd-4d5c-ab78-9cf122620589,None,None,1,709,5,[],None,None
EXPLOIT_VULN,7802.605417741065,7805.641058865281,3.0356411242155446,7,b3ba5df7-ddbd-4d5c-ab78-9cf122620589,None,None,1,710,5,[],None,None
EXPLOIT_VULN,7805.641058865281,7809.880281340329,4.2392224750483365,7,b3ba5df7-ddbd-4d5c-ab78-9cf122620589,None,None,1,711,5,[],None,None
EXPLOIT_VULN,7809.880281340329,7812.852739694195,2.9724583538663865,7,b3ba5df7-ddbd-4d5c-ab78-9cf122620589,None,None,1,712,5,[],None,None
EXPLOIT_VULN,7812.852739694195,7814.693374725459,1.8406350312634459,7,b3ba5df7-ddbd-4d5c-ab78-9cf122620589,None,None,1,713,5,[],None,None
EXPLOIT_VULN,7814.693374725459,7817.336498629221,2.643123903761989,7,b3ba5df7-ddbd-4d5c-ab78-9cf122620589,None,None,1,714,5,[],None,None
EXPLOIT_VULN,7817.336498629221,7821.284626018266,3.948127389045112,7,b3ba5df7-ddbd-4d5c-ab78-9cf122620589,None,None,1,715,5,[],None,None
EXPLOIT_VULN,7821.284626018266,7825.64141359303,4.356787574763985,7,b3ba5df7-ddbd-4d5c-ab78-9cf122620589,None,None,1,716,5,[],None,None
EXPLOIT_VULN,7825.64141359303,7830.394127100554,4.752713507524277,7,b3ba5df7-ddbd-4d5c-ab78-9cf122620589,None,None,1,717,5,[],None,None
EXPLOIT_VULN,7830.394127100554,7835.108442845964,4.714315745410204,7,b3ba5df7-ddbd-4d5c-ab78-9cf122620589,None,None,1,718,5,[],None,None
EXPLOIT_VULN,7835.108442845964,7837.130441889061,2.021999043096912,7,b3ba5df7-ddbd-4d5c-ab78-9cf122620589,None,None,1,719,5,[],None,None
EXPLOIT_VULN,7837.130441889061,7843.513427011459,6.382985122397258,7,b3ba5df7-ddbd-4d5c-ab78-9cf122620589,None,None,1,720,5,[],None,None
EXPLOIT_VULN,7843.513427011459,7848.681969819337,5.1685428078781115,7,b3ba5df7-ddbd-4d5c-ab78-9cf122620589,None,None,1,721,5,[],None,None
EXPLOIT_VULN,7848.681969819337,7852.31852616137,3.6365563420331455,7,b3ba5df7-ddbd-4d5c-ab78-9cf122620589,None,None,1,722,5,[],None,None
EXPLOIT_VULN,7852.31852616137,7854.980960981717,2.662434820346789,7,b3ba5df7-ddbd-4d5c-ab78-9cf122620589,None,None,1,723,5,[],None,None
EXPLOIT_VULN,7854.980960981717,7858.913967354573,3.933006372856653,7,b3ba5df7-ddbd-4d5c-ab78-9cf122620589,None,None,1,724,5,[],None,None
EXPLOIT_VULN,7858.913967354573,7862.704627394301,3.7906600397272996,7,b3ba5df7-ddbd-4d5c-ab78-9cf122620589,None,None,1,725,5,[],None,None
EXPLOIT_VULN,7862.704627394301,7870.023134124438,7.318506730137415,7,b3ba5df7-ddbd-4d5c-ab78-9cf122620589,None,None,1,726,5,[],None,None
EXPLOIT_VULN,7870.023134124438,7875.157473341886,5.134339217447632,7,b3ba5df7-ddbd-4d5c-ab78-9cf122620589,None,None,1,727,5,[],None,None
EXPLOIT_VULN,7875.157473341886,7881.742987474133,6.585514132247226,7,b3ba5df7-ddbd-4d5c-ab78-9cf122620589,None,None,1,728,5,[],None,None
EXPLOIT_VULN,7881.742987474133,7888.878577133517,7.135589659384095,7,b3ba5df7-ddbd-4d5c-ab78-9cf122620589,None,None,1,729,5,[],None,None
EXPLOIT_VULN,7888.878577133517,7894.778054594711,5.899477461193783,7,b3ba5df7-ddbd-4d5c-ab78-9cf122620589,None,None,1,730,5,[],None,None
EXPLOIT_VULN,7894.778054594711,7897.430811291312,2.6527566966015,7,b3ba5df7-ddbd-4d5c-ab78-9cf122620589,None,None,1,731,5,[],application,OSDiversity
SCAN_PORT,7917.514919214744,7942.514919214744,25.0,7,b3ba5df7-ddbd-4d5c-ab78-9cf122620589,None,None,1,731,5,[],None,None
EXPLOIT_VULN,7942.514919214744,7944.036036311132,1.5211170963884797,7,b3ba5df7-ddbd-4d5c-ab78-9cf122620589,None,None,1,731,5,[],None,None
EXPLOIT_VULN,7944.036036311132,7945.731438740884,1.6954024297519936,7,b3ba5df7-ddbd-4d5c-ab78-9cf122620589,None,None,1,732,5,[],None,None
EXPLOIT_VULN,7945.731438740884,7948.798133698022,3.06669495713777,7,b3ba5df7-ddbd-4d5c-ab78-9cf122620589,None,None,1,733,5,[],None,None
EXPLOIT_VULN,7948.798133698022,7950.506641123929,1.708507425906646,7,b3ba5df7-ddbd-4d5c-ab78-9cf122620589,None,None,1,734,5,[],None,None
EXPLOIT_VULN,7950.506641123929,7954.135989450835,3.629348326906438,7,b3ba5df7-ddbd-4d5c-ab78-9cf122620589,None,None,1,735,5,[],None,None
EXPLOIT_VULN,7954.135989450835,7956.0465570119195,1.9105675610844628,7,b3ba5df7-ddbd-4d5c-ab78-9cf122620589,None,None,1,736,5,[],None,None
EXPLOIT_VULN,7956.0465570119195,7960.924892724456,4.878335712536682,7,b3ba5df7-ddbd-4d5c-ab78-9cf122620589,None,None,1,737,5,[],None,None
EXPLOIT_VULN,7960.924892724456,7963.243032920917,2.3181401964611723,7,b3ba5df7-ddbd-4d5c-ab78-9cf122620589,None,None,1,738,5,[],None,None
EXPLOIT_VULN,7963.243032920917,7965.557088668497,2.314055747579914,7,b3ba5df7-ddbd-4d5c-ab78-9cf122620589,None,None,1,739,5,[],None,None
EXPLOIT_VULN,7965.557088668497,7968.847680929358,3.290592260860649,7,b3ba5df7-ddbd-4d5c-ab78-9cf122620589,None,None,1,740,5,[],None,None
EXPLOIT_VULN,7968.847680929358,7976.53090098696,7.6832200576018295,7,b3ba5df7-ddbd-4d5c-ab78-9cf122620589,None,None,1,741,5,[],None,None
EXPLOIT_VULN,7976.53090098696,7980.647880117922,4.116979130962136,7,b3ba5df7-ddbd-4d5c-ab78-9cf122620589,None,None,1,742,5,[],None,None
EXPLOIT_VULN,7980.647880117922,7986.0457891919605,5.39790907403858,7,b3ba5df7-ddbd-4d5c-ab78-9cf122620589,None,None,1,743,5,[],None,None
EXPLOIT_VULN,7986.0457891919605,7987.539190736019,1.4934015440585426,7,b3ba5df7-ddbd-4d5c-ab78-9cf122620589,None,None,1,744,5,[],None,None
EXPLOIT_VULN,7987.539190736019,7999.17019972699,11.631008990971168,7,b3ba5df7-ddbd-4d5c-ab78-9cf122620589,None,None,1,745,5,[],None,None
EXPLOIT_VULN,7999.17019972699,8009.324083439607,10.153883712617244,7,b3ba5df7-ddbd-4d5c-ab78-9cf122620589,None,None,1,746,5,[],None,None
EXPLOIT_VULN,8009.324083439607,8019.93157999387,10.60749655426298,7,b3ba5df7-ddbd-4d5c-ab78-9cf122620589,None,None,1,747,5,[],None,None
EXPLOIT_VULN,8019.93157999387,8030.596000546619,10.664420552748197,7,b3ba5df7-ddbd-4d5c-ab78-9cf122620589,None,None,1,748,5,[],None,None
EXPLOIT_VULN,8030.596000546619,8043.872554196746,13.276553650127425,7,b3ba5df7-ddbd-4d5c-ab78-9cf122620589,None,None,1,749,5,[],None,None
EXPLOIT_VULN,8043.872554196746,8048.649129210262,4.776575013515867,7,b3ba5df7-ddbd-4d5c-ab78-9cf122620589,None,None,1,750,5,[],None,None
EXPLOIT_VULN,8048.649129210262,8051.907772552572,3.258643342310279,7,b3ba5df7-ddbd-4d5c-ab78-9cf122620589,None,None,1,751,5,[],None,None
EXPLOIT_VULN,8051.907772552572,8061.862625288141,9.954852735569148,7,b3ba5df7-ddbd-4d5c-ab78-9cf122620589,None,None,1,752,5,[],None,None
EXPLOIT_VULN,8061.862625288141,8067.6411927934205,5.77856750527917,7,b3ba5df7-ddbd-4d5c-ab78-9cf122620589,None,None,1,753,5,[],None,None
EXPLOIT_VULN,8067.6411927934205,8083.729305873306,16.08811307988526,7,b3ba5df7-ddbd-4d5c-ab78-9cf122620589,None,None,1,754,5,[],None,None
EXPLOIT_VULN,8083.729305873306,8087.54609658406,3.8167907107545034,7,b3ba5df7-ddbd-4d5c-ab78-9cf122620589,None,None,1,755,5,[],None,None
EXPLOIT_VULN,8087.54609658406,8091.24489764443,3.6988010603699877,7,b3ba5df7-ddbd-4d5c-ab78-9cf122620589,None,None,1,756,5,[],None,None
EXPLOIT_VULN,8091.24489764443,8098.820443150879,7.575545506449089,7,b3ba5df7-ddbd-4d5c-ab78-9cf122620589,None,None,1,757,5,[],application,OSDiversity
SCAN_PORT,8119.265576787024,8144.265576787024,25.0,7,b3ba5df7-ddbd-4d5c-ab78-9cf122620589,None,None,1,757,5,[],None,None
EXPLOIT_VULN,8144.265576787024,8144.769530248705,0.5039534616817036,7,b3ba5df7-ddbd-4d5c-ab78-9cf122620589,None,None,1,757,5,[],None,None
EXPLOIT_VULN,8144.769530248705,8145.328766775698,0.5592365269922084,7,b3ba5df7-ddbd-4d5c-ab78-9cf122620589,None,None,1,758,5,[],None,None
EXPLOIT_VULN,8145.328766775698,8145.924099751858,0.5953329761605346,7,b3ba5df7-ddbd-4d5c-ab78-9cf122620589,None,None,1,759,5,[],None,None
EXPLOIT_VULN,8145.924099751858,8146.961467517313,1.0373677654552012,7,b3ba5df7-ddbd-4d5c-ab78-9cf122620589,None,None,1,760,5,[],None,None
EXPLOIT_VULN,8146.961467517313,8147.390616509568,0.42914899225434056,7,b3ba5df7-ddbd-4d5c-ab78-9cf122620589,None,None,1,761,5,[],None,None
EXPLOIT_VULN,8147.390616509568,8148.302491801952,0.9118752923841384,7,b3ba5df7-ddbd-4d5c-ab78-9cf122620589,None,None,1,762,5,[],None,None
EXPLOIT_VULN,8148.302491801952,8149.990306699095,1.6878148971427436,7,b3ba5df7-ddbd-4d5c-ab78-9cf122620589,None,None,1,763,5,[],None,None
EXPLOIT_VULN,8149.990306699095,8152.8667370497005,2.876430350605915,7,b3ba5df7-ddbd-4d5c-ab78-9cf122620589,None,None,1,764,5,[],None,None
EXPLOIT_VULN,8152.8667370497005,8154.2338326680465,1.3670956183459566,7,b3ba5df7-ddbd-4d5c-ab78-9cf122620589,None,None,1,765,5,[],None,None
EXPLOIT_VULN,8154.2338326680465,8156.028982564584,1.7951498965376231,7,b3ba5df7-ddbd-4d5c-ab78-9cf122620589,None,None,1,766,5,[],None,None
EXPLOIT_VULN,8156.028982564584,8159.46019825554,3.4312156909554687,7,b3ba5df7-ddbd-4d5c-ab78-9cf122620589,None,None,1,767,5,[],None,None
EXPLOIT_VULN,8159.46019825554,8161.673993953384,2.2137956978440343,7,b3ba5df7-ddbd-4d5c-ab78-9cf122620589,None,None,1,768,5,[],None,None
EXPLOIT_VULN,8161.673993953384,8165.643589302007,3.969595348623443,7,b3ba5df7-ddbd-4d5c-ab78-9cf122620589,None,None,1,769,5,[],None,None
EXPLOIT_VULN,8165.643589302007,8167.604065376189,1.9604760741822247,7,b3ba5df7-ddbd-4d5c-ab78-9cf122620589,None,None,1,770,5,[],None,None
EXPLOIT_VULN,8167.604065376189,8172.437729156002,4.833663779812923,7,b3ba5df7-ddbd-4d5c-ab78-9cf122620589,None,None,1,771,5,[],None,None
EXPLOIT_VULN,8172.437729156002,8175.052193589876,2.6144644338737635,7,b3ba5df7-ddbd-4d5c-ab78-9cf122620589,None,None,1,772,5,[],None,None
EXPLOIT_VULN,8175.052193589876,8178.372171608039,3.319978018163056,7,b3ba5df7-ddbd-4d5c-ab78-9cf122620589,None,None,1,773,5,[],None,None
EXPLOIT_VULN,8178.372171608039,8186.468180016604,8.096008408564558,7,b3ba5df7-ddbd-4d5c-ab78-9cf122620589,None,None,1,774,5,[],None,None
EXPLOIT_VULN,8186.468180016604,8191.7914595847005,5.32327956809695,7,b3ba5df7-ddbd-4d5c-ab78-9cf122620589,None,None,1,775,5,[],None,None
EXPLOIT_VULN,8191.7914595847005,8198.385083667505,6.593624082804126,7,b3ba5df7-ddbd-4d5c-ab78-9cf122620589,None,None,1,776,5,[],None,None
EXPLOIT_VULN,8198.385083667505,8210.012021308297,11.626937640792676,7,b3ba5df7-ddbd-4d5c-ab78-9cf122620589,None,None,1,777,5,[],None,None
EXPLOIT_VULN,8210.012021308297,8219.397692948298,9.38567164000051,7,b3ba5df7-ddbd-4d5c-ab78-9cf122620589,None,None,1,778,5,[],None,None
EXPLOIT_VULN,8219.397692948298,8223.199189379384,3.8014964310859796,7,b3ba5df7-ddbd-4d5c-ab78-9cf122620589,None,None,1,779,5,[],None,None
EXPLOIT_VULN,8223.199189379384,8226.800916894932,3.601727515548191,7,b3ba5df7-ddbd-4d5c-ab78-9cf122620589,None,None,1,780,5,[],None,None
EXPLOIT_VULN,8226.800916894932,8241.015415566877,14.214498671944966,7,b3ba5df7-ddbd-4d5c-ab78-9cf122620589,None,None,1,781,5,[],None,None
EXPLOIT_VULN,8241.015415566877,8246.048148390702,5.032732823825427,7,b3ba5df7-ddbd-4d5c-ab78-9cf122620589,None,None,1,782,5,[],None,None
EXPLOIT_VULN,8246.048148390702,8249.52779552589,3.479647135187406,7,b3ba5df7-ddbd-4d5c-ab78-9cf122620589,None,None,1,783,5,[],None,None
EXPLOIT_VULN,8249.52779552589,8252.95241498088,3.424619454990534,7,b3ba5df7-ddbd-4d5c-ab78-9cf122620589,None,None,1,784,5,[],None,None
EXPLOIT_VULN,8252.95241498088,8258.274029156291,5.321614175411014,7,b3ba5df7-ddbd-4d5c-ab78-9cf122620589,None,None,1,785,5,[],None,None
EXPLOIT_VULN,8258.274029156291,8263.613645505544,5.3396163492525375,7,b3ba5df7-ddbd-4d5c-ab78-9cf122620589,None,None,1,786,5,[],None,None
EXPLOIT_VULN,8263.613645505544,8268.086465835378,4.472820329834576,7,b3ba5df7-ddbd-4d5c-ab78-9cf122620589,None,None,1,787,5,[],None,None
EXPLOIT_VULN,8268.086465835378,8274.566349615503,6.47988378012451,7,b3ba5df7-ddbd-4d5c-ab78-9cf122620589,None,None,1,788,5,[],None,None
EXPLOIT_VULN,8274.566349615503,8291.726148550508,17.1597989350048,7,b3ba5df7-ddbd-4d5c-ab78-9cf122620589,None,None,1,789,5,[],None,None
EXPLOIT_VULN,8291.726148550508,8297.95336644861,6.227217898102026,7,b3ba5df7-ddbd-4d5c-ab78-9cf122620589,None,None,1,790,5,[],None,None
EXPLOIT_VULN,8297.95336644861,8305.89935636848,7.945989919870044,7,b3ba5df7-ddbd-4d5c-ab78-9cf122620589,None,None,1,791,5,[],None,None
EXPLOIT_VULN,8305.89935636848,8315.495466346574,9.596109978094319,7,b3ba5df7-ddbd-4d5c-ab78-9cf122620589,None,None,1,792,5,[],None,None
EXPLOIT_VULN,8315.495466346574,8322.345153331264,6.84968698468947,7,b3ba5df7-ddbd-4d5c-ab78-9cf122620589,None,None,1,793,5,[],None,None
EXPLOIT_VULN,8322.345153331264,8331.045901584435,8.700748253171696,7,b3ba5df7-ddbd-4d5c-ab78-9cf122620589,None,None,1,794,5,[],network,CompleteTopologyShuffle
SCAN_HOST,8351.184108238502,8356.184108238502,5.0,-1,-1,None,None,0,794,5,[],None,None
ENUM_HOST,8356.184108238502,8361.184108238502,5.0,-1,-1,None,None,0,794,5,[],None,None
SCAN_PORT,8361.184108238502,8386.184108238502,25.0,31,5fe98889-7eef-4777-a1d4-bdef873f7749,None,None,1,794,5,[],None,None
EXPLOIT_VULN,8386.184108238502,8389.491573070272,3.3074648317706306,31,5fe98889-7eef-4777-a1d4-bdef873f7749,None,None,1,794,5,[],None,None
EXPLOIT_VULN,8389.491573070272,8391.07481422263,1.5832411523570045,31,5fe98889-7eef-4777-a1d4-bdef873f7749,None,None,1,795,5,[],None,None
EXPLOIT_VULN,8391.07481422263,8393.990298188759,2.9154839661296137,31,5fe98889-7eef-4777-a1d4-bdef873f7749,None,None,1,796,5,[],None,None
EXPLOIT_VULN,8393.990298188759,8399.997806126034,6.007507937274568,31,5fe98889-7eef-4777-a1d4-bdef873f7749,None,None,1,797,5,[],None,None
EXPLOIT_VULN,8399.997806126034,8401.583472740049,1.585666614015281,31,5fe98889-7eef-4777-a1d4-bdef873f7749,None,None,1,798,5,[],None,None
EXPLOIT_VULN,8401.583472740049,8405.887617687367,4.304144947318491,31,5fe98889-7eef-4777-a1d4-bdef873f7749,None,None,1,799,5,[],None,None
EXPLOIT_VULN,8405.887617687367,8413.146699000878,7.259081313510251,31,5fe98889-7eef-4777-a1d4-bdef873f7749,None,None,1,800,5,[],None,None
EXPLOIT_VULN,8413.146699000878,8419.383311445035,6.2366124441577995,31,5fe98889-7eef-4777-a1d4-bdef873f7749,None,None,1,801,5,[],None,None
EXPLOIT_VULN,8419.383311445035,8425.065922787911,5.682611342876044,31,5fe98889-7eef-4777-a1d4-bdef873f7749,None,None,1,802,5,[],None,None
EXPLOIT_VULN,8425.065922787911,8436.148567384424,11.082644596512182,31,5fe98889-7eef-4777-a1d4-bdef873f7749,None,None,1,803,5,[],None,None
EXPLOIT_VULN,8436.148567384424,8438.896749117903,2.748181733479214,31,5fe98889-7eef-4777-a1d4-bdef873f7749,None,None,1,804,5,[],None,None
EXPLOIT_VULN,8438.896749117903,8445.747426262027,6.850677144124347,31,5fe98889-7eef-4777-a1d4-bdef873f7749,None,None,1,805,5,[],None,None
EXPLOIT_VULN,8445.747426262027,8450.21541147874,4.467985216713714,31,5fe98889-7eef-4777-a1d4-bdef873f7749,None,None,1,806,5,[],None,None
BRUTE_FORCE,8450.21541147874,8470.21541147874,20.0,31,5fe98889-7eef-4777-a1d4-bdef873f7749,None,None,1,807,5,[],None,None
ENUM_HOST,8470.21541147874,8475.21541147874,5.0,31,5fe98889-7eef-4777-a1d4-bdef873f7749,None,None,1,807,5,[],None,None
SCAN_PORT,8475.21541147874,8492.797777180713,17.582365701971867,7,b3ba5df7-ddbd-4d5c-ab78-9cf122620589,None,None,2,807,5,[],application,ServiceDiversity
SCAN_PORT,8513.303592273875,8538.303592273875,25.0,7,b3ba5df7-ddbd-4d5c-ab78-9cf122620589,None,None,2,807,5,[],None,None
EXPLOIT_VULN,8538.303592273875,8538.6003848158,0.2967925419252424,7,b3ba5df7-ddbd-4d5c-ab78-9cf122620589,None,None,2,807,5,[],None,None
EXPLOIT_VULN,8538.6003848158,8539.358790670105,0.7584058543052379,7,b3ba5df7-ddbd-4d5c-ab78-9cf122620589,None,None,2,808,5,[],None,None
EXPLOIT_VULN,8539.358790670105,8540.72315835547,1.3643676853644138,7,b3ba5df7-ddbd-4d5c-ab78-9cf122620589,None,None,2,809,5,[],None,None
EXPLOIT_VULN,8540.72315835547,8544.036590628246,3.313432272776481,7,b3ba5df7-ddbd-4d5c-ab78-9cf122620589,None,None,2,810,5,[],None,None
EXPLOIT_VULN,8544.036590628246,8544.617950894746,0.5813602665002691,7,b3ba5df7-ddbd-4d5c-ab78-9cf122620589,None,None,2,811,5,[],None,None
EXPLOIT_VULN,8544.617950894746,8545.528211778043,0.9102608832963597,7,b3ba5df7-ddbd-4d5c-ab78-9cf122620589,None,None,2,812,5,[],None,None
EXPLOIT_VULN,8545.528211778043,8546.472691335606,0.9444795575636817,7,b3ba5df7-ddbd-4d5c-ab78-9cf122620589,None,None,2,813,5,[],None,None
EXPLOIT_VULN,8546.472691335606,8548.943192878833,2.470501543226419,7,b3ba5df7-ddbd-4d5c-ab78-9cf122620589,None,None,2,814,5,[],None,None
EXPLOIT_VULN,8548.943192878833,8551.468537420144,2.525344541310915,7,b3ba5df7-ddbd-4d5c-ab78-9cf122620589,None,None,2,815,5,[],None,None
EXPLOIT_VULN,8551.468537420144,8556.964392099444,5.495854679300464,7,b3ba5df7-ddbd-4d5c-ab78-9cf122620589,None,None,2,816,5,[],None,None
EXPLOIT_VULN,8556.964392099444,8562.42298591009,5.458593810646562,7,b3ba5df7-ddbd-4d5c-ab78-9cf122620589,None,None,2,817,5,[],None,None
EXPLOIT_VULN,8562.42298591009,8562.912555292149,0.4895693820581073,7,b3ba5df7-ddbd-4d5c-ab78-9cf122620589,None,None,2,818,5,[],None,None
EXPLOIT_VULN,8562.912555292149,8570.228382414483,7.315827122334667,7,b3ba5df7-ddbd-4d5c-ab78-9cf122620589,None,None,2,819,5,[],None,None
EXPLOIT_VULN,8570.228382414483,8573.324832785926,3.096450371442188,7,b3ba5df7-ddbd-4d5c-ab78-9cf122620589,None,None,2,820,5,[],None,None
EXPLOIT_VULN,8573.324832785926,8576.771496494219,3.446663708293272,7,b3ba5df7-ddbd-4d5c-ab78-9cf122620589,None,None,2,821,5,[],None,None
EXPLOIT_VULN,8576.771496494219,8584.765435325306,7.99393883108678,7,b3ba5df7-ddbd-4d5c-ab78-9cf122620589,None,None,2,822,5,[],None,None
EXPLOIT_VULN,8584.765435325306,8597.06500850532,12.299573180014704,7,b3ba5df7-ddbd-4d5c-ab78-9cf122620589,None,None,2,823,5,[],None,None
EXPLOIT_VULN,8597.06500850532,8607.975814689036,10.910806183715977,7,b3ba5df7-ddbd-4d5c-ab78-9cf122620589,None,None,2,824,5,[],None,None
EXPLOIT_VULN,8607.975814689036,8612.147381641404,4.171566952367357,7,b3ba5df7-ddbd-4d5c-ab78-9cf122620589,None,None,2,825,5,[],None,None
EXPLOIT_VULN,8612.147381641404,8626.991342015717,14.84396037431361,7,b3ba5df7-ddbd-4d5c-ab78-9cf122620589,None,None,2,826,5,[],None,None
EXPLOIT_VULN,8626.991342015717,8628.341342401318,1.3500003856006515,7,b3ba5df7-ddbd-4d5c-ab78-9cf122620589,None,None,2,827,5,[],None,None
EXPLOIT_VULN,8628.341342401318,8631.826659110384,3.4853167090659554,7,b3ba5df7-ddbd-4d5c-ab78-9cf122620589,None,None,2,828,5,[],None,None
EXPLOIT_VULN,8631.826659110384,8635.214738089722,3.3880789793383883,7,b3ba5df7-ddbd-4d5c-ab78-9cf122620589,None,None,2,829,5,[],None,None
EXPLOIT_VULN,8635.214738089722,8641.383122612167,6.168384522445194,7,b3ba5df7-ddbd-4d5c-ab78-9cf122620589,None,None,2,830,5,[],None,None
EXPLOIT_VULN,8641.383122612167,8648.583315759268,7.2001931471004355,7,b3ba5df7-ddbd-4d5c-ab78-9cf122620589,None,None,2,831,5,[],None,None
EXPLOIT_VULN,8648.583315759268,8653.887766926413,5.304451167145089,7,b3ba5df7-ddbd-4d5c-ab78-9cf122620589,None,None,2,832,5,[],None,None
EXPLOIT_VULN,8653.887766926413,8664.926034176206,11.038267249792625,7,b3ba5df7-ddbd-4d5c-ab78-9cf122620589,None,None,2,833,5,[],None,None
EXPLOIT_VULN,8664.926034176206,8678.94222927973,14.016195103524296,7,b3ba5df7-ddbd-4d5c-ab78-9cf122620589,None,None,2,834,5,[],None,None
EXPLOIT_VULN,8678.94222927973,8691.05025944215,12.108030162420619,7,b3ba5df7-ddbd-4d5c-ab78-9cf122620589,None,None,2,835,5,[],None,None
EXPLOIT_VULN,8691.05025944215,8698.035619596327,6.9853601541763055,7,b3ba5df7-ddbd-4d5c-ab78-9cf122620589,None,None,2,836,5,[],None,None
EXPLOIT_VULN,8698.035619596327,8704.219609150725,6.183989554398067,7,b3ba5df7-ddbd-4d5c-ab78-9cf122620589,None,None,2,837,5,[],None,None
EXPLOIT_VULN,8704.219609150725,8723.066647647536,18.847038496811365,7,b3ba5df7-ddbd-4d5c-ab78-9cf122620589,None,None,2,838,5,[],None,None
EXPLOIT_VULN,8723.066647647536,8731.512745016173,8.446097368636401,7,b3ba5df7-ddbd-4d5c-ab78-9cf122620589,None,None,2,839,5,[],None,None
EXPLOIT_VULN,8731.512745016173,8732.948526738965,1.435781722791944,7,b3ba5df7-ddbd-4d5c-ab78-9cf122620589,None,None,2,840,5,[],network,CompleteTopologyShuffle
SCAN_HOST,8753.05097621155,8758.05097621155,5.0,-1,-1,None,None,0,840,5,[],None,None
ENUM_HOST,8758.05097621155,8763.05097621155,5.0,-1,-1,None,None,0,840,5,[],None,None
SCAN_PORT,8763.05097621155,8788.05097621155,25.0,11,68aab60f-6d72-4bc4-8d4c-b6114f852152,None,None,1,840,5,[],None,None
EXPLOIT_VULN,8788.05097621155,8790.419629810885,2.3686535993347206,11,68aab60f-6d72-4bc4-8d4c-b6114f852152,None,None,1,840,5,[],None,None
EXPLOIT_VULN,8790.419629810885,8791.615727145638,1.1960973347522668,11,68aab60f-6d72-4bc4-8d4c-b6114f852152,None,None,1,841,5,[],None,None
EXPLOIT_VULN,8791.615727145638,8796.797310074115,5.181582928476928,11,68aab60f-6d72-4bc4-8d4c-b6114f852152,None,None,1,842,5,[],None,None
EXPLOIT_VULN,8796.797310074115,8800.480929523166,3.683619449051548,11,68aab60f-6d72-4bc4-8d4c-b6114f852152,None,None,1,843,5,[],None,None
EXPLOIT_VULN,8800.480929523166,8806.934171801719,6.453242278552352,11,68aab60f-6d72-4bc4-8d4c-b6114f852152,None,None,1,844,5,[],None,None
EXPLOIT_VULN,8806.934171801719,8813.03823873372,6.104066932000933,11,68aab60f-6d72-4bc4-8d4c-b6114f852152,None,None,1,845,5,[],None,None
EXPLOIT_VULN,8813.03823873372,8819.957025151029,6.918786417309093,11,68aab60f-6d72-4bc4-8d4c-b6114f852152,None,None,1,846,5,[],None,None
EXPLOIT_VULN,8819.957025151029,8827.043938642351,7.086913491322775,11,68aab60f-6d72-4bc4-8d4c-b6114f852152,None,None,1,847,5,[],None,None
EXPLOIT_VULN,8827.043938642351,8831.146050899646,4.102112257294721,11,68aab60f-6d72-4bc4-8d4c-b6114f852152,None,None,1,848,5,[],None,None
EXPLOIT_VULN,8831.146050899646,8848.148346421807,17.00229552216115,11,68aab60f-6d72-4bc4-8d4c-b6114f852152,None,None,1,849,5,[],None,None
EXPLOIT_VULN,8848.148346421807,8852.39431281455,4.245966392742048,11,68aab60f-6d72-4bc4-8d4c-b6114f852152,None,None,1,850,5,[],None,None
EXPLOIT_VULN,8852.39431281455,8858.221937812072,5.827624997522435,11,68aab60f-6d72-4bc4-8d4c-b6114f852152,None,None,1,851,5,[],None,None
EXPLOIT_VULN,8858.221937812072,8874.060927116616,15.838989304544157,11,68aab60f-6d72-4bc4-8d4c-b6114f852152,None,None,1,852,5,[],None,None
EXPLOIT_VULN,8874.060927116616,8877.01433534744,2.9534082308236975,11,68aab60f-6d72-4bc4-8d4c-b6114f852152,None,None,1,853,5,[],None,None
EXPLOIT_VULN,8877.01433534744,8883.807968382773,6.793633035333187,11,68aab60f-6d72-4bc4-8d4c-b6114f852152,None,None,1,854,5,[],None,None
EXPLOIT_VULN,8883.807968382773,8890.971376755102,7.163408372329286,11,68aab60f-6d72-4bc4-8d4c-b6114f852152,None,None,1,855,5,[],None,None
EXPLOIT_VULN,8890.971376755102,8898.453858307397,7.482481552295212,11,68aab60f-6d72-4bc4-8d4c-b6114f852152,None,None,1,856,5,[],None,None
EXPLOIT_VULN,8898.453858307397,8902.097977098983,3.644118791586152,11,68aab60f-6d72-4bc4-8d4c-b6114f852152,None,None,1,857,5,[],None,None
EXPLOIT_VULN,8902.097977098983,8911.392388144272,9.294411045288143,11,68aab60f-6d72-4bc4-8d4c-b6114f852152,None,None,1,858,5,[],None,None
EXPLOIT_VULN,8911.392388144272,8925.363116169327,13.970728025054996,11,68aab60f-6d72-4bc4-8d4c-b6114f852152,None,None,1,859,5,[],None,None
BRUTE_FORCE,8925.363116169327,8932.91515191841,7.552035749084098,11,68aab60f-6d72-4bc4-8d4c-b6114f852152,None,None,1,860,5,[],network,CompleteTopologyShuffle
SCAN_HOST,8952.959397249275,8957.959397249275,5.0,-1,-1,None,None,0,860,5,[],None,None
ENUM_HOST,8957.959397249275,8962.959397249275,5.0,-1,-1,None,None,0,860,5,[],None,None
SCAN_PORT,8962.959397249275,8987.959397249275,25.0,20,7fdd6ba1-b974-4360-8a09-ebc5c2a3de57,None,None,4,860,5,[],None,None
EXPLOIT_VULN,8987.959397249275,8988.482200028418,0.5228027791436034,20,7fdd6ba1-b974-4360-8a09-ebc5c2a3de57,None,None,4,860,5,[],None,None
EXPLOIT_VULN,8988.482200028418,8990.342168968209,1.8599689397906332,20,7fdd6ba1-b974-4360-8a09-ebc5c2a3de57,None,None,4,861,5,[],None,None
EXPLOIT_VULN,8990.342168968209,8998.262696092084,7.9205271238752175,20,7fdd6ba1-b974-4360-8a09-ebc5c2a3de57,None,None,4,862,5,[],None,None
EXPLOIT_VULN,8998.262696092084,9004.611080045797,6.3483839537129825,20,7fdd6ba1-b974-4360-8a09-ebc5c2a3de57,None,None,4,863,5,[],None,None
EXPLOIT_VULN,9004.611080045797,9015.889669280763,11.278589234965693,20,7fdd6ba1-b974-4360-8a09-ebc5c2a3de57,None,None,4,864,5,[],None,None
EXPLOIT_VULN,9015.889669280763,9020.062842431951,4.173173151188166,20,7fdd6ba1-b974-4360-8a09-ebc5c2a3de57,None,None,4,865,5,[],None,None
EXPLOIT_VULN,9020.062842431951,9026.0136703881,5.950827956148714,20,7fdd6ba1-b974-4360-8a09-ebc5c2a3de57,None,None,4,866,5,[],None,None
EXPLOIT_VULN,9026.0136703881,9030.547984181683,4.534313793583351,20,7fdd6ba1-b974-4360-8a09-ebc5c2a3de57,None,None,4,867,5,[],None,None
EXPLOIT_VULN,9030.547984181683,9039.661765586978,9.113781405294503,20,7fdd6ba1-b974-4360-8a09-ebc5c2a3de57,None,None,4,868,5,[],None,None
EXPLOIT_VULN,9039.661765586978,9044.010029770803,4.348264183825449,20,7fdd6ba1-b974-4360-8a09-ebc5c2a3de57,None,None,4,869,5,[],None,None
EXPLOIT_VULN,9044.010029770803,9048.7542100224,4.744180251596845,20,7fdd6ba1-b974-4360-8a09-ebc5c2a3de57,None,None,4,870,5,[],None,None
EXPLOIT_VULN,9048.7542100224,9055.630691465165,6.876481442764998,20,7fdd6ba1-b974-4360-8a09-ebc5c2a3de57,None,None,4,871,5,[],None,None
EXPLOIT_VULN,9055.630691465165,9061.03276608152,5.402074616355094,20,7fdd6ba1-b974-4360-8a09-ebc5c2a3de57,None,None,4,872,5,[],None,None
EXPLOIT_VULN,9061.03276608152,9069.26465892436,8.231892842839443,20,7fdd6ba1-b974-4360-8a09-ebc5c2a3de57,None,None,4,873,5,[],None,None
EXPLOIT_VULN,9069.26465892436,9076.348514615236,7.0838556908765895,20,7fdd6ba1-b974-4360-8a09-ebc5c2a3de57,None,None,4,874,5,[],None,None
BRUTE_FORCE,9076.348514615236,9096.348514615236,20.0,20,7fdd6ba1-b974-4360-8a09-ebc5c2a3de57,None,None,4,875,5,[],None,None
ENUM_HOST,9096.348514615236,9101.348514615236,5.0,20,7fdd6ba1-b974-4360-8a09-ebc5c2a3de57,None,None,4,875,5,[],None,None
SCAN_PORT,9101.348514615236,9123.064953351042,21.71643873580615,13,0e539f22-82dc-4f92-990a-446ed3527803,None,None,1,875,5,[],network,IPShuffle
SCAN_HOST,9143.326864969187,9148.326864969187,5.0,-1,-1,None,None,0,875,5,[],None,None
ENUM_HOST,9148.326864969187,9153.326864969187,5.0,-1,-1,None,None,0,875,5,[],None,None
SCAN_PORT,9153.326864969187,9178.326864969187,25.0,20,7fdd6ba1-b974-4360-8a09-ebc5c2a3de57,None,None,5,875,5,[],None,None
EXPLOIT_VULN,9178.326864969187,9178.886739057283,0.5598740880959667,20,7fdd6ba1-b974-4360-8a09-ebc5c2a3de57,None,None,5,875,5,[],None,None
EXPLOIT_VULN,9178.886739057283,9180.896643311022,2.0099042537385685,20,7fdd6ba1-b974-4360-8a09-ebc5c2a3de57,None,None,5,876,5,[],None,None
EXPLOIT_VULN,9180.896643311022,9183.944075557212,3.0474322461905103,20,7fdd6ba1-b974-4360-8a09-ebc5c2a3de57,None,None,5,877,5,[],None,None
EXPLOIT_VULN,9183.944075557212,9185.66373754403,1.7196619868173002,20,7fdd6ba1-b974-4360-8a09-ebc5c2a3de57,None,None,5,878,5,[],None,None
EXPLOIT_VULN,9185.66373754403,9188.164355207293,2.500617663263256,20,7fdd6ba1-b974-4360-8a09-ebc5c2a3de57,None,None,5,879,5,[],None,None
EXPLOIT_VULN,9188.164355207293,9192.508251876323,4.343896669030073,20,7fdd6ba1-b974-4360-8a09-ebc5c2a3de57,None,None,5,880,5,[],None,None
EXPLOIT_VULN,9192.508251876323,9194.309559684252,1.8013078079293336,20,7fdd6ba1-b974-4360-8a09-ebc5c2a3de57,None,None,5,881,5,[],None,None
EXPLOIT_VULN,9194.309559684252,9196.81748930068,2.5079296164276457,20,7fdd6ba1-b974-4360-8a09-ebc5c2a3de57,None,None,5,882,5,[],None,None
EXPLOIT_VULN,9196.81748930068,9204.293279462152,7.475790161472105,20,7fdd6ba1-b974-4360-8a09-ebc5c2a3de57,None,None,5,883,5,[],None,None
EXPLOIT_VULN,9204.293279462152,9208.019223455984,3.7259439938316063,20,7fdd6ba1-b974-4360-8a09-ebc5c2a3de57,None,None,5,884,5,[],None,None
EXPLOIT_VULN,9208.019223455984,9214.784608064394,6.765384608410386,20,7fdd6ba1-b974-4360-8a09-ebc5c2a3de57,None,None,5,885,5,[],None,None
EXPLOIT_VULN,9214.784608064394,9218.319464515427,3.5348564510331926,20,7fdd6ba1-b974-4360-8a09-ebc5c2a3de57,None,None,5,886,5,[],None,None
EXPLOIT_VULN,9218.319464515427,9222.357229330046,4.03776481461864,20,7fdd6ba1-b974-4360-8a09-ebc5c2a3de57,None,None,5,887,5,[],None,None
EXPLOIT_VULN,9222.357229330046,9226.477738234435,4.120508904388771,20,7fdd6ba1-b974-4360-8a09-ebc5c2a3de57,None,None,5,888,5,[],None,None
EXPLOIT_VULN,9226.477738234435,9228.97641726515,2.4986790307157207,20,7fdd6ba1-b974-4360-8a09-ebc5c2a3de57,None,None,5,889,5,[],None,None
EXPLOIT_VULN,9228.97641726515,9231.412332623027,2.435915357877093,20,7fdd6ba1-b974-4360-8a09-ebc5c2a3de57,None,None,5,890,5,[],None,None
EXPLOIT_VULN,9231.412332623027,9235.055669013696,3.643336390668992,20,7fdd6ba1-b974-4360-8a09-ebc5c2a3de57,None,None,5,891,5,[],None,None
EXPLOIT_VULN,9235.055669013696,9238.980262373163,3.9245933594665985,20,7fdd6ba1-b974-4360-8a09-ebc5c2a3de57,None,None,5,892,5,[],None,None
EXPLOIT_VULN,9238.980262373163,9249.696460017865,10.716197644702333,20,7fdd6ba1-b974-4360-8a09-ebc5c2a3de57,None,None,5,893,5,[],None,None
EXPLOIT_VULN,9249.696460017865,9253.262618658127,3.566158640262074,20,7fdd6ba1-b974-4360-8a09-ebc5c2a3de57,None,None,5,894,5,[],None,None
EXPLOIT_VULN,9253.262618658127,9261.294691750116,8.032073091988423,20,7fdd6ba1-b974-4360-8a09-ebc5c2a3de57,None,None,5,895,5,[],None,None
EXPLOIT_VULN,9261.294691750116,9267.853256808481,6.558565058365275,20,7fdd6ba1-b974-4360-8a09-ebc5c2a3de57,None,None,5,896,5,[],None,None
EXPLOIT_VULN,9267.853256808481,9270.37219068854,2.518933880059194,20,7fdd6ba1-b974-4360-8a09-ebc5c2a3de57,None,None,5,897,5,[],None,None
EXPLOIT_VULN,9270.37219068854,9276.709220353747,6.337029665206501,20,7fdd6ba1-b974-4360-8a09-ebc5c2a3de57,None,None,5,898,5,[],None,None
EXPLOIT_VULN,9276.709220353747,9280.281403170075,3.572182816327768,20,7fdd6ba1-b974-4360-8a09-ebc5c2a3de57,None,None,5,899,5,[],None,None
EXPLOIT_VULN,9280.281403170075,9289.36231608763,9.080912917555906,20,7fdd6ba1-b974-4360-8a09-ebc5c2a3de57,None,None,5,900,5,[],None,None
EXPLOIT_VULN,9289.36231608763,9294.624102567312,5.261786479681177,20,7fdd6ba1-b974-4360-8a09-ebc5c2a3de57,None,None,5,901,5,[],None,None
EXPLOIT_VULN,9294.624102567312,9303.472408090558,8.848305523246381,20,7fdd6ba1-b974-4360-8a09-ebc5c2a3de57,None,None,5,902,5,[],None,None
EXPLOIT_VULN,9303.472408090558,9318.503650978495,15.031242887936969,20,7fdd6ba1-b974-4360-8a09-ebc5c2a3de57,20,7fdd6ba1-b974-4360-8a09-ebc5c2a3de57,5,903,5,"['Brianne', 'Shalne']",None,None
SCAN_NEIGHBOR,9318.503650978495,9323.503650978495,5.0,20,7fdd6ba1-b974-4360-8a09-ebc5c2a3de57,None,None,5,904,6,[],None,None
ENUM_HOST,9323.503650978495,9328.503650978495,5.0,20,7fdd6ba1-b974-4360-8a09-ebc5c2a3de57,None,None,5,904,6,[],None,None
SCAN_PORT,9328.503650978495,9333.897233756663,5.393582778167911,17,e77d0c0c-92f1-4a6e-9bba-78ff3381311d,None,None,3,904,6,[],network,CompleteTopologyShuffle
SCAN_HOST,9354.325489546969,9359.325489546969,5.0,-1,-1,None,None,0,904,6,[],None,None
ENUM_HOST,9359.325489546969,9364.325489546969,5.0,-1,-1,None,None,0,904,6,[],None,None
SCAN_PORT,9364.325489546969,9389.325489546969,25.0,34,47053269-dac7-4b00-a172-a7fec8f95b50,None,None,5,904,6,[],None,None
EXPLOIT_VULN,9389.325489546969,9391.161629547047,1.8361400000776484,34,47053269-dac7-4b00-a172-a7fec8f95b50,None,None,5,904,6,[],None,None
EXPLOIT_VULN,9391.161629547047,9392.054139698868,0.8925101518216252,34,47053269-dac7-4b00-a172-a7fec8f95b50,None,None,5,905,6,[],None,None
EXPLOIT_VULN,9392.054139698868,9393.973064666683,1.9189249678147462,34,47053269-dac7-4b00-a172-a7fec8f95b50,None,None,5,906,6,[],None,None
EXPLOIT_VULN,9393.973064666683,9395.940231048902,1.9671663822191476,34,47053269-dac7-4b00-a172-a7fec8f95b50,None,None,5,907,6,[],None,None
EXPLOIT_VULN,9395.940231048902,9400.299941095765,4.359710046863256,34,47053269-dac7-4b00-a172-a7fec8f95b50,None,None,5,908,6,[],None,None
EXPLOIT_VULN,9400.299941095765,9411.471563626077,11.171622530311652,34,47053269-dac7-4b00-a172-a7fec8f95b50,None,None,5,909,6,[],None,None
EXPLOIT_VULN,9411.471563626077,9417.861318315328,6.389754689251276,34,47053269-dac7-4b00-a172-a7fec8f95b50,None,None,5,910,6,[],None,None
EXPLOIT_VULN,9417.861318315328,9423.293226007583,5.431907692254754,34,47053269-dac7-4b00-a172-a7fec8f95b50,None,None,5,911,6,[],None,None
EXPLOIT_VULN,9423.293226007583,9428.737760017355,5.4445340097718145,34,47053269-dac7-4b00-a172-a7fec8f95b50,None,None,5,912,6,[],None,None
EXPLOIT_VULN,9428.737760017355,9438.130008669063,9.392248651707632,34,47053269-dac7-4b00-a172-a7fec8f95b50,None,None,5,913,6,[],None,None
EXPLOIT_VULN,9438.130008669063,9447.434264493008,9.304255823944914,34,47053269-dac7-4b00-a172-a7fec8f95b50,None,None,5,914,6,[],None,None
EXPLOIT_VULN,9447.434264493008,9465.473762933303,18.039498440295574,34,47053269-dac7-4b00-a172-a7fec8f95b50,None,None,5,915,6,[],None,None
EXPLOIT_VULN,9465.473762933303,9474.26965058318,8.795887649876022,34,47053269-dac7-4b00-a172-a7fec8f95b50,None,None,5,916,6,[],None,None
BRUTE_FORCE,9474.26965058318,9494.26965058318,20.0,34,47053269-dac7-4b00-a172-a7fec8f95b50,None,None,5,917,6,[],None,None
ENUM_HOST,9494.26965058318,9499.26965058318,5.0,34,47053269-dac7-4b00-a172-a7fec8f95b50,None,None,5,917,6,[],None,None
SCAN_PORT,9499.26965058318,9523.289421777701,24.019771194522036,13,0e539f22-82dc-4f92-990a-446ed3527803,None,None,2,917,6,[],network,IPShuffle
SCAN_HOST,9543.498179473167,9548.498179473167,5.0,-1,-1,None,None,0,917,6,[],None,None
ENUM_HOST,9548.498179473167,9553.498179473167,5.0,-1,-1,None,None,0,917,6,[],None,None
SCAN_PORT,9553.498179473167,9578.498179473167,25.0,16,405a81d8-a06b-40bb-a0c6-b4c2e4df6657,None,None,4,917,6,[],None,None
EXPLOIT_VULN,9578.498179473167,9578.8753410828,0.37716160963282164,16,405a81d8-a06b-40bb-a0c6-b4c2e4df6657,None,None,4,917,6,[],None,None
EXPLOIT_VULN,9578.8753410828,9580.629134004064,1.7537929212649033,16,405a81d8-a06b-40bb-a0c6-b4c2e4df6657,None,None,4,918,6,[],None,None
EXPLOIT_VULN,9580.629134004064,9581.263089557338,0.6339555532740633,16,405a81d8-a06b-40bb-a0c6-b4c2e4df6657,None,None,4,919,6,[],None,None
EXPLOIT_VULN,9581.263089557338,9582.342677755965,1.0795881986268796,16,405a81d8-a06b-40bb-a0c6-b4c2e4df6657,None,None,4,920,6,[],None,None
EXPLOIT_VULN,9582.342677755965,9585.815393050209,3.472715294243244,16,405a81d8-a06b-40bb-a0c6-b4c2e4df6657,None,None,4,921,6,[],None,None
EXPLOIT_VULN,9585.815393050209,9587.51034366335,1.6949506131422822,16,405a81d8-a06b-40bb-a0c6-b4c2e4df6657,None,None,4,922,6,[],None,None
EXPLOIT_VULN,9587.51034366335,9590.236597491732,2.726253828381232,16,405a81d8-a06b-40bb-a0c6-b4c2e4df6657,None,None,4,923,6,[],None,None
EXPLOIT_VULN,9590.236597491732,9592.205431212486,1.968833720753537,16,405a81d8-a06b-40bb-a0c6-b4c2e4df6657,None,None,4,924,6,[],None,None
EXPLOIT_VULN,9592.205431212486,9594.328685107077,2.123253894591471,16,405a81d8-a06b-40bb-a0c6-b4c2e4df6657,None,None,4,925,6,[],None,None
EXPLOIT_VULN,9594.328685107077,9601.684578451874,7.355893344796641,16,405a81d8-a06b-40bb-a0c6-b4c2e4df6657,None,None,4,926,6,[],None,None
EXPLOIT_VULN,9601.684578451874,9603.784963797076,2.100385345202085,16,405a81d8-a06b-40bb-a0c6-b4c2e4df6657,None,None,4,927,6,[],None,None
EXPLOIT_VULN,9603.784963797076,9605.584124109713,1.7991603126374685,16,405a81d8-a06b-40bb-a0c6-b4c2e4df6657,None,None,4,928,6,[],None,None
EXPLOIT_VULN,9605.584124109713,9605.891089480212,0.30696537049880135,16,405a81d8-a06b-40bb-a0c6-b4c2e4df6657,None,None,4,929,6,[],None,None
EXPLOIT_VULN,9605.891089480212,9609.326085523087,3.4349960428753548,16,405a81d8-a06b-40bb-a0c6-b4c2e4df6657,None,None,4,930,6,[],None,None
EXPLOIT_VULN,9609.326085523087,9613.896567679338,4.570482156250364,16,405a81d8-a06b-40bb-a0c6-b4c2e4df6657,None,None,4,931,6,[],None,None
EXPLOIT_VULN,9613.896567679338,9619.279024506215,5.382456826877387,16,405a81d8-a06b-40bb-a0c6-b4c2e4df6657,None,None,4,932,6,[],None,None
EXPLOIT_VULN,9619.279024506215,9623.451632103031,4.172607596816306,16,405a81d8-a06b-40bb-a0c6-b4c2e4df6657,None,None,4,933,6,[],None,None
EXPLOIT_VULN,9623.451632103031,9627.276002028739,3.8243699257072876,16,405a81d8-a06b-40bb-a0c6-b4c2e4df6657,None,None,4,934,6,[],None,None
EXPLOIT_VULN,9627.276002028739,9630.916594908513,3.640592879773976,16,405a81d8-a06b-40bb-a0c6-b4c2e4df6657,None,None,4,935,6,[],None,None
EXPLOIT_VULN,9630.916594908513,9634.568315776496,3.6517208679833857,16,405a81d8-a06b-40bb-a0c6-b4c2e4df6657,None,None,4,936,6,[],None,None
EXPLOIT_VULN,9634.568315776496,9647.753567777892,13.185252001396293,16,405a81d8-a06b-40bb-a0c6-b4c2e4df6657,None,None,4,937,6,[],None,None
EXPLOIT_VULN,9647.753567777892,9649.758969756607,2.005401978714872,16,405a81d8-a06b-40bb-a0c6-b4c2e4df6657,None,None,4,938,6,[],None,None
EXPLOIT_VULN,9649.758969756607,9652.801962102889,3.0429923462816078,16,405a81d8-a06b-40bb-a0c6-b4c2e4df6657,None,None,4,939,6,[],None,None
EXPLOIT_VULN,9652.801962102889,9658.633090446232,5.831128343343153,16,405a81d8-a06b-40bb-a0c6-b4c2e4df6657,None,None,4,940,6,[],None,None
EXPLOIT_VULN,9658.633090446232,9672.490433770563,13.857343324330941,16,405a81d8-a06b-40bb-a0c6-b4c2e4df6657,None,None,4,941,6,[],None,None
EXPLOIT_VULN,9672.490433770563,9688.962244875382,16.4718111048187,16,405a81d8-a06b-40bb-a0c6-b4c2e4df6657,None,None,4,942,6,[],None,None
EXPLOIT_VULN,9688.962244875382,9693.796885448814,4.834640573431898,16,405a81d8-a06b-40bb-a0c6-b4c2e4df6657,None,None,4,943,6,[],application,ServiceDiversity
SCAN_PORT,9714.169600991909,9739.169600991909,25.0,16,405a81d8-a06b-40bb-a0c6-b4c2e4df6657,None,None,4,943,6,[],None,None
EXPLOIT_VULN,9739.169600991909,9739.819599760453,0.64999876854381,16,405a81d8-a06b-40bb-a0c6-b4c2e4df6657,None,None,4,943,6,[],None,None
EXPLOIT_VULN,9739.819599760453,9742.000699232753,2.1810994723000476,16,405a81d8-a06b-40bb-a0c6-b4c2e4df6657,None,None,4,944,6,[],None,None
EXPLOIT_VULN,9742.000699232753,9743.739338932775,1.738639700022759,16,405a81d8-a06b-40bb-a0c6-b4c2e4df6657,None,None,4,945,6,[],None,None
EXPLOIT_VULN,9743.739338932775,9745.069931270436,1.3305923376610735,16,405a81d8-a06b-40bb-a0c6-b4c2e4df6657,None,None,4,946,6,[],None,None
EXPLOIT_VULN,9745.069931270436,9746.727195094736,1.6572638242996618,16,405a81d8-a06b-40bb-a0c6-b4c2e4df6657,None,None,4,947,6,[],None,None
EXPLOIT_VULN,9746.727195094736,9751.372368150165,4.645173055429041,16,405a81d8-a06b-40bb-a0c6-b4c2e4df6657,None,None,4,948,6,[],None,None
EXPLOIT_VULN,9751.372368150165,9752.854409914726,1.482041764560563,16,405a81d8-a06b-40bb-a0c6-b4c2e4df6657,None,None,4,949,6,[],None,None
EXPLOIT_VULN,9752.854409914726,9754.507356454536,1.6529465398107277,16,405a81d8-a06b-40bb-a0c6-b4c2e4df6657,None,None,4,950,6,[],None,None
EXPLOIT_VULN,9754.507356454536,9755.810932948529,1.3035764939922956,16,405a81d8-a06b-40bb-a0c6-b4c2e4df6657,None,None,4,951,6,[],None,None
EXPLOIT_VULN,9755.810932948529,9760.242257491565,4.4313245430366806,16,405a81d8-a06b-40bb-a0c6-b4c2e4df6657,None,None,4,952,6,[],None,None
EXPLOIT_VULN,9760.242257491565,9761.575152933654,1.3328954420885566,16,405a81d8-a06b-40bb-a0c6-b4c2e4df6657,None,None,4,953,6,[],None,None
EXPLOIT_VULN,9761.575152933654,9764.133207812909,2.558054879254996,16,405a81d8-a06b-40bb-a0c6-b4c2e4df6657,None,None,4,954,6,[],None,None
EXPLOIT_VULN,9764.133207812909,9766.844775745412,2.7115679325033852,16,405a81d8-a06b-40bb-a0c6-b4c2e4df6657,None,None,4,955,6,[],None,None
EXPLOIT_VULN,9766.844775745412,9768.807674138023,1.962898392610441,16,405a81d8-a06b-40bb-a0c6-b4c2e4df6657,None,None,4,956,6,[],None,None
EXPLOIT_VULN,9768.807674138023,9772.063282445732,3.255608307708826,16,405a81d8-a06b-40bb-a0c6-b4c2e4df6657,None,None,4,957,6,[],None,None
EXPLOIT_VULN,9772.063282445732,9774.626196518346,2.5629140726141486,16,405a81d8-a06b-40bb-a0c6-b4c2e4df6657,None,None,4,958,6,[],None,None
EXPLOIT_VULN,9774.626196518346,9776.797358211008,2.171161692662281,16,405a81d8-a06b-40bb-a0c6-b4c2e4df6657,None,None,4,959,6,[],None,None
EXPLOIT_VULN,9776.797358211008,9785.246365367233,8.44900715622498,16,405a81d8-a06b-40bb-a0c6-b4c2e4df6657,None,None,4,960,6,[],None,None
EXPLOIT_VULN,9785.246365367233,9792.993503305646,7.747137938413289,16,405a81d8-a06b-40bb-a0c6-b4c2e4df6657,None,None,4,961,6,[],None,None
EXPLOIT_VULN,9792.993503305646,9802.815358946546,9.82185564089923,16,405a81d8-a06b-40bb-a0c6-b4c2e4df6657,None,None,4,962,6,[],None,None
EXPLOIT_VULN,9802.815358946546,9806.568918588182,3.753559641636457,16,405a81d8-a06b-40bb-a0c6-b4c2e4df6657,None,None,4,963,6,[],None,None
EXPLOIT_VULN,9806.568918588182,9812.576341007485,6.007422419303111,16,405a81d8-a06b-40bb-a0c6-b4c2e4df6657,None,None,4,964,6,[],None,None
EXPLOIT_VULN,9812.576341007485,9824.489532135129,11.913191127643586,16,405a81d8-a06b-40bb-a0c6-b4c2e4df6657,None,None,4,965,6,[],None,None
EXPLOIT_VULN,9824.489532135129,9829.749990877304,5.260458742175615,16,405a81d8-a06b-40bb-a0c6-b4c2e4df6657,None,None,4,966,6,[],None,None
EXPLOIT_VULN,9829.749990877304,9839.12764556113,9.377654683825313,16,405a81d8-a06b-40bb-a0c6-b4c2e4df6657,None,None,4,967,6,[],None,None
EXPLOIT_VULN,9839.12764556113,9845.378270888694,6.250625327564194,16,405a81d8-a06b-40bb-a0c6-b4c2e4df6657,None,None,4,968,6,[],None,None
EXPLOIT_VULN,9845.378270888694,9850.468565726198,5.090294837504189,16,405a81d8-a06b-40bb-a0c6-b4c2e4df6657,None,None,4,969,6,[],None,None
EXPLOIT_VULN,9850.468565726198,9852.742359779219,2.273794053020538,16,405a81d8-a06b-40bb-a0c6-b4c2e4df6657,None,None,4,970,6,[],None,None
EXPLOIT_VULN,9852.742359779219,9857.3178539593,4.575494180080568,16,405a81d8-a06b-40bb-a0c6-b4c2e4df6657,None,None,4,971,6,[],None,None
EXPLOIT_VULN,9857.3178539593,9862.032487913853,4.7146339545543015,16,405a81d8-a06b-40bb-a0c6-b4c2e4df6657,None,None,4,972,6,[],None,None
EXPLOIT_VULN,9862.032487913853,9868.17465783154,6.14216991768626,16,405a81d8-a06b-40bb-a0c6-b4c2e4df6657,None,None,4,973,6,[],None,None
EXPLOIT_VULN,9868.17465783154,9887.637567211174,19.462909379633857,16,405a81d8-a06b-40bb-a0c6-b4c2e4df6657,None,None,4,974,6,[],None,None
EXPLOIT_VULN,9887.637567211174,9893.866564056712,6.228996845538859,16,405a81d8-a06b-40bb-a0c6-b4c2e4df6657,None,None,4,975,6,[],application,ServiceDiversity
SCAN_PORT,9914.818974622838,9939.818974622838,25.0,16,405a81d8-a06b-40bb-a0c6-b4c2e4df6657,None,None,4,975,6,[],None,None
EXPLOIT_VULN,9939.818974622838,9941.608125055713,1.7891504328745214,16,405a81d8-a06b-40bb-a0c6-b4c2e4df6657,None,None,4,975,6,[],None,None
EXPLOIT_VULN,9941.608125055713,9942.689181209882,1.081056154169346,16,405a81d8-a06b-40bb-a0c6-b4c2e4df6657,None,None,4,976,6,[],None,None
EXPLOIT_VULN,9942.689181209882,9943.48267270873,0.7934914988472883,16,405a81d8-a06b-40bb-a0c6-b4c2e4df6657,None,None,4,977,6,[],None,None
EXPLOIT_VULN,9943.48267270873,9944.567500515592,1.0848278068624495,16,405a81d8-a06b-40bb-a0c6-b4c2e4df6657,None,None,4,978,6,[],None,None
EXPLOIT_VULN,9944.567500515592,9946.5607910276,1.9932905120076612,16,405a81d8-a06b-40bb-a0c6-b4c2e4df6657,None,None,4,979,6,[],None,None
EXPLOIT_VULN,9946.5607910276,9949.986276749827,3.425485722227677,16,405a81d8-a06b-40bb-a0c6-b4c2e4df6657,None,None,4,980,6,[],None,None
EXPLOIT_VULN,9949.986276749827,9951.760099944395,1.7738231945677398,16,405a81d8-a06b-40bb-a0c6-b4c2e4df6657,None,None,4,981,6,[],None,None
EXPLOIT_VULN,9951.760099944395,9956.314648935888,4.554548991492993,16,405a81d8-a06b-40bb-a0c6-b4c2e4df6657,None,None,4,982,6,[],None,None
EXPLOIT_VULN,9956.314648935888,9960.279442680614,3.964793744726194,16,405a81d8-a06b-40bb-a0c6-b4c2e4df6657,None,None,4,983,6,[],None,None
EXPLOIT_VULN,9960.279442680614,9963.137707515592,2.8582648349783994,16,405a81d8-a06b-40bb-a0c6-b4c2e4df6657,None,None,4,984,6,[],None,None
EXPLOIT_VULN,9963.137707515592,9966.180162595314,3.042455079721549,16,405a81d8-a06b-40bb-a0c6-b4c2e4df6657,None,None,4,985,6,[],None,None
EXPLOIT_VULN,9966.180162595314,9967.934170485341,1.7540078900274239,16,405a81d8-a06b-40bb-a0c6-b4c2e4df6657,None,None,4,986,6,[],None,None
EXPLOIT_VULN,9967.934170485341,9970.921442535895,2.9872720505536563,16,405a81d8-a06b-40bb-a0c6-b4c2e4df6657,None,None,4,987,6,[],None,None
EXPLOIT_VULN,9970.921442535895,9983.821282629387,12.899840093492458,16,405a81d8-a06b-40bb-a0c6-b4c2e4df6657,None,None,4,988,6,[],None,None
EXPLOIT_VULN,9983.821282629387,9987.182089425552,3.3608067961649795,16,405a81d8-a06b-40bb-a0c6-b4c2e4df6657,None,None,4,989,6,[],None,None
EXPLOIT_VULN,9987.182089425552,9989.253675274122,2.071585848569157,16,405a81d8-a06b-40bb-a0c6-b4c2e4df6657,None,None,4,990,6,[],None,None
EXPLOIT_VULN,9989.253675274122,9993.892533659735,4.6388583856132755,16,405a81d8-a06b-40bb-a0c6-b4c2e4df6657,None,None,4,991,6,[],None,None
EXPLOIT_VULN,9993.892533659735,10001.309510118468,7.416976458733188,16,405a81d8-a06b-40bb-a0c6-b4c2e4df6657,None,None,4,992,6,[],None,None
EXPLOIT_VULN,10001.309510118468,10012.406745557044,11.097235438575808,16,405a81d8-a06b-40bb-a0c6-b4c2e4df6657,None,None,4,993,6,[],None,None
EXPLOIT_VULN,10012.406745557044,10017.242855325148,4.836109768104507,16,405a81d8-a06b-40bb-a0c6-b4c2e4df6657,None,None,4,994,6,[],None,None
EXPLOIT_VULN,10017.242855325148,10019.237734024626,1.99487869947734,16,405a81d8-a06b-40bb-a0c6-b4c2e4df6657,None,None,4,995,6,[],None,None
EXPLOIT_VULN,10019.237734024626,10027.7876549192,8.549920894574825,16,405a81d8-a06b-40bb-a0c6-b4c2e4df6657,None,None,4,996,6,[],None,None
EXPLOIT_VULN,10027.7876549192,10033.931001387336,6.14334646813586,16,405a81d8-a06b-40bb-a0c6-b4c2e4df6657,None,None,4,997,6,[],None,None
EXPLOIT_VULN,10033.931001387336,10046.828495558248,12.897494170911159,16,405a81d8-a06b-40bb-a0c6-b4c2e4df6657,None,None,4,998,6,[],None,None
EXPLOIT_VULN,10046.828495558248,10050.816803469022,3.9883079107748927,16,405a81d8-a06b-40bb-a0c6-b4c2e4df6657,None,None,4,999,6,[],None,None
EXPLOIT_VULN,10050.816803469022,10055.67080205215,4.853998583126668,16,405a81d8-a06b-40bb-a0c6-b4c2e4df6657,None,None,4,1000,6,[],None,None
EXPLOIT_VULN,10055.67080205215,10062.024482725048,6.353680672898918,16,405a81d8-a06b-40bb-a0c6-b4c2e4df6657,None,None,4,1001,6,[],None,None
EXPLOIT_VULN,10062.024482725048,10065.512564773255,3.4880820482067065,16,405a81d8-a06b-40bb-a0c6-b4c2e4df6657,None,None,4,1002,6,[],None,None
EXPLOIT_VULN,10065.512564773255,10083.223717390714,17.711152617459447,16,405a81d8-a06b-40bb-a0c6-b4c2e4df6657,None,None,4,1003,6,[],None,None
EXPLOIT_VULN,10083.223717390714,10088.99345454272,5.769737152006201,16,405a81d8-a06b-40bb-a0c6-b4c2e4df6657,None,None,4,1004,6,[],None,None
EXPLOIT_VULN,10088.99345454272,10097.706448619207,8.712994076486211,16,405a81d8-a06b-40bb-a0c6-b4c2e4df6657,None,None,4,1005,6,[],None,None
EXPLOIT_VULN,10097.706448619207,10102.931842712173,5.225394092965871,16,405a81d8-a06b-40bb-a0c6-b4c2e4df6657,None,None,4,1006,6,[],None,None
EXPLOIT_VULN,10102.931842712173,10117.64024079015,14.708398077977108,16,405a81d8-a06b-40bb-a0c6-b4c2e4df6657,None,None,4,1007,6,[],None,None
EXPLOIT_VULN,10117.64024079015,10121.598399867498,3.9581590773486823,16,405a81d8-a06b-40bb-a0c6-b4c2e4df6657,None,None,4,1008,6,[],None,None
EXPLOIT_VULN,10121.598399867498,10124.894725371834,3.2963255043359823,16,405a81d8-a06b-40bb-a0c6-b4c2e4df6657,None,None,4,1009,6,[],network,IPShuffle
SCAN_HOST,10144.998016066333,10149.998016066333,5.0,-1,-1,None,None,0,1009,6,[],None,None
ENUM_HOST,10149.998016066333,10154.998016066333,5.0,-1,-1,None,None,0,1009,6,[],None,None
SCAN_PORT,10154.998016066333,10179.998016066333,25.0,13,0e539f22-82dc-4f92-990a-446ed3527803,None,None,3,1009,6,[],None,None
EXPLOIT_VULN,10179.998016066333,10186.530471107098,6.5324550407658535,13,0e539f22-82dc-4f92-990a-446ed3527803,None,None,3,1009,6,[],None,None
EXPLOIT_VULN,10186.530471107098,10190.12511172484,3.594640617740879,13,0e539f22-82dc-4f92-990a-446ed3527803,None,None,3,1010,6,[],None,None
EXPLOIT_VULN,10190.12511172484,10210.524713631756,20.39960190691636,13,0e539f22-82dc-4f92-990a-446ed3527803,None,None,3,1011,6,[],None,None
EXPLOIT_VULN,10210.524713631756,10219.517442614677,8.992728982921108,13,0e539f22-82dc-4f92-990a-446ed3527803,None,None,3,1012,6,[],None,None
EXPLOIT_VULN,10219.517442614677,10237.056116018168,17.538673403490975,13,0e539f22-82dc-4f92-990a-446ed3527803,None,None,3,1013,6,[],None,None
BRUTE_FORCE,10237.056116018168,10257.056116018168,20.0,13,0e539f22-82dc-4f92-990a-446ed3527803,None,None,3,1014,6,[],None,None
ENUM_HOST,10257.056116018168,10262.056116018168,5.0,13,0e539f22-82dc-4f92-990a-446ed3527803,None,None,3,1014,6,[],None,None
SCAN_PORT,10262.056116018168,10287.056116018168,25.0,34,47053269-dac7-4b00-a172-a7fec8f95b50,None,None,6,1014,6,[],None,None
EXPLOIT_VULN,10287.056116018168,10289.739547533507,2.68343151533918,34,47053269-dac7-4b00-a172-a7fec8f95b50,None,None,6,1014,6,[],None,None
EXPLOIT_VULN,10289.739547533507,10291.85260482527,2.1130572917627433,34,47053269-dac7-4b00-a172-a7fec8f95b50,None,None,6,1015,6,[],None,None
EXPLOIT_VULN,10291.85260482527,10294.661331636895,2.8087268116250925,34,47053269-dac7-4b00-a172-a7fec8f95b50,None,None,6,1016,6,[],application,ServiceDiversity
SCAN_PORT,10315.101749669308,10340.101749669308,25.0,34,47053269-dac7-4b00-a172-a7fec8f95b50,None,None,6,1016,6,[],None,None
EXPLOIT_VULN,10340.101749669308,10340.999198031972,0.8974483626643632,34,47053269-dac7-4b00-a172-a7fec8f95b50,None,None,6,1016,6,[],None,None
EXPLOIT_VULN,10340.999198031972,10342.868198040036,1.8690000080641767,34,47053269-dac7-4b00-a172-a7fec8f95b50,None,None,6,1017,6,[],None,None
EXPLOIT_VULN,10342.868198040036,10345.964776977242,3.096578937205777,34,47053269-dac7-4b00-a172-a7fec8f95b50,None,None,6,1018,6,[],None,None
EXPLOIT_VULN,10345.964776977242,10349.498030624378,3.533253647136007,34,47053269-dac7-4b00-a172-a7fec8f95b50,None,None,6,1019,6,[],None,None
EXPLOIT_VULN,10349.498030624378,10362.664442885216,13.166412260838115,34,47053269-dac7-4b00-a172-a7fec8f95b50,None,None,6,1020,6,[],None,None
EXPLOIT_VULN,10362.664442885216,10368.627645460254,5.96320257503794,34,47053269-dac7-4b00-a172-a7fec8f95b50,None,None,6,1021,6,[],None,None
EXPLOIT_VULN,10368.627645460254,10375.045773710553,6.41812825029956,34,47053269-dac7-4b00-a172-a7fec8f95b50,None,None,6,1022,6,[],None,None
EXPLOIT_VULN,10375.045773710553,10380.720247931717,5.674474221163109,34,47053269-dac7-4b00-a172-a7fec8f95b50,None,None,6,1023,6,[],None,None
EXPLOIT_VULN,10380.720247931717,10384.880865428826,4.160617497109342,34,47053269-dac7-4b00-a172-a7fec8f95b50,None,None,6,1024,6,[],None,None
EXPLOIT_VULN,10384.880865428826,10397.657025567336,12.776160138510022,34,47053269-dac7-4b00-a172-a7fec8f95b50,None,None,6,1025,6,[],None,None
EXPLOIT_VULN,10397.657025567336,10405.148648523405,7.491622956069477,34,47053269-dac7-4b00-a172-a7fec8f95b50,None,None,6,1026,6,[],None,None
EXPLOIT_VULN,10405.148648523405,10416.849424336411,11.700775813005748,34,47053269-dac7-4b00-a172-a7fec8f95b50,None,None,6,1027,6,[],None,None
EXPLOIT_VULN,10416.849424336411,10422.980267272747,6.130842936336194,34,47053269-dac7-4b00-a172-a7fec8f95b50,None,None,6,1028,6,[],None,None
EXPLOIT_VULN,10422.980267272747,10423.957332494942,0.9770652221941418,34,47053269-dac7-4b00-a172-a7fec8f95b50,None,None,6,1029,6,[],None,None
EXPLOIT_VULN,10423.957332494942,10444.804252806525,20.846920311583744,34,47053269-dac7-4b00-a172-a7fec8f95b50,None,None,6,1030,6,[],None,None
EXPLOIT_VULN,10444.804252806525,10452.163727178366,7.359474371840406,34,47053269-dac7-4b00-a172-a7fec8f95b50,None,None,6,1031,6,[],None,None
EXPLOIT_VULN,10452.163727178366,10461.077194058891,8.913466880525448,34,47053269-dac7-4b00-a172-a7fec8f95b50,None,None,6,1032,6,[],None,None
EXPLOIT_VULN,10461.077194058891,10468.749294542597,7.672100483705435,34,47053269-dac7-4b00-a172-a7fec8f95b50,None,None,6,1033,6,[],None,None
EXPLOIT_VULN,10468.749294542597,10474.40396594823,5.654671405633053,34,47053269-dac7-4b00-a172-a7fec8f95b50,None,None,6,1034,6,[],None,None
EXPLOIT_VULN,10474.40396594823,10489.042929745885,14.638963797655379,34,47053269-dac7-4b00-a172-a7fec8f95b50,None,None,6,1035,6,[],None,None
EXPLOIT_VULN,10489.042929745885,10498.068739751323,9.025810005437961,34,47053269-dac7-4b00-a172-a7fec8f95b50,None,None,6,1036,6,[],None,None
EXPLOIT_VULN,10498.068739751323,10509.013701226237,10.944961474913725,34,47053269-dac7-4b00-a172-a7fec8f95b50,None,None,6,1037,6,[],None,None
BRUTE_FORCE,10509.013701226237,10525.533649262357,16.519948036120695,34,47053269-dac7-4b00-a172-a7fec8f95b50,None,None,6,1038,6,[],network,IPShuffle
SCAN_HOST,10545.940138134862,10550.940138134862,5.0,-1,-1,None,None,0,1038,6,[],None,None
ENUM_HOST,10550.940138134862,10555.940138134862,5.0,-1,-1,None,None,0,1038,6,[],None,None
SCAN_PORT,10555.940138134862,10580.940138134862,25.0,13,0e539f22-82dc-4f92-990a-446ed3527803,None,None,4,1038,6,[],None,None
EXPLOIT_VULN,10580.940138134862,10582.989909938933,2.049771804071497,13,0e539f22-82dc-4f92-990a-446ed3527803,None,None,4,1038,6,[],None,None
EXPLOIT_VULN,10582.989909938933,10584.538329655183,1.5484197162495548,13,0e539f22-82dc-4f92-990a-446ed3527803,None,None,4,1039,6,[],None,None
EXPLOIT_VULN,10584.538329655183,10586.387806487022,1.8494768318396382,13,0e539f22-82dc-4f92-990a-446ed3527803,None,None,4,1040,6,[],None,None
EXPLOIT_VULN,10586.387806487022,10600.013396970793,13.625590483770793,13,0e539f22-82dc-4f92-990a-446ed3527803,None,None,4,1041,6,[],None,None
EXPLOIT_VULN,10600.013396970793,10606.799917030205,6.786520059411487,13,0e539f22-82dc-4f92-990a-446ed3527803,None,None,4,1042,6,[],None,None
EXPLOIT_VULN,10606.799917030205,10611.048297937572,4.248380907367391,13,0e539f22-82dc-4f92-990a-446ed3527803,None,None,4,1043,6,[],None,None
EXPLOIT_VULN,10611.048297937572,10616.68227858341,5.6339806458381645,13,0e539f22-82dc-4f92-990a-446ed3527803,None,None,4,1044,6,[],None,None
EXPLOIT_VULN,10616.68227858341,10633.473776462524,16.791497879114104,13,0e539f22-82dc-4f92-990a-446ed3527803,None,None,4,1045,6,[],None,None
BRUTE_FORCE,10633.473776462524,10653.473776462524,20.0,13,0e539f22-82dc-4f92-990a-446ed3527803,None,None,4,1046,6,[],None,None
ENUM_HOST,10653.473776462524,10658.473776462524,5.0,13,0e539f22-82dc-4f92-990a-446ed3527803,None,None,4,1046,6,[],None,None
SCAN_PORT,10658.473776462524,10683.473776462524,25.0,34,47053269-dac7-4b00-a172-a7fec8f95b50,None,None,7,1046,6,[],None,None
EXPLOIT_VULN,10683.473776462524,10689.260214428901,5.78643796637698,34,47053269-dac7-4b00-a172-a7fec8f95b50,None,None,7,1046,6,[],None,None
EXPLOIT_VULN,10689.260214428901,10693.040468520743,3.7802540918419254,34,47053269-dac7-4b00-a172-a7fec8f95b50,None,None,7,1047,6,[],None,None
EXPLOIT_VULN,10693.040468520743,10696.096595235906,3.0561267151624634,34,47053269-dac7-4b00-a172-a7fec8f95b50,None,None,7,1048,6,[],application,ServiceDiversity
SCAN_PORT,10717.461205971673,10742.461205971673,25.0,34,47053269-dac7-4b00-a172-a7fec8f95b50,None,None,7,1048,6,[],None,None
EXPLOIT_VULN,10742.461205971673,10743.336715011767,0.8755090400936751,34,47053269-dac7-4b00-a172-a7fec8f95b50,None,None,7,1048,6,[],None,None
EXPLOIT_VULN,10743.336715011767,10743.833129261484,0.496414249717418,34,47053269-dac7-4b00-a172-a7fec8f95b50,None,None,7,1049,6,[],None,None
EXPLOIT_VULN,10743.833129261484,10744.65793029359,0.8248010321058246,34,47053269-dac7-4b00-a172-a7fec8f95b50,None,None,7,1050,6,[],None,None
EXPLOIT_VULN,10744.65793029359,10748.238930641142,3.5810003475526173,34,47053269-dac7-4b00-a172-a7fec8f95b50,None,None,7,1051,6,[],None,None
EXPLOIT_VULN,10748.238930641142,10751.36614411485,3.1272134737082524,34,47053269-dac7-4b00-a172-a7fec8f95b50,None,None,7,1052,6,[],None,None
EXPLOIT_VULN,10751.36614411485,10759.108983408305,7.742839293454381,34,47053269-dac7-4b00-a172-a7fec8f95b50,None,None,7,1053,6,[],None,None
EXPLOIT_VULN,10759.108983408305,10765.04649634248,5.9375129341751745,34,47053269-dac7-4b00-a172-a7fec8f95b50,None,None,7,1054,6,[],None,None
EXPLOIT_VULN,10765.04649634248,10770.773380092656,5.726883750176057,34,47053269-dac7-4b00-a172-a7fec8f95b50,None,None,7,1055,6,[],None,None
EXPLOIT_VULN,10770.773380092656,10776.724509953852,5.951129861196023,34,47053269-dac7-4b00-a172-a7fec8f95b50,None,None,7,1056,6,[],None,None
EXPLOIT_VULN,10776.724509953852,10780.583375418579,3.8588654647264775,34,47053269-dac7-4b00-a172-a7fec8f95b50,None,None,7,1057,6,[],None,None
EXPLOIT_VULN,10780.583375418579,10803.088070890375,22.504695471796367,34,47053269-dac7-4b00-a172-a7fec8f95b50,None,None,7,1058,6,[],None,None
EXPLOIT_VULN,10803.088070890375,10811.900504727404,8.812433837028948,34,47053269-dac7-4b00-a172-a7fec8f95b50,None,None,7,1059,6,[],None,None
EXPLOIT_VULN,10811.900504727404,10819.8766278596,7.976123132195426,34,47053269-dac7-4b00-a172-a7fec8f95b50,None,None,7,1060,6,[],None,None
EXPLOIT_VULN,10819.8766278596,10823.654719430406,3.778091570806282,34,47053269-dac7-4b00-a172-a7fec8f95b50,None,None,7,1061,6,[],None,None
EXPLOIT_VULN,10823.654719430406,10832.450970038008,8.796250607601905,34,47053269-dac7-4b00-a172-a7fec8f95b50,None,None,7,1062,6,[],None,None
EXPLOIT_VULN,10832.450970038008,10845.267062648627,12.816092610619307,34,47053269-dac7-4b00-a172-a7fec8f95b50,None,None,7,1063,6,[],None,None
EXPLOIT_VULN,10845.267062648627,10852.21125254271,6.944189894082228,34,47053269-dac7-4b00-a172-a7fec8f95b50,None,None,7,1064,6,[],None,None
BRUTE_FORCE,10852.21125254271,10872.21125254271,20.0,34,47053269-dac7-4b00-a172-a7fec8f95b50,None,None,7,1065,6,[],None,None
ENUM_HOST,10872.21125254271,10877.21125254271,5.0,34,47053269-dac7-4b00-a172-a7fec8f95b50,None,None,7,1065,6,[],None,None
SCAN_PORT,10877.21125254271,10902.21125254271,25.0,24,643fa780-b4c9-470c-ad17-71e4d54ec6a5,None,None,2,1065,6,[],None,None
EXPLOIT_VULN,10902.21125254271,10902.531891821733,0.3206392790234531,24,643fa780-b4c9-470c-ad17-71e4d54ec6a5,None,None,2,1065,6,[],None,None
EXPLOIT_VULN,10902.531891821733,10903.105897021598,0.5740051998654963,24,643fa780-b4c9-470c-ad17-71e4d54ec6a5,None,None,2,1066,6,[],None,None
EXPLOIT_VULN,10903.105897021598,10905.39913437415,2.293237352552751,24,643fa780-b4c9-470c-ad17-71e4d54ec6a5,None,None,2,1067,6,[],None,None
EXPLOIT_VULN,10905.39913437415,10906.675465322838,1.2763309486872458,24,643fa780-b4c9-470c-ad17-71e4d54ec6a5,None,None,2,1068,6,[],application,OSDiversity
SCAN_PORT,10928.08638802463,10953.08638802463,25.0,24,643fa780-b4c9-470c-ad17-71e4d54ec6a5,None,None,2,1068,6,[],None,None
EXPLOIT_VULN,10953.08638802463,10954.340620049816,1.254232025185047,24,643fa780-b4c9-470c-ad17-71e4d54ec6a5,None,None,2,1068,6,[],None,None
EXPLOIT_VULN,10954.340620049816,10956.344318779413,2.0036987295970903,24,643fa780-b4c9-470c-ad17-71e4d54ec6a5,None,None,2,1069,6,[],None,None
EXPLOIT_VULN,10956.344318779413,10958.265320152865,1.9210013734518725,24,643fa780-b4c9-470c-ad17-71e4d54ec6a5,None,None,2,1070,6,[],None,None
EXPLOIT_VULN,10958.265320152865,10961.806761101347,3.541440948481977,24,643fa780-b4c9-470c-ad17-71e4d54ec6a5,None,None,2,1071,6,[],None,None
EXPLOIT_VULN,10961.806761101347,10975.259511472292,13.452750370945068,24,643fa780-b4c9-470c-ad17-71e4d54ec6a5,None,None,2,1072,6,[],None,None
EXPLOIT_VULN,10975.259511472292,10981.06967651995,5.810165047658302,24,643fa780-b4c9-470c-ad17-71e4d54ec6a5,None,None,2,1073,6,[],None,None
EXPLOIT_VULN,10981.06967651995,10986.35369824249,5.284021722540274,24,643fa780-b4c9-470c-ad17-71e4d54ec6a5,None,None,2,1074,6,[],None,None
EXPLOIT_VULN,10986.35369824249,10992.422814069974,6.069115827483984,24,643fa780-b4c9-470c-ad17-71e4d54ec6a5,None,None,2,1075,6,[],None,None
EXPLOIT_VULN,10992.422814069974,11002.372770145672,9.949956075697628,24,643fa780-b4c9-470c-ad17-71e4d54ec6a5,None,None,2,1076,6,[],None,None
EXPLOIT_VULN,11002.372770145672,11009.26433627618,6.891566130507272,24,643fa780-b4c9-470c-ad17-71e4d54ec6a5,None,None,2,1077,6,[],None,None
EXPLOIT_VULN,11009.26433627618,11024.259533529977,14.995197253798324,24,643fa780-b4c9-470c-ad17-71e4d54ec6a5,None,None,2,1078,6,[],None,None
EXPLOIT_VULN,11024.259533529977,11031.447173882,7.187640352021845,24,643fa780-b4c9-470c-ad17-71e4d54ec6a5,None,None,2,1079,6,[],None,None
EXPLOIT_VULN,11031.447173882,11039.888120812724,8.440946930724749,24,643fa780-b4c9-470c-ad17-71e4d54ec6a5,None,None,2,1080,6,[],None,None
BRUTE_FORCE,11039.888120812724,11059.888120812724,20.0,24,643fa780-b4c9-470c-ad17-71e4d54ec6a5,None,None,2,1081,6,[],None,None
ENUM_HOST,11059.888120812724,11064.888120812724,5.0,24,643fa780-b4c9-470c-ad17-71e4d54ec6a5,None,None,2,1081,6,[],None,None
SCAN_PORT,11064.888120812724,11089.888120812724,25.0,16,405a81d8-a06b-40bb-a0c6-b4c2e4df6657,None,None,5,1081,6,[],None,None
EXPLOIT_VULN,11089.888120812724,11090.421042002501,0.532921189776971,16,405a81d8-a06b-40bb-a0c6-b4c2e4df6657,None,None,5,1081,6,[],None,None
EXPLOIT_VULN,11090.421042002501,11091.61582196722,1.1947799647186912,16,405a81d8-a06b-40bb-a0c6-b4c2e4df6657,None,None,5,1082,6,[],None,None
EXPLOIT_VULN,11091.61582196722,11092.17591031682,0.5600883496008464,16,405a81d8-a06b-40bb-a0c6-b4c2e4df6657,None,None,5,1083,6,[],None,None
EXPLOIT_VULN,11092.17591031682,11094.333468600084,2.157558283262915,16,405a81d8-a06b-40bb-a0c6-b4c2e4df6657,None,None,5,1084,6,[],None,None
EXPLOIT_VULN,11094.333468600084,11095.653462328119,1.319993728035115,16,405a81d8-a06b-40bb-a0c6-b4c2e4df6657,None,None,5,1085,6,[],None,None
EXPLOIT_VULN,11095.653462328119,11096.839602229156,1.1861399010376772,16,405a81d8-a06b-40bb-a0c6-b4c2e4df6657,None,None,5,1086,6,[],None,None
EXPLOIT_VULN,11096.839602229156,11097.969021543846,1.129419314689585,16,405a81d8-a06b-40bb-a0c6-b4c2e4df6657,None,None,5,1087,6,[],None,None
EXPLOIT_VULN,11097.969021543846,11099.761419389113,1.79239784526726,16,405a81d8-a06b-40bb-a0c6-b4c2e4df6657,None,None,5,1088,6,[],None,None
EXPLOIT_VULN,11099.761419389113,11101.836640739088,2.0752213499745267,16,405a81d8-a06b-40bb-a0c6-b4c2e4df6657,None,None,5,1089,6,[],None,None
EXPLOIT_VULN,11101.836640739088,11102.879775529611,1.0431347905232542,16,405a81d8-a06b-40bb-a0c6-b4c2e4df6657,None,None,5,1090,6,[],None,None
EXPLOIT_VULN,11102.879775529611,11105.264686026865,2.384910497254168,16,405a81d8-a06b-40bb-a0c6-b4c2e4df6657,None,None,5,1091,6,[],None,None
EXPLOIT_VULN,11105.264686026865,11106.126297697552,0.8616116706871253,16,405a81d8-a06b-40bb-a0c6-b4c2e4df6657,None,None,5,1092,6,[],None,None
EXPLOIT_VULN,11106.126297697552,11107.210402728635,1.0841050310827995,16,405a81d8-a06b-40bb-a0c6-b4c2e4df6657,None,None,5,1093,6,[],None,None
EXPLOIT_VULN,11107.210402728635,11112.053949400473,4.8435466718383395,16,405a81d8-a06b-40bb-a0c6-b4c2e4df6657,None,None,5,1094,6,[],None,None
EXPLOIT_VULN,11112.053949400473,11113.50520864454,1.4512592440660228,16,405a81d8-a06b-40bb-a0c6-b4c2e4df6657,None,None,5,1095,6,[],None,None
EXPLOIT_VULN,11113.50520864454,11116.764190016185,3.2589813716458593,16,405a81d8-a06b-40bb-a0c6-b4c2e4df6657,None,None,5,1096,6,[],None,None
EXPLOIT_VULN,11116.764190016185,11120.30994945698,3.545759440794427,16,405a81d8-a06b-40bb-a0c6-b4c2e4df6657,None,None,5,1097,6,[],None,None
EXPLOIT_VULN,11120.30994945698,11126.094094858736,5.784145401756177,16,405a81d8-a06b-40bb-a0c6-b4c2e4df6657,None,None,5,1098,6,[],None,None
EXPLOIT_VULN,11126.094094858736,11127.5116790235,1.4175841647647758,16,405a81d8-a06b-40bb-a0c6-b4c2e4df6657,None,None,5,1099,6,[],network,IPShuffle
SCAN_HOST,11148.393086259724,11153.393086259724,5.0,-1,-1,None,None,0,1099,6,[],None,None
ENUM_HOST,11153.393086259724,11158.393086259724,5.0,-1,-1,None,None,0,1099,6,[],None,None
SCAN_PORT,11158.393086259724,11183.393086259724,25.0,13,0e539f22-82dc-4f92-990a-446ed3527803,None,None,5,1099,6,[],None,None
EXPLOIT_VULN,11183.393086259724,11194.473649853264,11.08056359353941,13,0e539f22-82dc-4f92-990a-446ed3527803,None,None,5,1099,6,[],None,None
EXPLOIT_VULN,11194.473649853264,11200.309590910083,5.835941056819138,13,0e539f22-82dc-4f92-990a-446ed3527803,None,None,5,1100,6,[],None,None
EXPLOIT_VULN,11200.309590910083,11207.300827745832,6.991236835749078,13,0e539f22-82dc-4f92-990a-446ed3527803,None,None,5,1101,6,[],None,None
EXPLOIT_VULN,11207.300827745832,11227.575562311242,20.274734565409744,13,0e539f22-82dc-4f92-990a-446ed3527803,None,None,5,1102,6,[],None,None
EXPLOIT_VULN,11227.575562311242,11246.930183915092,19.35462160385032,13,0e539f22-82dc-4f92-990a-446ed3527803,None,None,5,1103,6,[],None,None
EXPLOIT_VULN,11246.930183915092,11255.801804967712,8.871621052619957,13,0e539f22-82dc-4f92-990a-446ed3527803,None,None,5,1104,6,[],None,None
EXPLOIT_VULN,11255.801804967712,11271.145880442824,15.344075475111822,13,0e539f22-82dc-4f92-990a-446ed3527803,None,None,5,1105,6,[],None,None
EXPLOIT_VULN,11271.145880442824,11288.956577615065,17.810697172240907,13,0e539f22-82dc-4f92-990a-446ed3527803,None,None,5,1106,6,[],None,None
BRUTE_FORCE,11288.956577615065,11308.956577615065,20.0,13,0e539f22-82dc-4f92-990a-446ed3527803,None,None,5,1107,6,[],None,None
ENUM_HOST,11308.956577615065,11313.956577615065,5.0,13,0e539f22-82dc-4f92-990a-446ed3527803,None,None,5,1107,6,[],None,None
SCAN_PORT,11313.956577615065,11329.012720109993,15.056142494928281,16,405a81d8-a06b-40bb-a0c6-b4c2e4df6657,None,None,6,1107,6,[],network,IPShuffle
SCAN_HOST,11349.110212928334,11354.110212928334,5.0,-1,-1,None,None,0,1107,6,[],None,None
ENUM_HOST,11354.110212928334,11359.110212928334,5.0,-1,-1,None,None,0,1107,6,[],None,None
SCAN_PORT,11359.110212928334,11384.110212928334,25.0,16,405a81d8-a06b-40bb-a0c6-b4c2e4df6657,None,None,7,1107,6,[],None,None
EXPLOIT_VULN,11384.110212928334,11385.258086641457,1.1478737131237722,16,405a81d8-a06b-40bb-a0c6-b4c2e4df6657,None,None,7,1107,6,[],None,None
EXPLOIT_VULN,11385.258086641457,11391.786644880276,6.528558238818732,16,405a81d8-a06b-40bb-a0c6-b4c2e4df6657,None,None,7,1108,6,[],None,None
EXPLOIT_VULN,11391.786644880276,11393.048591794017,1.2619469137407577,16,405a81d8-a06b-40bb-a0c6-b4c2e4df6657,None,None,7,1109,6,[],None,None
EXPLOIT_VULN,11393.048591794017,11397.971769886837,4.923178092820308,16,405a81d8-a06b-40bb-a0c6-b4c2e4df6657,None,None,7,1110,6,[],None,None
EXPLOIT_VULN,11397.971769886837,11401.623244883327,3.651474996489924,16,405a81d8-a06b-40bb-a0c6-b4c2e4df6657,None,None,7,1111,6,[],None,None
EXPLOIT_VULN,11401.623244883327,11406.033596083666,4.410351200338482,16,405a81d8-a06b-40bb-a0c6-b4c2e4df6657,None,None,7,1112,6,[],None,None
EXPLOIT_VULN,11406.033596083666,11409.390019613928,3.3564235302619636,16,405a81d8-a06b-40bb-a0c6-b4c2e4df6657,None,None,7,1113,6,[],None,None
EXPLOIT_VULN,11409.390019613928,11418.892018195906,9.501998581978114,16,405a81d8-a06b-40bb-a0c6-b4c2e4df6657,None,None,7,1114,6,[],None,None
EXPLOIT_VULN,11418.892018195906,11428.895334398674,10.003316202768474,16,405a81d8-a06b-40bb-a0c6-b4c2e4df6657,None,None,7,1115,6,[],None,None
EXPLOIT_VULN,11428.895334398674,11441.679259484516,12.783925085841474,16,405a81d8-a06b-40bb-a0c6-b4c2e4df6657,None,None,7,1116,6,[],None,None
EXPLOIT_VULN,11441.679259484516,11447.239178034584,5.559918550068687,16,405a81d8-a06b-40bb-a0c6-b4c2e4df6657,None,None,7,1117,6,[],None,None
EXPLOIT_VULN,11447.239178034584,11450.891322517973,3.652144483388838,16,405a81d8-a06b-40bb-a0c6-b4c2e4df6657,None,None,7,1118,6,[],None,None
EXPLOIT_VULN,11450.891322517973,11462.710932979697,11.819610461723641,16,405a81d8-a06b-40bb-a0c6-b4c2e4df6657,None,None,7,1119,6,[],None,None
EXPLOIT_VULN,11462.710932979697,11467.809207537173,5.098274557476543,16,405a81d8-a06b-40bb-a0c6-b4c2e4df6657,None,None,7,1120,6,[],None,None
EXPLOIT_VULN,11467.809207537173,11474.135927762896,6.3267202257229656,16,405a81d8-a06b-40bb-a0c6-b4c2e4df6657,None,None,7,1121,6,[],None,None
EXPLOIT_VULN,11474.135927762896,11477.816255655342,3.680327892445348,16,405a81d8-a06b-40bb-a0c6-b4c2e4df6657,None,None,7,1122,6,[],None,None
EXPLOIT_VULN,11477.816255655342,11487.938188755494,10.121933100152091,16,405a81d8-a06b-40bb-a0c6-b4c2e4df6657,None,None,7,1123,6,[],None,None
EXPLOIT_VULN,11487.938188755494,11502.459851988044,14.521663232550054,16,405a81d8-a06b-40bb-a0c6-b4c2e4df6657,None,None,7,1124,6,[],None,None
EXPLOIT_VULN,11502.459851988044,11519.57597583456,17.11612384651562,16,405a81d8-a06b-40bb-a0c6-b4c2e4df6657,None,None,7,1125,6,[],None,None
EXPLOIT_VULN,11519.57597583456,11527.772003219998,8.196027385438356,16,405a81d8-a06b-40bb-a0c6-b4c2e4df6657,None,None,7,1126,6,[],network,IPShuffle
SCAN_HOST,11548.013620904703,11553.013620904703,5.0,-1,-1,None,None,0,1126,6,[],None,None
ENUM_HOST,11553.013620904703,11558.013620904703,5.0,-1,-1,None,None,0,1126,6,[],None,None
SCAN_PORT,11558.013620904703,11583.013620904703,25.0,34,47053269-dac7-4b00-a172-a7fec8f95b50,None,None,8,1126,6,[],None,None
EXPLOIT_VULN,11583.013620904703,11584.459729431235,1.4461085265320435,34,47053269-dac7-4b00-a172-a7fec8f95b50,None,None,8,1126,6,[],None,None
EXPLOIT_VULN,11584.459729431235,11586.407812882946,1.9480834517107724,34,47053269-dac7-4b00-a172-a7fec8f95b50,None,None,8,1127,6,[],None,None
EXPLOIT_VULN,11586.407812882946,11587.914186709633,1.506373826687195,34,47053269-dac7-4b00-a172-a7fec8f95b50,None,None,8,1128,6,[],None,None
EXPLOIT_VULN,11587.914186709633,11599.811713443236,11.897526733602717,34,47053269-dac7-4b00-a172-a7fec8f95b50,None,None,8,1129,6,[],None,None
EXPLOIT_VULN,11599.811713443236,11604.464225759277,4.652512316040884,34,47053269-dac7-4b00-a172-a7fec8f95b50,None,None,8,1130,6,[],None,None
EXPLOIT_VULN,11604.464225759277,11606.785166549169,2.32094078989212,34,47053269-dac7-4b00-a172-a7fec8f95b50,None,None,8,1131,6,[],None,None
EXPLOIT_VULN,11606.785166549169,11608.98517845328,2.2000119041113066,34,47053269-dac7-4b00-a172-a7fec8f95b50,None,None,8,1132,6,[],None,None
EXPLOIT_VULN,11608.98517845328,11614.158937929953,5.173759476672785,34,47053269-dac7-4b00-a172-a7fec8f95b50,None,None,8,1133,6,[],None,None
EXPLOIT_VULN,11614.158937929953,11619.995341205193,5.836403275239718,34,47053269-dac7-4b00-a172-a7fec8f95b50,None,None,8,1134,6,[],None,None
EXPLOIT_VULN,11619.995341205193,11624.190201766878,4.194860561685346,34,47053269-dac7-4b00-a172-a7fec8f95b50,None,None,8,1135,6,[],None,None
EXPLOIT_VULN,11624.190201766878,11629.266773375926,5.076571609048187,34,47053269-dac7-4b00-a172-a7fec8f95b50,None,None,8,1136,6,[],None,None
EXPLOIT_VULN,11629.266773375926,11637.297824167932,8.031050792005772,34,47053269-dac7-4b00-a172-a7fec8f95b50,None,None,8,1137,6,[],None,None
EXPLOIT_VULN,11637.297824167932,11645.518322471713,8.220498303780914,34,47053269-dac7-4b00-a172-a7fec8f95b50,None,None,8,1138,6,[],None,None
EXPLOIT_VULN,11645.518322471713,11666.345943217691,20.827620745978493,34,47053269-dac7-4b00-a172-a7fec8f95b50,None,None,8,1139,6,[],None,None
BRUTE_FORCE,11666.345943217691,11686.345943217691,20.0,34,47053269-dac7-4b00-a172-a7fec8f95b50,None,None,8,1140,6,[],None,None
ENUM_HOST,11686.345943217691,11691.345943217691,5.0,34,47053269-dac7-4b00-a172-a7fec8f95b50,None,None,8,1140,6,[],None,None
SCAN_PORT,11691.345943217691,11709.720421861784,18.37447864409296,24,643fa780-b4c9-470c-ad17-71e4d54ec6a5,None,None,3,1140,6,[],application,OSDiversity
SCAN_PORT,11730.184969946275,11755.184969946275,25.0,24,643fa780-b4c9-470c-ad17-71e4d54ec6a5,None,None,3,1140,6,[],None,None
EXPLOIT_VULN,11755.184969946275,11766.02485116726,10.839881220985262,24,643fa780-b4c9-470c-ad17-71e4d54ec6a5,None,None,3,1140,6,[],None,None
EXPLOIT_VULN,11766.02485116726,11782.75109635713,16.726245189869587,24,643fa780-b4c9-470c-ad17-71e4d54ec6a5,None,None,3,1141,6,[],None,None
EXPLOIT_VULN,11782.75109635713,11791.747220951662,8.996124594532375,24,643fa780-b4c9-470c-ad17-71e4d54ec6a5,None,None,3,1142,6,[],None,None
EXPLOIT_VULN,11791.747220951662,11795.88004711371,4.132826162047422,24,643fa780-b4c9-470c-ad17-71e4d54ec6a5,None,None,3,1143,6,[],None,None
EXPLOIT_VULN,11795.88004711371,11809.365149810481,13.485102696771719,24,643fa780-b4c9-470c-ad17-71e4d54ec6a5,None,None,3,1144,6,[],None,None
EXPLOIT_VULN,11809.365149810481,11818.258450257781,8.893300447300135,24,643fa780-b4c9-470c-ad17-71e4d54ec6a5,None,None,3,1145,6,[],None,None
EXPLOIT_VULN,11818.258450257781,11824.70128842531,6.4428381675297715,24,643fa780-b4c9-470c-ad17-71e4d54ec6a5,None,None,3,1146,6,[],None,None
EXPLOIT_VULN,11824.70128842531,11841.113325287863,16.41203686255176,24,643fa780-b4c9-470c-ad17-71e4d54ec6a5,None,None,3,1147,6,[],None,None
EXPLOIT_VULN,11841.113325287863,11850.80265015086,9.689324862996727,24,643fa780-b4c9-470c-ad17-71e4d54ec6a5,None,None,3,1148,6,[],None,None
EXPLOIT_VULN,11850.80265015086,11860.741775916436,9.939125765577046,24,643fa780-b4c9-470c-ad17-71e4d54ec6a5,None,None,3,1149,6,[],None,None
BRUTE_FORCE,11860.741775916436,11880.741775916436,20.0,24,643fa780-b4c9-470c-ad17-71e4d54ec6a5,None,None,3,1150,6,[],None,None
ENUM_HOST,11880.741775916436,11885.741775916436,5.0,24,643fa780-b4c9-470c-ad17-71e4d54ec6a5,None,None,3,1150,6,[],None,None
SCAN_PORT,11885.741775916436,11900.580336605066,14.838560688629514,13,0e539f22-82dc-4f92-990a-446ed3527803,None,None,6,1150,6,[],application,ServiceDiversity
SCAN_PORT,11920.669521348365,11945.669521348365,25.0,13,0e539f22-82dc-4f92-990a-446ed3527803,None,None,6,1150,6,[],None,None
EXPLOIT_VULN,11945.669521348365,11949.975992379977,4.306471031612091,13,0e539f22-82dc-4f92-990a-446ed3527803,None,None,6,1150,6,[],None,None
EXPLOIT_VULN,11949.975992379977,11953.583900041811,3.607907661833451,13,0e539f22-82dc-4f92-990a-446ed3527803,None,None,6,1151,6,[],None,None
EXPLOIT_VULN,11953.583900041811,11956.912683140863,3.328783099052089,13,0e539f22-82dc-4f92-990a-446ed3527803,None,None,6,1152,6,[],None,None
EXPLOIT_VULN,11956.912683140863,11960.348502226769,3.4358190859056776,13,0e539f22-82dc-4f92-990a-446ed3527803,None,None,6,1153,6,[],None,None
EXPLOIT_VULN,11960.348502226769,11967.09606444847,6.7475622217007185,13,0e539f22-82dc-4f92-990a-446ed3527803,None,None,6,1154,6,[],None,None
EXPLOIT_VULN,11967.09606444847,11974.843498071368,7.747433622898825,13,0e539f22-82dc-4f92-990a-446ed3527803,None,None,6,1155,6,[],None,None
EXPLOIT_VULN,11974.843498071368,11997.37428546497,22.530787393601713,13,0e539f22-82dc-4f92-990a-446ed3527803,None,None,6,1156,6,[],None,None
EXPLOIT_VULN,11997.37428546497,12018.689743716386,21.315458251416203,13,0e539f22-82dc-4f92-990a-446ed3527803,None,None,6,1157,6,[],None,None
EXPLOIT_VULN,12018.689743716386,12028.33845888251,9.64871516612402,13,0e539f22-82dc-4f92-990a-446ed3527803,None,None,6,1158,6,[],None,None
EXPLOIT_VULN,12028.33845888251,12033.44544629719,5.106987414679679,13,0e539f22-82dc-4f92-990a-446ed3527803,None,None,6,1159,6,[],None,None
BRUTE_FORCE,12033.44544629719,12053.44544629719,20.0,13,0e539f22-82dc-4f92-990a-446ed3527803,None,None,6,1160,6,[],None,None
ENUM_HOST,12053.44544629719,12058.44544629719,5.0,13,0e539f22-82dc-4f92-990a-446ed3527803,None,None,6,1160,6,[],None,None
SCAN_PORT,12058.44544629719,12083.44544629719,25.0,16,405a81d8-a06b-40bb-a0c6-b4c2e4df6657,None,None,8,1160,6,[],None,None
EXPLOIT_VULN,12083.44544629719,12084.120468378964,0.6750220817739319,16,405a81d8-a06b-40bb-a0c6-b4c2e4df6657,None,None,8,1160,6,[],None,None
EXPLOIT_VULN,12084.120468378964,12085.922183525405,1.8017151464409835,16,405a81d8-a06b-40bb-a0c6-b4c2e4df6657,None,None,8,1161,6,[],None,None
EXPLOIT_VULN,12085.922183525405,12088.300007674805,2.377824149400112,16,405a81d8-a06b-40bb-a0c6-b4c2e4df6657,None,None,8,1162,6,[],None,None
EXPLOIT_VULN,12088.300007674805,12095.005836546015,6.705828871210542,16,405a81d8-a06b-40bb-a0c6-b4c2e4df6657,None,None,8,1163,6,[],None,None
EXPLOIT_VULN,12095.005836546015,12097.132266837261,2.1264302912459243,16,405a81d8-a06b-40bb-a0c6-b4c2e4df6657,None,None,8,1164,6,[],None,None
EXPLOIT_VULN,12097.132266837261,12104.504845394524,7.372578557262386,16,405a81d8-a06b-40bb-a0c6-b4c2e4df6657,None,None,8,1165,6,[],None,None
EXPLOIT_VULN,12104.504845394524,12107.133004995949,2.628159601425068,16,405a81d8-a06b-40bb-a0c6-b4c2e4df6657,None,None,8,1166,6,[],None,None
EXPLOIT_VULN,12107.133004995949,12110.155689534686,3.0226845387369394,16,405a81d8-a06b-40bb-a0c6-b4c2e4df6657,None,None,8,1167,6,[],None,None
EXPLOIT_VULN,12110.155689534686,12110.191863255284,0.036173720598526415,16,405a81d8-a06b-40bb-a0c6-b4c2e4df6657,None,None,8,1168,6,[],application,OSDiversity
SCAN_PORT,12130.29431671384,12155.29431671384,25.0,16,405a81d8-a06b-40bb-a0c6-b4c2e4df6657,None,None,8,1168,6,[],None,None
EXPLOIT_VULN,12155.29431671384,12155.851220519691,0.5569038058511069,16,405a81d8-a06b-40bb-a0c6-b4c2e4df6657,None,None,8,1168,6,[],None,None
EXPLOIT_VULN,12155.851220519691,12157.410227191252,1.559006671561292,16,405a81d8-a06b-40bb-a0c6-b4c2e4df6657,None,None,8,1169,6,[],None,None
EXPLOIT_VULN,12157.410227191252,12158.808770228548,1.3985430372958945,16,405a81d8-a06b-40bb-a0c6-b4c2e4df6657,None,None,8,1170,6,[],None,None
EXPLOIT_VULN,12158.808770228548,12162.473229375199,3.664459146650188,16,405a81d8-a06b-40bb-a0c6-b4c2e4df6657,None,None,8,1171,6,[],None,None
EXPLOIT_VULN,12162.473229375199,12165.324525905107,2.8512965299087227,16,405a81d8-a06b-40bb-a0c6-b4c2e4df6657,None,None,8,1172,6,[],None,None
EXPLOIT_VULN,12165.324525905107,12166.28462857726,0.9601026721520611,16,405a81d8-a06b-40bb-a0c6-b4c2e4df6657,None,None,8,1173,6,[],None,None
EXPLOIT_VULN,12166.28462857726,12167.288825236888,1.0041966596290877,16,405a81d8-a06b-40bb-a0c6-b4c2e4df6657,None,None,8,1174,6,[],None,None
EXPLOIT_VULN,12167.288825236888,12168.34595404216,1.0571288052724412,16,405a81d8-a06b-40bb-a0c6-b4c2e4df6657,None,None,8,1175,6,[],None,None
EXPLOIT_VULN,12168.34595404216,12171.498158880915,3.152204838754187,16,405a81d8-a06b-40bb-a0c6-b4c2e4df6657,None,None,8,1176,6,[],None,None
EXPLOIT_VULN,12171.498158880915,12174.648271652703,3.1501127717874624,16,405a81d8-a06b-40bb-a0c6-b4c2e4df6657,None,None,8,1177,6,[],None,None
EXPLOIT_VULN,12174.648271652703,12180.370351016547,5.7220793638443865,16,405a81d8-a06b-40bb-a0c6-b4c2e4df6657,None,None,8,1178,6,[],None,None
EXPLOIT_VULN,12180.370351016547,12182.543680958606,2.173329942059354,16,405a81d8-a06b-40bb-a0c6-b4c2e4df6657,None,None,8,1179,6,[],None,None
EXPLOIT_VULN,12182.543680958606,12187.47279596558,4.9291150069730065,16,405a81d8-a06b-40bb-a0c6-b4c2e4df6657,None,None,8,1180,6,[],None,None
EXPLOIT_VULN,12187.47279596558,12203.531260417249,16.05846445166935,16,405a81d8-a06b-40bb-a0c6-b4c2e4df6657,None,None,8,1181,6,[],None,None
EXPLOIT_VULN,12203.531260417249,12213.89983613041,10.36857571316068,16,405a81d8-a06b-40bb-a0c6-b4c2e4df6657,None,None,8,1182,6,[],None,None
EXPLOIT_VULN,12213.89983613041,12218.323350854958,4.4235147245490225,16,405a81d8-a06b-40bb-a0c6-b4c2e4df6657,None,None,8,1183,6,[],None,None
EXPLOIT_VULN,12218.323350854958,12226.38279283177,8.059441976811286,16,405a81d8-a06b-40bb-a0c6-b4c2e4df6657,None,None,8,1184,6,[],None,None
EXPLOIT_VULN,12226.38279283177,12234.606081048041,8.223288216271612,16,405a81d8-a06b-40bb-a0c6-b4c2e4df6657,None,None,8,1185,6,[],None,None
EXPLOIT_VULN,12234.606081048041,12242.484416766561,7.878335718520248,16,405a81d8-a06b-40bb-a0c6-b4c2e4df6657,None,None,8,1186,6,[],None,None
EXPLOIT_VULN,12242.484416766561,12250.064655016284,7.5802382497222425,16,405a81d8-a06b-40bb-a0c6-b4c2e4df6657,None,None,8,1187,6,[],None,None
EXPLOIT_VULN,12250.064655016284,12262.233140061719,12.168485045434863,16,405a81d8-a06b-40bb-a0c6-b4c2e4df6657,None,None,8,1188,6,[],None,None
EXPLOIT_VULN,12262.233140061719,12277.589974999577,15.356834937858366,16,405a81d8-a06b-40bb-a0c6-b4c2e4df6657,None,None,8,1189,6,[],None,None
EXPLOIT_VULN,12277.589974999577,12295.046309326535,17.456334326958313,16,405a81d8-a06b-40bb-a0c6-b4c2e4df6657,None,None,8,1190,6,[],None,None
EXPLOIT_VULN,12295.046309326535,12300.422474372705,5.3761650461692625,16,405a81d8-a06b-40bb-a0c6-b4c2e4df6657,None,None,8,1191,6,[],None,None
EXPLOIT_VULN,12300.422474372705,12315.56864807407,15.146173701365115,16,405a81d8-a06b-40bb-a0c6-b4c2e4df6657,None,None,8,1192,6,[],None,None
EXPLOIT_VULN,12315.56864807407,12330.552073526798,14.983425452728625,16,405a81d8-a06b-40bb-a0c6-b4c2e4df6657,None,None,8,1193,6,[],network,IPShuffle
SCAN_HOST,12350.649523041351,12355.649523041351,5.0,-1,-1,None,None,0,1193,6,[],None,None
ENUM_HOST,12355.649523041351,12360.649523041351,5.0,-1,-1,None,None,0,1193,6,[],None,None
SCAN_PORT,12360.649523041351,12385.649523041351,25.0,13,0e539f22-82dc-4f92-990a-446ed3527803,None,None,7,1193,6,[],None,None
EXPLOIT_VULN,12385.649523041351,12388.741173351333,3.09165030998156,13,0e539f22-82dc-4f92-990a-446ed3527803,None,None,7,1193,6,[],None,None
EXPLOIT_VULN,12388.741173351333,12392.918987625204,4.177814273871263,13,0e539f22-82dc-4f92-990a-446ed3527803,None,None,7,1194,6,[],None,None
EXPLOIT_VULN,12392.918987625204,12398.832164382853,5.913176757649126,13,0e539f22-82dc-4f92-990a-446ed3527803,None,None,7,1195,6,[],None,None
EXPLOIT_VULN,12398.832164382853,12404.511738126916,5.679573744062509,13,0e539f22-82dc-4f92-990a-446ed3527803,None,None,7,1196,6,[],None,None
EXPLOIT_VULN,12404.511738126916,12408.654030720982,4.142292594066021,13,0e539f22-82dc-4f92-990a-446ed3527803,None,None,7,1197,6,[],None,None
EXPLOIT_VULN,12408.654030720982,12427.329091810503,18.675061089521478,13,0e539f22-82dc-4f92-990a-446ed3527803,None,None,7,1198,6,[],None,None
EXPLOIT_VULN,12427.329091810503,12430.985326439455,3.6562346289520065,13,0e539f22-82dc-4f92-990a-446ed3527803,None,None,7,1199,6,[],None,None
BRUTE_FORCE,12430.985326439455,12450.985326439455,20.0,13,0e539f22-82dc-4f92-990a-446ed3527803,None,None,7,1200,6,[],None,None
ENUM_HOST,12450.985326439455,12455.985326439455,5.0,13,0e539f22-82dc-4f92-990a-446ed3527803,None,None,7,1200,6,[],None,None
SCAN_PORT,12455.985326439455,12480.985326439455,25.0,16,405a81d8-a06b-40bb-a0c6-b4c2e4df6657,None,None,9,1200,6,[],None,None
EXPLOIT_VULN,12480.985326439455,12482.195262665758,1.2099362263033981,16,405a81d8-a06b-40bb-a0c6-b4c2e4df6657,None,None,9,1200,6,[],None,None
EXPLOIT_VULN,12482.195262665758,12487.900879109739,5.705616443980034,16,405a81d8-a06b-40bb-a0c6-b4c2e4df6657,None,None,9,1201,6,[],None,None
EXPLOIT_VULN,12487.900879109739,12490.792945048936,2.892065939196982,16,405a81d8-a06b-40bb-a0c6-b4c2e4df6657,None,None,9,1202,6,[],None,None
EXPLOIT_VULN,12490.792945048936,12494.130131974229,3.337186925293281,16,405a81d8-a06b-40bb-a0c6-b4c2e4df6657,None,None,9,1203,6,[],None,None
EXPLOIT_VULN,12494.130131974229,12498.492773661288,4.362641687059295,16,405a81d8-a06b-40bb-a0c6-b4c2e4df6657,None,None,9,1204,6,[],None,None
EXPLOIT_VULN,12498.492773661288,12500.562781217863,2.0700075565746374,16,405a81d8-a06b-40bb-a0c6-b4c2e4df6657,None,None,9,1205,6,[],None,None
EXPLOIT_VULN,12500.562781217863,12511.487990395319,10.925209177456054,16,405a81d8-a06b-40bb-a0c6-b4c2e4df6657,None,None,9,1206,6,[],None,None
EXPLOIT_VULN,12511.487990395319,12521.495405754455,10.007415359135848,16,405a81d8-a06b-40bb-a0c6-b4c2e4df6657,None,None,9,1207,6,[],None,None
EXPLOIT_VULN,12521.495405754455,12527.772897356062,6.277491601607835,16,405a81d8-a06b-40bb-a0c6-b4c2e4df6657,None,None,9,1208,6,[],None,None
EXPLOIT_VULN,12527.772897356062,12531.015316145433,3.2424187893702765,16,405a81d8-a06b-40bb-a0c6-b4c2e4df6657,None,None,9,1209,6,[],network,IPShuffle
SCAN_HOST,12551.152975891122,12556.152975891122,5.0,-1,-1,None,None,0,1209,6,[],None,None
ENUM_HOST,12556.152975891122,12561.152975891122,5.0,-1,-1,None,None,0,1209,6,[],None,None
SCAN_PORT,12561.152975891122,12586.152975891122,25.0,16,405a81d8-a06b-40bb-a0c6-b4c2e4df6657,None,None,10,1209,6,[],None,None
EXPLOIT_VULN,12586.152975891122,12592.329652998618,6.176677107496289,16,405a81d8-a06b-40bb-a0c6-b4c2e4df6657,None,None,10,1209,6,[],None,None
EXPLOIT_VULN,12592.329652998618,12596.23238924763,3.902736249012378,16,405a81d8-a06b-40bb-a0c6-b4c2e4df6657,None,None,10,1210,6,[],None,None
EXPLOIT_VULN,12596.23238924763,12599.849593835155,3.6172045875246113,16,405a81d8-a06b-40bb-a0c6-b4c2e4df6657,None,None,10,1211,6,[],None,None
EXPLOIT_VULN,12599.849593835155,12613.839371716527,13.989777881371992,16,405a81d8-a06b-40bb-a0c6-b4c2e4df6657,None,None,10,1212,6,[],None,None
EXPLOIT_VULN,12613.839371716527,12621.128159357482,7.288787640954979,16,405a81d8-a06b-40bb-a0c6-b4c2e4df6657,None,None,10,1213,6,[],None,None
EXPLOIT_VULN,12621.128159357482,12634.696682192845,13.568522835363183,16,405a81d8-a06b-40bb-a0c6-b4c2e4df6657,None,None,10,1214,6,[],None,None
EXPLOIT_VULN,12634.696682192845,12640.007774252186,5.311092059340808,16,405a81d8-a06b-40bb-a0c6-b4c2e4df6657,None,None,10,1215,6,[],None,None
EXPLOIT_VULN,12640.007774252186,12655.798080037579,15.790305785392775,16,405a81d8-a06b-40bb-a0c6-b4c2e4df6657,None,None,10,1216,6,[],None,None
EXPLOIT_VULN,12655.798080037579,12662.733913752934,6.935833715355329,16,405a81d8-a06b-40bb-a0c6-b4c2e4df6657,None,None,10,1217,6,[],None,None
EXPLOIT_VULN,12662.733913752934,12669.206524101262,6.4726103483280895,16,405a81d8-a06b-40bb-a0c6-b4c2e4df6657,None,None,10,1218,6,[],None,None
EXPLOIT_VULN,12669.206524101262,12671.977818090874,2.771293989611877,16,405a81d8-a06b-40bb-a0c6-b4c2e4df6657,None,None,10,1219,6,[],None,None
EXPLOIT_VULN,12671.977818090874,12679.502398685285,7.524580594410509,16,405a81d8-a06b-40bb-a0c6-b4c2e4df6657,None,None,10,1220,6,[],None,None
EXPLOIT_VULN,12679.502398685285,12685.610908402212,6.108509716927074,16,405a81d8-a06b-40bb-a0c6-b4c2e4df6657,None,None,10,1221,6,[],None,None
EXPLOIT_VULN,12685.610908402212,12692.568091638803,6.957183236590936,16,405a81d8-a06b-40bb-a0c6-b4c2e4df6657,None,None,10,1222,6,[],None,None
EXPLOIT_VULN,12692.568091638803,12700.523880899187,7.955789260384336,16,405a81d8-a06b-40bb-a0c6-b4c2e4df6657,None,None,10,1223,6,[],None,None
EXPLOIT_VULN,12700.523880899187,12701.770296450399,1.2464155512116122,16,405a81d8-a06b-40bb-a0c6-b4c2e4df6657,None,None,10,1224,6,[],application,ServiceDiversity
SCAN_PORT,12722.039068286998,12747.039068286998,25.0,16,405a81d8-a06b-40bb-a0c6-b4c2e4df6657,None,None,10,1224,6,[],None,None
EXPLOIT_VULN,12747.039068286998,12748.203285104077,1.1642168170783407,16,405a81d8-a06b-40bb-a0c6-b4c2e4df6657,None,None,10,1224,6,[],None,None
EXPLOIT_VULN,12748.203285104077,12749.099101063737,0.8958159596604673,16,405a81d8-a06b-40bb-a0c6-b4c2e4df6657,None,None,10,1225,6,[],None,None
EXPLOIT_VULN,12749.099101063737,12750.840895919171,1.741794855433909,16,405a81d8-a06b-40bb-a0c6-b4c2e4df6657,None,None,10,1226,6,[],None,None
EXPLOIT_VULN,12750.840895919171,12754.130116905706,3.2892209865349287,16,405a81d8-a06b-40bb-a0c6-b4c2e4df6657,None,None,10,1227,6,[],None,None
EXPLOIT_VULN,12754.130116905706,12755.389916995879,1.2598000901725754,16,405a81d8-a06b-40bb-a0c6-b4c2e4df6657,None,None,10,1228,6,[],None,None
EXPLOIT_VULN,12755.389916995879,12758.035920652595,2.646003656716857,16,405a81d8-a06b-40bb-a0c6-b4c2e4df6657,None,None,10,1229,6,[],None,None
EXPLOIT_VULN,12758.035920652595,12761.096385845034,3.0604651924386417,16,405a81d8-a06b-40bb-a0c6-b4c2e4df6657,None,None,10,1230,6,[],None,None
EXPLOIT_VULN,12761.096385845034,12761.95192866708,0.8555428220461181,16,405a81d8-a06b-40bb-a0c6-b4c2e4df6657,None,None,10,1231,6,[],None,None
EXPLOIT_VULN,12761.95192866708,12764.405834177524,2.453905510443292,16,405a81d8-a06b-40bb-a0c6-b4c2e4df6657,None,None,10,1232,6,[],None,None
EXPLOIT_VULN,12764.405834177524,12768.867593607036,4.461759429512313,16,405a81d8-a06b-40bb-a0c6-b4c2e4df6657,None,None,10,1233,6,[],None,None
EXPLOIT_VULN,12768.867593607036,12772.427051870232,3.559458263196575,16,405a81d8-a06b-40bb-a0c6-b4c2e4df6657,None,None,10,1234,6,[],None,None
EXPLOIT_VULN,12772.427051870232,12780.134297755283,7.707245885050725,16,405a81d8-a06b-40bb-a0c6-b4c2e4df6657,None,None,10,1235,6,[],None,None
EXPLOIT_VULN,12780.134297755283,12785.373420414917,5.239122659633722,16,405a81d8-a06b-40bb-a0c6-b4c2e4df6657,None,None,10,1236,6,[],None,None
EXPLOIT_VULN,12785.373420414917,12789.776351649696,4.402931234779317,16,405a81d8-a06b-40bb-a0c6-b4c2e4df6657,None,None,10,1237,6,[],None,None
EXPLOIT_VULN,12789.776351649696,12795.112903069254,5.336551419557509,16,405a81d8-a06b-40bb-a0c6-b4c2e4df6657,None,None,10,1238,6,[],None,None
EXPLOIT_VULN,12795.112903069254,12800.669406214034,5.556503144780436,16,405a81d8-a06b-40bb-a0c6-b4c2e4df6657,None,None,10,1239,6,[],None,None
EXPLOIT_VULN,12800.669406214034,12806.965997962505,6.296591748470746,16,405a81d8-a06b-40bb-a0c6-b4c2e4df6657,None,None,10,1240,6,[],None,None
EXPLOIT_VULN,12806.965997962505,12813.507894893919,6.541896931414158,16,405a81d8-a06b-40bb-a0c6-b4c2e4df6657,None,None,10,1241,6,[],None,None
EXPLOIT_VULN,12813.507894893919,12818.395381263,4.887486369081671,16,405a81d8-a06b-40bb-a0c6-b4c2e4df6657,None,None,10,1242,6,[],None,None
EXPLOIT_VULN,12818.395381263,12834.182786522233,15.7874052592324,16,405a81d8-a06b-40bb-a0c6-b4c2e4df6657,None,None,10,1243,6,[],None,None
EXPLOIT_VULN,12834.182786522233,12846.156995621692,11.974209099458676,16,405a81d8-a06b-40bb-a0c6-b4c2e4df6657,None,None,10,1244,6,[],None,None
EXPLOIT_VULN,12846.156995621692,12851.982099980594,5.825104358902536,16,405a81d8-a06b-40bb-a0c6-b4c2e4df6657,None,None,10,1245,6,[],None,None
EXPLOIT_VULN,12851.982099980594,12860.04472673778,8.06262675718608,16,405a81d8-a06b-40bb-a0c6-b4c2e4df6657,None,None,10,1246,6,[],None,None
EXPLOIT_VULN,12860.04472673778,12875.255005389257,15.210278651476983,16,405a81d8-a06b-40bb-a0c6-b4c2e4df6657,None,None,10,1247,6,[],None,None
EXPLOIT_VULN,12875.255005389257,12878.20670816045,2.9517027711917763,16,405a81d8-a06b-40bb-a0c6-b4c2e4df6657,None,None,10,1248,6,[],None,None
EXPLOIT_VULN,12878.20670816045,12886.232323175982,8.025615015532821,16,405a81d8-a06b-40bb-a0c6-b4c2e4df6657,None,None,10,1249,6,[],None,None
EXPLOIT_VULN,12886.232323175982,12896.936853202065,10.704530026083376,16,405a81d8-a06b-40bb-a0c6-b4c2e4df6657,None,None,10,1250,6,[],None,None
EXPLOIT_VULN,12896.936853202065,12908.929757079679,11.992903877613571,16,405a81d8-a06b-40bb-a0c6-b4c2e4df6657,None,None,10,1251,6,[],None,None
EXPLOIT_VULN,12908.929757079679,12911.155492960956,2.225735881276705,16,405a81d8-a06b-40bb-a0c6-b4c2e4df6657,None,None,10,1252,6,[],application,OSDiversity
SCAN_PORT,12931.306831552263,12956.306831552263,25.0,16,405a81d8-a06b-40bb-a0c6-b4c2e4df6657,None,None,10,1252,6,[],None,None
EXPLOIT_VULN,12956.306831552263,12956.94832026784,0.6414887155769975,16,405a81d8-a06b-40bb-a0c6-b4c2e4df6657,None,None,10,1252,6,[],None,None
EXPLOIT_VULN,12956.94832026784,12958.455400190876,1.5070799230361445,16,405a81d8-a06b-40bb-a0c6-b4c2e4df6657,None,None,10,1253,6,[],None,None
EXPLOIT_VULN,12958.455400190876,12962.716642125642,4.261241934766076,16,405a81d8-a06b-40bb-a0c6-b4c2e4df6657,None,None,10,1254,6,[],None,None
EXPLOIT_VULN,12962.716642125642,12964.45339539843,1.7367532727876096,16,405a81d8-a06b-40bb-a0c6-b4c2e4df6657,None,None,10,1255,6,[],None,None
EXPLOIT_VULN,12964.45339539843,12967.500990054245,3.047594655814464,16,405a81d8-a06b-40bb-a0c6-b4c2e4df6657,None,None,10,1256,6,[],None,None
EXPLOIT_VULN,12967.500990054245,12968.626664309433,1.1256742551886418,16,405a81d8-a06b-40bb-a0c6-b4c2e4df6657,None,None,10,1257,6,[],None,None
EXPLOIT_VULN,12968.626664309433,12971.506501355598,2.879837046164539,16,405a81d8-a06b-40bb-a0c6-b4c2e4df6657,None,None,10,1258,6,[],None,None
EXPLOIT_VULN,12971.506501355598,12974.261154806662,2.7546534510638594,16,405a81d8-a06b-40bb-a0c6-b4c2e4df6657,None,None,10,1259,6,[],None,None
EXPLOIT_VULN,12974.261154806662,12974.918355495867,0.6572006892056379,16,405a81d8-a06b-40bb-a0c6-b4c2e4df6657,None,None,10,1260,6,[],None,None
EXPLOIT_VULN,12974.918355495867,12978.17618116778,3.2578256719134515,16,405a81d8-a06b-40bb-a0c6-b4c2e4df6657,None,None,10,1261,6,[],None,None
EXPLOIT_VULN,12978.17618116778,12981.507763924546,3.3315827567657834,16,405a81d8-a06b-40bb-a0c6-b4c2e4df6657,None,None,10,1262,6,[],None,None
EXPLOIT_VULN,12981.507763924546,12984.16707565065,2.659311726103624,16,405a81d8-a06b-40bb-a0c6-b4c2e4df6657,None,None,10,1263,6,[],None,None
EXPLOIT_VULN,12984.16707565065,12987.875148608038,3.70807295738814,16,405a81d8-a06b-40bb-a0c6-b4c2e4df6657,None,None,10,1264,6,[],None,None
EXPLOIT_VULN,12987.875148608038,12988.349500674452,0.47435206641421246,16,405a81d8-a06b-40bb-a0c6-b4c2e4df6657,None,None,10,1265,6,[],None,None
EXPLOIT_VULN,12988.349500674452,12996.560064978408,8.210564303955834,16,405a81d8-a06b-40bb-a0c6-b4c2e4df6657,None,None,10,1266,6,[],None,None
EXPLOIT_VULN,12996.560064978408,13004.934156226574,8.374091248166224,16,405a81d8-a06b-40bb-a0c6-b4c2e4df6657,None,None,10,1267,6,[],None,None
EXPLOIT_VULN,13004.934156226574,13014.69586267279,9.761706446215612,16,405a81d8-a06b-40bb-a0c6-b4c2e4df6657,None,None,10,1268,6,[],None,None
EXPLOIT_VULN,13014.69586267279,13017.092742108005,2.3968794352149416,16,405a81d8-a06b-40bb-a0c6-b4c2e4df6657,None,None,10,1269,6,[],None,None
EXPLOIT_VULN,13017.092742108005,13029.550657507092,12.457915399087142,16,405a81d8-a06b-40bb-a0c6-b4c2e4df6657,None,None,10,1270,6,[],None,None
EXPLOIT_VULN,13029.550657507092,13032.839502341223,3.2888448341309413,16,405a81d8-a06b-40bb-a0c6-b4c2e4df6657,None,None,10,1271,6,[],None,None
EXPLOIT_VULN,13032.839502341223,13039.29678580422,6.457283462996202,16,405a81d8-a06b-40bb-a0c6-b4c2e4df6657,None,None,10,1272,6,[],None,None
EXPLOIT_VULN,13039.29678580422,13045.83142047153,6.534634667310456,16,405a81d8-a06b-40bb-a0c6-b4c2e4df6657,None,None,10,1273,6,[],None,None
EXPLOIT_VULN,13045.83142047153,13050.726979047196,4.895558575666655,16,405a81d8-a06b-40bb-a0c6-b4c2e4df6657,None,None,10,1274,6,[],None,None
EXPLOIT_VULN,13050.726979047196,13056.12278936866,5.3958103214627045,16,405a81d8-a06b-40bb-a0c6-b4c2e4df6657,None,None,10,1275,6,[],None,None
EXPLOIT_VULN,13056.12278936866,13062.051812473355,5.929023104696171,16,405a81d8-a06b-40bb-a0c6-b4c2e4df6657,None,None,10,1276,6,[],None,None
EXPLOIT_VULN,13062.051812473355,13066.355236684605,4.303424211249876,16,405a81d8-a06b-40bb-a0c6-b4c2e4df6657,None,None,10,1277,6,[],None,None
EXPLOIT_VULN,13066.355236684605,13070.319506974725,3.964270290120112,16,405a81d8-a06b-40bb-a0c6-b4c2e4df6657,None,None,10,1278,6,[],None,None
EXPLOIT_VULN,13070.319506974725,13077.36215496588,7.0426479911548086,16,405a81d8-a06b-40bb-a0c6-b4c2e4df6657,None,None,10,1279,6,[],None,None
EXPLOIT_VULN,13077.36215496588,13080.898709287301,3.5365543214211357,16,405a81d8-a06b-40bb-a0c6-b4c2e4df6657,None,None,10,1280,6,[],None,None
EXPLOIT_VULN,13080.898709287301,13088.878945732738,7.9802364454371855,16,405a81d8-a06b-40bb-a0c6-b4c2e4df6657,None,None,10,1281,6,[],None,None
EXPLOIT_VULN,13088.878945732738,13093.533734398789,4.654788666050081,16,405a81d8-a06b-40bb-a0c6-b4c2e4df6657,None,None,10,1282,6,[],None,None
EXPLOIT_VULN,13093.533734398789,13111.543916714383,18.010182315594648,16,405a81d8-a06b-40bb-a0c6-b4c2e4df6657,None,None,10,1283,6,[],application,OSDiversity
SCAN_PORT,13131.824689732151,13156.824689732151,25.0,16,405a81d8-a06b-40bb-a0c6-b4c2e4df6657,None,None,10,1283,6,[],None,None
EXPLOIT_VULN,13156.824689732151,13158.082658424048,1.257968691896167,16,405a81d8-a06b-40bb-a0c6-b4c2e4df6657,None,None,10,1283,6,[],None,None
EXPLOIT_VULN,13158.082658424048,13161.509163372766,3.4265049487185024,16,405a81d8-a06b-40bb-a0c6-b4c2e4df6657,None,None,10,1284,6,[],None,None
EXPLOIT_VULN,13161.509163372766,13162.724408471373,1.2152450986068288,16,405a81d8-a06b-40bb-a0c6-b4c2e4df6657,None,None,10,1285,6,[],None,None
EXPLOIT_VULN,13162.724408471373,13164.974641057122,2.2502325857494725,16,405a81d8-a06b-40bb-a0c6-b4c2e4df6657,None,None,10,1286,6,[],None,None
EXPLOIT_VULN,13164.974641057122,13170.896919645305,5.922278588182962,16,405a81d8-a06b-40bb-a0c6-b4c2e4df6657,None,None,10,1287,6,[],None,None
EXPLOIT_VULN,13170.896919645305,13178.009033575678,7.1121139303722885,16,405a81d8-a06b-40bb-a0c6-b4c2e4df6657,None,None,10,1288,6,[],None,None
EXPLOIT_VULN,13178.009033575678,13181.121893574487,3.112859998809654,16,405a81d8-a06b-40bb-a0c6-b4c2e4df6657,None,None,10,1289,6,[],None,None
EXPLOIT_VULN,13181.121893574487,13187.528193245163,6.406299670676162,16,405a81d8-a06b-40bb-a0c6-b4c2e4df6657,None,None,10,1290,6,[],None,None
EXPLOIT_VULN,13187.528193245163,13190.42939694798,2.901203702816929,16,405a81d8-a06b-40bb-a0c6-b4c2e4df6657,None,None,10,1291,6,[],None,None
EXPLOIT_VULN,13190.42939694798,13194.089708750415,3.66031180243408,16,405a81d8-a06b-40bb-a0c6-b4c2e4df6657,None,None,10,1292,6,[],None,None
EXPLOIT_VULN,13194.089708750415,13196.971534767774,2.8818260173593444,16,405a81d8-a06b-40bb-a0c6-b4c2e4df6657,None,None,10,1293,6,[],None,None
EXPLOIT_VULN,13196.971534767774,13202.529961610753,5.5584268429793156,16,405a81d8-a06b-40bb-a0c6-b4c2e4df6657,None,None,10,1294,6,[],None,None
EXPLOIT_VULN,13202.529961610753,13206.988017598722,4.458055987968692,16,405a81d8-a06b-40bb-a0c6-b4c2e4df6657,None,None,10,1295,6,[],None,None
EXPLOIT_VULN,13206.988017598722,13214.702009579578,7.713991980856008,16,405a81d8-a06b-40bb-a0c6-b4c2e4df6657,None,None,10,1296,6,[],None,None
EXPLOIT_VULN,13214.702009579578,13225.556817407982,10.854807828403864,16,405a81d8-a06b-40bb-a0c6-b4c2e4df6657,None,None,10,1297,6,[],None,None
EXPLOIT_VULN,13225.556817407982,13238.914144860784,13.357327452802565,16,405a81d8-a06b-40bb-a0c6-b4c2e4df6657,None,None,10,1298,6,[],None,None
EXPLOIT_VULN,13238.914144860784,13253.095301014857,14.181156154072596,16,405a81d8-a06b-40bb-a0c6-b4c2e4df6657,None,None,10,1299,6,[],None,None
EXPLOIT_VULN,13253.095301014857,13264.841977002814,11.746675987957133,16,405a81d8-a06b-40bb-a0c6-b4c2e4df6657,None,None,10,1300,6,[],None,None
EXPLOIT_VULN,13264.841977002814,13278.636166321443,13.794189318628924,16,405a81d8-a06b-40bb-a0c6-b4c2e4df6657,None,None,10,1301,6,[],None,None
EXPLOIT_VULN,13278.636166321443,13285.126149563042,6.489983241599475,16,405a81d8-a06b-40bb-a0c6-b4c2e4df6657,None,None,10,1302,6,[],None,None
EXPLOIT_VULN,13285.126149563042,13288.48888090962,3.3627313465767656,16,405a81d8-a06b-40bb-a0c6-b4c2e4df6657,None,None,10,1303,6,[],None,None
EXPLOIT_VULN,13288.48888090962,13304.627224843956,16.138343934337172,16,405a81d8-a06b-40bb-a0c6-b4c2e4df6657,None,None,10,1304,6,[],None,None
EXPLOIT_VULN,13304.627224843956,13311.00430510155,6.377080257592752,16,405a81d8-a06b-40bb-a0c6-b4c2e4df6657,None,None,10,1305,6,[],None,None
EXPLOIT_VULN,13311.00430510155,13311.981515222828,0.9772101212784037,16,405a81d8-a06b-40bb-a0c6-b4c2e4df6657,None,None,10,1306,6,[],application,OSDiversity
SCAN_PORT,13332.065005365233,13357.065005365233,25.0,16,405a81d8-a06b-40bb-a0c6-b4c2e4df6657,None,None,10,1306,6,[],None,None
EXPLOIT_VULN,13357.065005365233,13359.70743798358,2.6424326183459925,16,405a81d8-a06b-40bb-a0c6-b4c2e4df6657,None,None,10,1306,6,[],None,None
EXPLOIT_VULN,13359.70743798358,13360.81173349933,1.1042955157499819,16,405a81d8-a06b-40bb-a0c6-b4c2e4df6657,None,None,10,1307,6,[],None,None
EXPLOIT_VULN,13360.81173349933,13362.267849201891,1.456115702561874,16,405a81d8-a06b-40bb-a0c6-b4c2e4df6657,None,None,10,1308,6,[],None,None
EXPLOIT_VULN,13362.267849201891,13363.693862937955,1.4260137360633962,16,405a81d8-a06b-40bb-a0c6-b4c2e4df6657,None,None,10,1309,6,[],None,None
EXPLOIT_VULN,13363.693862937955,13367.572681575792,3.8788186378369574,16,405a81d8-a06b-40bb-a0c6-b4c2e4df6657,None,None,10,1310,6,[],None,None
EXPLOIT_VULN,13367.572681575792,13370.633250671033,3.06056909524159,16,405a81d8-a06b-40bb-a0c6-b4c2e4df6657,None,None,10,1311,6,[],None,None
EXPLOIT_VULN,13370.633250671033,13374.78614266133,4.152891990297576,16,405a81d8-a06b-40bb-a0c6-b4c2e4df6657,None,None,10,1312,6,[],None,None
EXPLOIT_VULN,13374.78614266133,13380.50353086305,5.7173882017195865,16,405a81d8-a06b-40bb-a0c6-b4c2e4df6657,None,None,10,1313,6,[],None,None
EXPLOIT_VULN,13380.50353086305,13391.388160796287,10.884629933236283,16,405a81d8-a06b-40bb-a0c6-b4c2e4df6657,None,None,10,1314,6,[],None,None
EXPLOIT_VULN,13391.388160796287,13401.873028958767,10.48486816248078,16,405a81d8-a06b-40bb-a0c6-b4c2e4df6657,None,None,10,1315,6,[],None,None
EXPLOIT_VULN,13401.873028958767,13406.248775172304,4.375746213536331,16,405a81d8-a06b-40bb-a0c6-b4c2e4df6657,None,None,10,1316,6,[],None,None
EXPLOIT_VULN,13406.248775172304,13411.087582593935,4.838807421630918,16,405a81d8-a06b-40bb-a0c6-b4c2e4df6657,None,None,10,1317,6,[],None,None
EXPLOIT_VULN,13411.087582593935,13417.73797983112,6.650397237184734,16,405a81d8-a06b-40bb-a0c6-b4c2e4df6657,None,None,10,1318,6,[],None,None
EXPLOIT_VULN,13417.73797983112,13422.124128575724,4.386148744604725,16,405a81d8-a06b-40bb-a0c6-b4c2e4df6657,None,None,10,1319,6,[],None,None
EXPLOIT_VULN,13422.124128575724,13432.040848479308,9.916719903583726,16,405a81d8-a06b-40bb-a0c6-b4c2e4df6657,None,None,10,1320,6,[],None,None
EXPLOIT_VULN,13432.040848479308,13444.248905569864,12.208057090556395,16,405a81d8-a06b-40bb-a0c6-b4c2e4df6657,None,None,10,1321,6,[],None,None
EXPLOIT_VULN,13444.248905569864,13456.568840393995,12.319934824130542,16,405a81d8-a06b-40bb-a0c6-b4c2e4df6657,None,None,10,1322,6,[],None,None
EXPLOIT_VULN,13456.568840393995,13459.5155443418,2.9467039478058723,16,405a81d8-a06b-40bb-a0c6-b4c2e4df6657,None,None,10,1323,6,[],None,None
EXPLOIT_VULN,13459.5155443418,13477.345047513361,17.829503171560646,16,405a81d8-a06b-40bb-a0c6-b4c2e4df6657,None,None,10,1324,6,[],None,None
EXPLOIT_VULN,13477.345047513361,13486.071471244526,8.726423731164687,16,405a81d8-a06b-40bb-a0c6-b4c2e4df6657,None,None,10,1325,6,[],None,None
EXPLOIT_VULN,13486.071471244526,13490.731898973712,4.660427729186267,16,405a81d8-a06b-40bb-a0c6-b4c2e4df6657,None,None,10,1326,6,[],None,None
EXPLOIT_VULN,13490.731898973712,13502.698116223022,11.96621724930992,16,405a81d8-a06b-40bb-a0c6-b4c2e4df6657,None,None,10,1327,6,[],None,None
EXPLOIT_VULN,13502.698116223022,13509.827212525144,7.1290963021219795,16,405a81d8-a06b-40bb-a0c6-b4c2e4df6657,None,None,10,1328,6,[],None,None
EXPLOIT_VULN,13509.827212525144,13512.915267148886,3.0880546237422095,16,405a81d8-a06b-40bb-a0c6-b4c2e4df6657,None,None,10,1329,6,[],application,OSDiversity
SCAN_PORT,13533.43393531483,13558.43393531483,25.0,16,405a81d8-a06b-40bb-a0c6-b4c2e4df6657,None,None,10,1329,6,[],None,None
EXPLOIT_VULN,13558.43393531483,13559.848734368863,1.4147990540332103,16,405a81d8-a06b-40bb-a0c6-b4c2e4df6657,None,None,10,1329,6,[],None,None
EXPLOIT_VULN,13559.848734368863,13560.550680073085,0.7019457042224531,16,405a81d8-a06b-40bb-a0c6-b4c2e4df6657,None,None,10,1330,6,[],None,None
EXPLOIT_VULN,13560.550680073085,13563.139764028041,2.5890839549556404,16,405a81d8-a06b-40bb-a0c6-b4c2e4df6657,None,None,10,1331,6,[],None,None
EXPLOIT_VULN,13563.139764028041,13564.202630217029,1.0628661889877549,16,405a81d8-a06b-40bb-a0c6-b4c2e4df6657,None,None,10,1332,6,[],None,None
EXPLOIT_VULN,13564.202630217029,13565.588471540164,1.385841323135537,16,405a81d8-a06b-40bb-a0c6-b4c2e4df6657,None,None,10,1333,6,[],None,None
EXPLOIT_VULN,13565.588471540164,13570.496364794548,4.907893254383453,16,405a81d8-a06b-40bb-a0c6-b4c2e4df6657,None,None,10,1334,6,[],None,None
EXPLOIT_VULN,13570.496364794548,13572.398825874438,1.9024610798896902,16,405a81d8-a06b-40bb-a0c6-b4c2e4df6657,None,None,10,1335,6,[],None,None
EXPLOIT_VULN,13572.398825874438,13573.68480722794,1.2859813535033027,16,405a81d8-a06b-40bb-a0c6-b4c2e4df6657,None,None,10,1336,6,[],None,None
EXPLOIT_VULN,13573.68480722794,13579.618054789707,5.9332475617666205,16,405a81d8-a06b-40bb-a0c6-b4c2e4df6657,None,None,10,1337,6,[],None,None
EXPLOIT_VULN,13579.618054789707,13582.199637722337,2.581582932629317,16,405a81d8-a06b-40bb-a0c6-b4c2e4df6657,None,None,10,1338,6,[],None,None
EXPLOIT_VULN,13582.199637722337,13583.608538136601,1.4089004142642807,16,405a81d8-a06b-40bb-a0c6-b4c2e4df6657,None,None,10,1339,6,[],None,None
EXPLOIT_VULN,13583.608538136601,13588.611164320786,5.002626184184919,16,405a81d8-a06b-40bb-a0c6-b4c2e4df6657,None,None,10,1340,6,[],None,None
EXPLOIT_VULN,13588.611164320786,13591.654028176063,3.0428638552766643,16,405a81d8-a06b-40bb-a0c6-b4c2e4df6657,None,None,10,1341,6,[],None,None
EXPLOIT_VULN,13591.654028176063,13593.465415051971,1.8113868759082834,16,405a81d8-a06b-40bb-a0c6-b4c2e4df6657,None,None,10,1342,6,[],None,None
EXPLOIT_VULN,13593.465415051971,13600.822240373862,7.356825321890938,16,405a81d8-a06b-40bb-a0c6-b4c2e4df6657,None,None,10,1343,6,[],None,None
EXPLOIT_VULN,13600.822240373862,13603.841973900511,3.019733526649361,16,405a81d8-a06b-40bb-a0c6-b4c2e4df6657,None,None,10,1344,6,[],None,None
EXPLOIT_VULN,13603.841973900511,13606.364539669086,2.5225657685750775,16,405a81d8-a06b-40bb-a0c6-b4c2e4df6657,None,None,10,1345,6,[],None,None
EXPLOIT_VULN,13606.364539669086,13610.726867096217,4.362327427130367,16,405a81d8-a06b-40bb-a0c6-b4c2e4df6657,None,None,10,1346,6,[],None,None
EXPLOIT_VULN,13610.726867096217,13614.33372298803,3.6068558918141207,16,405a81d8-a06b-40bb-a0c6-b4c2e4df6657,None,None,10,1347,6,[],None,None
EXPLOIT_VULN,13614.33372298803,13619.57376488361,5.240041895578543,16,405a81d8-a06b-40bb-a0c6-b4c2e4df6657,None,None,10,1348,6,[],None,None
EXPLOIT_VULN,13619.57376488361,13622.620221552794,3.0464566691844084,16,405a81d8-a06b-40bb-a0c6-b4c2e4df6657,None,None,10,1349,6,[],None,None
EXPLOIT_VULN,13622.620221552794,13628.84087462002,6.220653067226522,16,405a81d8-a06b-40bb-a0c6-b4c2e4df6657,None,None,10,1350,6,[],None,None
EXPLOIT_VULN,13628.84087462002,13643.47657046925,14.635695849230615,16,405a81d8-a06b-40bb-a0c6-b4c2e4df6657,None,None,10,1351,6,[],None,None
EXPLOIT_VULN,13643.47657046925,13650.475867956586,6.999297487334843,16,405a81d8-a06b-40bb-a0c6-b4c2e4df6657,None,None,10,1352,6,[],None,None
EXPLOIT_VULN,13650.475867956586,13655.920344297754,5.444476341168411,16,405a81d8-a06b-40bb-a0c6-b4c2e4df6657,None,None,10,1353,6,[],None,None
EXPLOIT_VULN,13655.920344297754,13671.41294813345,15.492603835695263,16,405a81d8-a06b-40bb-a0c6-b4c2e4df6657,None,None,10,1354,6,[],None,None
EXPLOIT_VULN,13671.41294813345,13678.085773395527,6.672825262077822,16,405a81d8-a06b-40bb-a0c6-b4c2e4df6657,None,None,10,1355,6,[],None,None
EXPLOIT_VULN,13678.085773395527,13684.816103000534,6.730329605006773,16,405a81d8-a06b-40bb-a0c6-b4c2e4df6657,None,None,10,1356,6,[],None,None
EXPLOIT_VULN,13684.816103000534,13690.536675412595,5.720572412061301,16,405a81d8-a06b-40bb-a0c6-b4c2e4df6657,None,None,10,1357,6,[],None,None
EXPLOIT_VULN,13690.536675412595,13696.229946289654,5.693270877058239,16,405a81d8-a06b-40bb-a0c6-b4c2e4df6657,None,None,10,1358,6,[],None,None
EXPLOIT_VULN,13696.229946289654,13700.847998741707,4.6180524520532344,16,405a81d8-a06b-40bb-a0c6-b4c2e4df6657,None,None,10,1359,6,[],None,None
EXPLOIT_VULN,13700.847998741707,13706.94652073261,6.098521990903464,16,405a81d8-a06b-40bb-a0c6-b4c2e4df6657,None,None,10,1360,6,[],None,None
EXPLOIT_VULN,13706.94652073261,13711.694889508557,4.748368775946801,16,405a81d8-a06b-40bb-a0c6-b4c2e4df6657,None,None,10,1361,6,[],None,None
EXPLOIT_VULN,13711.694889508557,13719.746939934521,8.052050425963898,16,405a81d8-a06b-40bb-a0c6-b4c2e4df6657,None,None,10,1362,6,[],None,None
EXPLOIT_VULN,13719.746939934521,13727.331464858898,7.584524924377547,16,405a81d8-a06b-40bb-a0c6-b4c2e4df6657,None,None,10,1363,6,[],None,None
EXPLOIT_VULN,13727.331464858898,13732.705407273306,5.373942414407793,16,405a81d8-a06b-40bb-a0c6-b4c2e4df6657,None,None,10,1364,6,[],network,IPShuffle
SCAN_HOST,13752.885509511343,13757.885509511343,5.0,-1,-1,None,None,0,1364,6,[],None,None
ENUM_HOST,13757.885509511343,13762.885509511343,5.0,-1,-1,None,None,0,1364,6,[],None,None
SCAN_PORT,13762.885509511343,13787.885509511343,25.0,34,47053269-dac7-4b00-a172-a7fec8f95b50,None,None,9,1364,6,[],None,None
EXPLOIT_VULN,13787.885509511343,13790.691641841753,2.806132330410037,34,47053269-dac7-4b00-a172-a7fec8f95b50,None,None,9,1364,6,[],None,None
EXPLOIT_VULN,13790.691641841753,13792.13687667652,1.4452348347676889,34,47053269-dac7-4b00-a172-a7fec8f95b50,None,None,9,1365,6,[],None,None
EXPLOIT_VULN,13792.13687667652,13794.733636726181,2.5967600496605883,34,47053269-dac7-4b00-a172-a7fec8f95b50,None,None,9,1366,6,[],None,None
EXPLOIT_VULN,13794.733636726181,13798.631726932335,3.898090206153938,34,47053269-dac7-4b00-a172-a7fec8f95b50,None,None,9,1367,6,[],None,None
EXPLOIT_VULN,13798.631726932335,13803.815086065657,5.183359133321574,34,47053269-dac7-4b00-a172-a7fec8f95b50,None,None,9,1368,6,[],None,None
EXPLOIT_VULN,13803.815086065657,13808.9860333535,5.170947287842864,34,47053269-dac7-4b00-a172-a7fec8f95b50,None,None,9,1369,6,[],None,None
EXPLOIT_VULN,13808.9860333535,13812.644062646485,3.658029292984793,34,47053269-dac7-4b00-a172-a7fec8f95b50,None,None,9,1370,6,[],None,None
EXPLOIT_VULN,13812.644062646485,13814.808267590226,2.1642049437414244,34,47053269-dac7-4b00-a172-a7fec8f95b50,None,None,9,1371,6,[],None,None
EXPLOIT_VULN,13814.808267590226,13817.874689147851,3.06642155762529,34,47053269-dac7-4b00-a172-a7fec8f95b50,None,None,9,1372,6,[],None,None
EXPLOIT_VULN,13817.874689147851,13823.767873164954,5.893184017102612,34,47053269-dac7-4b00-a172-a7fec8f95b50,None,None,9,1373,6,[],None,None
EXPLOIT_VULN,13823.767873164954,13829.98793770626,6.220064541306783,34,47053269-dac7-4b00-a172-a7fec8f95b50,None,None,9,1374,6,[],None,None
EXPLOIT_VULN,13829.98793770626,13831.500211212722,1.5122735064614972,34,47053269-dac7-4b00-a172-a7fec8f95b50,None,None,9,1375,6,[],None,None
EXPLOIT_VULN,13831.500211212722,13835.717882691204,4.217671478481861,34,47053269-dac7-4b00-a172-a7fec8f95b50,None,None,9,1376,6,[],None,None
EXPLOIT_VULN,13835.717882691204,13844.526811043745,8.808928352540534,34,47053269-dac7-4b00-a172-a7fec8f95b50,None,None,9,1377,6,[],None,None
EXPLOIT_VULN,13844.526811043745,13851.077602591451,6.550791547706467,34,47053269-dac7-4b00-a172-a7fec8f95b50,None,None,9,1378,6,[],None,None
EXPLOIT_VULN,13851.077602591451,13856.172876571722,5.095273980270576,34,47053269-dac7-4b00-a172-a7fec8f95b50,None,None,9,1379,6,[],None,None
EXPLOIT_VULN,13856.172876571722,13860.75090354135,4.578026969627899,34,47053269-dac7-4b00-a172-a7fec8f95b50,None,None,9,1380,6,[],None,None
BRUTE_FORCE,13860.75090354135,13880.75090354135,20.0,34,47053269-dac7-4b00-a172-a7fec8f95b50,None,None,9,1381,6,[],None,None
ENUM_HOST,13880.75090354135,13885.75090354135,5.0,34,47053269-dac7-4b00-a172-a7fec8f95b50,None,None,9,1381,6,[],None,None
SCAN_PORT,13885.75090354135,13910.75090354135,25.0,13,0e539f22-82dc-4f92-990a-446ed3527803,None,None,8,1381,6,[],None,None
EXPLOIT_VULN,13910.75090354135,13911.955402199508,1.2044986581586272,13,0e539f22-82dc-4f92-990a-446ed3527803,None,None,8,1381,6,[],None,None
EXPLOIT_VULN,13911.955402199508,13913.229044418831,1.2736422193229373,13,0e539f22-82dc-4f92-990a-446ed3527803,None,None,8,1382,6,[],application,OSDiversity
SCAN_PORT,13934.686117817659,13959.686117817659,25.0,13,0e539f22-82dc-4f92-990a-446ed3527803,None,None,8,1382,6,[],None,None
EXPLOIT_VULN,13959.686117817659,13960.285163610497,0.5990457928382966,13,0e539f22-82dc-4f92-990a-446ed3527803,None,None,8,1382,6,[],None,None
EXPLOIT_VULN,13960.285163610497,13963.318801940279,3.033638329781752,13,0e539f22-82dc-4f92-990a-446ed3527803,None,None,8,1383,6,[],None,None
EXPLOIT_VULN,13963.318801940279,13965.997180338836,2.67837839855747,13,0e539f22-82dc-4f92-990a-446ed3527803,None,None,8,1384,6,[],None,None
EXPLOIT_VULN,13965.997180338836,13971.023148149967,5.025967811130613,13,0e539f22-82dc-4f92-990a-446ed3527803,None,None,8,1385,6,[],None,None
EXPLOIT_VULN,13971.023148149967,13975.19048228665,4.167334136684076,13,0e539f22-82dc-4f92-990a-446ed3527803,None,None,8,1386,6,[],None,None
EXPLOIT_VULN,13975.19048228665,13991.433953970956,16.243471684305405,13,0e539f22-82dc-4f92-990a-446ed3527803,None,None,8,1387,6,[],None,None
EXPLOIT_VULN,13991.433953970956,13998.726256484677,7.292302513720642,13,0e539f22-82dc-4f92-990a-446ed3527803,None,None,8,1388,6,[],None,None
EXPLOIT_VULN,13998.726256484677,14005.743668714884,7.017412230206901,13,0e539f22-82dc-4f92-990a-446ed3527803,None,None,8,1389,6,[],None,None
EXPLOIT_VULN,14005.743668714884,14012.33627736212,6.5926086472354655,13,0e539f22-82dc-4f92-990a-446ed3527803,None,None,8,1390,6,[],None,None
BRUTE_FORCE,14012.33627736212,14032.33627736212,20.0,13,0e539f22-82dc-4f92-990a-446ed3527803,None,None,8,1391,6,[],None,None
ENUM_HOST,14032.33627736212,14037.33627736212,5.0,13,0e539f22-82dc-4f92-990a-446ed3527803,None,None,8,1391,6,[],None,None
SCAN_PORT,14037.33627736212,14062.33627736212,25.0,24,643fa780-b4c9-470c-ad17-71e4d54ec6a5,None,None,4,1391,6,[],None,None
EXPLOIT_VULN,14062.33627736212,14062.995860196796,0.6595828346762573,24,643fa780-b4c9-470c-ad17-71e4d54ec6a5,None,None,4,1391,6,[],None,None
EXPLOIT_VULN,14062.995860196796,14066.443029426451,3.4471692296556284,24,643fa780-b4c9-470c-ad17-71e4d54ec6a5,None,None,4,1392,6,[],None,None
EXPLOIT_VULN,14066.443029426451,14074.352844910938,7.909815484486899,24,643fa780-b4c9-470c-ad17-71e4d54ec6a5,None,None,4,1393,6,[],None,None
EXPLOIT_VULN,14074.352844910938,14080.01516680999,5.662321899051676,24,643fa780-b4c9-470c-ad17-71e4d54ec6a5,None,None,4,1394,6,[],None,None
EXPLOIT_VULN,14080.01516680999,14085.393470912659,5.378304102669063,24,643fa780-b4c9-470c-ad17-71e4d54ec6a5,None,None,4,1395,6,[],None,None
EXPLOIT_VULN,14085.393470912659,14092.333232163011,6.939761250352603,24,643fa780-b4c9-470c-ad17-71e4d54ec6a5,None,None,4,1396,6,[],None,None
EXPLOIT_VULN,14092.333232163011,14099.195334943366,6.8621027803546895,24,643fa780-b4c9-470c-ad17-71e4d54ec6a5,None,None,4,1397,6,[],None,None
EXPLOIT_VULN,14099.195334943366,14106.61683353022,7.421498586854796,24,643fa780-b4c9-470c-ad17-71e4d54ec6a5,None,None,4,1398,6,[],None,None
EXPLOIT_VULN,14106.61683353022,14108.95751129319,2.34067776296979,24,643fa780-b4c9-470c-ad17-71e4d54ec6a5,None,None,4,1399,6,[],None,None
EXPLOIT_VULN,14108.95751129319,14112.65471044515,3.697199151958557,24,643fa780-b4c9-470c-ad17-71e4d54ec6a5,None,None,4,1400,6,[],None,None
EXPLOIT_VULN,14112.65471044515,14130.268595204288,17.613884759139182,24,643fa780-b4c9-470c-ad17-71e4d54ec6a5,None,None,4,1401,6,[],None,None
EXPLOIT_VULN,14130.268595204288,14135.009821502315,4.741226298026959,24,643fa780-b4c9-470c-ad17-71e4d54ec6a5,None,None,4,1402,6,[],None,None
EXPLOIT_VULN,14135.009821502315,14143.683619324433,8.673797822117194,24,643fa780-b4c9-470c-ad17-71e4d54ec6a5,None,None,4,1403,6,[],network,CompleteTopologyShuffle
SCAN_HOST,14164.18843307219,14169.18843307219,5.0,-1,-1,None,None,0,1403,6,[],None,None
ENUM_HOST,14169.18843307219,14174.18843307219,5.0,-1,-1,None,None,0,1403,6,[],None,None
SCAN_PORT,14174.18843307219,14199.18843307219,25.0,18,9474a74a-c94f-4cd1-a4d7-6ec45f8e9dc6,None,None,1,1403,6,[],None,None
EXPLOIT_VULN,14199.18843307219,14212.134393891922,12.945960819732136,18,9474a74a-c94f-4cd1-a4d7-6ec45f8e9dc6,None,None,1,1403,6,[],None,None
EXPLOIT_VULN,14212.134393891922,14219.361691697379,7.227297805457056,18,9474a74a-c94f-4cd1-a4d7-6ec45f8e9dc6,None,None,1,1404,6,[],None,None
EXPLOIT_VULN,14219.361691697379,14225.80089853088,6.439206833501885,18,9474a74a-c94f-4cd1-a4d7-6ec45f8e9dc6,None,None,1,1405,6,[],None,None
BRUTE_FORCE,14225.80089853088,14245.80089853088,20.0,18,9474a74a-c94f-4cd1-a4d7-6ec45f8e9dc6,None,None,1,1406,6,[],None,None
ENUM_HOST,14245.80089853088,14250.80089853088,5.0,18,9474a74a-c94f-4cd1-a4d7-6ec45f8e9dc6,None,None,1,1406,6,[],None,None
SCAN_PORT,14250.80089853088,14275.80089853088,25.0,8,76d946e6-b144-444f-beda-dee6dc51ee4a,None,None,1,1406,6,[],None,None
EXPLOIT_VULN,14275.80089853088,14275.900746299565,0.09984776868441259,8,76d946e6-b144-444f-beda-dee6dc51ee4a,None,None,1,1406,6,[],None,None
EXPLOIT_VULN,14275.900746299565,14282.233611077863,6.332864778298244,8,76d946e6-b144-444f-beda-dee6dc51ee4a,None,None,1,1407,6,[],None,None
EXPLOIT_VULN,14282.233611077863,14284.859225520708,2.6256144428443804,8,76d946e6-b144-444f-beda-dee6dc51ee4a,None,None,1,1408,6,[],None,None
EXPLOIT_VULN,14284.859225520708,14288.464714706268,3.6054891855601454,8,76d946e6-b144-444f-beda-dee6dc51ee4a,None,None,1,1409,6,[],None,None
EXPLOIT_VULN,14288.464714706268,14300.018208801617,11.553494095349379,8,76d946e6-b144-444f-beda-dee6dc51ee4a,None,None,1,1410,6,[],None,None
EXPLOIT_VULN,14300.018208801617,14308.24309831481,8.224889513192466,8,76d946e6-b144-444f-beda-dee6dc51ee4a,None,None,1,1411,6,[],None,None
EXPLOIT_VULN,14308.24309831481,14313.31993961975,5.076841304940899,8,76d946e6-b144-444f-beda-dee6dc51ee4a,None,None,1,1412,6,[],application,OSDiversity
SCAN_PORT,14333.545041677224,14358.545041677224,25.0,8,76d946e6-b144-444f-beda-dee6dc51ee4a,None,None,1,1412,6,[],None,None
EXPLOIT_VULN,14358.545041677224,14362.795279990656,4.250238313432419,8,76d946e6-b144-444f-beda-dee6dc51ee4a,None,None,1,1412,6,[],None,None
EXPLOIT_VULN,14362.795279990656,14370.577463524825,7.782183534169235,8,76d946e6-b144-444f-beda-dee6dc51ee4a,None,None,1,1413,6,[],None,None
EXPLOIT_VULN,14370.577463524825,14376.464191554785,5.886728029960068,8,76d946e6-b144-444f-beda-dee6dc51ee4a,None,None,1,1414,6,[],None,None
EXPLOIT_VULN,14376.464191554785,14382.783271001861,6.319079447075637,8,76d946e6-b144-444f-beda-dee6dc51ee4a,None,None,1,1415,6,[],None,None
EXPLOIT_VULN,14382.783271001861,14385.242153073896,2.458882072034612,8,76d946e6-b144-444f-beda-dee6dc51ee4a,None,None,1,1416,6,[],None,None
EXPLOIT_VULN,14385.242153073896,14400.50561484985,15.263461775954056,8,76d946e6-b144-444f-beda-dee6dc51ee4a,None,None,1,1417,6,[],None,None
EXPLOIT_VULN,14400.50561484985,14406.319078480743,5.813463630893239,8,76d946e6-b144-444f-beda-dee6dc51ee4a,None,None,1,1418,6,[],None,None
EXPLOIT_VULN,14406.319078480743,14425.11867011801,18.79959163726744,8,76d946e6-b144-444f-beda-dee6dc51ee4a,None,None,1,1419,6,[],None,None
EXPLOIT_VULN,14425.11867011801,14427.677336354303,2.558666236292993,8,76d946e6-b144-444f-beda-dee6dc51ee4a,None,None,1,1420,6,[],None,None
EXPLOIT_VULN,14427.677336354303,14444.995133263821,17.31779690951771,8,76d946e6-b144-444f-beda-dee6dc51ee4a,None,None,1,1421,6,[],None,None
EXPLOIT_VULN,14444.995133263821,14455.36388010306,10.368746839238156,8,76d946e6-b144-444f-beda-dee6dc51ee4a,None,None,1,1422,6,[],None,None
EXPLOIT_VULN,14455.36388010306,14477.140481892371,21.776601789311826,8,76d946e6-b144-444f-beda-dee6dc51ee4a,None,None,1,1423,6,[],None,None
BRUTE_FORCE,14477.140481892371,14497.140481892371,20.0,8,76d946e6-b144-444f-beda-dee6dc51ee4a,None,None,1,1424,6,[],None,None
ENUM_HOST,14497.140481892371,14502.140481892371,5.0,8,76d946e6-b144-444f-beda-dee6dc51ee4a,None,None,1,1424,6,[],None,None
SCAN_PORT,14502.140481892371,14504.111216442732,1.9707345503611577,34,47053269-dac7-4b00-a172-a7fec8f95b50,None,None,10,1424,6,[],application,ServiceDiversity
SCAN_PORT,14524.248963971802,14549.248963971802,25.0,34,47053269-dac7-4b00-a172-a7fec8f95b50,None,None,10,1424,6,[],None,None
EXPLOIT_VULN,14549.248963971802,14550.709439837812,1.4604758660098014,34,47053269-dac7-4b00-a172-a7fec8f95b50,None,None,10,1424,6,[],None,None
EXPLOIT_VULN,14550.709439837812,14554.955965609983,4.246525772170571,34,47053269-dac7-4b00-a172-a7fec8f95b50,None,None,10,1425,6,[],None,None
EXPLOIT_VULN,14554.955965609983,14561.543557688947,6.587592078964008,34,47053269-dac7-4b00-a172-a7fec8f95b50,None,None,10,1426,6,[],None,None
EXPLOIT_VULN,14561.543557688947,14572.435790266867,10.892232577920367,34,47053269-dac7-4b00-a172-a7fec8f95b50,None,None,10,1427,6,[],None,None
EXPLOIT_VULN,14572.435790266867,14577.938644577054,5.502854310187104,34,47053269-dac7-4b00-a172-a7fec8f95b50,None,None,10,1428,6,[],None,None
EXPLOIT_VULN,14577.938644577054,14594.88838071189,16.949736134834893,34,47053269-dac7-4b00-a172-a7fec8f95b50,None,None,10,1429,6,[],None,None
EXPLOIT_VULN,14594.88838071189,14599.364423120725,4.4760424088362925,34,47053269-dac7-4b00-a172-a7fec8f95b50,None,None,10,1430,6,[],None,None
EXPLOIT_VULN,14599.364423120725,14606.23682940621,6.87240628548534,34,47053269-dac7-4b00-a172-a7fec8f95b50,None,None,10,1431,6,[],None,None
EXPLOIT_VULN,14606.23682940621,14613.086924218152,6.850094811941744,34,47053269-dac7-4b00-a172-a7fec8f95b50,None,None,10,1432,6,[],None,None
EXPLOIT_VULN,14613.086924218152,14621.353246487133,8.26632226898073,34,47053269-dac7-4b00-a172-a7fec8f95b50,None,None,10,1433,6,[],None,None
EXPLOIT_VULN,14621.353246487133,14624.08224266608,2.728996178946545,34,47053269-dac7-4b00-a172-a7fec8f95b50,None,None,10,1434,6,[],None,None
EXPLOIT_VULN,14624.08224266608,14631.54055969584,7.4583170297610195,34,47053269-dac7-4b00-a172-a7fec8f95b50,None,None,10,1435,6,[],None,None
EXPLOIT_VULN,14631.54055969584,14637.25943895892,5.718879263078634,34,47053269-dac7-4b00-a172-a7fec8f95b50,None,None,10,1436,6,[],None,None
EXPLOIT_VULN,14637.25943895892,14646.53527304356,9.275834084641247,34,47053269-dac7-4b00-a172-a7fec8f95b50,None,None,10,1437,6,[],None,None
EXPLOIT_VULN,14646.53527304356,14654.639287052387,8.104014008826198,34,47053269-dac7-4b00-a172-a7fec8f95b50,None,None,10,1438,6,[],None,None
EXPLOIT_VULN,14654.639287052387,14663.534680405646,8.895393353259351,34,47053269-dac7-4b00-a172-a7fec8f95b50,None,None,10,1439,6,[],None,None
EXPLOIT_VULN,14663.534680405646,14671.301095846173,7.7664154405265435,34,47053269-dac7-4b00-a172-a7fec8f95b50,None,None,10,1440,6,[],None,None
EXPLOIT_VULN,14671.301095846173,14678.487171686282,7.18607584010897,34,47053269-dac7-4b00-a172-a7fec8f95b50,None,None,10,1441,6,[],None,None
EXPLOIT_VULN,14678.487171686282,14682.621499545252,4.1343278589702095,34,47053269-dac7-4b00-a172-a7fec8f95b50,None,None,10,1442,6,[],None,None
EXPLOIT_VULN,14682.621499545252,14691.246192995195,8.624693449943152,34,47053269-dac7-4b00-a172-a7fec8f95b50,None,None,10,1443,6,[],None,None
BRUTE_FORCE,14691.246192995195,14711.246192995195,20.0,34,47053269-dac7-4b00-a172-a7fec8f95b50,None,None,10,1444,6,[],None,None
ENUM_HOST,14711.246192995195,14716.246192995195,5.0,34,47053269-dac7-4b00-a172-a7fec8f95b50,None,None,10,1444,6,[],None,None
SCAN_PORT,14716.246192995195,14741.246192995195,25.0,21,0bff9a36-64e0-438a-b900-8cca7b0c65ef,None,None,1,1444,6,[],None,None
EXPLOIT_VULN,14741.246192995195,14742.211350033009,0.9651570378136967,21,0bff9a36-64e0-438a-b900-8cca7b0c65ef,None,None,1,1444,6,[],None,None
EXPLOIT_VULN,14742.211350033009,14743.631184656679,1.4198346236698853,21,0bff9a36-64e0-438a-b900-8cca7b0c65ef,None,None,1,1445,6,[],None,None
EXPLOIT_VULN,14743.631184656679,14746.06272606434,2.431541407660916,21,0bff9a36-64e0-438a-b900-8cca7b0c65ef,None,None,1,1446,6,[],None,None
EXPLOIT_VULN,14746.06272606434,14748.637073457206,2.574347392866912,21,0bff9a36-64e0-438a-b900-8cca7b0c65ef,None,None,1,1447,6,[],None,None
EXPLOIT_VULN,14748.637073457206,14758.84979580709,10.212722349882824,21,0bff9a36-64e0-438a-b900-8cca7b0c65ef,None,None,1,1448,6,[],None,None
EXPLOIT_VULN,14758.84979580709,14764.636321619098,5.786525812009131,21,0bff9a36-64e0-438a-b900-8cca7b0c65ef,None,None,1,1449,6,[],None,None
EXPLOIT_VULN,14764.636321619098,14770.181649951177,5.545328332078498,21,0bff9a36-64e0-438a-b900-8cca7b0c65ef,None,None,1,1450,6,[],None,None
EXPLOIT_VULN,14770.181649951177,14773.605085393017,3.423435441840411,21,0bff9a36-64e0-438a-b900-8cca7b0c65ef,None,None,1,1451,6,[],None,None
EXPLOIT_VULN,14773.605085393017,14785.332346707357,11.727261314339557,21,0bff9a36-64e0-438a-b900-8cca7b0c65ef,None,None,1,1452,6,[],None,None
EXPLOIT_VULN,14785.332346707357,14788.285490964377,2.95314425702054,21,0bff9a36-64e0-438a-b900-8cca7b0c65ef,None,None,1,1453,6,[],None,None
EXPLOIT_VULN,14788.285490964377,14796.380836667786,8.095345703408384,21,0bff9a36-64e0-438a-b900-8cca7b0c65ef,None,None,1,1454,6,[],None,None
EXPLOIT_VULN,14796.380836667786,14801.247302344798,4.866465677012457,21,0bff9a36-64e0-438a-b900-8cca7b0c65ef,None,None,1,1455,6,[],None,None
EXPLOIT_VULN,14801.247302344798,14809.07532204911,7.828019704311373,21,0bff9a36-64e0-438a-b900-8cca7b0c65ef,None,None,1,1456,6,[],None,None
EXPLOIT_VULN,14809.07532204911,14818.090341933399,9.015019884289359,21,0bff9a36-64e0-438a-b900-8cca7b0c65ef,None,None,1,1457,6,[],None,None
EXPLOIT_VULN,14818.090341933399,14826.553678600676,8.463336667276963,21,0bff9a36-64e0-438a-b900-8cca7b0c65ef,None,None,1,1458,6,[],None,None
EXPLOIT_VULN,14826.553678600676,14828.921825524001,2.3681469233251846,21,0bff9a36-64e0-438a-b900-8cca7b0c65ef,None,None,1,1459,6,[],None,None
EXPLOIT_VULN,14828.921825524001,14832.70980431563,3.7879787916281202,21,0bff9a36-64e0-438a-b900-8cca7b0c65ef,None,None,1,1460,6,[],None,None
EXPLOIT_VULN,14832.70980431563,14835.162835951898,2.453031636268861,21,0bff9a36-64e0-438a-b900-8cca7b0c65ef,None,None,1,1461,6,[],None,None
EXPLOIT_VULN,14835.162835951898,14843.061678997537,7.898843045639296,21,0bff9a36-64e0-438a-b900-8cca7b0c65ef,None,None,1,1462,6,[],None,None
EXPLOIT_VULN,14843.061678997537,14850.179823404176,7.1181444066387485,21,0bff9a36-64e0-438a-b900-8cca7b0c65ef,None,None,1,1463,6,[],None,None
EXPLOIT_VULN,14850.179823404176,14857.595305074276,7.415481670099325,21,0bff9a36-64e0-438a-b900-8cca7b0c65ef,None,None,1,1464,6,[],None,None
EXPLOIT_VULN,14857.595305074276,14867.23567697102,9.64037189674491,21,0bff9a36-64e0-438a-b900-8cca7b0c65ef,None,None,1,1465,6,[],None,None
EXPLOIT_VULN,14867.23567697102,14873.430295683162,6.194618712141164,21,0bff9a36-64e0-438a-b900-8cca7b0c65ef,None,None,1,1466,6,[],None,None
EXPLOIT_VULN,14873.430295683162,14888.323130292307,14.892834609145211,21,0bff9a36-64e0-438a-b900-8cca7b0c65ef,None,None,1,1467,6,[],None,None
EXPLOIT_VULN,14888.323130292307,14904.838779465512,16.51564917320502,21,0bff9a36-64e0-438a-b900-8cca7b0c65ef,None,None,1,1468,6,[],application,ServiceDiversity
SCAN_PORT,14925.064472750428,14950.064472750428,25.0,21,0bff9a36-64e0-438a-b900-8cca7b0c65ef,None,None,1,1468,6,[],None,None
EXPLOIT_VULN,14950.064472750428,14950.905866293544,0.8413935431162827,21,0bff9a36-64e0-438a-b900-8cca7b0c65ef,None,None,1,1468,6,[],None,None
EXPLOIT_VULN,14950.905866293544,14953.70724089375,2.8013746002052358,21,0bff9a36-64e0-438a-b900-8cca7b0c65ef,None,None,1,1469,6,[],None,None
EXPLOIT_VULN,14953.70724089375,14955.225935828827,1.518694935077292,21,0bff9a36-64e0-438a-b900-8cca7b0c65ef,None,None,1,1470,6,[],None,None
EXPLOIT_VULN,14955.225935828827,14956.28822470184,1.0622888730140403,21,0bff9a36-64e0-438a-b900-8cca7b0c65ef,None,None,1,1471,6,[],None,None
EXPLOIT_VULN,14956.28822470184,14959.713629081423,3.4254043795826874,21,0bff9a36-64e0-438a-b900-8cca7b0c65ef,None,None,1,1472,6,[],None,None
EXPLOIT_VULN,14959.713629081423,14963.477115391403,3.763486309979271,21,0bff9a36-64e0-438a-b900-8cca7b0c65ef,None,None,1,1473,6,[],None,None
EXPLOIT_VULN,14963.477115391403,14971.43923991596,7.962124524558021,21,0bff9a36-64e0-438a-b900-8cca7b0c65ef,None,None,1,1474,6,[],None,None
EXPLOIT_VULN,14971.43923991596,14979.176369015522,7.737129099561571,21,0bff9a36-64e0-438a-b900-8cca7b0c65ef,None,None,1,1475,6,[],None,None
EXPLOIT_VULN,14979.176369015522,14987.144164867861,7.967795852338895,21,0bff9a36-64e0-438a-b900-8cca7b0c65ef,None,None,1,1476,6,[],None,None
EXPLOIT_VULN,14987.144164867861,14992.006934035171,4.862769167310034,21,0bff9a36-64e0-438a-b900-8cca7b0c65ef,None,None,1,1477,6,[],None,None
EXPLOIT_VULN,14992.006934035171,14996.460609864336,4.4536758291651495,21,0bff9a36-64e0-438a-b900-8cca7b0c65ef,None,None,1,1478,6,[],None,None
