name,start_time,finish_time,duration,executed_at
OSDiversity,0.0,80.6156983150212,80.6156983150212,application
OSDiversity,200.7286087508594,281.3771253554431,80.64851660458373,application
OSDiversity,401.3415955511646,481.5010397049637,80.15944415379914,application
OSDiversity,601.7436002185304,682.7692148765038,81.02561465797339,application
OSDiversity,801.9387121621778,881.9931200896674,80.05440792748959,application
OSDiversity,1002.40230459727,1082.636046965314,80.23374236804409,application
OSDiversity,1204.4491841657325,1284.6254964490442,80.17631228331174,application
OSDiversity,1404.5054665466446,1485.28088076643,80.77541421978549,application
OSDiversity,1604.642936702277,1684.7912412235046,80.1483045212276,application
OSDiversity,1804.8055352216616,1885.9056852481406,81.10015002647901,application
OSDiversity,2005.1907401622552,2085.9461830036385,80.75544284138323,application
OSDiversity,2206.27383824893,2286.375925448284,80.10208719935372,application
OSDiversity,2407.6036740901864,2487.6143846422497,80.0107105520633,application
OSDiversity,2607.957860409342,2688.4223092190355,80.4644488096933,application
OSDiversity,2808.112988350535,2888.211445977015,80.09845762648001,application
