name,start_time,finish_time,duration,current_host,current_host_uuid,compromise_host,compromise_host_uuid,current_host_attempt,cumulative_attempts,cumulative_compromised_hosts,compromise_users,interrupted_in,interrupted_by
SCAN_HOST,0.0,5.0,5.0,-1,-1,None,None,0,0,0,[],None,None
ENUM_HOST,5.0,10.0,5.0,-1,-1,None,None,0,0,0,[],None,None
SCAN_PORT,10.0,35.0,25.0,0,fded618b-755e-4916-a744-a5e3bae73235,None,None,1,0,0,[],None,None
EXPLOIT_VULN,35.0,37.03900370013271,2.03900370013271,0,fded618b-755e-4916-a744-a5e3bae73235,None,None,1,0,0,[],None,None
EXPLOIT_VULN,37.03900370013271,42.99339990986877,5.9543962097360605,0,fded618b-755e-4916-a744-a5e3bae73235,None,None,1,1,0,[],None,None
EXPLOIT_VULN,42.99339990986877,44.617830850614034,1.6244309407452633,0,fded618b-755e-4916-a744-a5e3bae73235,None,None,1,2,0,[],None,None
EXPLOIT_VULN,44.617830850614034,47.02050013455079,2.4026692839367527,0,fded618b-755e-4916-a744-a5e3bae73235,None,None,1,3,0,[],None,None
EXPLOIT_VULN,47.02050013455079,52.897248702527925,5.876748567977138,0,fded618b-755e-4916-a744-a5e3bae73235,None,None,1,4,0,[],None,None
EXPLOIT_VULN,52.897248702527925,53.53179668156372,0.6345479790357942,0,fded618b-755e-4916-a744-a5e3bae73235,None,None,1,5,0,[],None,None
EXPLOIT_VULN,53.53179668156372,62.72630640381229,9.194509722248569,0,fded618b-755e-4916-a744-a5e3bae73235,None,None,1,6,0,[],None,None
EXPLOIT_VULN,62.72630640381229,64.63413573273876,1.9078293289264678,0,fded618b-755e-4916-a744-a5e3bae73235,None,None,1,7,0,[],None,None
EXPLOIT_VULN,64.63413573273876,68.85512941321639,4.220993680477633,0,fded618b-755e-4916-a744-a5e3bae73235,None,None,1,8,0,[],None,None
EXPLOIT_VULN,68.85512941321639,79.14238648121938,10.287257068002987,0,fded618b-755e-4916-a744-a5e3bae73235,None,None,1,9,0,[],None,None
EXPLOIT_VULN,79.14238648121938,80.79694762325818,1.6545611420388013,0,fded618b-755e-4916-a744-a5e3bae73235,None,None,1,10,0,[],application,OSDiversity
SCAN_PORT,101.85321586304168,110.6156983150212,8.762482451979523,0,fded618b-755e-4916-a744-a5e3bae73235,None,None,1,10,0,[],network,CompleteTopologyShuffle
SCAN_HOST,130.9116620647471,135.9116620647471,5.0,-1,-1,None,None,0,10,0,[],None,None
ENUM_HOST,135.9116620647471,140.9116620647471,5.0,-1,-1,None,None,0,10,0,[],None,None
SCAN_PORT,140.9116620647471,150.94253554423733,10.030873479490225,0,fded618b-755e-4916-a744-a5e3bae73235,None,None,2,10,0,[],application,ServiceDiversity
SCAN_PORT,171.26987248295882,196.26987248295882,25.0,0,fded618b-755e-4916-a744-a5e3bae73235,None,None,2,10,0,[],None,None
EXPLOIT_VULN,196.26987248295882,199.9478035360051,3.6779310530462794,0,fded618b-755e-4916-a744-a5e3bae73235,None,None,2,10,0,[],None,None
EXPLOIT_VULN,199.9478035360051,204.44764291741714,4.499839381412045,0,fded618b-755e-4916-a744-a5e3bae73235,None,None,2,11,0,[],None,None
EXPLOIT_VULN,204.44764291741714,209.88006387068276,5.43242095326562,0,fded618b-755e-4916-a744-a5e3bae73235,None,None,2,12,0,[],None,None
EXPLOIT_VULN,209.88006387068276,210.88386253534827,1.00379866466551,0,fded618b-755e-4916-a744-a5e3bae73235,None,None,2,13,0,[],network,IPShuffle
SCAN_HOST,231.91673470577604,236.91673470577604,5.0,-1,-1,None,None,0,13,0,[],None,None
ENUM_HOST,236.91673470577604,241.91673470577604,5.0,-1,-1,None,None,0,13,0,[],None,None
SCAN_PORT,241.91673470577604,266.91673470577604,25.0,0,fded618b-755e-4916-a744-a5e3bae73235,None,None,3,13,0,[],None,None
EXPLOIT_VULN,266.91673470577604,268.76452316611466,1.84778846033862,0,fded618b-755e-4916-a744-a5e3bae73235,None,None,3,13,0,[],None,None
EXPLOIT_VULN,268.76452316611466,273.52792623027966,4.763403064165004,0,fded618b-755e-4916-a744-a5e3bae73235,None,None,3,14,0,[],None,None
EXPLOIT_VULN,273.52792623027966,279.17555362702024,5.647627396740575,0,fded618b-755e-4916-a744-a5e3bae73235,None,None,3,15,0,[],None,None
EXPLOIT_VULN,279.17555362702024,282.90981898016594,3.7342653531457017,0,fded618b-755e-4916-a744-a5e3bae73235,None,None,3,16,0,[],None,None
EXPLOIT_VULN,282.90981898016594,290.72466068897097,7.814841708805034,0,fded618b-755e-4916-a744-a5e3bae73235,None,None,3,17,0,[],None,None
EXPLOIT_VULN,290.72466068897097,293.6347816555143,2.9101209665433316,0,fded618b-755e-4916-a744-a5e3bae73235,None,None,3,18,0,[],None,None
EXPLOIT_VULN,293.6347816555143,306.13714447010057,12.502362814586263,0,fded618b-755e-4916-a744-a5e3bae73235,None,None,3,19,0,[],None,None
EXPLOIT_VULN,306.13714447010057,316.6444417977653,10.50729732766473,0,fded618b-755e-4916-a744-a5e3bae73235,None,None,3,20,0,[],None,None
EXPLOIT_VULN,316.6444417977653,319.931116487448,3.286674689682684,0,fded618b-755e-4916-a744-a5e3bae73235,None,None,3,21,0,[],None,None
EXPLOIT_VULN,319.931116487448,328.0635999372644,8.132483449816448,0,fded618b-755e-4916-a744-a5e3bae73235,None,None,3,22,0,[],None,None
EXPLOIT_VULN,328.0635999372644,335.96549764095187,7.901897703687439,0,fded618b-755e-4916-a744-a5e3bae73235,None,None,3,23,0,[],None,None
EXPLOIT_VULN,335.96549764095187,344.0386500134359,8.07315237248406,0,fded618b-755e-4916-a744-a5e3bae73235,None,None,3,24,0,[],None,None
EXPLOIT_VULN,344.0386500134359,346.8192515875487,2.7806015741127794,0,fded618b-755e-4916-a744-a5e3bae73235,None,None,3,25,0,[],None,None
EXPLOIT_VULN,346.8192515875487,364.7320198411829,17.91276825363417,0,fded618b-755e-4916-a744-a5e3bae73235,None,None,3,26,0,[],None,None
EXPLOIT_VULN,364.7320198411829,370.7173168644643,5.985297023281419,0,fded618b-755e-4916-a744-a5e3bae73235,0,fded618b-755e-4916-a744-a5e3bae73235,3,27,0,"['Rosaline', 'Roshelle', 'Bert', 'Sibby', 'Blondy']",None,None
SCAN_NEIGHBOR,370.7173168644643,375.7173168644643,5.0,0,fded618b-755e-4916-a744-a5e3bae73235,None,None,3,28,1,[],None,None
ENUM_HOST,375.7173168644643,380.7173168644643,5.0,0,fded618b-755e-4916-a744-a5e3bae73235,None,None,3,28,1,[],None,None
SCAN_PORT,380.7173168644643,405.7173168644643,25.0,10,d79c0963-4a36-42b2-9ec4-1e466a44227f,None,None,1,28,1,[],None,None
EXPLOIT_VULN,405.7173168644643,409.1679902263237,3.450673361859401,10,d79c0963-4a36-42b2-9ec4-1e466a44227f,None,None,1,28,1,[],None,None
EXPLOIT_VULN,409.1679902263237,415.53528911998853,6.367298893664838,10,d79c0963-4a36-42b2-9ec4-1e466a44227f,None,None,1,29,1,[],None,None
EXPLOIT_VULN,415.53528911998853,422.49979385233723,6.964504732348701,10,d79c0963-4a36-42b2-9ec4-1e466a44227f,None,None,1,30,1,[],None,None
EXPLOIT_VULN,422.49979385233723,430.7006679066929,8.200874054355666,10,d79c0963-4a36-42b2-9ec4-1e466a44227f,None,None,1,31,1,[],None,None
BRUTE_FORCE,430.7006679066929,450.7006679066929,20.0,10,d79c0963-4a36-42b2-9ec4-1e466a44227f,None,None,1,32,1,[],None,None
ENUM_HOST,450.7006679066929,455.7006679066929,5.0,10,d79c0963-4a36-42b2-9ec4-1e466a44227f,None,None,1,32,1,[],None,None
SCAN_PORT,455.7006679066929,480.7006679066929,25.0,1,7fb9112a-44c7-4dc3-9f20-1507951ee638,None,None,1,32,1,[],None,None
EXPLOIT_VULN,480.7006679066929,481.4239929399455,0.7233250332525927,1,7fb9112a-44c7-4dc3-9f20-1507951ee638,None,None,1,32,1,[],None,None
EXPLOIT_VULN,481.4239929399455,482.3479639730284,0.9239710330829212,1,7fb9112a-44c7-4dc3-9f20-1507951ee638,None,None,1,33,1,[],None,None
EXPLOIT_VULN,482.3479639730284,483.7843733166955,1.4364093436670942,1,7fb9112a-44c7-4dc3-9f20-1507951ee638,None,None,1,34,1,[],None,None
EXPLOIT_VULN,483.7843733166955,486.51369204761096,2.729318730915452,1,7fb9112a-44c7-4dc3-9f20-1507951ee638,None,None,1,35,1,[],None,None
EXPLOIT_VULN,486.51369204761096,488.9467926230605,2.4331005754495436,1,7fb9112a-44c7-4dc3-9f20-1507951ee638,None,None,1,36,1,[],None,None
EXPLOIT_VULN,488.9467926230605,495.977645157363,7.030852534302483,1,7fb9112a-44c7-4dc3-9f20-1507951ee638,None,None,1,37,1,[],None,None
EXPLOIT_VULN,495.977645157363,502.6018321871849,6.62418702982194,1,7fb9112a-44c7-4dc3-9f20-1507951ee638,None,None,1,38,1,[],None,None
EXPLOIT_VULN,502.6018321871849,506.1964886587719,3.5946564715869727,1,7fb9112a-44c7-4dc3-9f20-1507951ee638,None,None,1,39,1,[],None,None
EXPLOIT_VULN,506.1964886587719,515.2899014741706,9.093412815398722,1,7fb9112a-44c7-4dc3-9f20-1507951ee638,None,None,1,40,1,[],None,None
EXPLOIT_VULN,515.2899014741706,517.8712371263395,2.581335652168832,1,7fb9112a-44c7-4dc3-9f20-1507951ee638,None,None,1,41,1,[],None,None
EXPLOIT_VULN,517.8712371263395,524.0184181218061,6.14718099546667,1,7fb9112a-44c7-4dc3-9f20-1507951ee638,None,None,1,42,1,[],None,None
EXPLOIT_VULN,524.0184181218061,530.3660100689257,6.347591947119554,1,7fb9112a-44c7-4dc3-9f20-1507951ee638,None,None,1,43,1,[],None,None
EXPLOIT_VULN,530.3660100689257,536.8477218327065,6.481711763780822,1,7fb9112a-44c7-4dc3-9f20-1507951ee638,None,None,1,44,1,[],None,None
BRUTE_FORCE,536.8477218327065,556.8477218327065,20.0,1,7fb9112a-44c7-4dc3-9f20-1507951ee638,None,None,1,45,1,[],None,None
ENUM_HOST,556.8477218327065,561.8477218327065,5.0,1,7fb9112a-44c7-4dc3-9f20-1507951ee638,None,None,1,45,1,[],None,None
SCAN_PORT,561.8477218327065,586.8477218327065,25.0,2,fc9746b1-979d-43ad-b52a-a9c47dada09f,None,None,1,45,1,[],None,None
EXPLOIT_VULN,586.8477218327065,587.0089407732856,0.16121894057914687,2,fc9746b1-979d-43ad-b52a-a9c47dada09f,None,None,1,45,1,[],None,None
EXPLOIT_VULN,587.0089407732856,589.2157559797679,2.206815206482247,2,fc9746b1-979d-43ad-b52a-a9c47dada09f,None,None,1,46,1,[],None,None
EXPLOIT_VULN,589.2157559797679,593.3721731093144,4.156417129546526,2,fc9746b1-979d-43ad-b52a-a9c47dada09f,None,None,1,47,1,[],None,None
EXPLOIT_VULN,593.3721731093144,600.3934886550513,7.021315545736911,2,fc9746b1-979d-43ad-b52a-a9c47dada09f,None,None,1,48,1,[],None,None
EXPLOIT_VULN,600.3934886550513,607.5056685295468,7.112179874495496,2,fc9746b1-979d-43ad-b52a-a9c47dada09f,None,None,1,49,1,[],None,None
EXPLOIT_VULN,607.5056685295468,613.8019638809226,6.296295351375761,2,fc9746b1-979d-43ad-b52a-a9c47dada09f,None,None,1,50,1,[],None,None
EXPLOIT_VULN,613.8019638809226,619.6562614149824,5.8542975340598105,2,fc9746b1-979d-43ad-b52a-a9c47dada09f,None,None,1,51,1,[],None,None
EXPLOIT_VULN,619.6562614149824,622.2200472808918,2.563785865909381,2,fc9746b1-979d-43ad-b52a-a9c47dada09f,None,None,1,52,1,[],None,None
EXPLOIT_VULN,622.2200472808918,636.105747076136,13.88569979524425,2,fc9746b1-979d-43ad-b52a-a9c47dada09f,None,None,1,53,1,[],None,None
EXPLOIT_VULN,636.105747076136,653.4260559759899,17.3203088998539,2,fc9746b1-979d-43ad-b52a-a9c47dada09f,None,None,1,54,1,[],None,None
EXPLOIT_VULN,653.4260559759899,659.1224382481571,5.69638227216717,2,fc9746b1-979d-43ad-b52a-a9c47dada09f,None,None,1,55,1,[],None,None
EXPLOIT_VULN,659.1224382481571,667.5527571792799,8.43031893112277,2,fc9746b1-979d-43ad-b52a-a9c47dada09f,None,None,1,56,1,[],None,None
EXPLOIT_VULN,667.5527571792799,675.467837563014,7.915080383734107,2,fc9746b1-979d-43ad-b52a-a9c47dada09f,None,None,1,57,1,[],None,None
EXPLOIT_VULN,675.467837563014,689.8251559633323,14.357318400318377,2,fc9746b1-979d-43ad-b52a-a9c47dada09f,None,None,1,58,1,[],None,None
EXPLOIT_VULN,689.8251559633323,697.3001104582779,7.474954494945564,2,fc9746b1-979d-43ad-b52a-a9c47dada09f,None,None,1,59,1,[],None,None
EXPLOIT_VULN,697.3001104582779,717.0969640628558,19.796853604577905,2,fc9746b1-979d-43ad-b52a-a9c47dada09f,None,None,1,60,1,[],None,None
EXPLOIT_VULN,717.0969640628558,720.5592586153233,3.4622945524674833,2,fc9746b1-979d-43ad-b52a-a9c47dada09f,None,None,1,61,1,[],None,None
BRUTE_FORCE,720.5592586153233,740.5592586153233,20.0,2,fc9746b1-979d-43ad-b52a-a9c47dada09f,None,None,1,62,1,[],None,None
ENUM_HOST,740.5592586153233,745.5592586153233,5.0,2,fc9746b1-979d-43ad-b52a-a9c47dada09f,None,None,1,62,1,[],None,None
SCAN_PORT,745.5592586153233,770.5592586153233,25.0,3,8c890e99-f923-4b5e-bb8f-4015806e2f2e,None,None,1,62,1,[],None,None
EXPLOIT_VULN,770.5592586153233,772.1322373944112,1.5729787790878618,3,8c890e99-f923-4b5e-bb8f-4015806e2f2e,None,None,1,62,1,[],None,None
EXPLOIT_VULN,772.1322373944112,772.8806169999772,0.748379605566015,3,8c890e99-f923-4b5e-bb8f-4015806e2f2e,None,None,1,63,1,[],None,None
EXPLOIT_VULN,772.8806169999772,773.8842839338581,1.003666933880936,3,8c890e99-f923-4b5e-bb8f-4015806e2f2e,None,None,1,64,1,[],None,None
EXPLOIT_VULN,773.8842839338581,775.1122237259522,1.2279397920940482,3,8c890e99-f923-4b5e-bb8f-4015806e2f2e,None,None,1,65,1,[],None,None
EXPLOIT_VULN,775.1122237259522,779.399723030455,4.2874993045028305,3,8c890e99-f923-4b5e-bb8f-4015806e2f2e,None,None,1,66,1,[],None,None
EXPLOIT_VULN,779.399723030455,781.1586110259395,1.7588879954845424,3,8c890e99-f923-4b5e-bb8f-4015806e2f2e,None,None,1,67,1,[],application,OSDiversity
SCAN_PORT,801.5752779388934,810.7443796776072,9.169101738713834,3,8c890e99-f923-4b5e-bb8f-4015806e2f2e,None,None,1,67,1,[],network,CompleteTopologyShuffle
SCAN_HOST,830.9021353663697,835.9021353663697,5.0,-1,-1,None,None,0,67,1,[],None,None
ENUM_HOST,835.9021353663697,840.9021353663697,5.0,-1,-1,None,None,0,67,1,[],None,None
SCAN_PORT,840.9021353663697,851.2535205245451,10.35138515817539,10,d79c0963-4a36-42b2-9ec4-1e466a44227f,None,None,2,67,1,[],application,ServiceDiversity
SCAN_PORT,871.3052730492695,896.3052730492695,25.0,10,d79c0963-4a36-42b2-9ec4-1e466a44227f,None,None,2,67,1,[],None,None
EXPLOIT_VULN,896.3052730492695,897.0596374299068,0.7543643806372984,10,d79c0963-4a36-42b2-9ec4-1e466a44227f,None,None,2,67,1,[],None,None
EXPLOIT_VULN,897.0596374299068,902.4029919920426,5.343354562135801,10,d79c0963-4a36-42b2-9ec4-1e466a44227f,None,None,2,68,1,[],None,None
EXPLOIT_VULN,902.4029919920426,911.1137692933078,8.710777301265125,10,d79c0963-4a36-42b2-9ec4-1e466a44227f,None,None,2,69,1,[],network,IPShuffle
SCAN_HOST,933.7136010391655,938.7136010391655,5.0,-1,-1,None,None,0,69,1,[],None,None
ENUM_HOST,938.7136010391655,943.7136010391655,5.0,-1,-1,None,None,0,69,1,[],None,None
SCAN_PORT,943.7136010391655,968.7136010391655,25.0,14,5806c1d4-c777-495b-9548-7ff2a79d09b0,None,None,1,69,1,[],None,None
EXPLOIT_VULN,968.7136010391655,970.0237431236665,1.310142084500967,14,5806c1d4-c777-495b-9548-7ff2a79d09b0,None,None,1,69,1,[],None,None
EXPLOIT_VULN,970.0237431236665,971.6787191423318,1.6549760186653657,14,5806c1d4-c777-495b-9548-7ff2a79d09b0,None,None,1,70,1,[],None,None
EXPLOIT_VULN,971.6787191423318,974.2893185697752,2.6105994274433897,14,5806c1d4-c777-495b-9548-7ff2a79d09b0,None,None,1,71,1,[],None,None
EXPLOIT_VULN,974.2893185697752,982.4379572820387,8.148638712263505,14,5806c1d4-c777-495b-9548-7ff2a79d09b0,None,None,1,72,1,[],None,None
EXPLOIT_VULN,982.4379572820387,991.6802457684734,9.242288486434632,14,5806c1d4-c777-495b-9548-7ff2a79d09b0,None,None,1,73,1,[],None,None
BRUTE_FORCE,991.6802457684734,1011.6802457684734,20.0,14,5806c1d4-c777-495b-9548-7ff2a79d09b0,None,None,1,74,1,[],None,None
ENUM_HOST,1011.6802457684734,1016.6802457684734,5.0,14,5806c1d4-c777-495b-9548-7ff2a79d09b0,None,None,1,74,1,[],None,None
SCAN_PORT,1016.6802457684734,1041.6802457684735,25.000000000000114,10,d79c0963-4a36-42b2-9ec4-1e466a44227f,None,None,3,74,1,[],None,None
EXPLOIT_VULN,1041.6802457684735,1046.266933220455,4.586687451981561,10,d79c0963-4a36-42b2-9ec4-1e466a44227f,None,None,3,74,1,[],None,None
EXPLOIT_VULN,1046.266933220455,1060.5231155064694,14.256182286014337,10,d79c0963-4a36-42b2-9ec4-1e466a44227f,None,None,3,75,1,[],None,None
EXPLOIT_VULN,1060.5231155064694,1064.8220239794914,4.298908473022038,10,d79c0963-4a36-42b2-9ec4-1e466a44227f,None,None,3,76,1,[],None,None
EXPLOIT_VULN,1064.8220239794914,1080.9188446907008,16.096820711209375,10,d79c0963-4a36-42b2-9ec4-1e466a44227f,None,None,3,77,1,[],None,None
EXPLOIT_VULN,1080.9188446907008,1089.4083180669259,8.489473376225078,10,d79c0963-4a36-42b2-9ec4-1e466a44227f,None,None,3,78,1,[],None,None
BRUTE_FORCE,1089.4083180669259,1109.4083180669259,20.0,10,d79c0963-4a36-42b2-9ec4-1e466a44227f,None,None,3,79,1,[],None,None
ENUM_HOST,1109.4083180669259,1114.4083180669259,5.0,10,d79c0963-4a36-42b2-9ec4-1e466a44227f,None,None,3,79,1,[],None,None
SCAN_PORT,1114.4083180669259,1139.4083180669259,25.0,1,7fb9112a-44c7-4dc3-9f20-1507951ee638,None,None,2,79,1,[],None,None
EXPLOIT_VULN,1139.4083180669259,1140.9198496840677,1.5115316171418272,1,7fb9112a-44c7-4dc3-9f20-1507951ee638,None,None,2,79,1,[],None,None
EXPLOIT_VULN,1140.9198496840677,1143.6285118301437,2.7086621460759943,1,7fb9112a-44c7-4dc3-9f20-1507951ee638,None,None,2,80,1,[],None,None
EXPLOIT_VULN,1143.6285118301437,1149.4553047786956,5.8267929485518835,1,7fb9112a-44c7-4dc3-9f20-1507951ee638,None,None,2,81,1,[],None,None
EXPLOIT_VULN,1149.4553047786956,1158.272017094204,8.81671231550854,1,7fb9112a-44c7-4dc3-9f20-1507951ee638,None,None,2,82,1,[],None,None
EXPLOIT_VULN,1158.272017094204,1161.9770753395862,3.7050582453821335,1,7fb9112a-44c7-4dc3-9f20-1507951ee638,None,None,2,83,1,[],None,None
EXPLOIT_VULN,1161.9770753395862,1169.1262598624105,7.149184522824271,1,7fb9112a-44c7-4dc3-9f20-1507951ee638,None,None,2,84,1,[],None,None
EXPLOIT_VULN,1169.1262598624105,1171.745516143015,2.6192562806045316,1,7fb9112a-44c7-4dc3-9f20-1507951ee638,None,None,2,85,1,[],None,None
EXPLOIT_VULN,1171.745516143015,1179.3502802044256,7.604764061410606,1,7fb9112a-44c7-4dc3-9f20-1507951ee638,None,None,2,86,1,[],None,None
BRUTE_FORCE,1179.3502802044256,1199.3502802044256,20.0,1,7fb9112a-44c7-4dc3-9f20-1507951ee638,None,None,2,87,1,[],None,None
ENUM_HOST,1199.3502802044256,1204.3502802044256,5.0,1,7fb9112a-44c7-4dc3-9f20-1507951ee638,None,None,2,87,1,[],None,None
SCAN_PORT,1204.3502802044256,1229.3502802044256,25.0,2,fc9746b1-979d-43ad-b52a-a9c47dada09f,None,None,2,87,1,[],None,None
EXPLOIT_VULN,1229.3502802044256,1233.6335152328409,4.28323502841522,2,fc9746b1-979d-43ad-b52a-a9c47dada09f,None,None,2,87,1,[],None,None
EXPLOIT_VULN,1233.6335152328409,1239.5277100798075,5.894194846966684,2,fc9746b1-979d-43ad-b52a-a9c47dada09f,None,None,2,88,1,[],None,None
EXPLOIT_VULN,1239.5277100798075,1253.4316166502085,13.903906570400977,2,fc9746b1-979d-43ad-b52a-a9c47dada09f,None,None,2,89,1,[],None,None
EXPLOIT_VULN,1253.4316166502085,1262.520790457741,9.089173807532461,2,fc9746b1-979d-43ad-b52a-a9c47dada09f,None,None,2,90,1,[],None,None
EXPLOIT_VULN,1262.520790457741,1279.9222651267182,17.401474668977244,2,fc9746b1-979d-43ad-b52a-a9c47dada09f,None,None,2,91,1,[],None,None
EXPLOIT_VULN,1279.9222651267182,1288.1843075504353,8.262042423717048,2,fc9746b1-979d-43ad-b52a-a9c47dada09f,None,None,2,92,1,[],None,None
EXPLOIT_VULN,1288.1843075504353,1294.8006307240669,6.616323173631599,2,fc9746b1-979d-43ad-b52a-a9c47dada09f,None,None,2,93,1,[],None,None
EXPLOIT_VULN,1294.8006307240669,1303.1392184155952,8.338587691528346,2,fc9746b1-979d-43ad-b52a-a9c47dada09f,None,None,2,94,1,[],None,None
EXPLOIT_VULN,1303.1392184155952,1317.6334406011945,14.494222185599256,2,fc9746b1-979d-43ad-b52a-a9c47dada09f,None,None,2,95,1,[],None,None
EXPLOIT_VULN,1317.6334406011945,1338.273310810292,20.63987020909758,2,fc9746b1-979d-43ad-b52a-a9c47dada09f,None,None,2,96,1,[],None,None
EXPLOIT_VULN,1338.273310810292,1343.7598418006971,5.486530990405072,2,fc9746b1-979d-43ad-b52a-a9c47dada09f,2,fc9746b1-979d-43ad-b52a-a9c47dada09f,2,97,1,"['Alma', 'Audry', 'Deeyn', 'Dari', 'Bel']",None,None
SCAN_NEIGHBOR,1343.7598418006971,1348.7598418006971,5.0,2,fc9746b1-979d-43ad-b52a-a9c47dada09f,None,None,2,98,2,[],None,None
ENUM_HOST,1348.7598418006971,1353.7598418006971,5.0,2,fc9746b1-979d-43ad-b52a-a9c47dada09f,None,None,2,98,2,[],None,None
SCAN_PORT,1353.7598418006971,1378.7598418006971,25.0,14,5806c1d4-c777-495b-9548-7ff2a79d09b0,14,5806c1d4-c777-495b-9548-7ff2a79d09b0,2,98,2,"['Chad', 'Jemie', 'Justine', 'Alfy']",None,None
SCAN_NEIGHBOR,1378.7598418006971,1383.7598418006971,5.0,14,5806c1d4-c777-495b-9548-7ff2a79d09b0,None,None,2,98,3,[],None,None
ENUM_HOST,1383.7598418006971,1388.7598418006971,5.0,14,5806c1d4-c777-495b-9548-7ff2a79d09b0,None,None,2,98,3,[],None,None
SCAN_PORT,1388.7598418006971,1413.7598418006971,25.0,16,5e0c6288-6ce0-49e3-8e0e-a9f8a7238ebf,None,None,1,98,3,[],None,None
EXPLOIT_VULN,1413.7598418006971,1414.7659726617567,1.006130861059546,16,5e0c6288-6ce0-49e3-8e0e-a9f8a7238ebf,None,None,1,98,3,[],None,None
EXPLOIT_VULN,1414.7659726617567,1419.14666216991,4.380689508153409,16,5e0c6288-6ce0-49e3-8e0e-a9f8a7238ebf,None,None,1,99,3,[],None,None
EXPLOIT_VULN,1419.14666216991,1433.3623418005943,14.215679630684235,16,5e0c6288-6ce0-49e3-8e0e-a9f8a7238ebf,None,None,1,100,3,[],None,None
EXPLOIT_VULN,1433.3623418005943,1449.8141039685247,16.451762167930383,16,5e0c6288-6ce0-49e3-8e0e-a9f8a7238ebf,None,None,1,101,3,[],None,None
EXPLOIT_VULN,1449.8141039685247,1456.3692326375626,6.555128669037913,16,5e0c6288-6ce0-49e3-8e0e-a9f8a7238ebf,None,None,1,102,3,[],None,None
EXPLOIT_VULN,1456.3692326375626,1465.1762600293628,8.807027391800148,16,5e0c6288-6ce0-49e3-8e0e-a9f8a7238ebf,None,None,1,103,3,[],None,None
EXPLOIT_VULN,1465.1762600293628,1474.6794890953097,9.503229065946925,16,5e0c6288-6ce0-49e3-8e0e-a9f8a7238ebf,None,None,1,104,3,[],None,None
BRUTE_FORCE,1474.6794890953097,1482.525359757279,7.845870661969229,16,5e0c6288-6ce0-49e3-8e0e-a9f8a7238ebf,None,None,1,105,3,[],application,OSDiversity
SCAN_PORT,1502.8552670986653,1511.8096604033412,8.954393304675932,16,5e0c6288-6ce0-49e3-8e0e-a9f8a7238ebf,None,None,1,105,3,[],network,CompleteTopologyShuffle
SCAN_HOST,1532.433989353038,1537.433989353038,5.0,-1,-1,None,None,0,105,3,[],None,None
ENUM_HOST,1537.433989353038,1542.433989353038,5.0,-1,-1,None,None,0,105,3,[],None,None
SCAN_PORT,1542.433989353038,1552.592314979317,10.158325626279066,11,1c46076f-ea2d-4800-9a61-c6d6398aa328,None,None,1,105,3,[],application,ServiceDiversity
SCAN_PORT,1572.6840929445816,1597.6840929445816,25.0,11,1c46076f-ea2d-4800-9a61-c6d6398aa328,None,None,1,105,3,[],None,None
EXPLOIT_VULN,1597.6840929445816,1598.777665269478,1.0935723248962859,11,1c46076f-ea2d-4800-9a61-c6d6398aa328,None,None,1,105,3,[],None,None
EXPLOIT_VULN,1598.777665269478,1603.5879598568301,4.810294587352246,11,1c46076f-ea2d-4800-9a61-c6d6398aa328,None,None,1,106,3,[],None,None
EXPLOIT_VULN,1603.5879598568301,1608.3854149444555,4.797455087625394,11,1c46076f-ea2d-4800-9a61-c6d6398aa328,None,None,1,107,3,[],None,None
EXPLOIT_VULN,1608.3854149444555,1611.3712114632378,2.9857965187823083,11,1c46076f-ea2d-4800-9a61-c6d6398aa328,None,None,1,108,3,[],None,None
EXPLOIT_VULN,1611.3712114632378,1612.0140057259975,0.6427942627597076,11,1c46076f-ea2d-4800-9a61-c6d6398aa328,None,None,1,109,3,[],network,IPShuffle
SCAN_HOST,1632.0350754284132,1637.0350754284132,5.0,-1,-1,None,None,0,109,3,[],None,None
ENUM_HOST,1637.0350754284132,1642.0350754284132,5.0,-1,-1,None,None,0,109,3,[],None,None
SCAN_PORT,1642.0350754284132,1667.0350754284132,25.0,6,62721611-be02-4151-883b-83d394161d97,None,None,1,109,3,[],None,None
EXPLOIT_VULN,1667.0350754284132,1667.2508288919096,0.21575346349641222,6,62721611-be02-4151-883b-83d394161d97,None,None,1,109,3,[],None,None
EXPLOIT_VULN,1667.2508288919096,1667.8864855961183,0.6356567042087136,6,62721611-be02-4151-883b-83d394161d97,None,None,1,110,3,[],None,None
EXPLOIT_VULN,1667.8864855961183,1669.1237281045812,1.2372425084629413,6,62721611-be02-4151-883b-83d394161d97,None,None,1,111,3,[],None,None
EXPLOIT_VULN,1669.1237281045812,1669.882678434704,0.7589503301228433,6,62721611-be02-4151-883b-83d394161d97,None,None,1,112,3,[],None,None
EXPLOIT_VULN,1669.882678434704,1671.2946743257528,1.4119958910487185,6,62721611-be02-4151-883b-83d394161d97,None,None,1,113,3,[],None,None
EXPLOIT_VULN,1671.2946743257528,1672.3365196853065,1.0418453595536903,6,62721611-be02-4151-883b-83d394161d97,None,None,1,114,3,[],None,None
EXPLOIT_VULN,1672.3365196853065,1674.3495354648517,2.013015779545185,6,62721611-be02-4151-883b-83d394161d97,None,None,1,115,3,[],None,None
EXPLOIT_VULN,1674.3495354648517,1676.6051381776645,2.255602712812788,6,62721611-be02-4151-883b-83d394161d97,None,None,1,116,3,[],None,None
EXPLOIT_VULN,1676.6051381776645,1684.5597523613476,7.954614183683134,6,62721611-be02-4151-883b-83d394161d97,None,None,1,117,3,[],None,None
EXPLOIT_VULN,1684.5597523613476,1687.382879223972,2.823126862624349,6,62721611-be02-4151-883b-83d394161d97,None,None,1,118,3,[],None,None
EXPLOIT_VULN,1687.382879223972,1692.773757831007,5.39087860703512,6,62721611-be02-4151-883b-83d394161d97,None,None,1,119,3,[],None,None
EXPLOIT_VULN,1692.773757831007,1695.4505208421128,2.676763011105777,6,62721611-be02-4151-883b-83d394161d97,None,None,1,120,3,[],None,None
EXPLOIT_VULN,1695.4505208421128,1697.8883844984152,2.4378636563023974,6,62721611-be02-4151-883b-83d394161d97,None,None,1,121,3,[],None,None
EXPLOIT_VULN,1697.8883844984152,1708.148908144734,10.260523646318688,6,62721611-be02-4151-883b-83d394161d97,None,None,1,122,3,[],None,None
EXPLOIT_VULN,1708.148908144734,1709.620114906239,1.4712067615050728,6,62721611-be02-4151-883b-83d394161d97,None,None,1,123,3,[],None,None
EXPLOIT_VULN,1709.620114906239,1714.5103508047084,4.890235898469427,6,62721611-be02-4151-883b-83d394161d97,None,None,1,124,3,[],None,None
EXPLOIT_VULN,1714.5103508047084,1720.3497240661125,5.839373261404035,6,62721611-be02-4151-883b-83d394161d97,None,None,1,125,3,[],None,None
EXPLOIT_VULN,1720.3497240661125,1727.3298808852865,6.980156819173999,6,62721611-be02-4151-883b-83d394161d97,None,None,1,126,3,[],None,None
EXPLOIT_VULN,1727.3298808852865,1730.611246249043,3.2813653637565494,6,62721611-be02-4151-883b-83d394161d97,None,None,1,127,3,[],None,None
EXPLOIT_VULN,1730.611246249043,1739.428227314991,8.816981065948085,6,62721611-be02-4151-883b-83d394161d97,None,None,1,128,3,[],None,None
EXPLOIT_VULN,1739.428227314991,1755.7077280657606,16.279500750769557,6,62721611-be02-4151-883b-83d394161d97,None,None,1,129,3,[],None,None
EXPLOIT_VULN,1755.7077280657606,1766.7671144683982,11.059386402637529,6,62721611-be02-4151-883b-83d394161d97,None,None,1,130,3,[],None,None
EXPLOIT_VULN,1766.7671144683982,1774.7993328750176,8.03221840661945,6,62721611-be02-4151-883b-83d394161d97,None,None,1,131,3,[],None,None
EXPLOIT_VULN,1774.7993328750176,1787.9398049070214,13.1404720320038,6,62721611-be02-4151-883b-83d394161d97,None,None,1,132,3,[],None,None
EXPLOIT_VULN,1787.9398049070214,1795.138753524087,7.1989486170655255,6,62721611-be02-4151-883b-83d394161d97,None,None,1,133,3,[],None,None
EXPLOIT_VULN,1795.138753524087,1801.4092490667854,6.270495542698427,6,62721611-be02-4151-883b-83d394161d97,None,None,1,134,3,[],None,None
EXPLOIT_VULN,1801.4092490667854,1821.0903354533639,19.6810863865785,6,62721611-be02-4151-883b-83d394161d97,None,None,1,135,3,[],None,None
EXPLOIT_VULN,1821.0903354533639,1829.3953807468688,8.305045293504918,6,62721611-be02-4151-883b-83d394161d97,None,None,1,136,3,[],None,None
EXPLOIT_VULN,1829.3953807468688,1836.3521218709,6.9567411240311685,6,62721611-be02-4151-883b-83d394161d97,None,None,1,137,3,[],None,None
EXPLOIT_VULN,1836.3521218709,1845.2251635370033,8.87304166610329,6,62721611-be02-4151-883b-83d394161d97,None,None,1,138,3,[],None,None
EXPLOIT_VULN,1845.2251635370033,1851.1867590405172,5.9615955035139905,6,62721611-be02-4151-883b-83d394161d97,None,None,1,139,3,[],None,None
EXPLOIT_VULN,1851.1867590405172,1857.5020639969346,6.315304956417322,6,62721611-be02-4151-883b-83d394161d97,None,None,1,140,3,[],None,None
EXPLOIT_VULN,1857.5020639969346,1864.5531973166533,7.051133319718701,6,62721611-be02-4151-883b-83d394161d97,None,None,1,141,3,[],None,None
EXPLOIT_VULN,1864.5531973166533,1871.8829355905523,7.329738273899011,6,62721611-be02-4151-883b-83d394161d97,None,None,1,142,3,[],None,None
BRUTE_FORCE,1871.8829355905523,1891.8829355905523,20.0,6,62721611-be02-4151-883b-83d394161d97,None,None,1,143,3,[],None,None
ENUM_HOST,1891.8829355905523,1896.8829355905523,5.0,6,62721611-be02-4151-883b-83d394161d97,None,None,1,143,3,[],None,None
SCAN_PORT,1896.8829355905523,1921.8829355905523,25.0,13,01a01711-040d-452c-a030-4b7ed8cd1de4,13,01a01711-040d-452c-a030-4b7ed8cd1de4,1,143,3,"['Vonnie', 'Annis', 'Adara', 'Wally']",None,None
SCAN_NEIGHBOR,1921.8829355905523,1926.8829355905523,5.0,13,01a01711-040d-452c-a030-4b7ed8cd1de4,None,None,1,143,4,[],None,None
ENUM_HOST,1926.8829355905523,1931.8829355905523,5.0,13,01a01711-040d-452c-a030-4b7ed8cd1de4,None,None,1,143,4,[],None,None
ENUM_HOST,1931.8829355905523,1936.8829355905523,5.0,14,5806c1d4-c777-495b-9548-7ff2a79d09b0,None,None,3,143,4,[],None,None
SCAN_PORT,1936.8829355905523,1961.8829355905523,25.0,11,1c46076f-ea2d-4800-9a61-c6d6398aa328,None,None,2,143,4,[],None,None
EXPLOIT_VULN,1961.8829355905523,1963.195387275077,1.3124516845248309,11,1c46076f-ea2d-4800-9a61-c6d6398aa328,None,None,2,143,4,[],None,None
EXPLOIT_VULN,1963.195387275077,1975.733693093156,12.538305818078925,11,1c46076f-ea2d-4800-9a61-c6d6398aa328,None,None,2,144,4,[],None,None
EXPLOIT_VULN,1975.733693093156,1987.244898474738,11.51120538158193,11,1c46076f-ea2d-4800-9a61-c6d6398aa328,None,None,2,145,4,[],None,None
EXPLOIT_VULN,1987.244898474738,1995.0542683937758,7.809369919037863,11,1c46076f-ea2d-4800-9a61-c6d6398aa328,None,None,2,146,4,[],None,None
EXPLOIT_VULN,1995.0542683937758,2002.0828124192296,7.028544025453812,11,1c46076f-ea2d-4800-9a61-c6d6398aa328,None,None,2,147,4,[],None,None
EXPLOIT_VULN,2002.0828124192296,2008.2495853500247,6.166772930795105,11,1c46076f-ea2d-4800-9a61-c6d6398aa328,None,None,2,148,4,[],None,None
EXPLOIT_VULN,2008.2495853500247,2030.5707173857807,22.32113203575591,11,1c46076f-ea2d-4800-9a61-c6d6398aa328,11,1c46076f-ea2d-4800-9a61-c6d6398aa328,2,149,4,"['Clemmie', 'Kelcy']",None,None
SCAN_NEIGHBOR,2030.5707173857807,2035.5707173857807,5.0,11,1c46076f-ea2d-4800-9a61-c6d6398aa328,None,None,2,150,5,[],None,None
ENUM_HOST,2035.5707173857807,2040.5707173857807,5.0,11,1c46076f-ea2d-4800-9a61-c6d6398aa328,None,None,2,150,5,[],None,None
SCAN_PORT,2040.5707173857807,2065.570717385781,25.000000000000227,12,59b42036-d1d0-4af9-9416-7937abf6b940,12,59b42036-d1d0-4af9-9416-7937abf6b940,1,150,5,"['Annamaria', 'Mina', 'Lezlie']",None,None
SCAN_NEIGHBOR,2065.570717385781,2070.570717385781,5.0,12,59b42036-d1d0-4af9-9416-7937abf6b940,None,None,1,150,6,[],None,None
ENUM_HOST,2070.570717385781,2075.570717385781,5.0,12,59b42036-d1d0-4af9-9416-7937abf6b940,None,None,1,150,6,[],None,None
ENUM_HOST,2075.570717385781,2080.570717385781,5.0,13,01a01711-040d-452c-a030-4b7ed8cd1de4,None,None,2,150,6,[],None,None
ENUM_HOST,2080.570717385781,2085.570717385781,5.0,11,1c46076f-ea2d-4800-9a61-c6d6398aa328,None,None,3,150,6,[],None,None
SCAN_PORT,2085.570717385781,2110.570717385781,25.0,1,7fb9112a-44c7-4dc3-9f20-1507951ee638,None,None,3,150,6,[],None,None
EXPLOIT_VULN,2110.570717385781,2111.596767171812,1.026049786031308,1,7fb9112a-44c7-4dc3-9f20-1507951ee638,None,None,3,150,6,[],None,None
EXPLOIT_VULN,2111.596767171812,2114.313521586673,2.7167544148605884,1,7fb9112a-44c7-4dc3-9f20-1507951ee638,None,None,3,151,6,[],None,None
EXPLOIT_VULN,2114.313521586673,2123.189107487368,8.875585900695114,1,7fb9112a-44c7-4dc3-9f20-1507951ee638,None,None,3,152,6,[],None,None
EXPLOIT_VULN,2123.189107487368,2130.498487078924,7.30937959155608,1,7fb9112a-44c7-4dc3-9f20-1507951ee638,None,None,3,153,6,[],None,None
EXPLOIT_VULN,2130.498487078924,2133.075210132029,2.57672305310507,1,7fb9112a-44c7-4dc3-9f20-1507951ee638,None,None,3,154,6,[],None,None
EXPLOIT_VULN,2133.075210132029,2142.1217828412737,9.046572709244629,1,7fb9112a-44c7-4dc3-9f20-1507951ee638,None,None,3,155,6,[],None,None
BRUTE_FORCE,2142.1217828412737,2162.1217828412737,20.0,1,7fb9112a-44c7-4dc3-9f20-1507951ee638,None,None,3,156,6,[],None,None
ENUM_HOST,2162.1217828412737,2167.1217828412737,5.0,1,7fb9112a-44c7-4dc3-9f20-1507951ee638,None,None,3,156,6,[],None,None
ENUM_HOST,2167.1217828412737,2172.1217828412737,5.0,2,fc9746b1-979d-43ad-b52a-a9c47dada09f,None,None,3,156,6,[],None,None
SCAN_PORT,2172.1217828412737,2181.7048874461016,9.583104604827895,3,8c890e99-f923-4b5e-bb8f-4015806e2f2e,None,None,2,156,6,[],application,OSDiversity
SCAN_PORT,2203.9311018221065,2211.4583804279314,7.527278605824904,3,8c890e99-f923-4b5e-bb8f-4015806e2f2e,None,None,2,156,6,[],network,CompleteTopologyShuffle
SCAN_HOST,2231.6426247058184,2236.6426247058184,5.0,-1,-1,None,None,0,156,6,[],None,None
ENUM_HOST,2236.6426247058184,2241.6426247058184,5.0,-1,-1,None,None,0,156,6,[],None,None
SCAN_PORT,2241.6426247058184,2252.513121122237,10.870496416418518,7,fd9364c5-6a05-4323-b555-46dd927e9bea,None,None,1,156,6,[],application,ServiceDiversity
SCAN_PORT,2272.8425505025657,2297.8425505025657,25.0,7,fd9364c5-6a05-4323-b555-46dd927e9bea,7,fd9364c5-6a05-4323-b555-46dd927e9bea,1,156,6,['Edee'],None,None
SCAN_NEIGHBOR,2297.8425505025657,2302.8425505025657,5.0,7,fd9364c5-6a05-4323-b555-46dd927e9bea,None,None,1,156,7,[],None,None
ENUM_HOST,2302.8425505025657,2307.8425505025657,5.0,7,fd9364c5-6a05-4323-b555-46dd927e9bea,None,None,1,156,7,[],None,None
SCAN_PORT,2307.8425505025657,2311.5559639638495,3.713413461283835,32,6ef90a9c-8230-408e-8807-2947367eb322,None,None,1,156,7,[],network,IPShuffle
SCAN_HOST,2332.052708078755,2337.052708078755,5.0,-1,-1,None,None,0,156,7,[],None,None
ENUM_HOST,2337.052708078755,2342.052708078755,5.0,-1,-1,None,None,0,156,7,[],None,None
SCAN_PORT,2342.052708078755,2367.052708078755,25.0,6,62721611-be02-4151-883b-83d394161d97,None,None,2,156,7,[],None,None
EXPLOIT_VULN,2367.052708078755,2367.2011364184427,0.14842833968759805,6,62721611-be02-4151-883b-83d394161d97,None,None,2,156,7,[],None,None
EXPLOIT_VULN,2367.2011364184427,2367.653951971809,0.4528155533662357,6,62721611-be02-4151-883b-83d394161d97,None,None,2,157,7,[],None,None
EXPLOIT_VULN,2367.653951971809,2367.9788670428225,0.3249150710134927,6,62721611-be02-4151-883b-83d394161d97,None,None,2,158,7,[],None,None
EXPLOIT_VULN,2367.9788670428225,2368.8256245498646,0.8467575070421844,6,62721611-be02-4151-883b-83d394161d97,None,None,2,159,7,[],None,None
EXPLOIT_VULN,2368.8256245498646,2369.642171149924,0.816546600059155,6,62721611-be02-4151-883b-83d394161d97,None,None,2,160,7,[],None,None
EXPLOIT_VULN,2369.642171149924,2370.4651003844715,0.8229292345477006,6,62721611-be02-4151-883b-83d394161d97,None,None,2,161,7,[],None,None
EXPLOIT_VULN,2370.4651003844715,2372.3294966084454,1.8643962239739267,6,62721611-be02-4151-883b-83d394161d97,None,None,2,162,7,[],None,None
EXPLOIT_VULN,2372.3294966084454,2373.440631565212,1.1111349567663638,6,62721611-be02-4151-883b-83d394161d97,None,None,2,163,7,[],None,None
EXPLOIT_VULN,2373.440631565212,2374.9770825024407,1.5364509372288921,6,62721611-be02-4151-883b-83d394161d97,None,None,2,164,7,[],None,None
EXPLOIT_VULN,2374.9770825024407,2378.623546684415,3.646464181974352,6,62721611-be02-4151-883b-83d394161d97,None,None,2,165,7,[],None,None
EXPLOIT_VULN,2378.623546684415,2381.683314352505,3.0597676680899895,6,62721611-be02-4151-883b-83d394161d97,None,None,2,166,7,[],None,None
EXPLOIT_VULN,2381.683314352505,2385.544851602889,3.861537250384117,6,62721611-be02-4151-883b-83d394161d97,None,None,2,167,7,[],None,None
EXPLOIT_VULN,2385.544851602889,2389.6740873608783,4.129235757989136,6,62721611-be02-4151-883b-83d394161d97,None,None,2,168,7,[],None,None
EXPLOIT_VULN,2389.6740873608783,2398.657255430544,8.98316806966568,6,62721611-be02-4151-883b-83d394161d97,None,None,2,169,7,[],None,None
EXPLOIT_VULN,2398.657255430544,2402.959836790832,4.302581360288059,6,62721611-be02-4151-883b-83d394161d97,None,None,2,170,7,[],None,None
EXPLOIT_VULN,2402.959836790832,2408.763333487528,5.803496696696129,6,62721611-be02-4151-883b-83d394161d97,None,None,2,171,7,[],None,None
EXPLOIT_VULN,2408.763333487528,2416.093426145593,7.330092658065041,6,62721611-be02-4151-883b-83d394161d97,None,None,2,172,7,[],None,None
EXPLOIT_VULN,2416.093426145593,2427.1246063731846,11.031180227591449,6,62721611-be02-4151-883b-83d394161d97,None,None,2,173,7,[],None,None
EXPLOIT_VULN,2427.1246063731846,2433.882289139173,6.757682765988193,6,62721611-be02-4151-883b-83d394161d97,None,None,2,174,7,[],None,None
EXPLOIT_VULN,2433.882289139173,2439.6831514964074,5.800862357234564,6,62721611-be02-4151-883b-83d394161d97,None,None,2,175,7,[],None,None
EXPLOIT_VULN,2439.6831514964074,2444.229171113198,4.546019616790545,6,62721611-be02-4151-883b-83d394161d97,None,None,2,176,7,[],None,None
EXPLOIT_VULN,2444.229171113198,2447.909153289564,3.6799821763661384,6,62721611-be02-4151-883b-83d394161d97,None,None,2,177,7,[],None,None
EXPLOIT_VULN,2447.909153289564,2455.243360461608,7.334207172043989,6,62721611-be02-4151-883b-83d394161d97,None,None,2,178,7,[],None,None
EXPLOIT_VULN,2455.243360461608,2459.1060326427128,3.862672181104699,6,62721611-be02-4151-883b-83d394161d97,None,None,2,179,7,[],None,None
EXPLOIT_VULN,2459.1060326427128,2468.0002713092936,8.894238666580804,6,62721611-be02-4151-883b-83d394161d97,None,None,2,180,7,[],None,None
EXPLOIT_VULN,2468.0002713092936,2472.9863760265544,4.986104717260787,6,62721611-be02-4151-883b-83d394161d97,None,None,2,181,7,[],None,None
EXPLOIT_VULN,2472.9863760265544,2480.6291893507837,7.642813324229337,6,62721611-be02-4151-883b-83d394161d97,None,None,2,182,7,[],None,None
EXPLOIT_VULN,2480.6291893507837,2488.9628705578266,8.3336812070429,6,62721611-be02-4151-883b-83d394161d97,None,None,2,183,7,[],None,None
EXPLOIT_VULN,2488.9628705578266,2498.1247071326443,9.161836574817698,6,62721611-be02-4151-883b-83d394161d97,None,None,2,184,7,[],None,None
EXPLOIT_VULN,2498.1247071326443,2513.0287333458587,14.904026213214365,6,62721611-be02-4151-883b-83d394161d97,None,None,2,185,7,[],None,None
EXPLOIT_VULN,2513.0287333458587,2516.9911124421383,3.9623790962796193,6,62721611-be02-4151-883b-83d394161d97,None,None,2,186,7,[],None,None
EXPLOIT_VULN,2516.9911124421383,2525.393653184342,8.402540742203655,6,62721611-be02-4151-883b-83d394161d97,None,None,2,187,7,[],None,None
EXPLOIT_VULN,2525.393653184342,2533.691618079764,8.297964895421956,6,62721611-be02-4151-883b-83d394161d97,None,None,2,188,7,[],None,None
EXPLOIT_VULN,2533.691618079764,2543.196360778526,9.50474269876213,6,62721611-be02-4151-883b-83d394161d97,None,None,2,189,7,[],None,None
EXPLOIT_VULN,2543.196360778526,2550.7749730486416,7.578612270115627,6,62721611-be02-4151-883b-83d394161d97,None,None,2,190,7,[],None,None
BRUTE_FORCE,2550.7749730486416,2570.7749730486416,20.0,6,62721611-be02-4151-883b-83d394161d97,None,None,2,191,7,[],None,None
ENUM_HOST,2570.7749730486416,2575.7749730486416,5.0,6,62721611-be02-4151-883b-83d394161d97,None,None,2,191,7,[],None,None
SCAN_PORT,2575.7749730486416,2600.7749730486416,25.0,32,6ef90a9c-8230-408e-8807-2947367eb322,None,None,2,191,7,[],None,None
EXPLOIT_VULN,2600.7749730486416,2601.3855669262784,0.6105938776368021,32,6ef90a9c-8230-408e-8807-2947367eb322,None,None,2,191,7,[],None,None
EXPLOIT_VULN,2601.3855669262784,2604.5075420066046,3.1219750803261377,32,6ef90a9c-8230-408e-8807-2947367eb322,None,None,2,192,7,[],None,None
EXPLOIT_VULN,2604.5075420066046,2610.419526631713,5.911984625108289,32,6ef90a9c-8230-408e-8807-2947367eb322,None,None,2,193,7,[],None,None
EXPLOIT_VULN,2610.419526631713,2619.2205148115354,8.800988179822525,32,6ef90a9c-8230-408e-8807-2947367eb322,None,None,2,194,7,[],None,None
EXPLOIT_VULN,2619.2205148115354,2635.086940156137,15.866425344601794,32,6ef90a9c-8230-408e-8807-2947367eb322,None,None,2,195,7,[],None,None
EXPLOIT_VULN,2635.086940156137,2642.1151779889205,7.028237832783361,32,6ef90a9c-8230-408e-8807-2947367eb322,None,None,2,196,7,[],None,None
BRUTE_FORCE,2642.1151779889205,2662.1151779889205,20.0,32,6ef90a9c-8230-408e-8807-2947367eb322,None,None,2,197,7,[],None,None
ENUM_HOST,2662.1151779889205,2667.1151779889205,5.0,32,6ef90a9c-8230-408e-8807-2947367eb322,None,None,2,197,7,[],None,None
SCAN_PORT,2667.1151779889205,2692.1151779889205,25.0,1,7fb9112a-44c7-4dc3-9f20-1507951ee638,None,None,4,197,7,[],None,None
EXPLOIT_VULN,2692.1151779889205,2694.4953443180034,2.38016632908284,1,7fb9112a-44c7-4dc3-9f20-1507951ee638,None,None,4,197,7,[],None,None
EXPLOIT_VULN,2694.4953443180034,2697.5973130147167,3.1019686967133566,1,7fb9112a-44c7-4dc3-9f20-1507951ee638,None,None,4,198,7,[],None,None
EXPLOIT_VULN,2697.5973130147167,2705.709826253957,8.112513239240343,1,7fb9112a-44c7-4dc3-9f20-1507951ee638,None,None,4,199,7,[],None,None
BRUTE_FORCE,2705.709826253957,2725.709826253957,20.0,1,7fb9112a-44c7-4dc3-9f20-1507951ee638,None,None,4,200,7,[],None,None
ENUM_HOST,2725.709826253957,2730.709826253957,5.0,1,7fb9112a-44c7-4dc3-9f20-1507951ee638,None,None,4,200,7,[],None,None
SCAN_PORT,2730.709826253957,2755.709826253957,25.0,3,8c890e99-f923-4b5e-bb8f-4015806e2f2e,3,8c890e99-f923-4b5e-bb8f-4015806e2f2e,3,200,7,"['Dione', 'Dorree']",None,None
SCAN_NEIGHBOR,2755.709826253957,2760.709826253957,5.0,3,8c890e99-f923-4b5e-bb8f-4015806e2f2e,None,None,3,200,8,[],None,None
ENUM_HOST,2760.709826253957,2765.709826253957,5.0,3,8c890e99-f923-4b5e-bb8f-4015806e2f2e,None,None,3,200,8,[],None,None
SCAN_PORT,2765.709826253957,2790.709826253957,25.0,20,00a645e3-8243-4b4a-95ac-b3b9b3997402,None,None,1,200,8,[],None,None
EXPLOIT_VULN,2790.709826253957,2791.7294880725003,1.0196618185432271,20,00a645e3-8243-4b4a-95ac-b3b9b3997402,None,None,1,200,8,[],None,None
EXPLOIT_VULN,2791.7294880725003,2801.7114467048777,9.981958632377427,20,00a645e3-8243-4b4a-95ac-b3b9b3997402,None,None,1,201,8,[],None,None
EXPLOIT_VULN,2801.7114467048777,2809.360627904885,7.649181200007206,20,00a645e3-8243-4b4a-95ac-b3b9b3997402,None,None,1,202,8,[],None,None
EXPLOIT_VULN,2809.360627904885,2816.550494145708,7.189866240822994,20,00a645e3-8243-4b4a-95ac-b3b9b3997402,None,None,1,203,8,[],None,None
EXPLOIT_VULN,2816.550494145708,2832.6001530174863,16.04965887177832,20,00a645e3-8243-4b4a-95ac-b3b9b3997402,None,None,1,204,8,[],None,None
EXPLOIT_VULN,2832.6001530174863,2837.9044775575076,5.304324540021298,20,00a645e3-8243-4b4a-95ac-b3b9b3997402,None,None,1,205,8,[],None,None
EXPLOIT_VULN,2837.9044775575076,2845.251084042202,7.346606484694348,20,00a645e3-8243-4b4a-95ac-b3b9b3997402,20,00a645e3-8243-4b4a-95ac-b3b9b3997402,1,206,8,['Bernetta'],None,None
SCAN_NEIGHBOR,2845.251084042202,2850.251084042202,5.0,20,00a645e3-8243-4b4a-95ac-b3b9b3997402,None,None,1,207,9,[],None,None
ENUM_HOST,2850.251084042202,2855.251084042202,5.0,20,00a645e3-8243-4b4a-95ac-b3b9b3997402,None,None,1,207,9,[],None,None
ENUM_HOST,2855.251084042202,2860.251084042202,5.0,11,1c46076f-ea2d-4800-9a61-c6d6398aa328,None,None,4,207,9,[],None,None
SCAN_PORT,2860.251084042202,2882.2917376839314,22.040653641729477,22,07f44fbe-e0a6-466b-a44d-49027332a3e2,None,None,1,207,9,[],application,OSDiversity
SCAN_PORT,2902.52755367606,2911.9233572850526,9.395803608992537,22,07f44fbe-e0a6-466b-a44d-49027332a3e2,None,None,1,207,9,[],network,CompleteTopologyShuffle
SCAN_HOST,2932.0728150398113,2937.0728150398113,5.0,-1,-1,None,None,0,207,9,[],None,None
ENUM_HOST,2937.0728150398113,2942.0728150398113,5.0,-1,-1,None,None,0,207,9,[],None,None
SCAN_PORT,2942.0728150398113,2952.7614879705593,10.688672930747998,19,eea481d8-8c5c-4850-a73c-b4bde9c39251,None,None,1,207,9,[],application,ServiceDiversity
SCAN_PORT,2972.8566315500684,2997.8566315500684,25.0,19,eea481d8-8c5c-4850-a73c-b4bde9c39251,None,None,1,207,9,[],None,None
EXPLOIT_VULN,2997.8566315500684,3007.6053712307976,9.748739680729159,19,eea481d8-8c5c-4850-a73c-b4bde9c39251,None,None,1,207,9,[],None,None
EXPLOIT_VULN,3007.6053712307976,3012.925596433096,5.3202252022983885,19,eea481d8-8c5c-4850-a73c-b4bde9c39251,None,None,1,208,9,[],network,IPShuffle
SCAN_HOST,3033.5810087142268,3038.5810087142268,5.0,-1,-1,None,None,0,208,9,[],None,None
ENUM_HOST,3038.5810087142268,3043.5810087142268,5.0,-1,-1,None,None,0,208,9,[],None,None
SCAN_PORT,3043.5810087142268,3068.5810087142268,25.0,19,eea481d8-8c5c-4850-a73c-b4bde9c39251,None,None,2,208,9,[],None,None
EXPLOIT_VULN,3068.5810087142268,3078.1548080647817,9.573799350554964,19,eea481d8-8c5c-4850-a73c-b4bde9c39251,None,None,2,208,9,[],None,None
EXPLOIT_VULN,3078.1548080647817,3090.7905905533876,12.635782488605855,19,eea481d8-8c5c-4850-a73c-b4bde9c39251,None,None,2,209,9,[],None,None
EXPLOIT_VULN,3090.7905905533876,3095.2609081485616,4.470317595174038,19,eea481d8-8c5c-4850-a73c-b4bde9c39251,None,None,2,210,9,[],None,None
EXPLOIT_VULN,3095.2609081485616,3101.8738139596016,6.6129058110400365,19,eea481d8-8c5c-4850-a73c-b4bde9c39251,None,None,2,211,9,[],None,None
EXPLOIT_VULN,3101.8738139596016,3118.9347662271894,17.06095226758771,19,eea481d8-8c5c-4850-a73c-b4bde9c39251,None,None,2,212,9,[],None,None
EXPLOIT_VULN,3118.9347662271894,3126.822453488433,7.887687261243627,19,eea481d8-8c5c-4850-a73c-b4bde9c39251,None,None,2,213,9,[],None,None
EXPLOIT_VULN,3126.822453488433,3149.0829846774986,22.26053118906566,19,eea481d8-8c5c-4850-a73c-b4bde9c39251,None,None,2,214,9,[],None,None
EXPLOIT_VULN,3149.0829846774986,3156.850194617344,7.767209939845543,19,eea481d8-8c5c-4850-a73c-b4bde9c39251,None,None,2,215,9,[],None,None
EXPLOIT_VULN,3156.850194617344,3167.5934713793854,10.743276762041205,19,eea481d8-8c5c-4850-a73c-b4bde9c39251,None,None,2,216,9,[],None,None
EXPLOIT_VULN,3167.5934713793854,3174.56455712336,6.971085743974527,19,eea481d8-8c5c-4850-a73c-b4bde9c39251,None,None,2,217,9,[],None,None
EXPLOIT_VULN,3174.56455712336,3181.925263354269,7.360706230909273,19,eea481d8-8c5c-4850-a73c-b4bde9c39251,None,None,2,218,9,[],None,None
EXPLOIT_VULN,3181.925263354269,3184.4523497116793,2.5270863574100986,19,eea481d8-8c5c-4850-a73c-b4bde9c39251,None,None,2,219,9,[],None,None
BRUTE_FORCE,3184.4523497116793,3204.4523497116793,20.0,19,eea481d8-8c5c-4850-a73c-b4bde9c39251,None,None,2,220,9,[],None,None
ENUM_HOST,3204.4523497116793,3209.4523497116793,5.0,19,eea481d8-8c5c-4850-a73c-b4bde9c39251,None,None,2,220,9,[],None,None
SCAN_PORT,3209.4523497116793,3234.4523497116793,25.0,9,ec92a6ad-2b42-4e29-93d4-5875f42d31f0,9,ec92a6ad-2b42-4e29-93d4-5875f42d31f0,1,220,9,"['Meghan', 'Vevay']",None,None
SCAN_NEIGHBOR,3234.4523497116793,3239.4523497116793,5.0,9,ec92a6ad-2b42-4e29-93d4-5875f42d31f0,None,None,1,220,10,[],None,None
ENUM_HOST,3239.4523497116793,3244.4523497116793,5.0,9,ec92a6ad-2b42-4e29-93d4-5875f42d31f0,None,None,1,220,10,[],None,None
ENUM_HOST,3244.4523497116793,3249.4523497116793,5.0,7,fd9364c5-6a05-4323-b555-46dd927e9bea,None,None,2,220,10,[],None,None
SCAN_PORT,3249.4523497116793,3274.4523497116793,25.0,10,d79c0963-4a36-42b2-9ec4-1e466a44227f,None,None,4,220,10,[],None,None
EXPLOIT_VULN,3274.4523497116793,3276.6954731509604,2.243123439281135,10,d79c0963-4a36-42b2-9ec4-1e466a44227f,None,None,4,220,10,[],None,None
EXPLOIT_VULN,3276.6954731509604,3284.258319649462,7.562846498501585,10,d79c0963-4a36-42b2-9ec4-1e466a44227f,None,None,4,221,10,[],None,None
EXPLOIT_VULN,3284.258319649462,3286.842692101,2.5843724515380018,10,d79c0963-4a36-42b2-9ec4-1e466a44227f,None,None,4,222,10,[],None,None
EXPLOIT_VULN,3286.842692101,3300.884070869497,14.041378768496998,10,d79c0963-4a36-42b2-9ec4-1e466a44227f,None,None,4,223,10,[],None,None
EXPLOIT_VULN,3300.884070869497,3310.729826667465,9.845755797968195,10,d79c0963-4a36-42b2-9ec4-1e466a44227f,None,None,4,224,10,[],None,None
EXPLOIT_VULN,3310.729826667465,3326.5994419537506,15.869615286285352,10,d79c0963-4a36-42b2-9ec4-1e466a44227f,None,None,4,225,10,[],None,None
EXPLOIT_VULN,3326.5994419537506,3331.1448078716076,4.545365917856998,10,d79c0963-4a36-42b2-9ec4-1e466a44227f,None,None,4,226,10,[],None,None
EXPLOIT_VULN,3331.1448078716076,3340.6957405282587,9.550932656651185,10,d79c0963-4a36-42b2-9ec4-1e466a44227f,None,None,4,227,10,[],None,None
BRUTE_FORCE,3340.6957405282587,3360.6957405282587,20.0,10,d79c0963-4a36-42b2-9ec4-1e466a44227f,None,None,4,228,10,[],None,None
ENUM_HOST,3360.6957405282587,3365.6957405282587,5.0,10,d79c0963-4a36-42b2-9ec4-1e466a44227f,None,None,4,228,10,[],None,None
ENUM_HOST,3365.6957405282587,3370.6957405282587,5.0,14,5806c1d4-c777-495b-9548-7ff2a79d09b0,None,None,4,228,10,[],None,None
SCAN_PORT,3370.6957405282587,3395.6957405282587,25.0,18,0e1965b7-58a3-4660-92a6-422c5c49cf70,None,None,1,228,10,[],None,None
EXPLOIT_VULN,3395.6957405282587,3396.183667964552,0.48792743629337565,18,0e1965b7-58a3-4660-92a6-422c5c49cf70,None,None,1,228,10,[],None,None
EXPLOIT_VULN,3396.183667964552,3396.7260101594807,0.5423421949285512,18,0e1965b7-58a3-4660-92a6-422c5c49cf70,None,None,1,229,10,[],None,None
EXPLOIT_VULN,3396.7260101594807,3398.211260109843,1.4852499503622312,18,0e1965b7-58a3-4660-92a6-422c5c49cf70,None,None,1,230,10,[],None,None
EXPLOIT_VULN,3398.211260109843,3400.046687986153,1.83542787630995,18,0e1965b7-58a3-4660-92a6-422c5c49cf70,None,None,1,231,10,[],None,None
EXPLOIT_VULN,3400.046687986153,3402.8821768146645,2.835488828511643,18,0e1965b7-58a3-4660-92a6-422c5c49cf70,None,None,1,232,10,[],None,None
EXPLOIT_VULN,3402.8821768146645,3404.229416808828,1.347239994163374,18,0e1965b7-58a3-4660-92a6-422c5c49cf70,None,None,1,233,10,[],None,None
EXPLOIT_VULN,3404.229416808828,3414.534393440466,10.304976631638056,18,0e1965b7-58a3-4660-92a6-422c5c49cf70,None,None,1,234,10,[],None,None
EXPLOIT_VULN,3414.534393440466,3426.4392873239162,11.904893883450313,18,0e1965b7-58a3-4660-92a6-422c5c49cf70,None,None,1,235,10,[],None,None
EXPLOIT_VULN,3426.4392873239162,3434.062820182972,7.623532859055558,18,0e1965b7-58a3-4660-92a6-422c5c49cf70,None,None,1,236,10,[],None,None
EXPLOIT_VULN,3434.062820182972,3439.785172192745,5.7223520097732035,18,0e1965b7-58a3-4660-92a6-422c5c49cf70,None,None,1,237,10,[],None,None
EXPLOIT_VULN,3439.785172192745,3446.777535579506,6.992363386761099,18,0e1965b7-58a3-4660-92a6-422c5c49cf70,None,None,1,238,10,[],None,None
EXPLOIT_VULN,3446.777535579506,3449.8374011079804,3.0598655284743472,18,0e1965b7-58a3-4660-92a6-422c5c49cf70,None,None,1,239,10,[],None,None
EXPLOIT_VULN,3449.8374011079804,3454.342741371866,4.5053402638855005,18,0e1965b7-58a3-4660-92a6-422c5c49cf70,None,None,1,240,10,[],None,None
EXPLOIT_VULN,3454.342741371866,3463.59683171507,9.254090343204098,18,0e1965b7-58a3-4660-92a6-422c5c49cf70,None,None,1,241,10,[],None,None
EXPLOIT_VULN,3463.59683171507,3469.4596776084254,5.86284589335537,18,0e1965b7-58a3-4660-92a6-422c5c49cf70,None,None,1,242,10,[],None,None
EXPLOIT_VULN,3469.4596776084254,3478.9481895369877,9.488511928562275,18,0e1965b7-58a3-4660-92a6-422c5c49cf70,None,None,1,243,10,[],None,None
EXPLOIT_VULN,3478.9481895369877,3487.746977333549,8.7987877965611,18,0e1965b7-58a3-4660-92a6-422c5c49cf70,None,None,1,244,10,[],None,None
EXPLOIT_VULN,3487.746977333549,3495.159412942569,7.412435609020122,18,0e1965b7-58a3-4660-92a6-422c5c49cf70,None,None,1,245,10,[],None,None
EXPLOIT_VULN,3495.159412942569,3502.598315049265,7.438902106695878,18,0e1965b7-58a3-4660-92a6-422c5c49cf70,None,None,1,246,10,[],None,None
EXPLOIT_VULN,3502.598315049265,3505.4512403117556,2.8529252624907713,18,0e1965b7-58a3-4660-92a6-422c5c49cf70,None,None,1,247,10,[],None,None
EXPLOIT_VULN,3505.4512403117556,3507.753849274689,2.302608962933391,18,0e1965b7-58a3-4660-92a6-422c5c49cf70,None,None,1,248,10,[],None,None
EXPLOIT_VULN,3507.753849274689,3526.699436432011,18.94558715732228,18,0e1965b7-58a3-4660-92a6-422c5c49cf70,None,None,1,249,10,[],None,None
BRUTE_FORCE,3526.699436432011,3546.699436432011,20.0,18,0e1965b7-58a3-4660-92a6-422c5c49cf70,None,None,1,250,10,[],None,None
ENUM_HOST,3546.699436432011,3551.699436432011,5.0,18,0e1965b7-58a3-4660-92a6-422c5c49cf70,None,None,1,250,10,[],None,None
ENUM_HOST,3551.699436432011,3556.699436432011,5.0,11,1c46076f-ea2d-4800-9a61-c6d6398aa328,None,None,5,250,10,[],None,None
SCAN_PORT,3556.699436432011,3581.699436432011,25.0,28,ad047b0e-c6c5-4bc8-881f-0593fcffe3e0,None,None,1,250,10,[],None,None
EXPLOIT_VULN,3581.699436432011,3582.395180186737,0.6957437547257541,28,ad047b0e-c6c5-4bc8-881f-0593fcffe3e0,None,None,1,250,10,[],None,None
EXPLOIT_VULN,3582.395180186737,3583.12680177331,0.7316215865730555,28,ad047b0e-c6c5-4bc8-881f-0593fcffe3e0,None,None,1,251,10,[],application,OSDiversity
SCAN_PORT,3603.129667512235,3612.4520111852557,9.322343673020896,28,ad047b0e-c6c5-4bc8-881f-0593fcffe3e0,None,None,1,251,10,[],network,CompleteTopologyShuffle
SCAN_HOST,3632.769921635875,3637.769921635875,5.0,-1,-1,None,None,0,251,10,[],None,None
ENUM_HOST,3637.769921635875,3642.769921635875,5.0,-1,-1,None,None,0,251,10,[],None,None
SCAN_PORT,3642.769921635875,3654.666514870018,11.896593234142983,5,a47f754e-28a2-442b-ac11-33ff7dc1ad7f,None,None,1,251,10,[],application,ServiceDiversity
SCAN_PORT,3674.7834700376,3699.7834700376,25.0,5,a47f754e-28a2-442b-ac11-33ff7dc1ad7f,None,None,1,251,10,[],None,None
EXPLOIT_VULN,3699.7834700376,3700.000845164737,0.21737512713662,5,a47f754e-28a2-442b-ac11-33ff7dc1ad7f,None,None,1,251,10,[],None,None
EXPLOIT_VULN,3700.000845164737,3700.8093749334917,0.8085297687548518,5,a47f754e-28a2-442b-ac11-33ff7dc1ad7f,None,None,1,252,10,[],None,None
EXPLOIT_VULN,3700.8093749334917,3703.0855235709064,2.2761486374147353,5,a47f754e-28a2-442b-ac11-33ff7dc1ad7f,None,None,1,253,10,[],None,None
EXPLOIT_VULN,3703.0855235709064,3710.7638071588663,7.678283587959868,5,a47f754e-28a2-442b-ac11-33ff7dc1ad7f,None,None,1,254,10,[],None,None
EXPLOIT_VULN,3710.7638071588663,3711.2321415853226,0.46833442645629475,5,a47f754e-28a2-442b-ac11-33ff7dc1ad7f,None,None,1,255,10,[],None,None
EXPLOIT_VULN,3711.2321415853226,3712.563940574681,1.3317989893585036,5,a47f754e-28a2-442b-ac11-33ff7dc1ad7f,None,None,1,256,10,[],network,IPShuffle
SCAN_HOST,3732.5898349493928,3737.5898349493928,5.0,-1,-1,None,None,0,256,10,[],None,None
ENUM_HOST,3737.5898349493928,3742.5898349493928,5.0,-1,-1,None,None,0,256,10,[],None,None
SCAN_PORT,3742.5898349493928,3767.5898349493928,25.0,18,0e1965b7-58a3-4660-92a6-422c5c49cf70,None,None,2,256,10,[],None,None
EXPLOIT_VULN,3767.5898349493928,3767.9320972807327,0.34226233133995265,18,0e1965b7-58a3-4660-92a6-422c5c49cf70,None,None,2,256,10,[],None,None
EXPLOIT_VULN,3767.9320972807327,3770.5579358502223,2.625838569489588,18,0e1965b7-58a3-4660-92a6-422c5c49cf70,None,None,2,257,10,[],None,None
EXPLOIT_VULN,3770.5579358502223,3774.3723248722363,3.8143890220139838,18,0e1965b7-58a3-4660-92a6-422c5c49cf70,None,None,2,258,10,[],None,None
EXPLOIT_VULN,3774.3723248722363,3785.1251285073463,10.752803635110013,18,0e1965b7-58a3-4660-92a6-422c5c49cf70,None,None,2,259,10,[],None,None
EXPLOIT_VULN,3785.1251285073463,3799.0372499081504,13.912121400804153,18,0e1965b7-58a3-4660-92a6-422c5c49cf70,None,None,2,260,10,[],None,None
EXPLOIT_VULN,3799.0372499081504,3803.152438741614,4.115188833463435,18,0e1965b7-58a3-4660-92a6-422c5c49cf70,None,None,2,261,10,[],None,None
EXPLOIT_VULN,3803.152438741614,3810.0031247495976,6.850686007983768,18,0e1965b7-58a3-4660-92a6-422c5c49cf70,None,None,2,262,10,[],None,None
EXPLOIT_VULN,3810.0031247495976,3832.1908918582003,22.187767108602657,18,0e1965b7-58a3-4660-92a6-422c5c49cf70,None,None,2,263,10,[],None,None
EXPLOIT_VULN,3832.1908918582003,3839.7725214464817,7.58162958828143,18,0e1965b7-58a3-4660-92a6-422c5c49cf70,None,None,2,264,10,[],None,None
EXPLOIT_VULN,3839.7725214464817,3863.5316545642404,23.759133117758665,18,0e1965b7-58a3-4660-92a6-422c5c49cf70,None,None,2,265,10,[],None,None
EXPLOIT_VULN,3863.5316545642404,3872.077092825257,8.545438261016443,18,0e1965b7-58a3-4660-92a6-422c5c49cf70,None,None,2,266,10,[],None,None
EXPLOIT_VULN,3872.077092825257,3893.5625584903664,21.485465665109587,18,0e1965b7-58a3-4660-92a6-422c5c49cf70,None,None,2,267,10,[],None,None
EXPLOIT_VULN,3893.5625584903664,3900.8256932079935,7.263134717627054,18,0e1965b7-58a3-4660-92a6-422c5c49cf70,None,None,2,268,10,[],None,None
EXPLOIT_VULN,3900.8256932079935,3915.005746587114,14.180053379120636,18,0e1965b7-58a3-4660-92a6-422c5c49cf70,None,None,2,269,10,[],None,None
EXPLOIT_VULN,3915.005746587114,3921.6669464176957,6.661199830581609,18,0e1965b7-58a3-4660-92a6-422c5c49cf70,None,None,2,270,10,[],None,None
EXPLOIT_VULN,3921.6669464176957,3940.228036714011,18.561090296315342,18,0e1965b7-58a3-4660-92a6-422c5c49cf70,None,None,2,271,10,[],None,None
EXPLOIT_VULN,3940.228036714011,3961.622128522655,21.394091808644134,18,0e1965b7-58a3-4660-92a6-422c5c49cf70,None,None,2,272,10,[],None,None
BRUTE_FORCE,3961.622128522655,3981.622128522655,20.0,18,0e1965b7-58a3-4660-92a6-422c5c49cf70,None,None,2,273,10,[],None,None
ENUM_HOST,3981.622128522655,3986.622128522655,5.0,18,0e1965b7-58a3-4660-92a6-422c5c49cf70,None,None,2,273,10,[],None,None
SCAN_PORT,3986.622128522655,4011.622128522655,25.0,31,8089a952-e12d-45d1-a954-58ff287a9a5f,None,None,1,273,10,[],None,None
EXPLOIT_VULN,4011.622128522655,4013.3333594787878,1.7112309561325674,31,8089a952-e12d-45d1-a954-58ff287a9a5f,None,None,1,273,10,[],None,None
EXPLOIT_VULN,4013.3333594787878,4020.518221006279,7.1848615274911936,31,8089a952-e12d-45d1-a954-58ff287a9a5f,None,None,1,274,10,[],None,None
EXPLOIT_VULN,4020.518221006279,4037.25900613766,16.740785131381017,31,8089a952-e12d-45d1-a954-58ff287a9a5f,None,None,1,275,10,[],None,None
EXPLOIT_VULN,4037.25900613766,4044.1242440228043,6.8652378851443245,31,8089a952-e12d-45d1-a954-58ff287a9a5f,None,None,1,276,10,[],None,None
EXPLOIT_VULN,4044.1242440228043,4052.2700437337407,8.145799710936444,31,8089a952-e12d-45d1-a954-58ff287a9a5f,None,None,1,277,10,[],None,None
EXPLOIT_VULN,4052.2700437337407,4058.7409087993574,6.4708650656166355,31,8089a952-e12d-45d1-a954-58ff287a9a5f,None,None,1,278,10,[],None,None
EXPLOIT_VULN,4058.7409087993574,4067.784174887891,9.043266088533528,31,8089a952-e12d-45d1-a954-58ff287a9a5f,None,None,1,279,10,[],None,None
BRUTE_FORCE,4067.784174887891,4087.784174887891,20.0,31,8089a952-e12d-45d1-a954-58ff287a9a5f,None,None,1,280,10,[],None,None
ENUM_HOST,4087.784174887891,4092.784174887891,5.0,31,8089a952-e12d-45d1-a954-58ff287a9a5f,None,None,1,280,10,[],None,None
SCAN_PORT,4092.784174887891,4117.784174887891,25.0,16,5e0c6288-6ce0-49e3-8e0e-a9f8a7238ebf,None,None,2,280,10,[],None,None
EXPLOIT_VULN,4117.784174887891,4119.148653990477,1.3644791025863015,16,5e0c6288-6ce0-49e3-8e0e-a9f8a7238ebf,None,None,2,280,10,[],None,None
EXPLOIT_VULN,4119.148653990477,4126.856225147027,7.70757115654942,16,5e0c6288-6ce0-49e3-8e0e-a9f8a7238ebf,None,None,2,281,10,[],None,None
BRUTE_FORCE,4126.856225147027,4146.856225147027,20.0,16,5e0c6288-6ce0-49e3-8e0e-a9f8a7238ebf,None,None,2,282,10,[],None,None
ENUM_HOST,4146.856225147027,4151.856225147027,5.0,16,5e0c6288-6ce0-49e3-8e0e-a9f8a7238ebf,None,None,2,282,10,[],None,None
SCAN_PORT,4151.856225147027,4176.856225147027,25.0,17,464c921a-4723-4171-a9ab-c807ce9b91c6,None,None,1,282,10,[],None,None
EXPLOIT_VULN,4176.856225147027,4177.025478950982,0.16925380395514367,17,464c921a-4723-4171-a9ab-c807ce9b91c6,None,None,1,282,10,[],None,None
EXPLOIT_VULN,4177.025478950982,4180.0263418343475,3.0008628833656985,17,464c921a-4723-4171-a9ab-c807ce9b91c6,None,None,1,283,10,[],None,None
EXPLOIT_VULN,4180.0263418343475,4182.345495391186,2.3191535568385007,17,464c921a-4723-4171-a9ab-c807ce9b91c6,None,None,1,284,10,[],None,None
EXPLOIT_VULN,4182.345495391186,4184.819360288916,2.4738648977299817,17,464c921a-4723-4171-a9ab-c807ce9b91c6,None,None,1,285,10,[],None,None
EXPLOIT_VULN,4184.819360288916,4190.729998919829,5.910638630913127,17,464c921a-4723-4171-a9ab-c807ce9b91c6,None,None,1,286,10,[],None,None
EXPLOIT_VULN,4190.729998919829,4196.267379818767,5.537380898937954,17,464c921a-4723-4171-a9ab-c807ce9b91c6,None,None,1,287,10,[],None,None
EXPLOIT_VULN,4196.267379818767,4198.367246960199,2.099867141431787,17,464c921a-4723-4171-a9ab-c807ce9b91c6,None,None,1,288,10,[],None,None
EXPLOIT_VULN,4198.367246960199,4200.402411416747,2.0351644565480456,17,464c921a-4723-4171-a9ab-c807ce9b91c6,None,None,1,289,10,[],None,None
EXPLOIT_VULN,4200.402411416747,4209.039917504951,8.637506088203736,17,464c921a-4723-4171-a9ab-c807ce9b91c6,None,None,1,290,10,[],None,None
EXPLOIT_VULN,4209.039917504951,4215.690141947531,6.650224442580111,17,464c921a-4723-4171-a9ab-c807ce9b91c6,None,None,1,291,10,[],None,None
EXPLOIT_VULN,4215.690141947531,4218.182280065897,2.492138118366711,17,464c921a-4723-4171-a9ab-c807ce9b91c6,None,None,1,292,10,[],None,None
EXPLOIT_VULN,4218.182280065897,4227.30837865958,9.1260985936824,17,464c921a-4723-4171-a9ab-c807ce9b91c6,None,None,1,293,10,[],None,None
EXPLOIT_VULN,4227.30837865958,4231.583672374168,4.2752937145878604,17,464c921a-4723-4171-a9ab-c807ce9b91c6,None,None,1,294,10,[],None,None
EXPLOIT_VULN,4231.583672374168,4242.0504781423315,10.466805768163795,17,464c921a-4723-4171-a9ab-c807ce9b91c6,None,None,1,295,10,[],None,None
EXPLOIT_VULN,4242.0504781423315,4251.649382707894,9.598904565562407,17,464c921a-4723-4171-a9ab-c807ce9b91c6,None,None,1,296,10,[],None,None
EXPLOIT_VULN,4251.649382707894,4254.621371511976,2.971988804081775,17,464c921a-4723-4171-a9ab-c807ce9b91c6,None,None,1,297,10,[],None,None
EXPLOIT_VULN,4254.621371511976,4258.442270512274,3.8208990002985956,17,464c921a-4723-4171-a9ab-c807ce9b91c6,None,None,1,298,10,[],None,None
EXPLOIT_VULN,4258.442270512274,4264.9015982277815,6.459327715507243,17,464c921a-4723-4171-a9ab-c807ce9b91c6,None,None,1,299,10,[],None,None
EXPLOIT_VULN,4264.9015982277815,4281.1218909126665,16.220292684884953,17,464c921a-4723-4171-a9ab-c807ce9b91c6,None,None,1,300,10,[],None,None
EXPLOIT_VULN,4281.1218909126665,4283.339029573534,2.2171386608679313,17,464c921a-4723-4171-a9ab-c807ce9b91c6,None,None,1,301,10,[],application,OSDiversity
SCAN_PORT,4303.390290724153,4312.8983026939495,9.508011969796826,17,464c921a-4723-4171-a9ab-c807ce9b91c6,None,None,1,301,10,[],network,CompleteTopologyShuffle
SCAN_HOST,4333.141968899394,4338.141968899394,5.0,-1,-1,None,None,0,301,10,[],None,None
ENUM_HOST,4338.141968899394,4343.141968899394,5.0,-1,-1,None,None,0,301,10,[],None,None
SCAN_PORT,4343.141968899394,4354.811428061588,11.669459162194471,15,0c4aa51a-0b8c-4175-b9e6-46cfe860e67b,None,None,1,301,10,[],application,ServiceDiversity
SCAN_PORT,4376.156769747661,4401.156769747661,25.0,15,0c4aa51a-0b8c-4175-b9e6-46cfe860e67b,None,None,1,301,10,[],None,None
EXPLOIT_VULN,4401.156769747661,4402.414072338165,1.2573025905039685,15,0c4aa51a-0b8c-4175-b9e6-46cfe860e67b,None,None,1,301,10,[],None,None
EXPLOIT_VULN,4402.414072338165,4406.559889871852,4.145817533686568,15,0c4aa51a-0b8c-4175-b9e6-46cfe860e67b,None,None,1,302,10,[],None,None
EXPLOIT_VULN,4406.559889871852,4409.180361604553,2.620471732700935,15,0c4aa51a-0b8c-4175-b9e6-46cfe860e67b,None,None,1,303,10,[],None,None
EXPLOIT_VULN,4409.180361604553,4410.462355494611,1.281993890058402,15,0c4aa51a-0b8c-4175-b9e6-46cfe860e67b,None,None,1,304,10,[],None,None
EXPLOIT_VULN,4410.462355494611,4410.941741658633,0.47938616402188927,15,0c4aa51a-0b8c-4175-b9e6-46cfe860e67b,None,None,1,305,10,[],None,None
EXPLOIT_VULN,4410.941741658633,4413.172054520407,2.2303128617741095,15,0c4aa51a-0b8c-4175-b9e6-46cfe860e67b,None,None,1,306,10,[],network,IPShuffle
SCAN_HOST,4434.04214239922,4439.04214239922,5.0,-1,-1,None,None,0,306,10,[],None,None
ENUM_HOST,4439.04214239922,4444.04214239922,5.0,-1,-1,None,None,0,306,10,[],None,None
SCAN_PORT,4444.04214239922,4469.04214239922,25.0,5,a47f754e-28a2-442b-ac11-33ff7dc1ad7f,None,None,2,306,10,[],None,None
EXPLOIT_VULN,4469.04214239922,4470.4588107312975,1.416668332077279,5,a47f754e-28a2-442b-ac11-33ff7dc1ad7f,None,None,2,306,10,[],None,None
EXPLOIT_VULN,4470.4588107312975,4471.136689228698,0.6778784974003429,5,a47f754e-28a2-442b-ac11-33ff7dc1ad7f,None,None,2,307,10,[],None,None
EXPLOIT_VULN,4471.136689228698,4472.624867961756,1.4881787330577936,5,a47f754e-28a2-442b-ac11-33ff7dc1ad7f,None,None,2,308,10,[],None,None
EXPLOIT_VULN,4472.624867961756,4473.814044521769,1.1891765600130384,5,a47f754e-28a2-442b-ac11-33ff7dc1ad7f,None,None,2,309,10,[],None,None
EXPLOIT_VULN,4473.814044521769,4478.674535914646,4.86049139287752,5,a47f754e-28a2-442b-ac11-33ff7dc1ad7f,None,None,2,310,10,[],None,None
EXPLOIT_VULN,4478.674535914646,4483.275838195258,4.60130228061189,5,a47f754e-28a2-442b-ac11-33ff7dc1ad7f,None,None,2,311,10,[],None,None
EXPLOIT_VULN,4483.275838195258,4486.05736319237,2.7815249971117737,5,a47f754e-28a2-442b-ac11-33ff7dc1ad7f,None,None,2,312,10,[],None,None
EXPLOIT_VULN,4486.05736319237,4494.0432196476195,7.985856455249632,5,a47f754e-28a2-442b-ac11-33ff7dc1ad7f,None,None,2,313,10,[],None,None
EXPLOIT_VULN,4494.0432196476195,4497.608659962046,3.5654403144262687,5,a47f754e-28a2-442b-ac11-33ff7dc1ad7f,None,None,2,314,10,[],None,None
EXPLOIT_VULN,4497.608659962046,4500.352860085833,2.744200123786868,5,a47f754e-28a2-442b-ac11-33ff7dc1ad7f,None,None,2,315,10,[],None,None
EXPLOIT_VULN,4500.352860085833,4506.342291239582,5.989431153749138,5,a47f754e-28a2-442b-ac11-33ff7dc1ad7f,None,None,2,316,10,[],None,None
EXPLOIT_VULN,4506.342291239582,4527.341415018678,20.999123779096408,5,a47f754e-28a2-442b-ac11-33ff7dc1ad7f,None,None,2,317,10,[],None,None
EXPLOIT_VULN,4527.341415018678,4535.054930489704,7.7135154710258576,5,a47f754e-28a2-442b-ac11-33ff7dc1ad7f,None,None,2,318,10,[],None,None
EXPLOIT_VULN,4535.054930489704,4553.033590337107,17.978659847402923,5,a47f754e-28a2-442b-ac11-33ff7dc1ad7f,None,None,2,319,10,[],None,None
EXPLOIT_VULN,4553.033590337107,4561.2295408823275,8.195950545220512,5,a47f754e-28a2-442b-ac11-33ff7dc1ad7f,None,None,2,320,10,[],None,None
EXPLOIT_VULN,4561.2295408823275,4569.718520942087,8.488980059759342,5,a47f754e-28a2-442b-ac11-33ff7dc1ad7f,None,None,2,321,10,[],None,None
EXPLOIT_VULN,4569.718520942087,4576.988209277301,7.269688335214596,5,a47f754e-28a2-442b-ac11-33ff7dc1ad7f,None,None,2,322,10,[],None,None
EXPLOIT_VULN,4576.988209277301,4598.622753399426,21.63454412212468,5,a47f754e-28a2-442b-ac11-33ff7dc1ad7f,None,None,2,323,10,[],None,None
BRUTE_FORCE,4598.622753399426,4618.622753399426,20.0,5,a47f754e-28a2-442b-ac11-33ff7dc1ad7f,None,None,2,324,10,[],None,None
ENUM_HOST,4618.622753399426,4623.622753399426,5.0,5,a47f754e-28a2-442b-ac11-33ff7dc1ad7f,None,None,2,324,10,[],None,None
SCAN_PORT,4623.622753399426,4648.622753399426,25.0,31,8089a952-e12d-45d1-a954-58ff287a9a5f,None,None,2,324,10,[],None,None
EXPLOIT_VULN,4648.622753399426,4652.3230663013355,3.700312901909456,31,8089a952-e12d-45d1-a954-58ff287a9a5f,None,None,2,324,10,[],None,None
EXPLOIT_VULN,4652.3230663013355,4658.2939698522505,5.970903550914954,31,8089a952-e12d-45d1-a954-58ff287a9a5f,None,None,2,325,10,[],None,None
EXPLOIT_VULN,4658.2939698522505,4666.486525680879,8.192555828628429,31,8089a952-e12d-45d1-a954-58ff287a9a5f,None,None,2,326,10,[],None,None
EXPLOIT_VULN,4666.486525680879,4669.150898952804,2.6643732719248874,31,8089a952-e12d-45d1-a954-58ff287a9a5f,None,None,2,327,10,[],None,None
EXPLOIT_VULN,4669.150898952804,4677.225457672284,8.074558719480592,31,8089a952-e12d-45d1-a954-58ff287a9a5f,None,None,2,328,10,[],None,None
EXPLOIT_VULN,4677.225457672284,4695.807951743338,18.58249407105359,31,8089a952-e12d-45d1-a954-58ff287a9a5f,None,None,2,329,10,[],None,None
BRUTE_FORCE,4695.807951743338,4715.807951743338,20.0,31,8089a952-e12d-45d1-a954-58ff287a9a5f,None,None,2,330,10,[],None,None
ENUM_HOST,4715.807951743338,4720.807951743338,5.0,31,8089a952-e12d-45d1-a954-58ff287a9a5f,None,None,2,330,10,[],None,None
SCAN_PORT,4720.807951743338,4745.807951743338,25.0,15,0c4aa51a-0b8c-4175-b9e6-46cfe860e67b,None,None,2,330,10,[],None,None
EXPLOIT_VULN,4745.807951743338,4746.469947543447,0.6619958001092527,15,0c4aa51a-0b8c-4175-b9e6-46cfe860e67b,None,None,2,330,10,[],None,None
EXPLOIT_VULN,4746.469947543447,4747.280903248743,0.8109557052957825,15,0c4aa51a-0b8c-4175-b9e6-46cfe860e67b,None,None,2,331,10,[],None,None
EXPLOIT_VULN,4747.280903248743,4751.808857509229,4.527954260485785,15,0c4aa51a-0b8c-4175-b9e6-46cfe860e67b,None,None,2,332,10,[],None,None
EXPLOIT_VULN,4751.808857509229,4755.225994098719,3.417136589489928,15,0c4aa51a-0b8c-4175-b9e6-46cfe860e67b,None,None,2,333,10,[],None,None
EXPLOIT_VULN,4755.225994098719,4756.6520257920665,1.4260316933477952,15,0c4aa51a-0b8c-4175-b9e6-46cfe860e67b,None,None,2,334,10,[],None,None
EXPLOIT_VULN,4756.6520257920665,4759.710775276251,3.058749484184773,15,0c4aa51a-0b8c-4175-b9e6-46cfe860e67b,None,None,2,335,10,[],None,None
EXPLOIT_VULN,4759.710775276251,4768.266049303869,8.555274027617997,15,0c4aa51a-0b8c-4175-b9e6-46cfe860e67b,None,None,2,336,10,[],None,None
EXPLOIT_VULN,4768.266049303869,4777.575414683736,9.309365379866904,15,0c4aa51a-0b8c-4175-b9e6-46cfe860e67b,None,None,2,337,10,[],None,None
EXPLOIT_VULN,4777.575414683736,4787.606510049915,10.031095366179215,15,0c4aa51a-0b8c-4175-b9e6-46cfe860e67b,None,None,2,338,10,[],None,None
EXPLOIT_VULN,4787.606510049915,4789.975909580166,2.3693995302510302,15,0c4aa51a-0b8c-4175-b9e6-46cfe860e67b,None,None,2,339,10,[],None,None
EXPLOIT_VULN,4789.975909580166,4792.128328944311,2.152419364144407,15,0c4aa51a-0b8c-4175-b9e6-46cfe860e67b,None,None,2,340,10,[],None,None
EXPLOIT_VULN,4792.128328944311,4798.164908196676,6.0365792523653,15,0c4aa51a-0b8c-4175-b9e6-46cfe860e67b,None,None,2,341,10,[],None,None
EXPLOIT_VULN,4798.164908196676,4808.038773395662,9.873865198986095,15,0c4aa51a-0b8c-4175-b9e6-46cfe860e67b,None,None,2,342,10,[],None,None
EXPLOIT_VULN,4808.038773395662,4821.342780075356,13.304006679693885,15,0c4aa51a-0b8c-4175-b9e6-46cfe860e67b,None,None,2,343,10,[],None,None
EXPLOIT_VULN,4821.342780075356,4826.142811156045,4.800031080689223,15,0c4aa51a-0b8c-4175-b9e6-46cfe860e67b,None,None,2,344,10,[],None,None
EXPLOIT_VULN,4826.142811156045,4833.589227860503,7.446416704457988,15,0c4aa51a-0b8c-4175-b9e6-46cfe860e67b,None,None,2,345,10,[],None,None
EXPLOIT_VULN,4833.589227860503,4838.317197393266,4.727969532762472,15,0c4aa51a-0b8c-4175-b9e6-46cfe860e67b,None,None,2,346,10,[],None,None
EXPLOIT_VULN,4838.317197393266,4843.87022783756,5.5530304442945635,15,0c4aa51a-0b8c-4175-b9e6-46cfe860e67b,None,None,2,347,10,[],None,None
EXPLOIT_VULN,4843.87022783756,4850.769530795849,6.899302958288899,15,0c4aa51a-0b8c-4175-b9e6-46cfe860e67b,None,None,2,348,10,[],None,None
EXPLOIT_VULN,4850.769530795849,4860.752194568196,9.982663772346314,15,0c4aa51a-0b8c-4175-b9e6-46cfe860e67b,None,None,2,349,10,[],None,None
EXPLOIT_VULN,4860.752194568196,4865.8427008894,5.090506321203975,15,0c4aa51a-0b8c-4175-b9e6-46cfe860e67b,None,None,2,350,10,[],None,None
EXPLOIT_VULN,4865.8427008894,4873.332785944724,7.490085055324016,15,0c4aa51a-0b8c-4175-b9e6-46cfe860e67b,None,None,2,351,10,[],None,None
EXPLOIT_VULN,4873.332785944724,4880.807617392866,7.47483144814214,15,0c4aa51a-0b8c-4175-b9e6-46cfe860e67b,None,None,2,352,10,[],None,None
EXPLOIT_VULN,4880.807617392866,4885.204176468812,4.396559075946243,15,0c4aa51a-0b8c-4175-b9e6-46cfe860e67b,None,None,2,353,10,[],None,None
EXPLOIT_VULN,4885.204176468812,4903.278136377609,18.073959908797406,15,0c4aa51a-0b8c-4175-b9e6-46cfe860e67b,None,None,2,354,10,[],None,None
EXPLOIT_VULN,4903.278136377609,4909.8950161340435,6.616879756434173,15,0c4aa51a-0b8c-4175-b9e6-46cfe860e67b,None,None,2,355,10,[],None,None
EXPLOIT_VULN,4909.8950161340435,4931.462146373749,21.567130239705875,15,0c4aa51a-0b8c-4175-b9e6-46cfe860e67b,None,None,2,356,10,[],None,None
EXPLOIT_VULN,4931.462146373749,4939.082585340267,7.620438966517213,15,0c4aa51a-0b8c-4175-b9e6-46cfe860e67b,None,None,2,357,10,[],None,None
EXPLOIT_VULN,4939.082585340267,4958.348747742245,19.266162401978363,15,0c4aa51a-0b8c-4175-b9e6-46cfe860e67b,None,None,2,358,10,[],None,None
EXPLOIT_VULN,4958.348747742245,4978.08241917308,19.733671430834875,15,0c4aa51a-0b8c-4175-b9e6-46cfe860e67b,None,None,2,359,10,[],None,None
EXPLOIT_VULN,4978.08241917308,4983.521809765202,5.439390592122436,15,0c4aa51a-0b8c-4175-b9e6-46cfe860e67b,None,None,2,360,10,[],application,OSDiversity
SCAN_PORT,5006.276679826488,5014.615467450736,8.338787624247743,15,0c4aa51a-0b8c-4175-b9e6-46cfe860e67b,None,None,2,360,10,[],network,CompleteTopologyShuffle
SCAN_HOST,5034.77049334312,5039.77049334312,5.0,-1,-1,None,None,0,360,10,[],None,None
ENUM_HOST,5039.77049334312,5044.77049334312,5.0,-1,-1,None,None,0,360,10,[],None,None
SCAN_PORT,5044.77049334312,5054.624045036465,9.853551693345253,18,0e1965b7-58a3-4660-92a6-422c5c49cf70,None,None,3,360,10,[],application,ServiceDiversity
SCAN_PORT,5076.441416056216,5101.441416056216,25.0,18,0e1965b7-58a3-4660-92a6-422c5c49cf70,None,None,3,360,10,[],None,None
EXPLOIT_VULN,5101.441416056216,5102.739395031516,1.297978975299884,18,0e1965b7-58a3-4660-92a6-422c5c49cf70,None,None,3,360,10,[],None,None
EXPLOIT_VULN,5102.739395031516,5106.078493673702,3.3390986421854905,18,0e1965b7-58a3-4660-92a6-422c5c49cf70,None,None,3,361,10,[],None,None
EXPLOIT_VULN,5106.078493673702,5108.302456631843,2.2239629581408735,18,0e1965b7-58a3-4660-92a6-422c5c49cf70,None,None,3,362,10,[],None,None
EXPLOIT_VULN,5108.302456631843,5109.6855230164665,1.3830663846238167,18,0e1965b7-58a3-4660-92a6-422c5c49cf70,None,None,3,363,10,[],None,None
EXPLOIT_VULN,5109.6855230164665,5114.178362782522,4.492839766055113,18,0e1965b7-58a3-4660-92a6-422c5c49cf70,None,None,3,364,10,[],None,None
EXPLOIT_VULN,5114.178362782522,5114.910136573042,0.7317737905204922,18,0e1965b7-58a3-4660-92a6-422c5c49cf70,None,None,3,365,10,[],network,IPShuffle
SCAN_HOST,5135.819986046551,5140.819986046551,5.0,-1,-1,None,None,0,365,10,[],None,None
ENUM_HOST,5140.819986046551,5145.819986046551,5.0,-1,-1,None,None,0,365,10,[],None,None
SCAN_PORT,5145.819986046551,5170.819986046551,25.0,5,a47f754e-28a2-442b-ac11-33ff7dc1ad7f,None,None,3,365,10,[],None,None
EXPLOIT_VULN,5170.819986046551,5171.3448006225535,0.5248145760024272,5,a47f754e-28a2-442b-ac11-33ff7dc1ad7f,None,None,3,365,10,[],None,None
EXPLOIT_VULN,5171.3448006225535,5172.644729462638,1.2999288400842488,5,a47f754e-28a2-442b-ac11-33ff7dc1ad7f,None,None,3,366,10,[],None,None
EXPLOIT_VULN,5172.644729462638,5173.177024027682,0.5322945650441397,5,a47f754e-28a2-442b-ac11-33ff7dc1ad7f,None,None,3,367,10,[],None,None
EXPLOIT_VULN,5173.177024027682,5175.889610411457,2.7125863837754878,5,a47f754e-28a2-442b-ac11-33ff7dc1ad7f,None,None,3,368,10,[],None,None
EXPLOIT_VULN,5175.889610411457,5182.5132145628395,6.6236041513820965,5,a47f754e-28a2-442b-ac11-33ff7dc1ad7f,None,None,3,369,10,[],None,None
EXPLOIT_VULN,5182.5132145628395,5189.988018809603,7.474804246763597,5,a47f754e-28a2-442b-ac11-33ff7dc1ad7f,None,None,3,370,10,[],None,None
EXPLOIT_VULN,5189.988018809603,5198.867138735077,8.879119925473788,5,a47f754e-28a2-442b-ac11-33ff7dc1ad7f,None,None,3,371,10,[],None,None
EXPLOIT_VULN,5198.867138735077,5203.7866806864295,4.919541951352585,5,a47f754e-28a2-442b-ac11-33ff7dc1ad7f,None,None,3,372,10,[],None,None
EXPLOIT_VULN,5203.7866806864295,5207.688867574538,3.90218688810819,5,a47f754e-28a2-442b-ac11-33ff7dc1ad7f,None,None,3,373,10,[],None,None
EXPLOIT_VULN,5207.688867574538,5210.3132575705795,2.6243899960418275,5,a47f754e-28a2-442b-ac11-33ff7dc1ad7f,None,None,3,374,10,[],None,None
EXPLOIT_VULN,5210.3132575705795,5212.963055863213,2.649798292633932,5,a47f754e-28a2-442b-ac11-33ff7dc1ad7f,None,None,3,375,10,[],None,None
EXPLOIT_VULN,5212.963055863213,5218.000350793491,5.037294930277312,5,a47f754e-28a2-442b-ac11-33ff7dc1ad7f,None,None,3,376,10,[],None,None
EXPLOIT_VULN,5218.000350793491,5225.704183705798,7.703832912307007,5,a47f754e-28a2-442b-ac11-33ff7dc1ad7f,None,None,3,377,10,[],None,None
EXPLOIT_VULN,5225.704183705798,5246.597494316205,20.893310610406843,5,a47f754e-28a2-442b-ac11-33ff7dc1ad7f,None,None,3,378,10,[],None,None
EXPLOIT_VULN,5246.597494316205,5267.036886503715,20.439392187510748,5,a47f754e-28a2-442b-ac11-33ff7dc1ad7f,None,None,3,379,10,[],None,None
EXPLOIT_VULN,5267.036886503715,5284.220736706809,17.183850203093243,5,a47f754e-28a2-442b-ac11-33ff7dc1ad7f,None,None,3,380,10,[],None,None
EXPLOIT_VULN,5284.220736706809,5301.919716795316,17.698980088507597,5,a47f754e-28a2-442b-ac11-33ff7dc1ad7f,None,None,3,381,10,[],None,None
EXPLOIT_VULN,5301.919716795316,5320.155913149091,18.236196353775085,5,a47f754e-28a2-442b-ac11-33ff7dc1ad7f,None,None,3,382,10,[],None,None
EXPLOIT_VULN,5320.155913149091,5337.670104975902,17.51419182681093,5,a47f754e-28a2-442b-ac11-33ff7dc1ad7f,None,None,3,383,10,[],None,None
EXPLOIT_VULN,5337.670104975902,5346.079571705587,8.409466729684937,5,a47f754e-28a2-442b-ac11-33ff7dc1ad7f,None,None,3,384,10,[],None,None
BRUTE_FORCE,5346.079571705587,5366.079571705587,20.0,5,a47f754e-28a2-442b-ac11-33ff7dc1ad7f,None,None,3,385,10,[],None,None
ENUM_HOST,5366.079571705587,5371.079571705587,5.0,5,a47f754e-28a2-442b-ac11-33ff7dc1ad7f,None,None,3,385,10,[],None,None
SCAN_PORT,5371.079571705587,5396.079571705587,25.0,18,0e1965b7-58a3-4660-92a6-422c5c49cf70,None,None,4,385,10,[],None,None
EXPLOIT_VULN,5396.079571705587,5397.049857506819,0.9702858012315119,18,0e1965b7-58a3-4660-92a6-422c5c49cf70,None,None,4,385,10,[],None,None
EXPLOIT_VULN,5397.049857506819,5400.749174139491,3.69931663267198,18,0e1965b7-58a3-4660-92a6-422c5c49cf70,None,None,4,386,10,[],None,None
EXPLOIT_VULN,5400.749174139491,5403.098743135622,2.3495689961309836,18,0e1965b7-58a3-4660-92a6-422c5c49cf70,None,None,4,387,10,[],None,None
EXPLOIT_VULN,5403.098743135622,5406.616085208435,3.517342072813335,18,0e1965b7-58a3-4660-92a6-422c5c49cf70,None,None,4,388,10,[],None,None
EXPLOIT_VULN,5406.616085208435,5416.7660340220245,10.149948813589617,18,0e1965b7-58a3-4660-92a6-422c5c49cf70,None,None,4,389,10,[],None,None
EXPLOIT_VULN,5416.7660340220245,5422.558093526694,5.792059504669851,18,0e1965b7-58a3-4660-92a6-422c5c49cf70,None,None,4,390,10,[],None,None
EXPLOIT_VULN,5422.558093526694,5432.898370828431,10.340277301736933,18,0e1965b7-58a3-4660-92a6-422c5c49cf70,None,None,4,391,10,[],None,None
EXPLOIT_VULN,5432.898370828431,5439.435282684205,6.536911855773724,18,0e1965b7-58a3-4660-92a6-422c5c49cf70,None,None,4,392,10,[],None,None
EXPLOIT_VULN,5439.435282684205,5445.257753343355,5.822470659149985,18,0e1965b7-58a3-4660-92a6-422c5c49cf70,None,None,4,393,10,[],None,None
EXPLOIT_VULN,5445.257753343355,5450.9542552723715,5.696501929016449,18,0e1965b7-58a3-4660-92a6-422c5c49cf70,None,None,4,394,10,[],None,None
EXPLOIT_VULN,5450.9542552723715,5457.655690600272,6.701435327900072,18,0e1965b7-58a3-4660-92a6-422c5c49cf70,None,None,4,395,10,[],None,None
EXPLOIT_VULN,5457.655690600272,5464.544371708278,6.8886811080064945,18,0e1965b7-58a3-4660-92a6-422c5c49cf70,None,None,4,396,10,[],None,None
EXPLOIT_VULN,5464.544371708278,5473.563497648513,9.019125940234517,18,0e1965b7-58a3-4660-92a6-422c5c49cf70,None,None,4,397,10,[],None,None
EXPLOIT_VULN,5473.563497648513,5476.534157620799,2.9706599722867395,18,0e1965b7-58a3-4660-92a6-422c5c49cf70,None,None,4,398,10,[],None,None
EXPLOIT_VULN,5476.534157620799,5498.372981944248,21.838824323448534,18,0e1965b7-58a3-4660-92a6-422c5c49cf70,None,None,4,399,10,[],None,None
EXPLOIT_VULN,5498.372981944248,5502.058601658799,3.6856197145507394,18,0e1965b7-58a3-4660-92a6-422c5c49cf70,None,None,4,400,10,[],None,None
EXPLOIT_VULN,5502.058601658799,5502.810229011036,0.7516273522378469,18,0e1965b7-58a3-4660-92a6-422c5c49cf70,None,None,4,401,10,[],None,None
EXPLOIT_VULN,5502.810229011036,5511.975676021061,9.165447010024764,18,0e1965b7-58a3-4660-92a6-422c5c49cf70,18,0e1965b7-58a3-4660-92a6-422c5c49cf70,4,402,10,"['Andria', 'Pearla']",None,None
SCAN_NEIGHBOR,5511.975676021061,5516.975676021061,5.0,18,0e1965b7-58a3-4660-92a6-422c5c49cf70,None,None,4,403,11,[],None,None
ENUM_HOST,5516.975676021061,5521.975676021061,5.0,18,0e1965b7-58a3-4660-92a6-422c5c49cf70,None,None,4,403,11,[],None,None
SCAN_PORT,5521.975676021061,5546.975676021061,25.0,19,eea481d8-8c5c-4850-a73c-b4bde9c39251,None,None,3,403,11,[],None,None
EXPLOIT_VULN,5546.975676021061,5548.326450540993,1.3507745199322017,19,eea481d8-8c5c-4850-a73c-b4bde9c39251,None,None,3,403,11,[],None,None
EXPLOIT_VULN,5548.326450540993,5548.477827120061,0.15137657906780078,19,eea481d8-8c5c-4850-a73c-b4bde9c39251,None,None,3,404,11,[],None,None
EXPLOIT_VULN,5548.477827120061,5552.122230190958,3.6444030708971695,19,eea481d8-8c5c-4850-a73c-b4bde9c39251,None,None,3,405,11,[],None,None
EXPLOIT_VULN,5552.122230190958,5555.8887747814515,3.7665445904931403,19,eea481d8-8c5c-4850-a73c-b4bde9c39251,None,None,3,406,11,[],None,None
EXPLOIT_VULN,5555.8887747814515,5562.3567139641455,6.467939182693954,19,eea481d8-8c5c-4850-a73c-b4bde9c39251,None,None,3,407,11,[],None,None
EXPLOIT_VULN,5562.3567139641455,5579.522642786682,17.165928822536443,19,eea481d8-8c5c-4850-a73c-b4bde9c39251,None,None,3,408,11,[],None,None
EXPLOIT_VULN,5579.522642786682,5601.1618549253935,21.639212138711628,19,eea481d8-8c5c-4850-a73c-b4bde9c39251,None,None,3,409,11,[],None,None
EXPLOIT_VULN,5601.1618549253935,5604.102719137947,2.940864212553606,19,eea481d8-8c5c-4850-a73c-b4bde9c39251,None,None,3,410,11,[],None,None
EXPLOIT_VULN,5604.102719137947,5611.601328015874,7.498608877926927,19,eea481d8-8c5c-4850-a73c-b4bde9c39251,None,None,3,411,11,[],None,None
EXPLOIT_VULN,5611.601328015874,5620.341154561393,8.739826545518554,19,eea481d8-8c5c-4850-a73c-b4bde9c39251,None,None,3,412,11,[],None,None
EXPLOIT_VULN,5620.341154561393,5628.913442491595,8.572287930202037,19,eea481d8-8c5c-4850-a73c-b4bde9c39251,None,None,3,413,11,[],None,None
EXPLOIT_VULN,5628.913442491595,5647.198471625138,18.285029133543503,19,eea481d8-8c5c-4850-a73c-b4bde9c39251,None,None,3,414,11,[],None,None
EXPLOIT_VULN,5647.198471625138,5655.729202285219,8.530730660080735,19,eea481d8-8c5c-4850-a73c-b4bde9c39251,None,None,3,415,11,[],None,None
BRUTE_FORCE,5655.729202285219,5675.729202285219,20.0,19,eea481d8-8c5c-4850-a73c-b4bde9c39251,None,None,3,416,11,[],None,None
ENUM_HOST,5675.729202285219,5680.729202285219,5.0,19,eea481d8-8c5c-4850-a73c-b4bde9c39251,None,None,3,416,11,[],None,None
SCAN_PORT,5680.729202285219,5684.883592987856,4.154390702637102,21,9a4e2b3a-b3b0-4046-8409-c616777e42f8,None,None,1,416,11,[],application,OSDiversity
SCAN_PORT,5705.181870176322,5714.823371663184,9.64150148686167,21,9a4e2b3a-b3b0-4046-8409-c616777e42f8,None,None,1,416,11,[],network,CompleteTopologyShuffle
SCAN_HOST,5735.19741321873,5740.19741321873,5.0,-1,-1,None,None,0,416,11,[],None,None
ENUM_HOST,5740.19741321873,5745.19741321873,5.0,-1,-1,None,None,0,416,11,[],None,None
SCAN_PORT,5745.19741321873,5754.893967465553,9.696554246823325,10,d79c0963-4a36-42b2-9ec4-1e466a44227f,None,None,5,416,11,[],application,ServiceDiversity
SCAN_PORT,5775.960446995749,5800.960446995749,25.0,10,d79c0963-4a36-42b2-9ec4-1e466a44227f,None,None,5,416,11,[],None,None
EXPLOIT_VULN,5800.960446995749,5801.719072124846,0.7586251290967994,10,d79c0963-4a36-42b2-9ec4-1e466a44227f,None,None,5,416,11,[],None,None
EXPLOIT_VULN,5801.719072124846,5811.045592302762,9.326520177915882,10,d79c0963-4a36-42b2-9ec4-1e466a44227f,None,None,5,417,11,[],None,None
EXPLOIT_VULN,5811.045592302762,5815.32012842979,4.274536127028114,10,d79c0963-4a36-42b2-9ec4-1e466a44227f,None,None,5,418,11,[],network,IPShuffle
SCAN_HOST,5836.400028371002,5841.400028371002,5.0,-1,-1,None,None,0,418,11,[],None,None
ENUM_HOST,5841.400028371002,5846.400028371002,5.0,-1,-1,None,None,0,418,11,[],None,None
SCAN_PORT,5846.400028371002,5871.400028371002,25.0,10,d79c0963-4a36-42b2-9ec4-1e466a44227f,None,None,6,418,11,[],None,None
EXPLOIT_VULN,5871.400028371002,5872.342186376794,0.9421580057924075,10,d79c0963-4a36-42b2-9ec4-1e466a44227f,None,None,6,418,11,[],None,None
EXPLOIT_VULN,5872.342186376794,5881.809868525267,9.467682148472704,10,d79c0963-4a36-42b2-9ec4-1e466a44227f,None,None,6,419,11,[],None,None
EXPLOIT_VULN,5881.809868525267,5895.079142778752,13.269274253484582,10,d79c0963-4a36-42b2-9ec4-1e466a44227f,None,None,6,420,11,[],None,None
EXPLOIT_VULN,5895.079142778752,5901.813329260518,6.734186481766301,10,d79c0963-4a36-42b2-9ec4-1e466a44227f,None,None,6,421,11,[],None,None
EXPLOIT_VULN,5901.813329260518,5920.863734345795,19.050405085276907,10,d79c0963-4a36-42b2-9ec4-1e466a44227f,None,None,6,422,11,[],None,None
EXPLOIT_VULN,5920.863734345795,5929.5653548178525,8.701620472057584,10,d79c0963-4a36-42b2-9ec4-1e466a44227f,None,None,6,423,11,[],None,None
EXPLOIT_VULN,5929.5653548178525,5936.017881799921,6.452526982068775,10,d79c0963-4a36-42b2-9ec4-1e466a44227f,None,None,6,424,11,[],None,None
EXPLOIT_VULN,5936.017881799921,5948.79470078655,12.776818986628314,10,d79c0963-4a36-42b2-9ec4-1e466a44227f,None,None,6,425,11,[],None,None
BRUTE_FORCE,5948.79470078655,5968.79470078655,20.0,10,d79c0963-4a36-42b2-9ec4-1e466a44227f,None,None,6,426,11,[],None,None
ENUM_HOST,5968.79470078655,5973.79470078655,5.0,10,d79c0963-4a36-42b2-9ec4-1e466a44227f,None,None,6,426,11,[],None,None
SCAN_PORT,5973.79470078655,5998.79470078655,25.0,15,0c4aa51a-0b8c-4175-b9e6-46cfe860e67b,None,None,3,426,11,[],None,None
EXPLOIT_VULN,5998.79470078655,5999.2840639280685,0.4893631415188793,15,0c4aa51a-0b8c-4175-b9e6-46cfe860e67b,None,None,3,426,11,[],None,None
EXPLOIT_VULN,5999.2840639280685,6000.974456891591,1.6903929635227541,15,0c4aa51a-0b8c-4175-b9e6-46cfe860e67b,None,None,3,427,11,[],None,None
EXPLOIT_VULN,6000.974456891591,6001.894251859195,0.9197949676035932,15,0c4aa51a-0b8c-4175-b9e6-46cfe860e67b,None,None,3,428,11,[],None,None
EXPLOIT_VULN,6001.894251859195,6002.502588870591,0.608337011396543,15,0c4aa51a-0b8c-4175-b9e6-46cfe860e67b,None,None,3,429,11,[],None,None
EXPLOIT_VULN,6002.502588870591,6003.209996275301,0.7074074047095564,15,0c4aa51a-0b8c-4175-b9e6-46cfe860e67b,None,None,3,430,11,[],None,None
EXPLOIT_VULN,6003.209996275301,6005.916563175275,2.70656689997395,15,0c4aa51a-0b8c-4175-b9e6-46cfe860e67b,None,None,3,431,11,[],None,None
EXPLOIT_VULN,6005.916563175275,6008.717630368902,2.8010671936272047,15,0c4aa51a-0b8c-4175-b9e6-46cfe860e67b,None,None,3,432,11,[],None,None
EXPLOIT_VULN,6008.717630368902,6011.858757269461,3.1411269005593567,15,0c4aa51a-0b8c-4175-b9e6-46cfe860e67b,None,None,3,433,11,[],None,None
EXPLOIT_VULN,6011.858757269461,6014.971217129249,3.112459859788032,15,0c4aa51a-0b8c-4175-b9e6-46cfe860e67b,None,None,3,434,11,[],None,None
EXPLOIT_VULN,6014.971217129249,6021.211497810233,6.240280680983233,15,0c4aa51a-0b8c-4175-b9e6-46cfe860e67b,None,None,3,435,11,[],None,None
EXPLOIT_VULN,6021.211497810233,6023.849279532404,2.6377817221709847,15,0c4aa51a-0b8c-4175-b9e6-46cfe860e67b,None,None,3,436,11,[],None,None
EXPLOIT_VULN,6023.849279532404,6032.879630154722,9.03035062231811,15,0c4aa51a-0b8c-4175-b9e6-46cfe860e67b,None,None,3,437,11,[],None,None
EXPLOIT_VULN,6032.879630154722,6036.999261502669,4.119631347946779,15,0c4aa51a-0b8c-4175-b9e6-46cfe860e67b,None,None,3,438,11,[],None,None
EXPLOIT_VULN,6036.999261502669,6041.144217586458,4.144956083789111,15,0c4aa51a-0b8c-4175-b9e6-46cfe860e67b,None,None,3,439,11,[],None,None
EXPLOIT_VULN,6041.144217586458,6044.86970302038,3.725485433922586,15,0c4aa51a-0b8c-4175-b9e6-46cfe860e67b,None,None,3,440,11,[],None,None
EXPLOIT_VULN,6044.86970302038,6048.593621969734,3.7239189493539016,15,0c4aa51a-0b8c-4175-b9e6-46cfe860e67b,None,None,3,441,11,[],None,None
EXPLOIT_VULN,6048.593621969734,6054.4128158224785,5.81919385274432,15,0c4aa51a-0b8c-4175-b9e6-46cfe860e67b,None,None,3,442,11,[],None,None
EXPLOIT_VULN,6054.4128158224785,6069.29847941782,14.885663595341612,15,0c4aa51a-0b8c-4175-b9e6-46cfe860e67b,None,None,3,443,11,[],None,None
EXPLOIT_VULN,6069.29847941782,6074.419230356316,5.120750938495803,15,0c4aa51a-0b8c-4175-b9e6-46cfe860e67b,None,None,3,444,11,[],None,None
EXPLOIT_VULN,6074.419230356316,6081.2618763978535,6.842646041537591,15,0c4aa51a-0b8c-4175-b9e6-46cfe860e67b,None,None,3,445,11,[],None,None
EXPLOIT_VULN,6081.2618763978535,6098.995029633224,17.733153235370082,15,0c4aa51a-0b8c-4175-b9e6-46cfe860e67b,None,None,3,446,11,[],None,None
EXPLOIT_VULN,6098.995029633224,6116.772660430355,17.77763079713168,15,0c4aa51a-0b8c-4175-b9e6-46cfe860e67b,None,None,3,447,11,[],None,None
EXPLOIT_VULN,6116.772660430355,6122.748552192875,5.975891762519495,15,0c4aa51a-0b8c-4175-b9e6-46cfe860e67b,None,None,3,448,11,[],None,None
EXPLOIT_VULN,6122.748552192875,6137.44179957482,14.693247381945184,15,0c4aa51a-0b8c-4175-b9e6-46cfe860e67b,None,None,3,449,11,[],None,None
EXPLOIT_VULN,6137.44179957482,6143.174388099245,5.73258852442541,15,0c4aa51a-0b8c-4175-b9e6-46cfe860e67b,None,None,3,450,11,[],None,None
EXPLOIT_VULN,6143.174388099245,6155.543098809114,12.368710709868537,15,0c4aa51a-0b8c-4175-b9e6-46cfe860e67b,None,None,3,451,11,[],None,None
EXPLOIT_VULN,6155.543098809114,6170.135655560351,14.59255675123677,15,0c4aa51a-0b8c-4175-b9e6-46cfe860e67b,None,None,3,452,11,[],None,None
EXPLOIT_VULN,6170.135655560351,6184.934019428974,14.79836386862371,15,0c4aa51a-0b8c-4175-b9e6-46cfe860e67b,None,None,3,453,11,[],None,None
EXPLOIT_VULN,6184.934019428974,6192.117527916408,7.183508487433755,15,0c4aa51a-0b8c-4175-b9e6-46cfe860e67b,None,None,3,454,11,[],None,None
EXPLOIT_VULN,6192.117527916408,6213.139134600901,21.021606684493236,15,0c4aa51a-0b8c-4175-b9e6-46cfe860e67b,None,None,3,455,11,[],None,None
EXPLOIT_VULN,6213.139134600901,6219.844347788968,6.705213188066409,15,0c4aa51a-0b8c-4175-b9e6-46cfe860e67b,None,None,3,456,11,[],None,None
EXPLOIT_VULN,6219.844347788968,6228.442349422543,8.598001633575223,15,0c4aa51a-0b8c-4175-b9e6-46cfe860e67b,None,None,3,457,11,[],None,None
EXPLOIT_VULN,6228.442349422543,6236.937799908377,8.495450485834226,15,0c4aa51a-0b8c-4175-b9e6-46cfe860e67b,None,None,3,458,11,[],None,None
EXPLOIT_VULN,6236.937799908377,6245.512619724936,8.574819816558374,15,0c4aa51a-0b8c-4175-b9e6-46cfe860e67b,None,None,3,459,11,[],None,None
EXPLOIT_VULN,6245.512619724936,6254.4119428637105,8.89932313877489,15,0c4aa51a-0b8c-4175-b9e6-46cfe860e67b,None,None,3,460,11,[],None,None
EXPLOIT_VULN,6254.4119428637105,6262.379419641744,7.967476778033415,15,0c4aa51a-0b8c-4175-b9e6-46cfe860e67b,None,None,3,461,11,[],None,None
EXPLOIT_VULN,6262.379419641744,6271.205288183049,8.825868541304771,15,0c4aa51a-0b8c-4175-b9e6-46cfe860e67b,None,None,3,462,11,[],None,None
EXPLOIT_VULN,6271.205288183049,6294.503865259937,23.29857707688825,15,0c4aa51a-0b8c-4175-b9e6-46cfe860e67b,None,None,3,463,11,[],None,None
EXPLOIT_VULN,6294.503865259937,6317.637886566296,23.1340213063595,15,0c4aa51a-0b8c-4175-b9e6-46cfe860e67b,None,None,3,464,11,[],None,None
EXPLOIT_VULN,6317.637886566296,6326.637457052718,8.999570486421362,15,0c4aa51a-0b8c-4175-b9e6-46cfe860e67b,None,None,3,465,11,[],None,None
EXPLOIT_VULN,6326.637457052718,6327.558300257895,0.9208432051773343,15,0c4aa51a-0b8c-4175-b9e6-46cfe860e67b,None,None,3,466,11,[],None,None
EXPLOIT_VULN,6327.558300257895,6347.3984635636025,19.840163305707392,15,0c4aa51a-0b8c-4175-b9e6-46cfe860e67b,None,None,3,467,11,[],None,None
EXPLOIT_VULN,6347.3984635636025,6367.369829432801,19.971365869198962,15,0c4aa51a-0b8c-4175-b9e6-46cfe860e67b,None,None,3,468,11,[],None,None
EXPLOIT_VULN,6367.369829432801,6373.348866471549,5.979037038747265,15,0c4aa51a-0b8c-4175-b9e6-46cfe860e67b,None,None,3,469,11,[],None,None
BRUTE_FORCE,6373.348866471549,6385.831399661241,12.482533189692731,15,0c4aa51a-0b8c-4175-b9e6-46cfe860e67b,None,None,3,470,11,[],application,OSDiversity
SCAN_PORT,6405.834383810007,6415.296418162848,9.46203435284042,15,0c4aa51a-0b8c-4175-b9e6-46cfe860e67b,None,None,3,470,11,[],network,CompleteTopologyShuffle
SCAN_HOST,6435.311734337652,6440.311734337652,5.0,-1,-1,None,None,0,470,11,[],None,None
ENUM_HOST,6440.311734337652,6445.311734337652,5.0,-1,-1,None,None,0,470,11,[],None,None
SCAN_PORT,6445.311734337652,6456.146966598876,10.835232261224519,19,eea481d8-8c5c-4850-a73c-b4bde9c39251,None,None,4,470,11,[],application,ServiceDiversity
SCAN_PORT,6476.617771511127,6501.617771511127,25.0,19,eea481d8-8c5c-4850-a73c-b4bde9c39251,None,None,4,470,11,[],None,None
EXPLOIT_VULN,6501.617771511127,6504.547252742135,2.9294812310081397,19,eea481d8-8c5c-4850-a73c-b4bde9c39251,None,None,4,470,11,[],None,None
EXPLOIT_VULN,6504.547252742135,6506.924444251232,2.3771915090965194,19,eea481d8-8c5c-4850-a73c-b4bde9c39251,None,None,4,471,11,[],None,None
EXPLOIT_VULN,6506.924444251232,6509.246413088926,2.3219688376939303,19,eea481d8-8c5c-4850-a73c-b4bde9c39251,None,None,4,472,11,[],None,None
EXPLOIT_VULN,6509.246413088926,6511.660018987036,2.4136058981102906,19,eea481d8-8c5c-4850-a73c-b4bde9c39251,None,None,4,473,11,[],None,None
EXPLOIT_VULN,6511.660018987036,6513.535940532336,1.8759215453001161,19,eea481d8-8c5c-4850-a73c-b4bde9c39251,None,None,4,474,11,[],None,None
EXPLOIT_VULN,6513.535940532336,6515.67962505333,2.143684520993702,19,eea481d8-8c5c-4850-a73c-b4bde9c39251,None,None,4,475,11,[],network,IPShuffle
SCAN_HOST,6537.15578780288,6542.15578780288,5.0,-1,-1,None,None,0,475,11,[],None,None
ENUM_HOST,6542.15578780288,6547.15578780288,5.0,-1,-1,None,None,0,475,11,[],None,None
SCAN_PORT,6547.15578780288,6572.15578780288,25.0,19,eea481d8-8c5c-4850-a73c-b4bde9c39251,None,None,5,475,11,[],None,None
EXPLOIT_VULN,6572.15578780288,6574.58184563793,2.4260578350504147,19,eea481d8-8c5c-4850-a73c-b4bde9c39251,None,None,5,475,11,[],None,None
EXPLOIT_VULN,6574.58184563793,6576.829418106827,2.2475724688965784,19,eea481d8-8c5c-4850-a73c-b4bde9c39251,None,None,5,476,11,[],None,None
EXPLOIT_VULN,6576.829418106827,6580.782663001895,3.953244895068565,19,eea481d8-8c5c-4850-a73c-b4bde9c39251,None,None,5,477,11,[],None,None
EXPLOIT_VULN,6580.782663001895,6587.784192763568,7.001529761672828,19,eea481d8-8c5c-4850-a73c-b4bde9c39251,None,None,5,478,11,[],None,None
EXPLOIT_VULN,6587.784192763568,6607.896340404261,20.112147640692456,19,eea481d8-8c5c-4850-a73c-b4bde9c39251,None,None,5,479,11,[],None,None
EXPLOIT_VULN,6607.896340404261,6613.785050399497,5.8887099952362405,19,eea481d8-8c5c-4850-a73c-b4bde9c39251,None,None,5,480,11,[],None,None
EXPLOIT_VULN,6613.785050399497,6622.621629671245,8.836579271747723,19,eea481d8-8c5c-4850-a73c-b4bde9c39251,None,None,5,481,11,[],None,None
EXPLOIT_VULN,6622.621629671245,6631.264578001351,8.642948330106265,19,eea481d8-8c5c-4850-a73c-b4bde9c39251,None,None,5,482,11,[],None,None
EXPLOIT_VULN,6631.264578001351,6647.283106314393,16.018528313042225,19,eea481d8-8c5c-4850-a73c-b4bde9c39251,None,None,5,483,11,[],None,None
EXPLOIT_VULN,6647.283106314393,6657.930291106261,10.647184791868312,19,eea481d8-8c5c-4850-a73c-b4bde9c39251,None,None,5,484,11,[],None,None
EXPLOIT_VULN,6657.930291106261,6678.739117500094,20.808826393832533,19,eea481d8-8c5c-4850-a73c-b4bde9c39251,None,None,5,485,11,[],None,None
EXPLOIT_VULN,6678.739117500094,6696.159610372081,17.420492871987335,19,eea481d8-8c5c-4850-a73c-b4bde9c39251,None,None,5,486,11,[],None,None
EXPLOIT_VULN,6696.159610372081,6698.0528310620375,1.8932206899562516,19,eea481d8-8c5c-4850-a73c-b4bde9c39251,None,None,5,487,11,[],None,None
EXPLOIT_VULN,6698.0528310620375,6704.999460545622,6.946629483584729,19,eea481d8-8c5c-4850-a73c-b4bde9c39251,None,None,5,488,11,[],None,None
EXPLOIT_VULN,6704.999460545622,6725.868340176856,20.86887963123354,19,eea481d8-8c5c-4850-a73c-b4bde9c39251,None,None,5,489,11,[],None,None
EXPLOIT_VULN,6725.868340176856,6731.411024657476,5.5426844806206645,19,eea481d8-8c5c-4850-a73c-b4bde9c39251,None,None,5,490,11,[],None,None
BRUTE_FORCE,6731.411024657476,6751.411024657476,20.0,19,eea481d8-8c5c-4850-a73c-b4bde9c39251,None,None,5,491,11,[],None,None
ENUM_HOST,6751.411024657476,6756.411024657476,5.0,19,eea481d8-8c5c-4850-a73c-b4bde9c39251,None,None,5,491,11,[],None,None
SCAN_PORT,6756.411024657476,6781.411024657476,25.0,5,a47f754e-28a2-442b-ac11-33ff7dc1ad7f,None,None,4,491,11,[],None,None
EXPLOIT_VULN,6781.411024657476,6782.28554656096,0.8745219034835827,5,a47f754e-28a2-442b-ac11-33ff7dc1ad7f,None,None,4,491,11,[],None,None
EXPLOIT_VULN,6782.28554656096,6785.873064514749,3.587517953788847,5,a47f754e-28a2-442b-ac11-33ff7dc1ad7f,None,None,4,492,11,[],None,None
EXPLOIT_VULN,6785.873064514749,6791.0820139992675,5.208949484518598,5,a47f754e-28a2-442b-ac11-33ff7dc1ad7f,None,None,4,493,11,[],None,None
EXPLOIT_VULN,6791.0820139992675,6792.553710725875,1.4716967266076608,5,a47f754e-28a2-442b-ac11-33ff7dc1ad7f,None,None,4,494,11,[],None,None
EXPLOIT_VULN,6792.553710725875,6799.1041692302715,6.550458504396374,5,a47f754e-28a2-442b-ac11-33ff7dc1ad7f,None,None,4,495,11,[],None,None
EXPLOIT_VULN,6799.1041692302715,6805.863341083615,6.759171853343105,5,a47f754e-28a2-442b-ac11-33ff7dc1ad7f,None,None,4,496,11,[],None,None
EXPLOIT_VULN,6805.863341083615,6813.557194525216,7.693853441601277,5,a47f754e-28a2-442b-ac11-33ff7dc1ad7f,None,None,4,497,11,[],None,None
EXPLOIT_VULN,6813.557194525216,6823.6532634145215,10.09606888930557,5,a47f754e-28a2-442b-ac11-33ff7dc1ad7f,None,None,4,498,11,[],None,None
EXPLOIT_VULN,6823.6532634145215,6825.436033993609,1.78277057908781,5,a47f754e-28a2-442b-ac11-33ff7dc1ad7f,None,None,4,499,11,[],None,None
EXPLOIT_VULN,6825.436033993609,6832.980191132883,7.544157139273921,5,a47f754e-28a2-442b-ac11-33ff7dc1ad7f,None,None,4,500,11,[],None,None
EXPLOIT_VULN,6832.980191132883,6836.7122425618945,3.732051429011335,5,a47f754e-28a2-442b-ac11-33ff7dc1ad7f,None,None,4,501,11,[],None,None
EXPLOIT_VULN,6836.7122425618945,6850.775659212612,14.063416650717045,5,a47f754e-28a2-442b-ac11-33ff7dc1ad7f,None,None,4,502,11,[],None,None
EXPLOIT_VULN,6850.775659212612,6867.610205606598,16.834546393986784,5,a47f754e-28a2-442b-ac11-33ff7dc1ad7f,None,None,4,503,11,[],None,None
EXPLOIT_VULN,6867.610205606598,6874.45275490263,6.842549296031393,5,a47f754e-28a2-442b-ac11-33ff7dc1ad7f,None,None,4,504,11,[],None,None
EXPLOIT_VULN,6874.45275490263,6882.928050379024,8.475295476394422,5,a47f754e-28a2-442b-ac11-33ff7dc1ad7f,None,None,4,505,11,[],None,None
EXPLOIT_VULN,6882.928050379024,6904.104732722007,21.17668234298253,5,a47f754e-28a2-442b-ac11-33ff7dc1ad7f,None,None,4,506,11,[],None,None
EXPLOIT_VULN,6904.104732722007,6921.358868428583,17.254135706576562,5,a47f754e-28a2-442b-ac11-33ff7dc1ad7f,None,None,4,507,11,[],None,None
EXPLOIT_VULN,6921.358868428583,6940.570505032038,19.21163660345519,5,a47f754e-28a2-442b-ac11-33ff7dc1ad7f,None,None,4,508,11,[],None,None
EXPLOIT_VULN,6940.570505032038,6961.006146364669,20.43564133263044,5,a47f754e-28a2-442b-ac11-33ff7dc1ad7f,None,None,4,509,11,[],None,None
BRUTE_FORCE,6961.006146364669,6981.006146364669,20.0,5,a47f754e-28a2-442b-ac11-33ff7dc1ad7f,None,None,4,510,11,[],None,None
ENUM_HOST,6981.006146364669,6986.006146364669,5.0,5,a47f754e-28a2-442b-ac11-33ff7dc1ad7f,None,None,4,510,11,[],None,None
SCAN_PORT,6986.006146364669,7011.006146364669,25.0,30,646c18dd-05a6-4198-9f08-e14f649e383c,30,646c18dd-05a6-4198-9f08-e14f649e383c,1,510,11,"['Nyssa', 'Samantha', 'Agretha']",None,None
SCAN_NEIGHBOR,7011.006146364669,7016.006146364669,5.0,30,646c18dd-05a6-4198-9f08-e14f649e383c,None,None,1,510,12,[],None,None
ENUM_HOST,7016.006146364669,7021.006146364669,5.0,30,646c18dd-05a6-4198-9f08-e14f649e383c,None,None,1,510,12,[],None,None
SCAN_PORT,7021.006146364669,7046.006146364669,25.0,31,8089a952-e12d-45d1-a954-58ff287a9a5f,None,None,3,510,12,[],None,None
EXPLOIT_VULN,7046.006146364669,7047.292805266031,1.2866589013619887,31,8089a952-e12d-45d1-a954-58ff287a9a5f,None,None,3,510,12,[],None,None
EXPLOIT_VULN,7047.292805266031,7049.941817949719,2.6490126836879426,31,8089a952-e12d-45d1-a954-58ff287a9a5f,None,None,3,511,12,[],None,None
EXPLOIT_VULN,7049.941817949719,7053.609832820103,3.668014870384468,31,8089a952-e12d-45d1-a954-58ff287a9a5f,None,None,3,512,12,[],None,None
EXPLOIT_VULN,7053.609832820103,7056.187037494027,2.577204673923916,31,8089a952-e12d-45d1-a954-58ff287a9a5f,None,None,3,513,12,[],None,None
EXPLOIT_VULN,7056.187037494027,7064.500528998468,8.313491504441117,31,8089a952-e12d-45d1-a954-58ff287a9a5f,None,None,3,514,12,[],None,None
EXPLOIT_VULN,7064.500528998468,7074.2103931411075,9.709864142639162,31,8089a952-e12d-45d1-a954-58ff287a9a5f,None,None,3,515,12,[],None,None
BRUTE_FORCE,7074.2103931411075,7087.454834175299,13.244441034191368,31,8089a952-e12d-45d1-a954-58ff287a9a5f,None,None,3,516,12,[],application,OSDiversity
SCAN_PORT,7107.638889403512,7117.2116010517,9.572711648188488,31,8089a952-e12d-45d1-a954-58ff287a9a5f,None,None,3,516,12,[],network,CompleteTopologyShuffle
SCAN_HOST,7137.90335282689,7142.90335282689,5.0,-1,-1,None,None,0,516,12,[],None,None
ENUM_HOST,7142.90335282689,7147.90335282689,5.0,-1,-1,None,None,0,516,12,[],None,None
SCAN_PORT,7147.90335282689,7157.515364501436,9.612011674546011,5,a47f754e-28a2-442b-ac11-33ff7dc1ad7f,None,None,5,516,12,[],application,ServiceDiversity
SCAN_PORT,7177.561647843341,7202.561647843341,25.0,5,a47f754e-28a2-442b-ac11-33ff7dc1ad7f,None,None,5,516,12,[],None,None
EXPLOIT_VULN,7202.561647843341,7203.559063069758,0.997415226416706,5,a47f754e-28a2-442b-ac11-33ff7dc1ad7f,None,None,5,516,12,[],None,None
EXPLOIT_VULN,7203.559063069758,7204.335940579289,0.7768775095310048,5,a47f754e-28a2-442b-ac11-33ff7dc1ad7f,None,None,5,517,12,[],None,None
EXPLOIT_VULN,7204.335940579289,7206.246432101868,1.9104915225789227,5,a47f754e-28a2-442b-ac11-33ff7dc1ad7f,None,None,5,518,12,[],None,None
EXPLOIT_VULN,7206.246432101868,7210.033346085534,3.786913983665727,5,a47f754e-28a2-442b-ac11-33ff7dc1ad7f,None,None,5,519,12,[],None,None
EXPLOIT_VULN,7210.033346085534,7218.5611690566375,8.527822971103888,5,a47f754e-28a2-442b-ac11-33ff7dc1ad7f,None,None,5,520,12,[],network,IPShuffle
SCAN_HOST,7238.67113570813,7243.67113570813,5.0,-1,-1,None,None,0,520,12,[],None,None
ENUM_HOST,7243.67113570813,7248.67113570813,5.0,-1,-1,None,None,0,520,12,[],None,None
SCAN_PORT,7248.67113570813,7273.67113570813,25.0,10,d79c0963-4a36-42b2-9ec4-1e466a44227f,None,None,7,520,12,[],None,None
EXPLOIT_VULN,7273.67113570813,7275.920278913318,2.2491432051874654,10,d79c0963-4a36-42b2-9ec4-1e466a44227f,None,None,7,520,12,[],None,None
EXPLOIT_VULN,7275.920278913318,7278.247799203812,2.327520290494249,10,d79c0963-4a36-42b2-9ec4-1e466a44227f,None,None,7,521,12,[],None,None
EXPLOIT_VULN,7278.247799203812,7284.510726005631,6.262926801819049,10,d79c0963-4a36-42b2-9ec4-1e466a44227f,None,None,7,522,12,[],None,None
EXPLOIT_VULN,7284.510726005631,7291.433049016496,6.922323010864602,10,d79c0963-4a36-42b2-9ec4-1e466a44227f,None,None,7,523,12,[],None,None
EXPLOIT_VULN,7291.433049016496,7299.720107263311,8.287058246814922,10,d79c0963-4a36-42b2-9ec4-1e466a44227f,None,None,7,524,12,[],None,None
BRUTE_FORCE,7299.720107263311,7319.720107263311,20.0,10,d79c0963-4a36-42b2-9ec4-1e466a44227f,None,None,7,525,12,[],None,None
ENUM_HOST,7319.720107263311,7324.720107263311,5.0,10,d79c0963-4a36-42b2-9ec4-1e466a44227f,None,None,7,525,12,[],None,None
SCAN_PORT,7324.720107263311,7349.720107263311,25.0,15,0c4aa51a-0b8c-4175-b9e6-46cfe860e67b,None,None,4,525,12,[],None,None
EXPLOIT_VULN,7349.720107263311,7351.812207711619,2.092100448307974,15,0c4aa51a-0b8c-4175-b9e6-46cfe860e67b,None,None,4,525,12,[],None,None
EXPLOIT_VULN,7351.812207711619,7351.943277267812,0.1310695561933244,15,0c4aa51a-0b8c-4175-b9e6-46cfe860e67b,None,None,4,526,12,[],None,None
EXPLOIT_VULN,7351.943277267812,7352.219113554212,0.27583628639968083,15,0c4aa51a-0b8c-4175-b9e6-46cfe860e67b,None,None,4,527,12,[],None,None
EXPLOIT_VULN,7352.219113554212,7353.708409041176,1.4892954869646928,15,0c4aa51a-0b8c-4175-b9e6-46cfe860e67b,None,None,4,528,12,[],None,None
EXPLOIT_VULN,7353.708409041176,7354.78717600881,1.0787669676337828,15,0c4aa51a-0b8c-4175-b9e6-46cfe860e67b,None,None,4,529,12,[],None,None
EXPLOIT_VULN,7354.78717600881,7355.861883777455,1.0747077686446573,15,0c4aa51a-0b8c-4175-b9e6-46cfe860e67b,None,None,4,530,12,[],None,None
EXPLOIT_VULN,7355.861883777455,7359.713984539918,3.852100762463124,15,0c4aa51a-0b8c-4175-b9e6-46cfe860e67b,None,None,4,531,12,[],None,None
EXPLOIT_VULN,7359.713984539918,7360.302031373715,0.588046833797307,15,0c4aa51a-0b8c-4175-b9e6-46cfe860e67b,None,None,4,532,12,[],None,None
EXPLOIT_VULN,7360.302031373715,7361.975190249869,1.673158876154048,15,0c4aa51a-0b8c-4175-b9e6-46cfe860e67b,None,None,4,533,12,[],None,None
EXPLOIT_VULN,7361.975190249869,7367.527681425074,5.552491175204523,15,0c4aa51a-0b8c-4175-b9e6-46cfe860e67b,None,None,4,534,12,[],None,None
EXPLOIT_VULN,7367.527681425074,7371.057989255822,3.5303078307479154,15,0c4aa51a-0b8c-4175-b9e6-46cfe860e67b,None,None,4,535,12,[],None,None
EXPLOIT_VULN,7371.057989255822,7374.118568608619,3.060579352797504,15,0c4aa51a-0b8c-4175-b9e6-46cfe860e67b,None,None,4,536,12,[],None,None
EXPLOIT_VULN,7374.118568608619,7385.533090049287,11.414521440668068,15,0c4aa51a-0b8c-4175-b9e6-46cfe860e67b,None,None,4,537,12,[],None,None
EXPLOIT_VULN,7385.533090049287,7387.8081938117575,2.2751037624702803,15,0c4aa51a-0b8c-4175-b9e6-46cfe860e67b,None,None,4,538,12,[],None,None
EXPLOIT_VULN,7387.8081938117575,7398.264997222835,10.45680341107709,15,0c4aa51a-0b8c-4175-b9e6-46cfe860e67b,None,None,4,539,12,[],None,None
EXPLOIT_VULN,7398.264997222835,7408.58918947519,10.324192252355715,15,0c4aa51a-0b8c-4175-b9e6-46cfe860e67b,None,None,4,540,12,[],None,None
EXPLOIT_VULN,7408.58918947519,7415.0297994910925,6.440610015902166,15,0c4aa51a-0b8c-4175-b9e6-46cfe860e67b,None,None,4,541,12,[],None,None
EXPLOIT_VULN,7415.0297994910925,7427.556997655083,12.52719816399076,15,0c4aa51a-0b8c-4175-b9e6-46cfe860e67b,None,None,4,542,12,[],None,None
EXPLOIT_VULN,7427.556997655083,7434.908208552813,7.351210897730198,15,0c4aa51a-0b8c-4175-b9e6-46cfe860e67b,None,None,4,543,12,[],None,None
EXPLOIT_VULN,7434.908208552813,7452.065830807608,17.15762225479466,15,0c4aa51a-0b8c-4175-b9e6-46cfe860e67b,None,None,4,544,12,[],None,None
EXPLOIT_VULN,7452.065830807608,7454.662474362771,2.5966435551627,15,0c4aa51a-0b8c-4175-b9e6-46cfe860e67b,None,None,4,545,12,[],None,None
EXPLOIT_VULN,7454.662474362771,7462.749558943269,8.087084580498413,15,0c4aa51a-0b8c-4175-b9e6-46cfe860e67b,None,None,4,546,12,[],None,None
EXPLOIT_VULN,7462.749558943269,7465.077996443382,2.3284375001130684,15,0c4aa51a-0b8c-4175-b9e6-46cfe860e67b,None,None,4,547,12,[],None,None
EXPLOIT_VULN,7465.077996443382,7467.895035778546,2.8170393351638268,15,0c4aa51a-0b8c-4175-b9e6-46cfe860e67b,None,None,4,548,12,[],None,None
EXPLOIT_VULN,7467.895035778546,7478.200916581703,10.30588080315647,15,0c4aa51a-0b8c-4175-b9e6-46cfe860e67b,None,None,4,549,12,[],None,None
EXPLOIT_VULN,7478.200916581703,7494.214975205648,16.014058623945857,15,0c4aa51a-0b8c-4175-b9e6-46cfe860e67b,None,None,4,550,12,[],None,None
EXPLOIT_VULN,7494.214975205648,7502.442594572353,8.227619366704857,15,0c4aa51a-0b8c-4175-b9e6-46cfe860e67b,None,None,4,551,12,[],None,None
EXPLOIT_VULN,7502.442594572353,7512.010907014141,9.568312441787384,15,0c4aa51a-0b8c-4175-b9e6-46cfe860e67b,None,None,4,552,12,[],None,None
EXPLOIT_VULN,7512.010907014141,7515.469610126069,3.4587031119281164,15,0c4aa51a-0b8c-4175-b9e6-46cfe860e67b,None,None,4,553,12,[],None,None
EXPLOIT_VULN,7515.469610126069,7519.756029000707,4.286418874638002,15,0c4aa51a-0b8c-4175-b9e6-46cfe860e67b,None,None,4,554,12,[],None,None
EXPLOIT_VULN,7519.756029000707,7523.109798957293,3.353769956585893,15,0c4aa51a-0b8c-4175-b9e6-46cfe860e67b,None,None,4,555,12,[],None,None
EXPLOIT_VULN,7523.109798957293,7533.00923498418,9.899436026887088,15,0c4aa51a-0b8c-4175-b9e6-46cfe860e67b,None,None,4,556,12,[],None,None
EXPLOIT_VULN,7533.00923498418,7538.781770648487,5.772535664306815,15,0c4aa51a-0b8c-4175-b9e6-46cfe860e67b,None,None,4,557,12,[],None,None
EXPLOIT_VULN,7538.781770648487,7545.4357979591305,6.654027310643869,15,0c4aa51a-0b8c-4175-b9e6-46cfe860e67b,None,None,4,558,12,[],None,None
EXPLOIT_VULN,7545.4357979591305,7552.443840010979,7.008042051848861,15,0c4aa51a-0b8c-4175-b9e6-46cfe860e67b,None,None,4,559,12,[],None,None
EXPLOIT_VULN,7552.443840010979,7559.193036481037,6.749196470057541,15,0c4aa51a-0b8c-4175-b9e6-46cfe860e67b,None,None,4,560,12,[],None,None
BRUTE_FORCE,7559.193036481037,7579.193036481037,20.0,15,0c4aa51a-0b8c-4175-b9e6-46cfe860e67b,None,None,4,561,12,[],None,None
ENUM_HOST,7579.193036481037,7584.193036481037,5.0,15,0c4aa51a-0b8c-4175-b9e6-46cfe860e67b,None,None,4,561,12,[],None,None
SCAN_PORT,7584.193036481037,7609.193036481037,25.0,5,a47f754e-28a2-442b-ac11-33ff7dc1ad7f,None,None,6,561,12,[],None,None
EXPLOIT_VULN,7609.193036481037,7614.437167619602,5.244131138565535,5,a47f754e-28a2-442b-ac11-33ff7dc1ad7f,None,None,6,561,12,[],None,None
EXPLOIT_VULN,7614.437167619602,7620.700749564405,6.263581944802354,5,a47f754e-28a2-442b-ac11-33ff7dc1ad7f,None,None,6,562,12,[],None,None
EXPLOIT_VULN,7620.700749564405,7633.470740019182,12.769990454777144,5,a47f754e-28a2-442b-ac11-33ff7dc1ad7f,None,None,6,563,12,[],None,None
EXPLOIT_VULN,7633.470740019182,7635.077232803803,1.6064927846209685,5,a47f754e-28a2-442b-ac11-33ff7dc1ad7f,None,None,6,564,12,[],None,None
EXPLOIT_VULN,7635.077232803803,7643.379200680094,8.3019678762912,5,a47f754e-28a2-442b-ac11-33ff7dc1ad7f,None,None,6,565,12,[],None,None
EXPLOIT_VULN,7643.379200680094,7646.4991457893375,3.1199451092434174,5,a47f754e-28a2-442b-ac11-33ff7dc1ad7f,None,None,6,566,12,[],None,None
EXPLOIT_VULN,7646.4991457893375,7650.1702316623905,3.6710858730530163,5,a47f754e-28a2-442b-ac11-33ff7dc1ad7f,None,None,6,567,12,[],None,None
EXPLOIT_VULN,7650.1702316623905,7666.518902368417,16.348670706026496,5,a47f754e-28a2-442b-ac11-33ff7dc1ad7f,None,None,6,568,12,[],None,None
EXPLOIT_VULN,7666.518902368417,7673.299890380186,6.7809880117692956,5,a47f754e-28a2-442b-ac11-33ff7dc1ad7f,None,None,6,569,12,[],None,None
EXPLOIT_VULN,7673.299890380186,7690.166661547611,16.866771167424304,5,a47f754e-28a2-442b-ac11-33ff7dc1ad7f,None,None,6,570,12,[],None,None
EXPLOIT_VULN,7690.166661547611,7696.473803476206,6.307141928595229,5,a47f754e-28a2-442b-ac11-33ff7dc1ad7f,None,None,6,571,12,[],None,None
EXPLOIT_VULN,7696.473803476206,7715.257259307085,18.783455830879575,5,a47f754e-28a2-442b-ac11-33ff7dc1ad7f,None,None,6,572,12,[],None,None
EXPLOIT_VULN,7715.257259307085,7723.983780024387,8.726520717301355,5,a47f754e-28a2-442b-ac11-33ff7dc1ad7f,None,None,6,573,12,[],None,None
EXPLOIT_VULN,7723.983780024387,7745.5962571255395,21.612477101152763,5,a47f754e-28a2-442b-ac11-33ff7dc1ad7f,None,None,6,574,12,[],None,None
EXPLOIT_VULN,7745.5962571255395,7765.610067414536,20.013810288996865,5,a47f754e-28a2-442b-ac11-33ff7dc1ad7f,None,None,6,575,12,[],None,None
EXPLOIT_VULN,7765.610067414536,7782.068710293802,16.458642879265426,5,a47f754e-28a2-442b-ac11-33ff7dc1ad7f,None,None,6,576,12,[],None,None
EXPLOIT_VULN,7782.068710293802,7787.145992457774,5.077282163972086,5,a47f754e-28a2-442b-ac11-33ff7dc1ad7f,None,None,6,577,12,[],application,OSDiversity
SCAN_PORT,7807.167614303076,7817.4125959338,10.244981630723487,5,a47f754e-28a2-442b-ac11-33ff7dc1ad7f,None,None,6,577,12,[],network,CompleteTopologyShuffle
SCAN_HOST,7838.416329970987,7843.416329970987,5.0,-1,-1,None,None,0,577,12,[],None,None
ENUM_HOST,7843.416329970987,7848.416329970987,5.0,-1,-1,None,None,0,577,12,[],None,None
SCAN_PORT,7848.416329970987,7858.118526449382,9.702196478395308,8,024a49ed-aa41-48c9-86e9-79d40e6b5fd2,None,None,1,577,12,[],application,ServiceDiversity
SCAN_PORT,7879.1768479907405,7904.1768479907405,25.0,8,024a49ed-aa41-48c9-86e9-79d40e6b5fd2,None,None,1,577,12,[],None,None
EXPLOIT_VULN,7904.1768479907405,7905.241265530467,1.0644175397264917,8,024a49ed-aa41-48c9-86e9-79d40e6b5fd2,None,None,1,577,12,[],None,None
EXPLOIT_VULN,7905.241265530467,7908.382202769343,3.1409372388761767,8,024a49ed-aa41-48c9-86e9-79d40e6b5fd2,None,None,1,578,12,[],None,None
EXPLOIT_VULN,7908.382202769343,7912.2512507309975,3.86904796165436,8,024a49ed-aa41-48c9-86e9-79d40e6b5fd2,None,None,1,579,12,[],None,None
EXPLOIT_VULN,7912.2512507309975,7914.6931712652095,2.4419205342119312,8,024a49ed-aa41-48c9-86e9-79d40e6b5fd2,None,None,1,580,12,[],None,None
EXPLOIT_VULN,7914.6931712652095,7915.65985703953,0.9666857743204673,8,024a49ed-aa41-48c9-86e9-79d40e6b5fd2,None,None,1,581,12,[],None,None
EXPLOIT_VULN,7915.65985703953,7917.991024676024,2.331167636493774,8,024a49ed-aa41-48c9-86e9-79d40e6b5fd2,None,None,1,582,12,[],None,None
EXPLOIT_VULN,7917.991024676024,7918.9545117233665,0.9634870473428236,8,024a49ed-aa41-48c9-86e9-79d40e6b5fd2,None,None,1,583,12,[],network,IPShuffle
SCAN_HOST,7939.0396375412565,7944.0396375412565,5.0,-1,-1,None,None,0,583,12,[],None,None
ENUM_HOST,7944.0396375412565,7949.0396375412565,5.0,-1,-1,None,None,0,583,12,[],None,None
SCAN_PORT,7949.0396375412565,7974.0396375412565,25.0,6,62721611-be02-4151-883b-83d394161d97,None,None,3,583,12,[],None,None
EXPLOIT_VULN,7974.0396375412565,7974.287004652715,0.24736711145851586,6,62721611-be02-4151-883b-83d394161d97,None,None,3,583,12,[],None,None
EXPLOIT_VULN,7974.287004652715,7977.065893780013,2.778889127297589,6,62721611-be02-4151-883b-83d394161d97,None,None,3,584,12,[],None,None
EXPLOIT_VULN,7977.065893780013,7980.1866273723645,3.120733592351826,6,62721611-be02-4151-883b-83d394161d97,None,None,3,585,12,[],None,None
EXPLOIT_VULN,7980.1866273723645,7982.887724785016,2.7010974126515066,6,62721611-be02-4151-883b-83d394161d97,None,None,3,586,12,[],None,None
EXPLOIT_VULN,7982.887724785016,7985.231925089479,2.344200304462902,6,62721611-be02-4151-883b-83d394161d97,None,None,3,587,12,[],None,None
EXPLOIT_VULN,7985.231925089479,7986.855782176809,1.6238570873301796,6,62721611-be02-4151-883b-83d394161d97,None,None,3,588,12,[],None,None
EXPLOIT_VULN,7986.855782176809,7989.197254018834,2.341471842025385,6,62721611-be02-4151-883b-83d394161d97,None,None,3,589,12,[],None,None
EXPLOIT_VULN,7989.197254018834,7992.031701167218,2.834447148383333,6,62721611-be02-4151-883b-83d394161d97,None,None,3,590,12,[],None,None
EXPLOIT_VULN,7992.031701167218,7995.140659251877,3.108958084659207,6,62721611-be02-4151-883b-83d394161d97,None,None,3,591,12,[],None,None
EXPLOIT_VULN,7995.140659251877,7997.705324877905,2.564665626027818,6,62721611-be02-4151-883b-83d394161d97,None,None,3,592,12,[],None,None
EXPLOIT_VULN,7997.705324877905,8000.144142541165,2.4388176632601244,6,62721611-be02-4151-883b-83d394161d97,None,None,3,593,12,[],None,None
EXPLOIT_VULN,8000.144142541165,8002.466670482513,2.3225279413481985,6,62721611-be02-4151-883b-83d394161d97,None,None,3,594,12,[],None,None
EXPLOIT_VULN,8002.466670482513,8010.944039677101,8.477369194587482,6,62721611-be02-4151-883b-83d394161d97,None,None,3,595,12,[],None,None
EXPLOIT_VULN,8010.944039677101,8019.97542073143,9.031381054329358,6,62721611-be02-4151-883b-83d394161d97,None,None,3,596,12,[],None,None
EXPLOIT_VULN,8019.97542073143,8027.806182310816,7.83076157938649,6,62721611-be02-4151-883b-83d394161d97,None,None,3,597,12,[],None,None
EXPLOIT_VULN,8027.806182310816,8038.98429361772,11.178111306903702,6,62721611-be02-4151-883b-83d394161d97,None,None,3,598,12,[],None,None
EXPLOIT_VULN,8038.98429361772,8051.8650357764145,12.880742158694375,6,62721611-be02-4151-883b-83d394161d97,None,None,3,599,12,[],None,None
EXPLOIT_VULN,8051.8650357764145,8062.573458013858,10.708422237443301,6,62721611-be02-4151-883b-83d394161d97,None,None,3,600,12,[],None,None
EXPLOIT_VULN,8062.573458013858,8077.373926623776,14.800468609918425,6,62721611-be02-4151-883b-83d394161d97,None,None,3,601,12,[],None,None
EXPLOIT_VULN,8077.373926623776,8091.23352956645,13.859602942673519,6,62721611-be02-4151-883b-83d394161d97,None,None,3,602,12,[],None,None
EXPLOIT_VULN,8091.23352956645,8105.137843748036,13.904314181586415,6,62721611-be02-4151-883b-83d394161d97,None,None,3,603,12,[],None,None
EXPLOIT_VULN,8105.137843748036,8116.228502064248,11.090658316211375,6,62721611-be02-4151-883b-83d394161d97,None,None,3,604,12,[],None,None
EXPLOIT_VULN,8116.228502064248,8128.666007558639,12.43750549439119,6,62721611-be02-4151-883b-83d394161d97,None,None,3,605,12,[],None,None
EXPLOIT_VULN,8128.666007558639,8145.560560123914,16.894552565275262,6,62721611-be02-4151-883b-83d394161d97,None,None,3,606,12,[],None,None
EXPLOIT_VULN,8145.560560123914,8162.744187924491,17.183627800576687,6,62721611-be02-4151-883b-83d394161d97,None,None,3,607,12,[],None,None
EXPLOIT_VULN,8162.744187924491,8170.086050353634,7.341862429143475,6,62721611-be02-4151-883b-83d394161d97,None,None,3,608,12,[],None,None
EXPLOIT_VULN,8170.086050353634,8175.646933634913,5.56088328127862,6,62721611-be02-4151-883b-83d394161d97,None,None,3,609,12,[],None,None
EXPLOIT_VULN,8175.646933634913,8181.1368943455545,5.489960710641753,6,62721611-be02-4151-883b-83d394161d97,None,None,3,610,12,[],None,None
EXPLOIT_VULN,8181.1368943455545,8188.950616416529,7.813722070974109,6,62721611-be02-4151-883b-83d394161d97,None,None,3,611,12,[],None,None
EXPLOIT_VULN,8188.950616416529,8195.700715779627,6.750099363098343,6,62721611-be02-4151-883b-83d394161d97,None,None,3,612,12,[],None,None
EXPLOIT_VULN,8195.700715779627,8201.947862123925,6.247146344298017,6,62721611-be02-4151-883b-83d394161d97,None,None,3,613,12,[],None,None
EXPLOIT_VULN,8201.947862123925,8210.407864739052,8.46000261512745,6,62721611-be02-4151-883b-83d394161d97,None,None,3,614,12,[],None,None
EXPLOIT_VULN,8210.407864739052,8218.017469541677,7.6096048026247445,6,62721611-be02-4151-883b-83d394161d97,None,None,3,615,12,[],None,None
EXPLOIT_VULN,8218.017469541677,8221.295783852807,3.2783143111300888,6,62721611-be02-4151-883b-83d394161d97,None,None,3,616,12,[],None,None
BRUTE_FORCE,8221.295783852807,8241.295783852807,20.0,6,62721611-be02-4151-883b-83d394161d97,None,None,3,617,12,[],None,None
ENUM_HOST,8241.295783852807,8246.295783852807,5.0,6,62721611-be02-4151-883b-83d394161d97,None,None,3,617,12,[],None,None
SCAN_PORT,8246.295783852807,8271.295783852807,25.0,8,024a49ed-aa41-48c9-86e9-79d40e6b5fd2,None,None,2,617,12,[],None,None
EXPLOIT_VULN,8271.295783852807,8273.701064124387,2.4052802715796133,8,024a49ed-aa41-48c9-86e9-79d40e6b5fd2,None,None,2,617,12,[],None,None
EXPLOIT_VULN,8273.701064124387,8276.911921640434,3.2108575160473265,8,024a49ed-aa41-48c9-86e9-79d40e6b5fd2,None,None,2,618,12,[],None,None
EXPLOIT_VULN,8276.911921640434,8280.57153966986,3.6596180294254737,8,024a49ed-aa41-48c9-86e9-79d40e6b5fd2,None,None,2,619,12,[],None,None
EXPLOIT_VULN,8280.57153966986,8282.873707893898,2.302168224037814,8,024a49ed-aa41-48c9-86e9-79d40e6b5fd2,None,None,2,620,12,[],None,None
EXPLOIT_VULN,8282.873707893898,8286.893625310715,4.019917416817407,8,024a49ed-aa41-48c9-86e9-79d40e6b5fd2,None,None,2,621,12,[],None,None
EXPLOIT_VULN,8286.893625310715,8290.330691943616,3.4370666329014057,8,024a49ed-aa41-48c9-86e9-79d40e6b5fd2,None,None,2,622,12,[],None,None
EXPLOIT_VULN,8290.330691943616,8299.98048812522,9.64979618160396,8,024a49ed-aa41-48c9-86e9-79d40e6b5fd2,None,None,2,623,12,[],None,None
EXPLOIT_VULN,8299.98048812522,8302.026135643355,2.0456475181345013,8,024a49ed-aa41-48c9-86e9-79d40e6b5fd2,None,None,2,624,12,[],None,None
EXPLOIT_VULN,8302.026135643355,8310.205297995039,8.179162351683772,8,024a49ed-aa41-48c9-86e9-79d40e6b5fd2,None,None,2,625,12,[],None,None
EXPLOIT_VULN,8310.205297995039,8314.266984602855,4.0616866078162275,8,024a49ed-aa41-48c9-86e9-79d40e6b5fd2,None,None,2,626,12,[],None,None
EXPLOIT_VULN,8314.266984602855,8318.30448855126,4.0375039484060835,8,024a49ed-aa41-48c9-86e9-79d40e6b5fd2,None,None,2,627,12,[],None,None
EXPLOIT_VULN,8318.30448855126,8320.153128420863,1.8486398696022661,8,024a49ed-aa41-48c9-86e9-79d40e6b5fd2,None,None,2,628,12,[],None,None
EXPLOIT_VULN,8320.153128420863,8322.741067572966,2.58793915210299,8,024a49ed-aa41-48c9-86e9-79d40e6b5fd2,None,None,2,629,12,[],None,None
EXPLOIT_VULN,8322.741067572966,8339.609724001552,16.868656428585382,8,024a49ed-aa41-48c9-86e9-79d40e6b5fd2,None,None,2,630,12,[],None,None
EXPLOIT_VULN,8339.609724001552,8345.020506725932,5.410782724380624,8,024a49ed-aa41-48c9-86e9-79d40e6b5fd2,None,None,2,631,12,[],None,None
EXPLOIT_VULN,8345.020506725932,8353.159012345477,8.138505619544958,8,024a49ed-aa41-48c9-86e9-79d40e6b5fd2,None,None,2,632,12,[],None,None
EXPLOIT_VULN,8353.159012345477,8360.142507427832,6.983495082355148,8,024a49ed-aa41-48c9-86e9-79d40e6b5fd2,None,None,2,633,12,[],None,None
EXPLOIT_VULN,8360.142507427832,8365.346544921968,5.204037494135264,8,024a49ed-aa41-48c9-86e9-79d40e6b5fd2,None,None,2,634,12,[],None,None
EXPLOIT_VULN,8365.346544921968,8386.319291924983,20.972747003015684,8,024a49ed-aa41-48c9-86e9-79d40e6b5fd2,None,None,2,635,12,[],None,None
EXPLOIT_VULN,8386.319291924983,8407.788939445594,21.469647520611034,8,024a49ed-aa41-48c9-86e9-79d40e6b5fd2,None,None,2,636,12,[],None,None
EXPLOIT_VULN,8407.788939445594,8410.097208573077,2.3082691274830722,8,024a49ed-aa41-48c9-86e9-79d40e6b5fd2,None,None,2,637,12,[],None,None
EXPLOIT_VULN,8410.097208573077,8417.422643182272,7.325434609194417,8,024a49ed-aa41-48c9-86e9-79d40e6b5fd2,None,None,2,638,12,[],None,None
EXPLOIT_VULN,8417.422643182272,8424.811440556725,7.388797374453134,8,024a49ed-aa41-48c9-86e9-79d40e6b5fd2,None,None,2,639,12,[],None,None
EXPLOIT_VULN,8424.811440556725,8433.331542168258,8.520101611533391,8,024a49ed-aa41-48c9-86e9-79d40e6b5fd2,None,None,2,640,12,[],None,None
BRUTE_FORCE,8433.331542168258,8453.331542168258,20.0,8,024a49ed-aa41-48c9-86e9-79d40e6b5fd2,None,None,2,641,12,[],None,None
ENUM_HOST,8453.331542168258,8458.331542168258,5.0,8,024a49ed-aa41-48c9-86e9-79d40e6b5fd2,None,None,2,641,12,[],None,None
SCAN_PORT,8458.331542168258,8483.331542168258,25.0,1,7fb9112a-44c7-4dc3-9f20-1507951ee638,None,None,5,641,12,[],None,None
EXPLOIT_VULN,8483.331542168258,8484.328642923796,0.9971007555377582,1,7fb9112a-44c7-4dc3-9f20-1507951ee638,None,None,5,641,12,[],None,None
EXPLOIT_VULN,8484.328642923796,8487.151172835553,2.8225299117566465,1,7fb9112a-44c7-4dc3-9f20-1507951ee638,None,None,5,642,12,[],None,None
EXPLOIT_VULN,8487.151172835553,8487.914037124212,0.7628642886593298,1,7fb9112a-44c7-4dc3-9f20-1507951ee638,None,None,5,643,12,[],application,OSDiversity
SCAN_PORT,8507.949514055188,8517.392059793758,9.442545738569606,1,7fb9112a-44c7-4dc3-9f20-1507951ee638,None,None,5,643,12,[],network,CompleteTopologyShuffle
SCAN_HOST,8538.121831846971,8543.121831846971,5.0,-1,-1,None,None,0,643,12,[],None,None
ENUM_HOST,8543.121831846971,8548.121831846971,5.0,-1,-1,None,None,0,643,12,[],None,None
SCAN_PORT,8548.121831846971,8558.230300509671,10.108468662700034,8,024a49ed-aa41-48c9-86e9-79d40e6b5fd2,None,None,3,643,12,[],application,ServiceDiversity
SCAN_PORT,8578.504966679753,8603.504966679753,25.0,8,024a49ed-aa41-48c9-86e9-79d40e6b5fd2,None,None,3,643,12,[],None,None
EXPLOIT_VULN,8603.504966679753,8604.284492486982,0.7795258072292199,8,024a49ed-aa41-48c9-86e9-79d40e6b5fd2,None,None,3,643,12,[],None,None
EXPLOIT_VULN,8604.284492486982,8604.700599723037,0.41610723605481326,8,024a49ed-aa41-48c9-86e9-79d40e6b5fd2,None,None,3,644,12,[],None,None
EXPLOIT_VULN,8604.700599723037,8608.503262589713,3.802662866675746,8,024a49ed-aa41-48c9-86e9-79d40e6b5fd2,None,None,3,645,12,[],None,None
EXPLOIT_VULN,8608.503262589713,8612.107642363271,3.604379773558321,8,024a49ed-aa41-48c9-86e9-79d40e6b5fd2,None,None,3,646,12,[],None,None
EXPLOIT_VULN,8612.107642363271,8616.24283151507,4.135189151798841,8,024a49ed-aa41-48c9-86e9-79d40e6b5fd2,None,None,3,647,12,[],None,None
EXPLOIT_VULN,8616.24283151507,8618.702636496013,2.459804980942863,8,024a49ed-aa41-48c9-86e9-79d40e6b5fd2,None,None,3,648,12,[],network,IPShuffle
SCAN_HOST,8639.040429848086,8644.040429848086,5.0,-1,-1,None,None,0,648,12,[],None,None
ENUM_HOST,8644.040429848086,8649.040429848086,5.0,-1,-1,None,None,0,648,12,[],None,None
SCAN_PORT,8649.040429848086,8674.040429848086,25.0,8,024a49ed-aa41-48c9-86e9-79d40e6b5fd2,None,None,4,648,12,[],None,None
EXPLOIT_VULN,8674.040429848086,8678.34930320392,4.308873355834294,8,024a49ed-aa41-48c9-86e9-79d40e6b5fd2,None,None,4,648,12,[],None,None
EXPLOIT_VULN,8678.34930320392,8681.89600349018,3.5467002862587833,8,024a49ed-aa41-48c9-86e9-79d40e6b5fd2,None,None,4,649,12,[],None,None
EXPLOIT_VULN,8681.89600349018,8686.332882557874,4.436879067694463,8,024a49ed-aa41-48c9-86e9-79d40e6b5fd2,None,None,4,650,12,[],None,None
EXPLOIT_VULN,8686.332882557874,8693.225882244471,6.89299968659725,8,024a49ed-aa41-48c9-86e9-79d40e6b5fd2,None,None,4,651,12,[],None,None
EXPLOIT_VULN,8693.225882244471,8699.929373432678,6.703491188207408,8,024a49ed-aa41-48c9-86e9-79d40e6b5fd2,None,None,4,652,12,[],None,None
EXPLOIT_VULN,8699.929373432678,8705.3357060583,5.406332625621872,8,024a49ed-aa41-48c9-86e9-79d40e6b5fd2,None,None,4,653,12,[],None,None
EXPLOIT_VULN,8705.3357060583,8710.023222999842,4.687516941541617,8,024a49ed-aa41-48c9-86e9-79d40e6b5fd2,None,None,4,654,12,[],None,None
EXPLOIT_VULN,8710.023222999842,8723.74603840681,13.722815406968948,8,024a49ed-aa41-48c9-86e9-79d40e6b5fd2,None,None,4,655,12,[],None,None
EXPLOIT_VULN,8723.74603840681,8737.154236760665,13.40819835385446,8,024a49ed-aa41-48c9-86e9-79d40e6b5fd2,None,None,4,656,12,[],None,None
EXPLOIT_VULN,8737.154236760665,8743.028372960285,5.8741361996198975,8,024a49ed-aa41-48c9-86e9-79d40e6b5fd2,None,None,4,657,12,[],None,None
EXPLOIT_VULN,8743.028372960285,8760.330310029463,17.301937069178166,8,024a49ed-aa41-48c9-86e9-79d40e6b5fd2,None,None,4,658,12,[],None,None
EXPLOIT_VULN,8760.330310029463,8777.376302515651,17.04599248618797,8,024a49ed-aa41-48c9-86e9-79d40e6b5fd2,None,None,4,659,12,[],None,None
EXPLOIT_VULN,8777.376302515651,8797.172399208306,19.796096692654828,8,024a49ed-aa41-48c9-86e9-79d40e6b5fd2,None,None,4,660,12,[],None,None
EXPLOIT_VULN,8797.172399208306,8816.738769948854,19.566370740547427,8,024a49ed-aa41-48c9-86e9-79d40e6b5fd2,None,None,4,661,12,[],None,None
EXPLOIT_VULN,8816.738769948854,8826.039053892111,9.300283943257455,8,024a49ed-aa41-48c9-86e9-79d40e6b5fd2,None,None,4,662,12,[],None,None
EXPLOIT_VULN,8826.039053892111,8837.359751149448,11.320697257337088,8,024a49ed-aa41-48c9-86e9-79d40e6b5fd2,None,None,4,663,12,[],None,None
EXPLOIT_VULN,8837.359751149448,8855.227345799349,17.86759464990064,8,024a49ed-aa41-48c9-86e9-79d40e6b5fd2,None,None,4,664,12,[],None,None
EXPLOIT_VULN,8855.227345799349,8872.961305861207,17.733960061857942,8,024a49ed-aa41-48c9-86e9-79d40e6b5fd2,None,None,4,665,12,[],None,None
EXPLOIT_VULN,8872.961305861207,8893.458830893613,20.497525032405974,8,024a49ed-aa41-48c9-86e9-79d40e6b5fd2,None,None,4,666,12,[],None,None
EXPLOIT_VULN,8893.458830893613,8913.76868938709,20.309858493477805,8,024a49ed-aa41-48c9-86e9-79d40e6b5fd2,None,None,4,667,12,[],None,None
EXPLOIT_VULN,8913.76868938709,8922.22027625061,8.451586863518969,8,024a49ed-aa41-48c9-86e9-79d40e6b5fd2,None,None,4,668,12,[],None,None
EXPLOIT_VULN,8922.22027625061,8930.545151377062,8.324875126452753,8,024a49ed-aa41-48c9-86e9-79d40e6b5fd2,None,None,4,669,12,[],None,None
EXPLOIT_VULN,8930.545151377062,8939.505419069195,8.96026769213313,8,024a49ed-aa41-48c9-86e9-79d40e6b5fd2,8,024a49ed-aa41-48c9-86e9-79d40e6b5fd2,4,670,12,[],None,None
SCAN_NEIGHBOR,8939.505419069195,8944.505419069195,5.0,8,024a49ed-aa41-48c9-86e9-79d40e6b5fd2,None,None,4,671,13,[],None,None
ENUM_HOST,8944.505419069195,8949.505419069195,5.0,8,024a49ed-aa41-48c9-86e9-79d40e6b5fd2,None,None,4,671,13,[],None,None
SCAN_PORT,8949.505419069195,8974.505419069195,25.0,10,d79c0963-4a36-42b2-9ec4-1e466a44227f,None,None,8,671,13,[],None,None
EXPLOIT_VULN,8974.505419069195,8978.994624261357,4.489205192161535,10,d79c0963-4a36-42b2-9ec4-1e466a44227f,None,None,8,671,13,[],None,None
EXPLOIT_VULN,8978.994624261357,8981.419242462367,2.424618201010162,10,d79c0963-4a36-42b2-9ec4-1e466a44227f,None,None,8,672,13,[],None,None
EXPLOIT_VULN,8981.419242462367,8984.9679678978,3.548725435432061,10,d79c0963-4a36-42b2-9ec4-1e466a44227f,None,None,8,673,13,[],None,None
EXPLOIT_VULN,8984.9679678978,8987.96674161933,2.998773721530597,10,d79c0963-4a36-42b2-9ec4-1e466a44227f,None,None,8,674,13,[],None,None
EXPLOIT_VULN,8987.96674161933,9001.279314682051,13.31257306272164,10,d79c0963-4a36-42b2-9ec4-1e466a44227f,None,None,8,675,13,[],None,None
EXPLOIT_VULN,9001.279314682051,9011.01528111533,9.735966433278008,10,d79c0963-4a36-42b2-9ec4-1e466a44227f,None,None,8,676,13,[],None,None
EXPLOIT_VULN,9011.01528111533,9016.079689964135,5.064408848806124,10,d79c0963-4a36-42b2-9ec4-1e466a44227f,None,None,8,677,13,[],None,None
EXPLOIT_VULN,9016.079689964135,9038.24489459728,22.16520463314373,10,d79c0963-4a36-42b2-9ec4-1e466a44227f,None,None,8,678,13,[],None,None
EXPLOIT_VULN,9038.24489459728,9054.287247781402,16.042353184122476,10,d79c0963-4a36-42b2-9ec4-1e466a44227f,None,None,8,679,13,[],None,None
EXPLOIT_VULN,9054.287247781402,9062.345430582458,8.058182801056319,10,d79c0963-4a36-42b2-9ec4-1e466a44227f,None,None,8,680,13,[],None,None
EXPLOIT_VULN,9062.345430582458,9082.534517439042,20.189086856584254,10,d79c0963-4a36-42b2-9ec4-1e466a44227f,None,None,8,681,13,[],None,None
BRUTE_FORCE,9082.534517439042,9102.534517439042,20.0,10,d79c0963-4a36-42b2-9ec4-1e466a44227f,None,None,8,682,13,[],None,None
ENUM_HOST,9102.534517439042,9107.534517439042,5.0,10,d79c0963-4a36-42b2-9ec4-1e466a44227f,None,None,8,682,13,[],None,None
SCAN_PORT,9107.534517439042,9132.534517439042,25.0,15,0c4aa51a-0b8c-4175-b9e6-46cfe860e67b,None,None,5,682,13,[],None,None
EXPLOIT_VULN,9132.534517439042,9134.780457893026,2.245940453984076,15,0c4aa51a-0b8c-4175-b9e6-46cfe860e67b,None,None,5,682,13,[],None,None
EXPLOIT_VULN,9134.780457893026,9135.959511860356,1.1790539673293097,15,0c4aa51a-0b8c-4175-b9e6-46cfe860e67b,None,None,5,683,13,[],None,None
EXPLOIT_VULN,9135.959511860356,9140.233914329292,4.274402468936387,15,0c4aa51a-0b8c-4175-b9e6-46cfe860e67b,None,None,5,684,13,[],None,None
EXPLOIT_VULN,9140.233914329292,9141.900160826997,1.6662464977052878,15,0c4aa51a-0b8c-4175-b9e6-46cfe860e67b,None,None,5,685,13,[],None,None
EXPLOIT_VULN,9141.900160826997,9145.306630614738,3.406469787740207,15,0c4aa51a-0b8c-4175-b9e6-46cfe860e67b,None,None,5,686,13,[],None,None
EXPLOIT_VULN,9145.306630614738,9148.135788565749,2.829157951011439,15,0c4aa51a-0b8c-4175-b9e6-46cfe860e67b,None,None,5,687,13,[],None,None
EXPLOIT_VULN,9148.135788565749,9159.664559305587,11.528770739838365,15,0c4aa51a-0b8c-4175-b9e6-46cfe860e67b,None,None,5,688,13,[],None,None
EXPLOIT_VULN,9159.664559305587,9169.712993735742,10.048434430154884,15,0c4aa51a-0b8c-4175-b9e6-46cfe860e67b,None,None,5,689,13,[],None,None
EXPLOIT_VULN,9169.712993735742,9171.500363400404,1.7873696646620374,15,0c4aa51a-0b8c-4175-b9e6-46cfe860e67b,None,None,5,690,13,[],None,None
EXPLOIT_VULN,9171.500363400404,9181.829197522524,10.328834122119588,15,0c4aa51a-0b8c-4175-b9e6-46cfe860e67b,None,None,5,691,13,[],None,None
EXPLOIT_VULN,9181.829197522524,9184.990221885766,3.161024363242177,15,0c4aa51a-0b8c-4175-b9e6-46cfe860e67b,None,None,5,692,13,[],None,None
EXPLOIT_VULN,9184.990221885766,9187.856294538515,2.8660726527486986,15,0c4aa51a-0b8c-4175-b9e6-46cfe860e67b,None,None,5,693,13,[],application,OSDiversity
SCAN_PORT,9208.735690192954,9217.58741437126,8.85172417830654,15,0c4aa51a-0b8c-4175-b9e6-46cfe860e67b,None,None,5,693,13,[],network,CompleteTopologyShuffle
SCAN_HOST,9238.038103042869,9243.038103042869,5.0,-1,-1,None,None,0,693,13,[],None,None
ENUM_HOST,9243.038103042869,9248.038103042869,5.0,-1,-1,None,None,0,693,13,[],None,None
SCAN_PORT,9248.038103042869,9258.382031061112,10.343928018242877,10,d79c0963-4a36-42b2-9ec4-1e466a44227f,None,None,9,693,13,[],application,ServiceDiversity
SCAN_PORT,9278.468713236156,9303.468713236156,25.0,10,d79c0963-4a36-42b2-9ec4-1e466a44227f,None,None,9,693,13,[],None,None
EXPLOIT_VULN,9303.468713236156,9307.348829185092,3.8801159489357815,10,d79c0963-4a36-42b2-9ec4-1e466a44227f,None,None,9,693,13,[],None,None
EXPLOIT_VULN,9307.348829185092,9310.382572226446,3.0337430413546826,10,d79c0963-4a36-42b2-9ec4-1e466a44227f,None,None,9,694,13,[],None,None
EXPLOIT_VULN,9310.382572226446,9316.928852913043,6.546280686596219,10,d79c0963-4a36-42b2-9ec4-1e466a44227f,None,None,9,695,13,[],None,None
EXPLOIT_VULN,9316.928852913043,9318.117030341207,1.1881774281646358,10,d79c0963-4a36-42b2-9ec4-1e466a44227f,None,None,9,696,13,[],network,IPShuffle
SCAN_HOST,9338.61360072518,9343.61360072518,5.0,-1,-1,None,None,0,696,13,[],None,None
ENUM_HOST,9343.61360072518,9348.61360072518,5.0,-1,-1,None,None,0,696,13,[],None,None
SCAN_PORT,9348.61360072518,9373.61360072518,25.0,16,5e0c6288-6ce0-49e3-8e0e-a9f8a7238ebf,None,None,3,696,13,[],None,None
EXPLOIT_VULN,9373.61360072518,9373.777032509915,0.16343178473471198,16,5e0c6288-6ce0-49e3-8e0e-a9f8a7238ebf,None,None,3,696,13,[],None,None
EXPLOIT_VULN,9373.777032509915,9377.651420622396,3.8743881124810287,16,5e0c6288-6ce0-49e3-8e0e-a9f8a7238ebf,None,None,3,697,13,[],None,None
EXPLOIT_VULN,9377.651420622396,9380.217065150666,2.565644528269331,16,5e0c6288-6ce0-49e3-8e0e-a9f8a7238ebf,None,None,3,698,13,[],None,None
EXPLOIT_VULN,9380.217065150666,9397.56551038227,17.348445231604273,16,5e0c6288-6ce0-49e3-8e0e-a9f8a7238ebf,None,None,3,699,13,[],None,None
EXPLOIT_VULN,9397.56551038227,9415.75803513293,18.192524750660596,16,5e0c6288-6ce0-49e3-8e0e-a9f8a7238ebf,None,None,3,700,13,[],None,None
BRUTE_FORCE,9415.75803513293,9435.75803513293,20.0,16,5e0c6288-6ce0-49e3-8e0e-a9f8a7238ebf,None,None,3,701,13,[],None,None
ENUM_HOST,9435.75803513293,9440.75803513293,5.0,16,5e0c6288-6ce0-49e3-8e0e-a9f8a7238ebf,None,None,3,701,13,[],None,None
SCAN_PORT,9440.75803513293,9465.75803513293,25.0,24,e9bc77a2-2b34-4047-bde3-7181cf9dfd37,None,None,1,701,13,[],None,None
EXPLOIT_VULN,9465.75803513293,9466.06982419103,0.3117890580997482,24,e9bc77a2-2b34-4047-bde3-7181cf9dfd37,None,None,1,701,13,[],None,None
EXPLOIT_VULN,9466.06982419103,9466.410158775407,0.34033458437625086,24,e9bc77a2-2b34-4047-bde3-7181cf9dfd37,None,None,1,702,13,[],None,None
EXPLOIT_VULN,9466.410158775407,9467.169749742365,0.7595909669580578,24,e9bc77a2-2b34-4047-bde3-7181cf9dfd37,None,None,1,703,13,[],None,None
EXPLOIT_VULN,9467.169749742365,9468.512551451782,1.342801709417472,24,e9bc77a2-2b34-4047-bde3-7181cf9dfd37,None,None,1,704,13,[],None,None
EXPLOIT_VULN,9468.512551451782,9470.207232821984,1.6946813702015788,24,e9bc77a2-2b34-4047-bde3-7181cf9dfd37,None,None,1,705,13,[],None,None
EXPLOIT_VULN,9470.207232821984,9473.733886316082,3.5266534940983547,24,e9bc77a2-2b34-4047-bde3-7181cf9dfd37,None,None,1,706,13,[],None,None
EXPLOIT_VULN,9473.733886316082,9478.430911579624,4.697025263541946,24,e9bc77a2-2b34-4047-bde3-7181cf9dfd37,None,None,1,707,13,[],None,None
EXPLOIT_VULN,9478.430911579624,9483.992188905298,5.561277325674382,24,e9bc77a2-2b34-4047-bde3-7181cf9dfd37,None,None,1,708,13,[],None,None
EXPLOIT_VULN,9483.992188905298,9493.36981557278,9.377626667481309,24,e9bc77a2-2b34-4047-bde3-7181cf9dfd37,None,None,1,709,13,[],None,None
EXPLOIT_VULN,9493.36981557278,9501.88675810686,8.516942534080954,24,e9bc77a2-2b34-4047-bde3-7181cf9dfd37,None,None,1,710,13,[],None,None
EXPLOIT_VULN,9501.88675810686,9506.340478447268,4.453720340407017,24,e9bc77a2-2b34-4047-bde3-7181cf9dfd37,None,None,1,711,13,[],None,None
EXPLOIT_VULN,9506.340478447268,9509.45360621726,3.113127769991479,24,e9bc77a2-2b34-4047-bde3-7181cf9dfd37,None,None,1,712,13,[],None,None
EXPLOIT_VULN,9509.45360621726,9513.44124315984,3.9876369425801386,24,e9bc77a2-2b34-4047-bde3-7181cf9dfd37,None,None,1,713,13,[],None,None
EXPLOIT_VULN,9513.44124315984,9527.371604776681,13.930361616841765,24,e9bc77a2-2b34-4047-bde3-7181cf9dfd37,None,None,1,714,13,[],None,None
EXPLOIT_VULN,9527.371604776681,9545.247976169243,17.87637139256185,24,e9bc77a2-2b34-4047-bde3-7181cf9dfd37,None,None,1,715,13,[],None,None
EXPLOIT_VULN,9545.247976169243,9550.485779075838,5.2378029065948795,24,e9bc77a2-2b34-4047-bde3-7181cf9dfd37,None,None,1,716,13,[],None,None
EXPLOIT_VULN,9550.485779075838,9558.87511680873,8.389337732891363,24,e9bc77a2-2b34-4047-bde3-7181cf9dfd37,None,None,1,717,13,[],None,None
EXPLOIT_VULN,9558.87511680873,9565.40451635318,6.529399544449916,24,e9bc77a2-2b34-4047-bde3-7181cf9dfd37,None,None,1,718,13,[],None,None
EXPLOIT_VULN,9565.40451635318,9574.05560827713,8.651091923951753,24,e9bc77a2-2b34-4047-bde3-7181cf9dfd37,None,None,1,719,13,[],None,None
EXPLOIT_VULN,9574.05560827713,9579.353803396796,5.298195119665252,24,e9bc77a2-2b34-4047-bde3-7181cf9dfd37,None,None,1,720,13,[],None,None
EXPLOIT_VULN,9579.353803396796,9595.998070901085,16.64426750428902,24,e9bc77a2-2b34-4047-bde3-7181cf9dfd37,None,None,1,721,13,[],None,None
EXPLOIT_VULN,9595.998070901085,9613.884249532188,17.886178631102666,24,e9bc77a2-2b34-4047-bde3-7181cf9dfd37,None,None,1,722,13,[],None,None
EXPLOIT_VULN,9613.884249532188,9616.952042564188,3.067793031999827,24,e9bc77a2-2b34-4047-bde3-7181cf9dfd37,None,None,1,723,13,[],None,None
EXPLOIT_VULN,9616.952042564188,9626.468178711946,9.516136147758516,24,e9bc77a2-2b34-4047-bde3-7181cf9dfd37,None,None,1,724,13,[],None,None
EXPLOIT_VULN,9626.468178711946,9631.255895608161,4.787716896214988,24,e9bc77a2-2b34-4047-bde3-7181cf9dfd37,None,None,1,725,13,[],None,None
EXPLOIT_VULN,9631.255895608161,9647.553180881854,16.297285273692978,24,e9bc77a2-2b34-4047-bde3-7181cf9dfd37,None,None,1,726,13,[],None,None
EXPLOIT_VULN,9647.553180881854,9651.258291064143,3.7051101822889905,24,e9bc77a2-2b34-4047-bde3-7181cf9dfd37,None,None,1,727,13,[],None,None
EXPLOIT_VULN,9651.258291064143,9653.855084056591,2.5967929924481723,24,e9bc77a2-2b34-4047-bde3-7181cf9dfd37,None,None,1,728,13,[],None,None
EXPLOIT_VULN,9653.855084056591,9659.112526062674,5.257442006082783,24,e9bc77a2-2b34-4047-bde3-7181cf9dfd37,None,None,1,729,13,[],None,None
EXPLOIT_VULN,9659.112526062674,9663.262872987752,4.150346925078338,24,e9bc77a2-2b34-4047-bde3-7181cf9dfd37,None,None,1,730,13,[],None,None
EXPLOIT_VULN,9663.262872987752,9669.951875779869,6.689002792116298,24,e9bc77a2-2b34-4047-bde3-7181cf9dfd37,None,None,1,731,13,[],None,None
EXPLOIT_VULN,9669.951875779869,9678.636079895556,8.684204115686953,24,e9bc77a2-2b34-4047-bde3-7181cf9dfd37,None,None,1,732,13,[],None,None
BRUTE_FORCE,9678.636079895556,9698.636079895556,20.0,24,e9bc77a2-2b34-4047-bde3-7181cf9dfd37,None,None,1,733,13,[],None,None
ENUM_HOST,9698.636079895556,9703.636079895556,5.0,24,e9bc77a2-2b34-4047-bde3-7181cf9dfd37,None,None,1,733,13,[],None,None
SCAN_PORT,9703.636079895556,9728.636079895556,25.0,10,d79c0963-4a36-42b2-9ec4-1e466a44227f,None,None,10,733,13,[],None,None
EXPLOIT_VULN,9728.636079895556,9733.961610410002,5.325530514446655,10,d79c0963-4a36-42b2-9ec4-1e466a44227f,None,None,10,733,13,[],None,None
EXPLOIT_VULN,9733.961610410002,9742.836629534626,8.875019124623577,10,d79c0963-4a36-42b2-9ec4-1e466a44227f,None,None,10,734,13,[],None,None
EXPLOIT_VULN,9742.836629534626,9746.240350684839,3.403721150212732,10,d79c0963-4a36-42b2-9ec4-1e466a44227f,None,None,10,735,13,[],None,None
EXPLOIT_VULN,9746.240350684839,9752.122975676646,5.882624991807461,10,d79c0963-4a36-42b2-9ec4-1e466a44227f,None,None,10,736,13,[],None,None
EXPLOIT_VULN,9752.122975676646,9756.463081791024,4.340106114377704,10,d79c0963-4a36-42b2-9ec4-1e466a44227f,None,None,10,737,13,[],None,None
EXPLOIT_VULN,9756.463081791024,9772.747016320896,16.283934529872568,10,d79c0963-4a36-42b2-9ec4-1e466a44227f,None,None,10,738,13,[],None,None
EXPLOIT_VULN,9772.747016320896,9775.828268442516,3.0812521216194,10,d79c0963-4a36-42b2-9ec4-1e466a44227f,None,None,10,739,13,[],None,None
EXPLOIT_VULN,9775.828268442516,9794.004820392145,18.176551949629356,10,d79c0963-4a36-42b2-9ec4-1e466a44227f,10,d79c0963-4a36-42b2-9ec4-1e466a44227f,10,740,13,[],None,None
SCAN_NEIGHBOR,9794.004820392145,9799.004820392145,5.0,10,d79c0963-4a36-42b2-9ec4-1e466a44227f,None,None,10,741,14,[],None,None
ENUM_HOST,9799.004820392145,9804.004820392145,5.0,10,d79c0963-4a36-42b2-9ec4-1e466a44227f,None,None,10,741,14,[],None,None
SCAN_PORT,9804.004820392145,9829.004820392145,25.0,5,a47f754e-28a2-442b-ac11-33ff7dc1ad7f,None,None,7,741,14,[],None,None
EXPLOIT_VULN,9829.004820392145,9829.731752195512,0.7269318033668242,5,a47f754e-28a2-442b-ac11-33ff7dc1ad7f,None,None,7,741,14,[],None,None
EXPLOIT_VULN,9829.731752195512,9831.378565512934,1.6468133174221293,5,a47f754e-28a2-442b-ac11-33ff7dc1ad7f,None,None,7,742,14,[],None,None
EXPLOIT_VULN,9831.378565512934,9833.003968635527,1.6254031225926155,5,a47f754e-28a2-442b-ac11-33ff7dc1ad7f,None,None,7,743,14,[],None,None
EXPLOIT_VULN,9833.003968635527,9835.36268734149,2.358718705963838,5,a47f754e-28a2-442b-ac11-33ff7dc1ad7f,None,None,7,744,14,[],None,None
EXPLOIT_VULN,9835.36268734149,9835.667849610438,0.3051622689472424,5,a47f754e-28a2-442b-ac11-33ff7dc1ad7f,None,None,7,745,14,[],None,None
EXPLOIT_VULN,9835.667849610438,9838.509878916255,2.84202930581705,5,a47f754e-28a2-442b-ac11-33ff7dc1ad7f,None,None,7,746,14,[],None,None
EXPLOIT_VULN,9838.509878916255,9841.910082890916,3.4002039746610535,5,a47f754e-28a2-442b-ac11-33ff7dc1ad7f,None,None,7,747,14,[],None,None
EXPLOIT_VULN,9841.910082890916,9844.606720758968,2.6966378680517664,5,a47f754e-28a2-442b-ac11-33ff7dc1ad7f,None,None,7,748,14,[],None,None
EXPLOIT_VULN,9844.606720758968,9848.902120743118,4.295399984150208,5,a47f754e-28a2-442b-ac11-33ff7dc1ad7f,None,None,7,749,14,[],None,None
EXPLOIT_VULN,9848.902120743118,9854.283201817221,5.381081074103349,5,a47f754e-28a2-442b-ac11-33ff7dc1ad7f,None,None,7,750,14,[],None,None
EXPLOIT_VULN,9854.283201817221,9856.905476988777,2.6222751715558843,5,a47f754e-28a2-442b-ac11-33ff7dc1ad7f,None,None,7,751,14,[],None,None
EXPLOIT_VULN,9856.905476988777,9860.77725186961,3.871774880832163,5,a47f754e-28a2-442b-ac11-33ff7dc1ad7f,None,None,7,752,14,[],None,None
EXPLOIT_VULN,9860.77725186961,9865.264092069021,4.486840199411745,5,a47f754e-28a2-442b-ac11-33ff7dc1ad7f,None,None,7,753,14,[],None,None
EXPLOIT_VULN,9865.264092069021,9879.153859052332,13.889766983311347,5,a47f754e-28a2-442b-ac11-33ff7dc1ad7f,None,None,7,754,14,[],None,None
EXPLOIT_VULN,9879.153859052332,9888.230426201924,9.076567149591938,5,a47f754e-28a2-442b-ac11-33ff7dc1ad7f,None,None,7,755,14,[],application,OSDiversity
SCAN_PORT,9909.110196218628,9917.820253832546,8.710057613918252,5,a47f754e-28a2-442b-ac11-33ff7dc1ad7f,None,None,7,755,14,[],network,CompleteTopologyShuffle
SCAN_HOST,9938.320660636327,9943.320660636327,5.0,-1,-1,None,None,0,755,14,[],None,None
ENUM_HOST,9943.320660636327,9948.320660636327,5.0,-1,-1,None,None,0,755,14,[],None,None
SCAN_PORT,9948.320660636327,9958.370981793318,10.050321156990321,16,5e0c6288-6ce0-49e3-8e0e-a9f8a7238ebf,None,None,4,755,14,[],application,ServiceDiversity
SCAN_PORT,9978.92686290495,10003.92686290495,25.0,16,5e0c6288-6ce0-49e3-8e0e-a9f8a7238ebf,None,None,4,755,14,[],None,None
EXPLOIT_VULN,10003.92686290495,10004.066286457673,0.13942355272411078,16,5e0c6288-6ce0-49e3-8e0e-a9f8a7238ebf,None,None,4,755,14,[],None,None
EXPLOIT_VULN,10004.066286457673,10007.37095468402,3.304668226346621,16,5e0c6288-6ce0-49e3-8e0e-a9f8a7238ebf,None,None,4,756,14,[],None,None
EXPLOIT_VULN,10007.37095468402,10016.521021043522,9.15006635950158,16,5e0c6288-6ce0-49e3-8e0e-a9f8a7238ebf,None,None,4,757,14,[],None,None
EXPLOIT_VULN,10016.521021043522,10018.7500435717,2.2290225281776657,16,5e0c6288-6ce0-49e3-8e0e-a9f8a7238ebf,None,None,4,758,14,[],network,IPShuffle
SCAN_HOST,10039.967936800022,10044.967936800022,5.0,-1,-1,None,None,0,758,14,[],None,None
ENUM_HOST,10044.967936800022,10049.967936800022,5.0,-1,-1,None,None,0,758,14,[],None,None
SCAN_PORT,10049.967936800022,10074.967936800022,25.0,5,a47f754e-28a2-442b-ac11-33ff7dc1ad7f,None,None,8,758,14,[],None,None
EXPLOIT_VULN,10074.967936800022,10079.01179538874,4.043858588718649,5,a47f754e-28a2-442b-ac11-33ff7dc1ad7f,None,None,8,758,14,[],None,None
EXPLOIT_VULN,10079.01179538874,10082.191936251573,3.180140862832559,5,a47f754e-28a2-442b-ac11-33ff7dc1ad7f,None,None,8,759,14,[],None,None
EXPLOIT_VULN,10082.191936251573,10091.40149328862,9.209557037047489,5,a47f754e-28a2-442b-ac11-33ff7dc1ad7f,None,None,8,760,14,[],None,None
EXPLOIT_VULN,10091.40149328862,10098.8545835439,7.453090255279676,5,a47f754e-28a2-442b-ac11-33ff7dc1ad7f,None,None,8,761,14,[],None,None
EXPLOIT_VULN,10098.8545835439,10108.92337364802,10.068790104120126,5,a47f754e-28a2-442b-ac11-33ff7dc1ad7f,None,None,8,762,14,[],None,None
EXPLOIT_VULN,10108.92337364802,10123.50561162448,14.58223797645951,5,a47f754e-28a2-442b-ac11-33ff7dc1ad7f,None,None,8,763,14,[],None,None
EXPLOIT_VULN,10123.50561162448,10145.036848578507,21.531236954027918,5,a47f754e-28a2-442b-ac11-33ff7dc1ad7f,None,None,8,764,14,[],None,None
EXPLOIT_VULN,10145.036848578507,10152.721973597478,7.685125018970211,5,a47f754e-28a2-442b-ac11-33ff7dc1ad7f,None,None,8,765,14,[],None,None
EXPLOIT_VULN,10152.721973597478,10161.154180749567,8.432207152089177,5,a47f754e-28a2-442b-ac11-33ff7dc1ad7f,None,None,8,766,14,[],None,None
EXPLOIT_VULN,10161.154180749567,10170.551175476265,9.396994726697812,5,a47f754e-28a2-442b-ac11-33ff7dc1ad7f,None,None,8,767,14,[],None,None
EXPLOIT_VULN,10170.551175476265,10174.292925257947,3.7417497816823015,5,a47f754e-28a2-442b-ac11-33ff7dc1ad7f,None,None,8,768,14,[],None,None
EXPLOIT_VULN,10174.292925257947,10183.031032441046,8.738107183098691,5,a47f754e-28a2-442b-ac11-33ff7dc1ad7f,None,None,8,769,14,[],None,None
EXPLOIT_VULN,10183.031032441046,10188.184839677933,5.153807236887587,5,a47f754e-28a2-442b-ac11-33ff7dc1ad7f,None,None,8,770,14,[],None,None
EXPLOIT_VULN,10188.184839677933,10197.150067556448,8.96522787851427,5,a47f754e-28a2-442b-ac11-33ff7dc1ad7f,None,None,8,771,14,[],None,None
EXPLOIT_VULN,10197.150067556448,10206.646942694346,9.496875137898314,5,a47f754e-28a2-442b-ac11-33ff7dc1ad7f,None,None,8,772,14,[],None,None
EXPLOIT_VULN,10206.646942694346,10215.703423968524,9.056481274177713,5,a47f754e-28a2-442b-ac11-33ff7dc1ad7f,None,None,8,773,14,[],None,None
EXPLOIT_VULN,10215.703423968524,10218.632220242029,2.9287962735052133,5,a47f754e-28a2-442b-ac11-33ff7dc1ad7f,None,None,8,774,14,[],None,None
EXPLOIT_VULN,10218.632220242029,10237.540841473243,18.908621231214056,5,a47f754e-28a2-442b-ac11-33ff7dc1ad7f,None,None,8,775,14,[],None,None
EXPLOIT_VULN,10237.540841473243,10259.30880167278,21.7679601995369,5,a47f754e-28a2-442b-ac11-33ff7dc1ad7f,None,None,8,776,14,[],None,None
BRUTE_FORCE,10259.30880167278,10279.30880167278,20.0,5,a47f754e-28a2-442b-ac11-33ff7dc1ad7f,None,None,8,777,14,[],None,None
ENUM_HOST,10279.30880167278,10284.30880167278,5.0,5,a47f754e-28a2-442b-ac11-33ff7dc1ad7f,None,None,8,777,14,[],None,None
SCAN_PORT,10284.30880167278,10309.30880167278,25.0,34,87999234-29ae-4ba2-ae23-9a1c00d9f717,None,None,1,777,14,[],None,None
EXPLOIT_VULN,10309.30880167278,10310.379953257581,1.0711515848015551,34,87999234-29ae-4ba2-ae23-9a1c00d9f717,None,None,1,777,14,[],None,None
EXPLOIT_VULN,10310.379953257581,10312.989069455894,2.6091161983131315,34,87999234-29ae-4ba2-ae23-9a1c00d9f717,None,None,1,778,14,[],None,None
EXPLOIT_VULN,10312.989069455894,10316.311322295725,3.3222528398309805,34,87999234-29ae-4ba2-ae23-9a1c00d9f717,None,None,1,779,14,[],None,None
EXPLOIT_VULN,10316.311322295725,10320.113457871748,3.80213557602292,34,87999234-29ae-4ba2-ae23-9a1c00d9f717,None,None,1,780,14,[],None,None
EXPLOIT_VULN,10320.113457871748,10325.635699935545,5.5222420637965115,34,87999234-29ae-4ba2-ae23-9a1c00d9f717,None,None,1,781,14,[],None,None
EXPLOIT_VULN,10325.635699935545,10331.45501771578,5.8193177802349965,34,87999234-29ae-4ba2-ae23-9a1c00d9f717,None,None,1,782,14,[],None,None
EXPLOIT_VULN,10331.45501771578,10338.476071337293,7.021053621512692,34,87999234-29ae-4ba2-ae23-9a1c00d9f717,None,None,1,783,14,[],None,None
EXPLOIT_VULN,10338.476071337293,10346.36109840322,7.885027065927716,34,87999234-29ae-4ba2-ae23-9a1c00d9f717,None,None,1,784,14,[],None,None
EXPLOIT_VULN,10346.36109840322,10348.50493535282,2.143836949599063,34,87999234-29ae-4ba2-ae23-9a1c00d9f717,None,None,1,785,14,[],None,None
EXPLOIT_VULN,10348.50493535282,10361.459620693153,12.954685340333526,34,87999234-29ae-4ba2-ae23-9a1c00d9f717,None,None,1,786,14,[],None,None
BRUTE_FORCE,10361.459620693153,10381.459620693153,20.0,34,87999234-29ae-4ba2-ae23-9a1c00d9f717,None,None,1,787,14,[],None,None
ENUM_HOST,10381.459620693153,10386.459620693153,5.0,34,87999234-29ae-4ba2-ae23-9a1c00d9f717,None,None,1,787,14,[],None,None
SCAN_PORT,10386.459620693153,10411.459620693153,25.0,16,5e0c6288-6ce0-49e3-8e0e-a9f8a7238ebf,None,None,5,787,14,[],None,None
EXPLOIT_VULN,10411.459620693153,10414.67364240261,3.214021709456574,16,5e0c6288-6ce0-49e3-8e0e-a9f8a7238ebf,None,None,5,787,14,[],None,None
EXPLOIT_VULN,10414.67364240261,10418.45357925012,3.7799368475098163,16,5e0c6288-6ce0-49e3-8e0e-a9f8a7238ebf,None,None,5,788,14,[],None,None
EXPLOIT_VULN,10418.45357925012,10423.986371079362,5.532791829242342,16,5e0c6288-6ce0-49e3-8e0e-a9f8a7238ebf,None,None,5,789,14,[],None,None
EXPLOIT_VULN,10423.986371079362,10430.286846908039,6.300475828677008,16,5e0c6288-6ce0-49e3-8e0e-a9f8a7238ebf,None,None,5,790,14,[],None,None
EXPLOIT_VULN,10430.286846908039,10438.777303374685,8.49045646664672,16,5e0c6288-6ce0-49e3-8e0e-a9f8a7238ebf,None,None,5,791,14,[],None,None
EXPLOIT_VULN,10438.777303374685,10457.018953652065,18.24165027737945,16,5e0c6288-6ce0-49e3-8e0e-a9f8a7238ebf,None,None,5,792,14,[],None,None
EXPLOIT_VULN,10457.018953652065,10464.965130461855,7.946176809789904,16,5e0c6288-6ce0-49e3-8e0e-a9f8a7238ebf,None,None,5,793,14,[],None,None
EXPLOIT_VULN,10464.965130461855,10472.899930025911,7.934799564056448,16,5e0c6288-6ce0-49e3-8e0e-a9f8a7238ebf,16,5e0c6288-6ce0-49e3-8e0e-a9f8a7238ebf,5,794,14,['Wendie'],None,None
SCAN_NEIGHBOR,10472.899930025911,10477.899930025911,5.0,16,5e0c6288-6ce0-49e3-8e0e-a9f8a7238ebf,None,None,5,795,15,[],None,None
ENUM_HOST,10477.899930025911,10482.899930025911,5.0,16,5e0c6288-6ce0-49e3-8e0e-a9f8a7238ebf,None,None,5,795,15,[],None,None
SCAN_PORT,10482.899930025911,10507.899930025911,25.0,6,62721611-be02-4151-883b-83d394161d97,None,None,4,795,15,[],None,None
EXPLOIT_VULN,10507.899930025911,10509.401609484092,1.5016794581806607,6,62721611-be02-4151-883b-83d394161d97,None,None,4,795,15,[],None,None
EXPLOIT_VULN,10509.401609484092,10509.754816272043,0.3532067879514216,6,62721611-be02-4151-883b-83d394161d97,None,None,4,796,15,[],None,None
EXPLOIT_VULN,10509.754816272043,10510.313269588656,0.5584533166129404,6,62721611-be02-4151-883b-83d394161d97,None,None,4,797,15,[],None,None
EXPLOIT_VULN,10510.313269588656,10510.606353025678,0.2930834370217781,6,62721611-be02-4151-883b-83d394161d97,None,None,4,798,15,[],None,None
EXPLOIT_VULN,10510.606353025678,10512.91305784498,2.3067048193024675,6,62721611-be02-4151-883b-83d394161d97,None,None,4,799,15,[],None,None
EXPLOIT_VULN,10512.91305784498,10514.168246441768,1.2551885967877752,6,62721611-be02-4151-883b-83d394161d97,None,None,4,800,15,[],None,None
EXPLOIT_VULN,10514.168246441768,10515.4985660949,1.330319653132392,6,62721611-be02-4151-883b-83d394161d97,None,None,4,801,15,[],None,None
EXPLOIT_VULN,10515.4985660949,10516.478795762927,0.980229668026368,6,62721611-be02-4151-883b-83d394161d97,None,None,4,802,15,[],None,None
EXPLOIT_VULN,10516.478795762927,10518.222908186663,1.7441124237357144,6,62721611-be02-4151-883b-83d394161d97,None,None,4,803,15,[],None,None
EXPLOIT_VULN,10518.222908186663,10521.964126975792,3.7412187891295616,6,62721611-be02-4151-883b-83d394161d97,None,None,4,804,15,[],None,None
EXPLOIT_VULN,10521.964126975792,10524.584419961577,2.6202929857845447,6,62721611-be02-4151-883b-83d394161d97,None,None,4,805,15,[],None,None
EXPLOIT_VULN,10524.584419961577,10528.028077299463,3.4436573378861794,6,62721611-be02-4151-883b-83d394161d97,None,None,4,806,15,[],None,None
EXPLOIT_VULN,10528.028077299463,10532.796210316179,4.768133016716092,6,62721611-be02-4151-883b-83d394161d97,None,None,4,807,15,[],None,None
EXPLOIT_VULN,10532.796210316179,10541.63843212187,8.842221805691224,6,62721611-be02-4151-883b-83d394161d97,None,None,4,808,15,[],None,None
EXPLOIT_VULN,10541.63843212187,10546.578558361662,4.940126239791425,6,62721611-be02-4151-883b-83d394161d97,None,None,4,809,15,[],None,None
EXPLOIT_VULN,10546.578558361662,10555.84958427125,9.271025909587479,6,62721611-be02-4151-883b-83d394161d97,None,None,4,810,15,[],None,None
EXPLOIT_VULN,10555.84958427125,10566.0962975233,10.24671325205054,6,62721611-be02-4151-883b-83d394161d97,None,None,4,811,15,[],None,None
EXPLOIT_VULN,10566.0962975233,10568.50610041922,2.409802895919711,6,62721611-be02-4151-883b-83d394161d97,None,None,4,812,15,[],None,None
EXPLOIT_VULN,10568.50610041922,10571.240326154466,2.734225735246582,6,62721611-be02-4151-883b-83d394161d97,None,None,4,813,15,[],None,None
EXPLOIT_VULN,10571.240326154466,10581.548890582499,10.308564428032696,6,62721611-be02-4151-883b-83d394161d97,None,None,4,814,15,[],None,None
EXPLOIT_VULN,10581.548890582499,10587.759373783529,6.2104832010300015,6,62721611-be02-4151-883b-83d394161d97,None,None,4,815,15,[],application,OSDiversity
SCAN_PORT,10610.18231021957,10618.166603273126,7.98429305355603,6,62721611-be02-4151-883b-83d394161d97,None,None,4,815,15,[],network,CompleteTopologyShuffle
SCAN_HOST,10638.72791720593,10643.72791720593,5.0,-1,-1,None,None,0,815,15,[],None,None
ENUM_HOST,10643.72791720593,10648.72791720593,5.0,-1,-1,None,None,0,815,15,[],None,None
SCAN_PORT,10648.72791720593,10658.158774869153,9.430857663222923,36,e5ccb476-1fc7-4029-82cd-9b628ea2099f,None,None,1,815,15,[],application,ServiceDiversity
SCAN_PORT,10678.589300947491,10703.589300947491,25.0,36,e5ccb476-1fc7-4029-82cd-9b628ea2099f,None,None,1,815,15,[],None,None
EXPLOIT_VULN,10703.589300947491,10704.180408645301,0.5911076978100027,36,e5ccb476-1fc7-4029-82cd-9b628ea2099f,None,None,1,815,15,[],None,None
EXPLOIT_VULN,10704.180408645301,10706.11886459837,1.9384559530681145,36,e5ccb476-1fc7-4029-82cd-9b628ea2099f,None,None,1,816,15,[],None,None
EXPLOIT_VULN,10706.11886459837,10707.096045751408,0.9771811530390551,36,e5ccb476-1fc7-4029-82cd-9b628ea2099f,None,None,1,817,15,[],None,None
EXPLOIT_VULN,10707.096045751408,10707.648443015643,0.552397264234969,36,e5ccb476-1fc7-4029-82cd-9b628ea2099f,None,None,1,818,15,[],None,None
EXPLOIT_VULN,10707.648443015643,10710.490832581632,2.842389565988924,36,e5ccb476-1fc7-4029-82cd-9b628ea2099f,None,None,1,819,15,[],None,None
EXPLOIT_VULN,10710.490832581632,10714.696850146134,4.206017564501963,36,e5ccb476-1fc7-4029-82cd-9b628ea2099f,None,None,1,820,15,[],None,None
EXPLOIT_VULN,10714.696850146134,10716.521391665627,1.8245415194924135,36,e5ccb476-1fc7-4029-82cd-9b628ea2099f,None,None,1,821,15,[],None,None
EXPLOIT_VULN,10716.521391665627,10718.222420258375,1.7010285927481164,36,e5ccb476-1fc7-4029-82cd-9b628ea2099f,None,None,1,822,15,[],network,IPShuffle
SCAN_HOST,10738.246681387864,10743.246681387864,5.0,-1,-1,None,None,0,822,15,[],None,None
ENUM_HOST,10743.246681387864,10748.246681387864,5.0,-1,-1,None,None,0,822,15,[],None,None
SCAN_PORT,10748.246681387864,10773.246681387864,25.0,15,0c4aa51a-0b8c-4175-b9e6-46cfe860e67b,None,None,6,822,15,[],None,None
EXPLOIT_VULN,10773.246681387864,10774.67588623775,1.429204849886446,15,0c4aa51a-0b8c-4175-b9e6-46cfe860e67b,None,None,6,822,15,[],None,None
EXPLOIT_VULN,10774.67588623775,10775.512212009124,0.8363257713735948,15,0c4aa51a-0b8c-4175-b9e6-46cfe860e67b,None,None,6,823,15,[],None,None
EXPLOIT_VULN,10775.512212009124,10777.898663211128,2.3864512020045368,15,0c4aa51a-0b8c-4175-b9e6-46cfe860e67b,None,None,6,824,15,[],None,None
EXPLOIT_VULN,10777.898663211128,10779.342733814688,1.4440706035602489,15,0c4aa51a-0b8c-4175-b9e6-46cfe860e67b,None,None,6,825,15,[],None,None
EXPLOIT_VULN,10779.342733814688,10780.618286347044,1.2755525323555048,15,0c4aa51a-0b8c-4175-b9e6-46cfe860e67b,None,None,6,826,15,[],None,None
EXPLOIT_VULN,10780.618286347044,10782.507947258551,1.8896609115072351,15,0c4aa51a-0b8c-4175-b9e6-46cfe860e67b,None,None,6,827,15,[],None,None
EXPLOIT_VULN,10782.507947258551,10784.707683092143,2.199735833592058,15,0c4aa51a-0b8c-4175-b9e6-46cfe860e67b,None,None,6,828,15,[],None,None
EXPLOIT_VULN,10784.707683092143,10789.067698313585,4.360015221442154,15,0c4aa51a-0b8c-4175-b9e6-46cfe860e67b,None,None,6,829,15,[],None,None
EXPLOIT_VULN,10789.067698313585,10794.952543215977,5.8848449023917055,15,0c4aa51a-0b8c-4175-b9e6-46cfe860e67b,None,None,6,830,15,[],None,None
EXPLOIT_VULN,10794.952543215977,10802.201143366166,7.248600150189304,15,0c4aa51a-0b8c-4175-b9e6-46cfe860e67b,None,None,6,831,15,[],None,None
EXPLOIT_VULN,10802.201143366166,10805.19297624921,2.9918328830426617,15,0c4aa51a-0b8c-4175-b9e6-46cfe860e67b,None,None,6,832,15,[],None,None
EXPLOIT_VULN,10805.19297624921,10813.327645499301,8.134669250091974,15,0c4aa51a-0b8c-4175-b9e6-46cfe860e67b,None,None,6,833,15,[],None,None
EXPLOIT_VULN,10813.327645499301,10817.280823877374,3.953178378073062,15,0c4aa51a-0b8c-4175-b9e6-46cfe860e67b,None,None,6,834,15,[],None,None
EXPLOIT_VULN,10817.280823877374,10823.059922219489,5.779098342114594,15,0c4aa51a-0b8c-4175-b9e6-46cfe860e67b,None,None,6,835,15,[],None,None
EXPLOIT_VULN,10823.059922219489,10823.909594488872,0.8496722693835181,15,0c4aa51a-0b8c-4175-b9e6-46cfe860e67b,None,None,6,836,15,[],None,None
EXPLOIT_VULN,10823.909594488872,10834.346502898294,10.436908409421449,15,0c4aa51a-0b8c-4175-b9e6-46cfe860e67b,None,None,6,837,15,[],None,None
EXPLOIT_VULN,10834.346502898294,10842.400514481438,8.05401158314453,15,0c4aa51a-0b8c-4175-b9e6-46cfe860e67b,None,None,6,838,15,[],None,None
EXPLOIT_VULN,10842.400514481438,10848.2395551613,5.839040679862592,15,0c4aa51a-0b8c-4175-b9e6-46cfe860e67b,None,None,6,839,15,[],None,None
EXPLOIT_VULN,10848.2395551613,10852.915219374983,4.675664213682467,15,0c4aa51a-0b8c-4175-b9e6-46cfe860e67b,None,None,6,840,15,[],None,None
EXPLOIT_VULN,10852.915219374983,10859.77979137622,6.86457200123732,15,0c4aa51a-0b8c-4175-b9e6-46cfe860e67b,None,None,6,841,15,[],None,None
EXPLOIT_VULN,10859.77979137622,10865.154929142123,5.375137765902764,15,0c4aa51a-0b8c-4175-b9e6-46cfe860e67b,None,None,6,842,15,[],None,None
EXPLOIT_VULN,10865.154929142123,10870.901825911737,5.7468967696131585,15,0c4aa51a-0b8c-4175-b9e6-46cfe860e67b,None,None,6,843,15,[],None,None
EXPLOIT_VULN,10870.901825911737,10876.915416960523,6.013591048786111,15,0c4aa51a-0b8c-4175-b9e6-46cfe860e67b,None,None,6,844,15,[],None,None
EXPLOIT_VULN,10876.915416960523,10883.790780030873,6.875363070350431,15,0c4aa51a-0b8c-4175-b9e6-46cfe860e67b,None,None,6,845,15,[],None,None
EXPLOIT_VULN,10883.790780030873,10890.629156456569,6.838376425695969,15,0c4aa51a-0b8c-4175-b9e6-46cfe860e67b,None,None,6,846,15,[],None,None
EXPLOIT_VULN,10890.629156456569,10898.666997040542,8.037840583972866,15,0c4aa51a-0b8c-4175-b9e6-46cfe860e67b,None,None,6,847,15,[],None,None
EXPLOIT_VULN,10898.666997040542,10919.550056398715,20.88305935817334,15,0c4aa51a-0b8c-4175-b9e6-46cfe860e67b,None,None,6,848,15,[],None,None
EXPLOIT_VULN,10919.550056398715,10926.054435122438,6.504378723722766,15,0c4aa51a-0b8c-4175-b9e6-46cfe860e67b,None,None,6,849,15,[],None,None
EXPLOIT_VULN,10926.054435122438,10932.920575388005,6.866140265567083,15,0c4aa51a-0b8c-4175-b9e6-46cfe860e67b,None,None,6,850,15,[],None,None
EXPLOIT_VULN,10932.920575388005,10954.990849816244,22.070274428238918,15,0c4aa51a-0b8c-4175-b9e6-46cfe860e67b,None,None,6,851,15,[],None,None
EXPLOIT_VULN,10954.990849816244,10971.835308501339,16.84445868509465,15,0c4aa51a-0b8c-4175-b9e6-46cfe860e67b,None,None,6,852,15,[],None,None
EXPLOIT_VULN,10971.835308501339,10991.40385244229,19.568543940951713,15,0c4aa51a-0b8c-4175-b9e6-46cfe860e67b,None,None,6,853,15,[],None,None
EXPLOIT_VULN,10991.40385244229,10996.220617377157,4.816764934867024,15,0c4aa51a-0b8c-4175-b9e6-46cfe860e67b,None,None,6,854,15,[],None,None
EXPLOIT_VULN,10996.220617377157,11003.460261842494,7.2396444653368235,15,0c4aa51a-0b8c-4175-b9e6-46cfe860e67b,None,None,6,855,15,[],None,None
EXPLOIT_VULN,11003.460261842494,11012.394446476275,8.934184633781115,15,0c4aa51a-0b8c-4175-b9e6-46cfe860e67b,None,None,6,856,15,[],None,None
EXPLOIT_VULN,11012.394446476275,11015.651721117043,3.2572746407677187,15,0c4aa51a-0b8c-4175-b9e6-46cfe860e67b,None,None,6,857,15,[],None,None
EXPLOIT_VULN,11015.651721117043,11025.49340289209,9.841681775047618,15,0c4aa51a-0b8c-4175-b9e6-46cfe860e67b,None,None,6,858,15,[],None,None
BRUTE_FORCE,11025.49340289209,11045.49340289209,20.0,15,0c4aa51a-0b8c-4175-b9e6-46cfe860e67b,None,None,6,859,15,[],None,None
ENUM_HOST,11045.49340289209,11050.49340289209,5.0,15,0c4aa51a-0b8c-4175-b9e6-46cfe860e67b,None,None,6,859,15,[],None,None
SCAN_PORT,11050.49340289209,11075.49340289209,25.0,19,eea481d8-8c5c-4850-a73c-b4bde9c39251,None,None,6,859,15,[],None,None
EXPLOIT_VULN,11075.49340289209,11076.314886159484,0.8214832673929777,19,eea481d8-8c5c-4850-a73c-b4bde9c39251,None,None,6,859,15,[],None,None
EXPLOIT_VULN,11076.314886159484,11079.964729565616,3.649843406132277,19,eea481d8-8c5c-4850-a73c-b4bde9c39251,None,None,6,860,15,[],None,None
EXPLOIT_VULN,11079.964729565616,11085.770331441641,5.805601876025321,19,eea481d8-8c5c-4850-a73c-b4bde9c39251,None,None,6,861,15,[],None,None
EXPLOIT_VULN,11085.770331441641,11089.742862531732,3.9725310900903423,19,eea481d8-8c5c-4850-a73c-b4bde9c39251,None,None,6,862,15,[],None,None
EXPLOIT_VULN,11089.742862531732,11094.042170504908,4.2993079731768375,19,eea481d8-8c5c-4850-a73c-b4bde9c39251,None,None,6,863,15,[],None,None
EXPLOIT_VULN,11094.042170504908,11102.73971541309,8.697544908181953,19,eea481d8-8c5c-4850-a73c-b4bde9c39251,None,None,6,864,15,[],None,None
EXPLOIT_VULN,11102.73971541309,11108.419009612138,5.679294199047945,19,eea481d8-8c5c-4850-a73c-b4bde9c39251,None,None,6,865,15,[],None,None
EXPLOIT_VULN,11108.419009612138,11121.553705426237,13.13469581409845,19,eea481d8-8c5c-4850-a73c-b4bde9c39251,None,None,6,866,15,[],None,None
EXPLOIT_VULN,11121.553705426237,11138.463319085831,16.90961365959447,19,eea481d8-8c5c-4850-a73c-b4bde9c39251,None,None,6,867,15,[],None,None
EXPLOIT_VULN,11138.463319085831,11155.65601801591,17.192698930079132,19,eea481d8-8c5c-4850-a73c-b4bde9c39251,None,None,6,868,15,[],None,None
EXPLOIT_VULN,11155.65601801591,11176.1380707256,20.482052709689015,19,eea481d8-8c5c-4850-a73c-b4bde9c39251,None,None,6,869,15,[],None,None
EXPLOIT_VULN,11176.1380707256,11181.406102557488,5.268031831888948,19,eea481d8-8c5c-4850-a73c-b4bde9c39251,None,None,6,870,15,[],None,None
EXPLOIT_VULN,11181.406102557488,11197.870332266413,16.464229708924904,19,eea481d8-8c5c-4850-a73c-b4bde9c39251,None,None,6,871,15,[],None,None
EXPLOIT_VULN,11197.870332266413,11201.703231391859,3.8328991254456923,19,eea481d8-8c5c-4850-a73c-b4bde9c39251,None,None,6,872,15,[],None,None
EXPLOIT_VULN,11201.703231391859,11204.835492801447,3.1322614095879544,19,eea481d8-8c5c-4850-a73c-b4bde9c39251,None,None,6,873,15,[],None,None
BRUTE_FORCE,11204.835492801447,11224.835492801447,20.0,19,eea481d8-8c5c-4850-a73c-b4bde9c39251,None,None,6,874,15,[],None,None
ENUM_HOST,11224.835492801447,11229.835492801447,5.0,19,eea481d8-8c5c-4850-a73c-b4bde9c39251,None,None,6,874,15,[],None,None
SCAN_PORT,11229.835492801447,11254.835492801447,25.0,21,9a4e2b3a-b3b0-4046-8409-c616777e42f8,None,None,2,874,15,[],None,None
EXPLOIT_VULN,11254.835492801447,11255.070310465455,0.23481766400800552,21,9a4e2b3a-b3b0-4046-8409-c616777e42f8,None,None,2,874,15,[],None,None
EXPLOIT_VULN,11255.070310465455,11257.273929875524,2.203619410069223,21,9a4e2b3a-b3b0-4046-8409-c616777e42f8,None,None,2,875,15,[],None,None
EXPLOIT_VULN,11257.273929875524,11258.683532489948,1.4096026144234202,21,9a4e2b3a-b3b0-4046-8409-c616777e42f8,None,None,2,876,15,[],None,None
EXPLOIT_VULN,11258.683532489948,11262.485630617808,3.8020981278605177,21,9a4e2b3a-b3b0-4046-8409-c616777e42f8,None,None,2,877,15,[],None,None
EXPLOIT_VULN,11262.485630617808,11269.929303592542,7.443672974734,21,9a4e2b3a-b3b0-4046-8409-c616777e42f8,None,None,2,878,15,[],None,None
EXPLOIT_VULN,11269.929303592542,11274.974449730544,5.045146138001655,21,9a4e2b3a-b3b0-4046-8409-c616777e42f8,None,None,2,879,15,[],None,None
EXPLOIT_VULN,11274.974449730544,11282.857210797474,7.88276106693047,21,9a4e2b3a-b3b0-4046-8409-c616777e42f8,None,None,2,880,15,[],None,None
EXPLOIT_VULN,11282.857210797474,11287.953156648402,5.095945850927819,21,9a4e2b3a-b3b0-4046-8409-c616777e42f8,None,None,2,881,15,[],application,OSDiversity
SCAN_PORT,11308.304308258423,11318.225710405666,9.921402147243498,21,9a4e2b3a-b3b0-4046-8409-c616777e42f8,None,None,2,881,15,[],network,CompleteTopologyShuffle
SCAN_HOST,11338.555017874312,11343.555017874312,5.0,-1,-1,None,None,0,881,15,[],None,None
ENUM_HOST,11343.555017874312,11348.555017874312,5.0,-1,-1,None,None,0,881,15,[],None,None
SCAN_PORT,11348.555017874312,11358.047856981178,9.492839106866086,19,eea481d8-8c5c-4850-a73c-b4bde9c39251,None,None,7,881,15,[],application,ServiceDiversity
SCAN_PORT,11378.844440539142,11403.844440539142,25.0,19,eea481d8-8c5c-4850-a73c-b4bde9c39251,None,None,7,881,15,[],None,None
EXPLOIT_VULN,11403.844440539142,11405.956611495565,2.1121709564231423,19,eea481d8-8c5c-4850-a73c-b4bde9c39251,None,None,7,881,15,[],None,None
EXPLOIT_VULN,11405.956611495565,11409.54033075552,3.5837192599556147,19,eea481d8-8c5c-4850-a73c-b4bde9c39251,None,None,7,882,15,[],None,None
EXPLOIT_VULN,11409.54033075552,11413.365505937567,3.825175182046223,19,eea481d8-8c5c-4850-a73c-b4bde9c39251,None,None,7,883,15,[],None,None
EXPLOIT_VULN,11413.365505937567,11418.711131383307,5.345625445739643,19,eea481d8-8c5c-4850-a73c-b4bde9c39251,None,None,7,884,15,[],None,None
EXPLOIT_VULN,11418.711131383307,11419.211433718678,0.5003023353710887,19,eea481d8-8c5c-4850-a73c-b4bde9c39251,None,None,7,885,15,[],network,IPShuffle
SCAN_HOST,11439.626082053972,11444.626082053972,5.0,-1,-1,None,None,0,885,15,[],None,None
ENUM_HOST,11444.626082053972,11449.626082053972,5.0,-1,-1,None,None,0,885,15,[],None,None
SCAN_PORT,11449.626082053972,11474.626082053972,25.0,19,eea481d8-8c5c-4850-a73c-b4bde9c39251,None,None,8,885,15,[],None,None
EXPLOIT_VULN,11474.626082053972,11475.933065885356,1.3069838313840592,19,eea481d8-8c5c-4850-a73c-b4bde9c39251,None,None,8,885,15,[],None,None
EXPLOIT_VULN,11475.933065885356,11478.234706876621,2.3016409912652307,19,eea481d8-8c5c-4850-a73c-b4bde9c39251,None,None,8,886,15,[],None,None
EXPLOIT_VULN,11478.234706876621,11483.585471419587,5.350764542965408,19,eea481d8-8c5c-4850-a73c-b4bde9c39251,None,None,8,887,15,[],None,None
EXPLOIT_VULN,11483.585471419587,11486.64205841527,3.0565869956826646,19,eea481d8-8c5c-4850-a73c-b4bde9c39251,None,None,8,888,15,[],None,None
EXPLOIT_VULN,11486.64205841527,11490.53939961072,3.897341195450281,19,eea481d8-8c5c-4850-a73c-b4bde9c39251,None,None,8,889,15,[],None,None
EXPLOIT_VULN,11490.53939961072,11495.217798964935,4.678399354215799,19,eea481d8-8c5c-4850-a73c-b4bde9c39251,None,None,8,890,15,[],None,None
EXPLOIT_VULN,11495.217798964935,11501.841391320699,6.623592355763321,19,eea481d8-8c5c-4850-a73c-b4bde9c39251,None,None,8,891,15,[],None,None
EXPLOIT_VULN,11501.841391320699,11511.023440253966,9.182048933267652,19,eea481d8-8c5c-4850-a73c-b4bde9c39251,None,None,8,892,15,[],None,None
EXPLOIT_VULN,11511.023440253966,11517.881997269096,6.858557015129918,19,eea481d8-8c5c-4850-a73c-b4bde9c39251,None,None,8,893,15,[],None,None
EXPLOIT_VULN,11517.881997269096,11534.566436056302,16.68443878720609,19,eea481d8-8c5c-4850-a73c-b4bde9c39251,None,None,8,894,15,[],None,None
EXPLOIT_VULN,11534.566436056302,11550.746466715276,16.18003065897392,19,eea481d8-8c5c-4850-a73c-b4bde9c39251,None,None,8,895,15,[],None,None
EXPLOIT_VULN,11550.746466715276,11558.136734550671,7.390267835395207,19,eea481d8-8c5c-4850-a73c-b4bde9c39251,None,None,8,896,15,[],None,None
EXPLOIT_VULN,11558.136734550671,11567.326162901156,9.189428350484377,19,eea481d8-8c5c-4850-a73c-b4bde9c39251,None,None,8,897,15,[],None,None
EXPLOIT_VULN,11567.326162901156,11568.120722212114,0.7945593109579931,19,eea481d8-8c5c-4850-a73c-b4bde9c39251,19,eea481d8-8c5c-4850-a73c-b4bde9c39251,8,898,15,"['Maureen', 'Sibella']",None,None
SCAN_NEIGHBOR,11568.120722212114,11573.120722212114,5.0,19,eea481d8-8c5c-4850-a73c-b4bde9c39251,None,None,8,899,16,[],None,None
ENUM_HOST,11573.120722212114,11578.120722212114,5.0,19,eea481d8-8c5c-4850-a73c-b4bde9c39251,None,None,8,899,16,[],None,None
ENUM_HOST,11578.120722212114,11583.120722212114,5.0,18,0e1965b7-58a3-4660-92a6-422c5c49cf70,None,None,5,899,16,[],None,None
SCAN_PORT,11583.120722212114,11608.120722212114,25.0,26,39be024e-1617-4936-85db-d192be03a098,26,39be024e-1617-4936-85db-d192be03a098,1,899,16,"['Ealasaid', 'Zelma']",None,None
SCAN_NEIGHBOR,11608.120722212114,11613.120722212114,5.0,26,39be024e-1617-4936-85db-d192be03a098,None,None,1,899,17,[],None,None
ENUM_HOST,11613.120722212114,11618.120722212114,5.0,26,39be024e-1617-4936-85db-d192be03a098,None,None,1,899,17,[],None,None
SCAN_PORT,11618.120722212114,11643.120722212114,25.0,17,464c921a-4723-4171-a9ab-c807ce9b91c6,None,None,2,899,17,[],None,None
EXPLOIT_VULN,11643.120722212114,11643.38379398332,0.263071771205432,17,464c921a-4723-4171-a9ab-c807ce9b91c6,None,None,2,899,17,[],None,None
EXPLOIT_VULN,11643.38379398332,11644.039871841827,0.6560778585080698,17,464c921a-4723-4171-a9ab-c807ce9b91c6,None,None,2,900,17,[],None,None
EXPLOIT_VULN,11644.039871841827,11644.688500176211,0.6486283343838295,17,464c921a-4723-4171-a9ab-c807ce9b91c6,None,None,2,901,17,[],None,None
EXPLOIT_VULN,11644.688500176211,11645.975659066271,1.2871588900597999,17,464c921a-4723-4171-a9ab-c807ce9b91c6,None,None,2,902,17,[],None,None
EXPLOIT_VULN,11645.975659066271,11647.297330296238,1.3216712299672508,17,464c921a-4723-4171-a9ab-c807ce9b91c6,None,None,2,903,17,[],None,None
EXPLOIT_VULN,11647.297330296238,11649.26625486451,1.9689245682711771,17,464c921a-4723-4171-a9ab-c807ce9b91c6,None,None,2,904,17,[],None,None
EXPLOIT_VULN,11649.26625486451,11654.730046139717,5.463791275207768,17,464c921a-4723-4171-a9ab-c807ce9b91c6,None,None,2,905,17,[],None,None
EXPLOIT_VULN,11654.730046139717,11657.695331969267,2.9652858295503393,17,464c921a-4723-4171-a9ab-c807ce9b91c6,None,None,2,906,17,[],None,None
EXPLOIT_VULN,11657.695331969267,11659.523662266065,1.8283302967975033,17,464c921a-4723-4171-a9ab-c807ce9b91c6,None,None,2,907,17,[],None,None
EXPLOIT_VULN,11659.523662266065,11663.245873499147,3.7222112330819073,17,464c921a-4723-4171-a9ab-c807ce9b91c6,None,None,2,908,17,[],None,None
EXPLOIT_VULN,11663.245873499147,11667.147463117157,3.9015896180098935,17,464c921a-4723-4171-a9ab-c807ce9b91c6,None,None,2,909,17,[],None,None
EXPLOIT_VULN,11667.147463117157,11670.712783268273,3.565320151115884,17,464c921a-4723-4171-a9ab-c807ce9b91c6,None,None,2,910,17,[],None,None
EXPLOIT_VULN,11670.712783268273,11673.345010917117,2.6322276488444913,17,464c921a-4723-4171-a9ab-c807ce9b91c6,None,None,2,911,17,[],None,None
EXPLOIT_VULN,11673.345010917117,11683.330972277829,9.985961360711372,17,464c921a-4723-4171-a9ab-c807ce9b91c6,None,None,2,912,17,[],None,None
EXPLOIT_VULN,11683.330972277829,11684.53602819127,1.2050559134422656,17,464c921a-4723-4171-a9ab-c807ce9b91c6,None,None,2,913,17,[],None,None
EXPLOIT_VULN,11684.53602819127,11687.525901303366,2.9898731120956654,17,464c921a-4723-4171-a9ab-c807ce9b91c6,None,None,2,914,17,[],None,None
EXPLOIT_VULN,11687.525901303366,11692.146590824315,4.620689520948872,17,464c921a-4723-4171-a9ab-c807ce9b91c6,None,None,2,915,17,[],None,None
EXPLOIT_VULN,11692.146590824315,11698.263220317698,6.1166294933827885,17,464c921a-4723-4171-a9ab-c807ce9b91c6,None,None,2,916,17,[],None,None
EXPLOIT_VULN,11698.263220317698,11709.210413294451,10.947192976753286,17,464c921a-4723-4171-a9ab-c807ce9b91c6,None,None,2,917,17,[],None,None
EXPLOIT_VULN,11709.210413294451,11723.17842234719,13.968009052738125,17,464c921a-4723-4171-a9ab-c807ce9b91c6,None,None,2,918,17,[],None,None
EXPLOIT_VULN,11723.17842234719,11737.242272577323,14.06385023013354,17,464c921a-4723-4171-a9ab-c807ce9b91c6,None,None,2,919,17,[],None,None
EXPLOIT_VULN,11737.242272577323,11741.032546749611,3.790274172288264,17,464c921a-4723-4171-a9ab-c807ce9b91c6,None,None,2,920,17,[],None,None
EXPLOIT_VULN,11741.032546749611,11746.119963632074,5.087416882463003,17,464c921a-4723-4171-a9ab-c807ce9b91c6,None,None,2,921,17,[],None,None
EXPLOIT_VULN,11746.119963632074,11748.830040475237,2.710076843162824,17,464c921a-4723-4171-a9ab-c807ce9b91c6,None,None,2,922,17,[],None,None
EXPLOIT_VULN,11748.830040475237,11764.53560164447,15.705561169232169,17,464c921a-4723-4171-a9ab-c807ce9b91c6,None,None,2,923,17,[],None,None
EXPLOIT_VULN,11764.53560164447,11770.78467135965,6.249069715180667,17,464c921a-4723-4171-a9ab-c807ce9b91c6,None,None,2,924,17,[],None,None
EXPLOIT_VULN,11770.78467135965,11772.859297858617,2.074626498966609,17,464c921a-4723-4171-a9ab-c807ce9b91c6,None,None,2,925,17,[],None,None
EXPLOIT_VULN,11772.859297858617,11782.063383558889,9.204085700272117,17,464c921a-4723-4171-a9ab-c807ce9b91c6,None,None,2,926,17,[],None,None
EXPLOIT_VULN,11782.063383558889,11792.776653828048,10.713270269159693,17,464c921a-4723-4171-a9ab-c807ce9b91c6,None,None,2,927,17,[],None,None
EXPLOIT_VULN,11792.776653828048,11815.088548952723,22.311895124674265,17,464c921a-4723-4171-a9ab-c807ce9b91c6,None,None,2,928,17,[],None,None
EXPLOIT_VULN,11815.088548952723,11816.815667261286,1.7271183085631492,17,464c921a-4723-4171-a9ab-c807ce9b91c6,None,None,2,929,17,[],None,None
EXPLOIT_VULN,11816.815667261286,11820.913443488284,4.0977762269976665,17,464c921a-4723-4171-a9ab-c807ce9b91c6,None,None,2,930,17,[],None,None
EXPLOIT_VULN,11820.913443488284,11828.85293199813,7.939488509846342,17,464c921a-4723-4171-a9ab-c807ce9b91c6,None,None,2,931,17,[],None,None
EXPLOIT_VULN,11828.85293199813,11850.040960129656,21.188028131526153,17,464c921a-4723-4171-a9ab-c807ce9b91c6,None,None,2,932,17,[],None,None
EXPLOIT_VULN,11850.040960129656,11858.941120131287,8.900160001630866,17,464c921a-4723-4171-a9ab-c807ce9b91c6,None,None,2,933,17,[],None,None
EXPLOIT_VULN,11858.941120131287,11881.432130431234,22.491010299947447,17,464c921a-4723-4171-a9ab-c807ce9b91c6,None,None,2,934,17,[],None,None
EXPLOIT_VULN,11881.432130431234,11884.022034011885,2.589903580650571,17,464c921a-4723-4171-a9ab-c807ce9b91c6,None,None,2,935,17,[],None,None
EXPLOIT_VULN,11884.022034011885,11893.726861543277,9.704827531391857,17,464c921a-4723-4171-a9ab-c807ce9b91c6,None,None,2,936,17,[],None,None
EXPLOIT_VULN,11893.726861543277,11903.891299757433,10.16443821415669,17,464c921a-4723-4171-a9ab-c807ce9b91c6,17,464c921a-4723-4171-a9ab-c807ce9b91c6,2,937,17,['Deina'],None,None
SCAN_NEIGHBOR,11903.891299757433,11908.891299757433,5.0,17,464c921a-4723-4171-a9ab-c807ce9b91c6,None,None,2,938,18,[],None,None
ENUM_HOST,11908.891299757433,11913.891299757433,5.0,17,464c921a-4723-4171-a9ab-c807ce9b91c6,None,None,2,938,18,[],None,None
ENUM_HOST,11913.891299757433,11918.891299757433,5.0,14,5806c1d4-c777-495b-9548-7ff2a79d09b0,None,None,5,938,18,[],None,None
SCAN_PORT,11918.891299757433,11943.891299757433,25.0,15,0c4aa51a-0b8c-4175-b9e6-46cfe860e67b,None,None,7,938,18,[],None,None
EXPLOIT_VULN,11943.891299757433,11944.298830889944,0.4075311325104849,15,0c4aa51a-0b8c-4175-b9e6-46cfe860e67b,None,None,7,938,18,[],None,None
EXPLOIT_VULN,11944.298830889944,11945.356601016914,1.0577701269703539,15,0c4aa51a-0b8c-4175-b9e6-46cfe860e67b,None,None,7,939,18,[],None,None
EXPLOIT_VULN,11945.356601016914,11948.75924413697,3.402643120056382,15,0c4aa51a-0b8c-4175-b9e6-46cfe860e67b,None,None,7,940,18,[],None,None
EXPLOIT_VULN,11948.75924413697,11951.365378395856,2.606134258885504,15,0c4aa51a-0b8c-4175-b9e6-46cfe860e67b,None,None,7,941,18,[],None,None
EXPLOIT_VULN,11951.365378395856,11953.54056376029,2.175185364434583,15,0c4aa51a-0b8c-4175-b9e6-46cfe860e67b,None,None,7,942,18,[],None,None
EXPLOIT_VULN,11953.54056376029,11954.911391780583,1.3708280202918104,15,0c4aa51a-0b8c-4175-b9e6-46cfe860e67b,None,None,7,943,18,[],None,None
EXPLOIT_VULN,11954.911391780583,11957.222388559589,2.310996779006018,15,0c4aa51a-0b8c-4175-b9e6-46cfe860e67b,None,None,7,944,18,[],None,None
EXPLOIT_VULN,11957.222388559589,11961.412502206564,4.190113646975078,15,0c4aa51a-0b8c-4175-b9e6-46cfe860e67b,None,None,7,945,18,[],None,None
EXPLOIT_VULN,11961.412502206564,11961.972029421138,0.5595272145747003,15,0c4aa51a-0b8c-4175-b9e6-46cfe860e67b,None,None,7,946,18,[],None,None
EXPLOIT_VULN,11961.972029421138,11962.582596710155,0.6105672890171263,15,0c4aa51a-0b8c-4175-b9e6-46cfe860e67b,None,None,7,947,18,[],None,None
EXPLOIT_VULN,11962.582596710155,11967.57979201894,4.997195308784285,15,0c4aa51a-0b8c-4175-b9e6-46cfe860e67b,None,None,7,948,18,[],None,None
EXPLOIT_VULN,11967.57979201894,11971.812578779538,4.232786760598174,15,0c4aa51a-0b8c-4175-b9e6-46cfe860e67b,None,None,7,949,18,[],None,None
EXPLOIT_VULN,11971.812578779538,11977.018461890952,5.205883111413641,15,0c4aa51a-0b8c-4175-b9e6-46cfe860e67b,None,None,7,950,18,[],None,None
EXPLOIT_VULN,11977.018461890952,11979.231432840392,2.212970949440205,15,0c4aa51a-0b8c-4175-b9e6-46cfe860e67b,None,None,7,951,18,[],None,None
EXPLOIT_VULN,11979.231432840392,11980.622313303258,1.3908804628663347,15,0c4aa51a-0b8c-4175-b9e6-46cfe860e67b,None,None,7,952,18,[],None,None
EXPLOIT_VULN,11980.622313303258,11983.146260420424,2.5239471171662444,15,0c4aa51a-0b8c-4175-b9e6-46cfe860e67b,None,None,7,953,18,[],None,None
EXPLOIT_VULN,11983.146260420424,11986.768072106108,3.6218116856834968,15,0c4aa51a-0b8c-4175-b9e6-46cfe860e67b,None,None,7,954,18,[],None,None
EXPLOIT_VULN,11986.768072106108,11990.053246651622,3.285174545513655,15,0c4aa51a-0b8c-4175-b9e6-46cfe860e67b,None,None,7,955,18,[],application,OSDiversity
SCAN_PORT,12011.21423082051,12018.117436744786,6.903205924276335,15,0c4aa51a-0b8c-4175-b9e6-46cfe860e67b,None,None,7,955,18,[],network,CompleteTopologyShuffle
SCAN_HOST,12038.145917763592,12043.145917763592,5.0,-1,-1,None,None,0,955,18,[],None,None
ENUM_HOST,12043.145917763592,12048.145917763592,5.0,-1,-1,None,None,0,955,18,[],None,None
SCAN_PORT,12048.145917763592,12060.824841736712,12.678923973120618,5,a47f754e-28a2-442b-ac11-33ff7dc1ad7f,None,None,9,955,18,[],application,ServiceDiversity
SCAN_PORT,12081.335661267474,12106.335661267474,25.0,5,a47f754e-28a2-442b-ac11-33ff7dc1ad7f,None,None,9,955,18,[],None,None
EXPLOIT_VULN,12106.335661267474,12108.09031665048,1.754655383005229,5,a47f754e-28a2-442b-ac11-33ff7dc1ad7f,None,None,9,955,18,[],None,None
EXPLOIT_VULN,12108.09031665048,12109.460337171404,1.3700205209242995,5,a47f754e-28a2-442b-ac11-33ff7dc1ad7f,None,None,9,956,18,[],None,None
EXPLOIT_VULN,12109.460337171404,12111.998340828364,2.538003656960427,5,a47f754e-28a2-442b-ac11-33ff7dc1ad7f,None,None,9,957,18,[],None,None
EXPLOIT_VULN,12111.998340828364,12115.483755333125,3.4854145047611382,5,a47f754e-28a2-442b-ac11-33ff7dc1ad7f,None,None,9,958,18,[],None,None
EXPLOIT_VULN,12115.483755333125,12119.07504012832,3.5912847951949516,5,a47f754e-28a2-442b-ac11-33ff7dc1ad7f,None,None,9,959,18,[],network,IPShuffle
SCAN_HOST,12140.165615258087,12145.165615258087,5.0,-1,-1,None,None,0,959,18,[],None,None
ENUM_HOST,12145.165615258087,12150.165615258087,5.0,-1,-1,None,None,0,959,18,[],None,None
SCAN_PORT,12150.165615258087,12175.165615258087,25.0,5,a47f754e-28a2-442b-ac11-33ff7dc1ad7f,None,None,10,959,18,[],None,None
EXPLOIT_VULN,12175.165615258087,12175.552192826819,0.38657756873180915,5,a47f754e-28a2-442b-ac11-33ff7dc1ad7f,None,None,10,959,18,[],None,None
EXPLOIT_VULN,12175.552192826819,12176.67708210412,1.124889277300099,5,a47f754e-28a2-442b-ac11-33ff7dc1ad7f,None,None,10,960,18,[],None,None
EXPLOIT_VULN,12176.67708210412,12178.349283107054,1.6722010029352532,5,a47f754e-28a2-442b-ac11-33ff7dc1ad7f,None,None,10,961,18,[],None,None
EXPLOIT_VULN,12178.349283107054,12181.012839438266,2.663556331212021,5,a47f754e-28a2-442b-ac11-33ff7dc1ad7f,None,None,10,962,18,[],None,None
EXPLOIT_VULN,12181.012839438266,12184.844314576187,3.831475137920279,5,a47f754e-28a2-442b-ac11-33ff7dc1ad7f,None,None,10,963,18,[],None,None
EXPLOIT_VULN,12184.844314576187,12191.909898435328,7.065583859141043,5,a47f754e-28a2-442b-ac11-33ff7dc1ad7f,None,None,10,964,18,[],None,None
EXPLOIT_VULN,12191.909898435328,12194.691077028097,2.78117859276972,5,a47f754e-28a2-442b-ac11-33ff7dc1ad7f,None,None,10,965,18,[],None,None
EXPLOIT_VULN,12194.691077028097,12204.939885070844,10.248808042746532,5,a47f754e-28a2-442b-ac11-33ff7dc1ad7f,None,None,10,966,18,[],None,None
EXPLOIT_VULN,12204.939885070844,12214.549523703417,9.609638632573478,5,a47f754e-28a2-442b-ac11-33ff7dc1ad7f,None,None,10,967,18,[],None,None
EXPLOIT_VULN,12214.549523703417,12215.959885559736,1.4103618563185591,5,a47f754e-28a2-442b-ac11-33ff7dc1ad7f,None,None,10,968,18,[],None,None
EXPLOIT_VULN,12215.959885559736,12218.413714768665,2.4538292089291645,5,a47f754e-28a2-442b-ac11-33ff7dc1ad7f,None,None,10,969,18,[],None,None
EXPLOIT_VULN,12218.413714768665,12224.07723017466,5.6635154059949855,5,a47f754e-28a2-442b-ac11-33ff7dc1ad7f,None,None,10,970,18,[],None,None
EXPLOIT_VULN,12224.07723017466,12241.11466835953,17.037438184870553,5,a47f754e-28a2-442b-ac11-33ff7dc1ad7f,None,None,10,971,18,[],None,None
EXPLOIT_VULN,12241.11466835953,12250.842130396637,9.727462037106307,5,a47f754e-28a2-442b-ac11-33ff7dc1ad7f,None,None,10,972,18,[],None,None
EXPLOIT_VULN,12250.842130396637,12263.753376086039,12.911245689401767,5,a47f754e-28a2-442b-ac11-33ff7dc1ad7f,None,None,10,973,18,[],None,None
EXPLOIT_VULN,12263.753376086039,12280.301990651493,16.548614565454045,5,a47f754e-28a2-442b-ac11-33ff7dc1ad7f,None,None,10,974,18,[],None,None
EXPLOIT_VULN,12280.301990651493,12295.958656796409,15.656666144916016,5,a47f754e-28a2-442b-ac11-33ff7dc1ad7f,None,None,10,975,18,[],None,None
EXPLOIT_VULN,12295.958656796409,12302.586162979356,6.6275061829474,5,a47f754e-28a2-442b-ac11-33ff7dc1ad7f,None,None,10,976,18,[],None,None
EXPLOIT_VULN,12302.586162979356,12322.507423158559,19.921260179202363,5,a47f754e-28a2-442b-ac11-33ff7dc1ad7f,None,None,10,977,18,[],None,None
EXPLOIT_VULN,12322.507423158559,12332.413068062151,9.905644903592474,5,a47f754e-28a2-442b-ac11-33ff7dc1ad7f,None,None,10,978,18,[],None,None
EXPLOIT_VULN,12332.413068062151,12339.77098053986,7.35791247770976,5,a47f754e-28a2-442b-ac11-33ff7dc1ad7f,None,None,10,979,18,[],None,None
EXPLOIT_VULN,12339.77098053986,12349.336818867832,9.565838327971505,5,a47f754e-28a2-442b-ac11-33ff7dc1ad7f,None,None,10,980,18,[],None,None
EXPLOIT_VULN,12349.336818867832,12356.016010371311,6.67919150347916,5,a47f754e-28a2-442b-ac11-33ff7dc1ad7f,None,None,10,981,18,[],None,None
EXPLOIT_VULN,12356.016010371311,12358.975910300285,2.959899928973755,5,a47f754e-28a2-442b-ac11-33ff7dc1ad7f,5,a47f754e-28a2-442b-ac11-33ff7dc1ad7f,10,982,18,[],None,None
SCAN_NEIGHBOR,12358.975910300285,12363.975910300285,5.0,5,a47f754e-28a2-442b-ac11-33ff7dc1ad7f,None,None,10,983,19,[],None,None
ENUM_HOST,12363.975910300285,12368.975910300285,5.0,5,a47f754e-28a2-442b-ac11-33ff7dc1ad7f,None,None,10,983,19,[],None,None
ENUM_HOST,12368.975910300285,12373.975910300285,5.0,9,ec92a6ad-2b42-4e29-93d4-5875f42d31f0,None,None,2,983,19,[],None,None
SCAN_PORT,12373.975910300285,12398.975910300285,25.0,28,ad047b0e-c6c5-4bc8-881f-0593fcffe3e0,None,None,2,983,19,[],None,None
EXPLOIT_VULN,12398.975910300285,12400.56529495299,1.589384652705121,28,ad047b0e-c6c5-4bc8-881f-0593fcffe3e0,None,None,2,983,19,[],None,None
EXPLOIT_VULN,12400.56529495299,12401.445994632024,0.8806996790335688,28,ad047b0e-c6c5-4bc8-881f-0593fcffe3e0,None,None,2,984,19,[],None,None
EXPLOIT_VULN,12401.445994632024,12405.196026630298,3.7500319982736983,28,ad047b0e-c6c5-4bc8-881f-0593fcffe3e0,None,None,2,985,19,[],None,None
EXPLOIT_VULN,12405.196026630298,12409.224081682236,4.028055051938281,28,ad047b0e-c6c5-4bc8-881f-0593fcffe3e0,None,None,2,986,19,[],None,None
EXPLOIT_VULN,12409.224081682236,12413.066880998998,3.8427993167624663,28,ad047b0e-c6c5-4bc8-881f-0593fcffe3e0,None,None,2,987,19,[],None,None
EXPLOIT_VULN,12413.066880998998,12418.729106232973,5.662225233974823,28,ad047b0e-c6c5-4bc8-881f-0593fcffe3e0,None,None,2,988,19,[],None,None
EXPLOIT_VULN,12418.729106232973,12430.210275849096,11.481169616123225,28,ad047b0e-c6c5-4bc8-881f-0593fcffe3e0,None,None,2,989,19,[],None,None
EXPLOIT_VULN,12430.210275849096,12437.26105606125,7.050780212153768,28,ad047b0e-c6c5-4bc8-881f-0593fcffe3e0,None,None,2,990,19,[],None,None
EXPLOIT_VULN,12437.26105606125,12454.137867819549,16.876811758298572,28,ad047b0e-c6c5-4bc8-881f-0593fcffe3e0,None,None,2,991,19,[],None,None
EXPLOIT_VULN,12454.137867819549,12474.682073365355,20.544205545806108,28,ad047b0e-c6c5-4bc8-881f-0593fcffe3e0,None,None,2,992,19,[],None,None
EXPLOIT_VULN,12474.682073365355,12482.75433099036,8.072257625004568,28,ad047b0e-c6c5-4bc8-881f-0593fcffe3e0,None,None,2,993,19,[],None,None
EXPLOIT_VULN,12482.75433099036,12490.565173648678,7.810842658318506,28,ad047b0e-c6c5-4bc8-881f-0593fcffe3e0,None,None,2,994,19,[],None,None
EXPLOIT_VULN,12490.565173648678,12512.255184502741,21.690010854063075,28,ad047b0e-c6c5-4bc8-881f-0593fcffe3e0,None,None,2,995,19,[],None,None
EXPLOIT_VULN,12512.255184502741,12521.1176221877,8.862437684958422,28,ad047b0e-c6c5-4bc8-881f-0593fcffe3e0,None,None,2,996,19,[],None,None
EXPLOIT_VULN,12521.1176221877,12523.707565122319,2.5899429346191027,28,ad047b0e-c6c5-4bc8-881f-0593fcffe3e0,28,ad047b0e-c6c5-4bc8-881f-0593fcffe3e0,2,997,19,"['Susie', 'Emili']",None,None
SCAN_NEIGHBOR,12523.707565122319,12528.707565122319,5.0,28,ad047b0e-c6c5-4bc8-881f-0593fcffe3e0,None,None,2,998,20,[],None,None
ENUM_HOST,12528.707565122319,12533.707565122319,5.0,28,ad047b0e-c6c5-4bc8-881f-0593fcffe3e0,None,None,2,998,20,[],None,None
SCAN_PORT,12533.707565122319,12558.707565122319,25.0,27,0e42f9d3-ba46-4638-93a4-668443581650,None,None,1,998,20,[],None,None
EXPLOIT_VULN,12558.707565122319,12560.340460866322,1.6328957440036902,27,0e42f9d3-ba46-4638-93a4-668443581650,None,None,1,998,20,[],None,None
EXPLOIT_VULN,12560.340460866322,12561.142293237674,0.8018323713513382,27,0e42f9d3-ba46-4638-93a4-668443581650,None,None,1,999,20,[],None,None
EXPLOIT_VULN,12561.142293237674,12566.581528707135,5.439235469460982,27,0e42f9d3-ba46-4638-93a4-668443581650,None,None,1,1000,20,[],None,None
EXPLOIT_VULN,12566.581528707135,12568.325657326252,1.7441286191169638,27,0e42f9d3-ba46-4638-93a4-668443581650,None,None,1,1001,20,[],None,None
EXPLOIT_VULN,12568.325657326252,12578.53642685132,10.210769525068827,27,0e42f9d3-ba46-4638-93a4-668443581650,None,None,1,1002,20,[],None,None
EXPLOIT_VULN,12578.53642685132,12589.315953625377,10.779526774056649,27,0e42f9d3-ba46-4638-93a4-668443581650,None,None,1,1003,20,[],None,None
EXPLOIT_VULN,12589.315953625377,12598.697949251706,9.381995626328717,27,0e42f9d3-ba46-4638-93a4-668443581650,None,None,1,1004,20,[],None,None
EXPLOIT_VULN,12598.697949251706,12601.551337639174,2.8533883874679304,27,0e42f9d3-ba46-4638-93a4-668443581650,None,None,1,1005,20,[],None,None
EXPLOIT_VULN,12601.551337639174,12608.744850656285,7.1935130171114,27,0e42f9d3-ba46-4638-93a4-668443581650,None,None,1,1006,20,[],None,None
EXPLOIT_VULN,12608.744850656285,12613.738568633387,4.993717977102278,27,0e42f9d3-ba46-4638-93a4-668443581650,None,None,1,1007,20,[],None,None
EXPLOIT_VULN,12613.738568633387,12620.05430945588,6.315740822492444,27,0e42f9d3-ba46-4638-93a4-668443581650,None,None,1,1008,20,[],None,None
EXPLOIT_VULN,12620.05430945588,12622.816433124142,2.762123668262575,27,0e42f9d3-ba46-4638-93a4-668443581650,None,None,1,1009,20,[],None,None
EXPLOIT_VULN,12622.816433124142,12627.039638043538,4.223204919395357,27,0e42f9d3-ba46-4638-93a4-668443581650,None,None,1,1010,20,[],None,None
EXPLOIT_VULN,12627.039638043538,12633.984875925184,6.94523788164588,27,0e42f9d3-ba46-4638-93a4-668443581650,None,None,1,1011,20,[],None,None
EXPLOIT_VULN,12633.984875925184,12638.18364273282,4.198766807636275,27,0e42f9d3-ba46-4638-93a4-668443581650,27,0e42f9d3-ba46-4638-93a4-668443581650,1,1012,20,[],None,None
SCAN_NEIGHBOR,12638.18364273282,12643.18364273282,5.0,27,0e42f9d3-ba46-4638-93a4-668443581650,None,None,1,1013,21,[],None,None
ENUM_HOST,12643.18364273282,12648.18364273282,5.0,27,0e42f9d3-ba46-4638-93a4-668443581650,None,None,1,1013,21,[],None,None
SCAN_PORT,12648.18364273282,12673.18364273282,25.0,29,4ddaa79c-959b-4271-a344-b83a2fd65dd7,None,None,1,1013,21,[],None,None
EXPLOIT_VULN,12673.18364273282,12674.138904164956,0.9552614321364672,29,4ddaa79c-959b-4271-a344-b83a2fd65dd7,None,None,1,1013,21,[],None,None
EXPLOIT_VULN,12674.138904164956,12676.27095076508,2.132046600123431,29,4ddaa79c-959b-4271-a344-b83a2fd65dd7,None,None,1,1014,21,[],None,None
EXPLOIT_VULN,12676.27095076508,12676.52053307994,0.24958231486016302,29,4ddaa79c-959b-4271-a344-b83a2fd65dd7,None,None,1,1015,21,[],None,None
EXPLOIT_VULN,12676.52053307994,12678.674861868982,2.154328789041756,29,4ddaa79c-959b-4271-a344-b83a2fd65dd7,None,None,1,1016,21,[],None,None
EXPLOIT_VULN,12678.674861868982,12679.854291116244,1.1794292472623056,29,4ddaa79c-959b-4271-a344-b83a2fd65dd7,None,None,1,1017,21,[],None,None
EXPLOIT_VULN,12679.854291116244,12681.029869994301,1.1755788780574221,29,4ddaa79c-959b-4271-a344-b83a2fd65dd7,None,None,1,1018,21,[],None,None
EXPLOIT_VULN,12681.029869994301,12682.884088114473,1.8542181201719359,29,4ddaa79c-959b-4271-a344-b83a2fd65dd7,None,None,1,1019,21,[],None,None
EXPLOIT_VULN,12682.884088114473,12684.730598496844,1.8465103823709796,29,4ddaa79c-959b-4271-a344-b83a2fd65dd7,None,None,1,1020,21,[],None,None
EXPLOIT_VULN,12684.730598496844,12686.465072785968,1.734474289123682,29,4ddaa79c-959b-4271-a344-b83a2fd65dd7,None,None,1,1021,21,[],None,None
EXPLOIT_VULN,12686.465072785968,12687.108306150087,0.6432333641187142,29,4ddaa79c-959b-4271-a344-b83a2fd65dd7,None,None,1,1022,21,[],None,None
EXPLOIT_VULN,12687.108306150087,12688.561833774054,1.4535276239676023,29,4ddaa79c-959b-4271-a344-b83a2fd65dd7,None,None,1,1023,21,[],application,OSDiversity
SCAN_PORT,12709.637366414123,12718.31639044967,8.679024035547627,29,4ddaa79c-959b-4271-a344-b83a2fd65dd7,None,None,1,1023,21,[],network,CompleteTopologyShuffle
SCAN_HOST,12738.35357118233,12743.35357118233,5.0,-1,-1,None,None,0,1023,21,[],None,None
ENUM_HOST,12743.35357118233,12748.35357118233,5.0,-1,-1,None,None,0,1023,21,[],None,None
SCAN_PORT,12748.35357118233,12758.939303693363,10.585732511033711,21,9a4e2b3a-b3b0-4046-8409-c616777e42f8,None,None,3,1023,21,[],application,ServiceDiversity
SCAN_PORT,12779.086332796534,12804.086332796534,25.0,21,9a4e2b3a-b3b0-4046-8409-c616777e42f8,None,None,3,1023,21,[],None,None
EXPLOIT_VULN,12804.086332796534,12804.243905397325,0.157572600790445,21,9a4e2b3a-b3b0-4046-8409-c616777e42f8,None,None,3,1023,21,[],None,None
EXPLOIT_VULN,12804.243905397325,12805.793297353093,1.5493919557684421,21,9a4e2b3a-b3b0-4046-8409-c616777e42f8,None,None,3,1024,21,[],None,None
EXPLOIT_VULN,12805.793297353093,12811.456267008713,5.662969655619236,21,9a4e2b3a-b3b0-4046-8409-c616777e42f8,None,None,3,1025,21,[],None,None
EXPLOIT_VULN,12811.456267008713,12818.007879479503,6.551612470790133,21,9a4e2b3a-b3b0-4046-8409-c616777e42f8,None,None,3,1026,21,[],None,None
EXPLOIT_VULN,12818.007879479503,12818.871071419542,0.8631919400395418,21,9a4e2b3a-b3b0-4046-8409-c616777e42f8,None,None,3,1027,21,[],network,IPShuffle
SCAN_HOST,12839.460015000263,12844.460015000263,5.0,-1,-1,None,None,0,1027,21,[],None,None
ENUM_HOST,12844.460015000263,12849.460015000263,5.0,-1,-1,None,None,0,1027,21,[],None,None
SCAN_PORT,12849.460015000263,12874.460015000263,25.0,21,9a4e2b3a-b3b0-4046-8409-c616777e42f8,None,None,4,1027,21,[],None,None
EXPLOIT_VULN,12874.460015000263,12879.501724558293,5.041709558030561,21,9a4e2b3a-b3b0-4046-8409-c616777e42f8,None,None,4,1027,21,[],None,None
EXPLOIT_VULN,12879.501724558293,12886.096649673771,6.594925115477963,21,9a4e2b3a-b3b0-4046-8409-c616777e42f8,None,None,4,1028,21,[],None,None
EXPLOIT_VULN,12886.096649673771,12888.734829015115,2.6381793413438572,21,9a4e2b3a-b3b0-4046-8409-c616777e42f8,None,None,4,1029,21,[],None,None
EXPLOIT_VULN,12888.734829015115,12891.758690652954,3.023861637839218,21,9a4e2b3a-b3b0-4046-8409-c616777e42f8,None,None,4,1030,21,[],None,None
EXPLOIT_VULN,12891.758690652954,12895.428786341701,3.6700956887470966,21,9a4e2b3a-b3b0-4046-8409-c616777e42f8,None,None,4,1031,21,[],None,None
EXPLOIT_VULN,12895.428786341701,12897.97851929757,2.549732955869331,21,9a4e2b3a-b3b0-4046-8409-c616777e42f8,None,None,4,1032,21,[],None,None
EXPLOIT_VULN,12897.97851929757,12903.53597174883,5.557452451259451,21,9a4e2b3a-b3b0-4046-8409-c616777e42f8,None,None,4,1033,21,[],None,None
EXPLOIT_VULN,12903.53597174883,12905.749158815623,2.2131870667926705,21,9a4e2b3a-b3b0-4046-8409-c616777e42f8,None,None,4,1034,21,[],None,None
EXPLOIT_VULN,12905.749158815623,12908.635270040666,2.8861112250433507,21,9a4e2b3a-b3b0-4046-8409-c616777e42f8,None,None,4,1035,21,[],None,None
EXPLOIT_VULN,12908.635270040666,12913.023404895119,4.388134854452801,21,9a4e2b3a-b3b0-4046-8409-c616777e42f8,None,None,4,1036,21,[],None,None
EXPLOIT_VULN,12913.023404895119,12914.614829527094,1.5914246319753147,21,9a4e2b3a-b3b0-4046-8409-c616777e42f8,None,None,4,1037,21,[],None,None
EXPLOIT_VULN,12914.614829527094,12920.419641126373,5.804811599278764,21,9a4e2b3a-b3b0-4046-8409-c616777e42f8,None,None,4,1038,21,[],None,None
EXPLOIT_VULN,12920.419641126373,12924.59982260162,4.180181475247082,21,9a4e2b3a-b3b0-4046-8409-c616777e42f8,None,None,4,1039,21,[],None,None
EXPLOIT_VULN,12924.59982260162,12931.537117085469,6.937294483848746,21,9a4e2b3a-b3b0-4046-8409-c616777e42f8,None,None,4,1040,21,[],None,None
EXPLOIT_VULN,12931.537117085469,12942.767686834708,11.230569749239294,21,9a4e2b3a-b3b0-4046-8409-c616777e42f8,None,None,4,1041,21,[],None,None
EXPLOIT_VULN,12942.767686834708,12949.485358228178,6.717671393469573,21,9a4e2b3a-b3b0-4046-8409-c616777e42f8,None,None,4,1042,21,[],None,None
EXPLOIT_VULN,12949.485358228178,12967.058404872563,17.573046644385613,21,9a4e2b3a-b3b0-4046-8409-c616777e42f8,None,None,4,1043,21,[],None,None
EXPLOIT_VULN,12967.058404872563,12969.158123423933,2.099718551369733,21,9a4e2b3a-b3b0-4046-8409-c616777e42f8,None,None,4,1044,21,[],None,None
EXPLOIT_VULN,12969.158123423933,12978.329296570862,9.171173146929505,21,9a4e2b3a-b3b0-4046-8409-c616777e42f8,None,None,4,1045,21,[],None,None
EXPLOIT_VULN,12978.329296570862,12984.326697991257,5.9974014203944535,21,9a4e2b3a-b3b0-4046-8409-c616777e42f8,None,None,4,1046,21,[],None,None
EXPLOIT_VULN,12984.326697991257,12991.44078076747,7.114082776213763,21,9a4e2b3a-b3b0-4046-8409-c616777e42f8,None,None,4,1047,21,[],None,None
EXPLOIT_VULN,12991.44078076747,13000.725772150618,9.284991383146917,21,9a4e2b3a-b3b0-4046-8409-c616777e42f8,None,None,4,1048,21,[],None,None
EXPLOIT_VULN,13000.725772150618,13009.667888999298,8.942116848680598,21,9a4e2b3a-b3b0-4046-8409-c616777e42f8,None,None,4,1049,21,[],None,None
EXPLOIT_VULN,13009.667888999298,13017.366333642363,7.698444643065159,21,9a4e2b3a-b3b0-4046-8409-c616777e42f8,None,None,4,1050,21,[],None,None
EXPLOIT_VULN,13017.366333642363,13026.956057993068,9.589724350704273,21,9a4e2b3a-b3b0-4046-8409-c616777e42f8,None,None,4,1051,21,[],None,None
EXPLOIT_VULN,13026.956057993068,13046.866061213426,19.910003220358703,21,9a4e2b3a-b3b0-4046-8409-c616777e42f8,None,None,4,1052,21,[],None,None
BRUTE_FORCE,13046.866061213426,13066.866061213426,20.0,21,9a4e2b3a-b3b0-4046-8409-c616777e42f8,None,None,4,1053,21,[],None,None
ENUM_HOST,13066.866061213426,13071.866061213426,5.0,21,9a4e2b3a-b3b0-4046-8409-c616777e42f8,None,None,4,1053,21,[],None,None
SCAN_PORT,13071.866061213426,13096.866061213426,25.0,23,c5673048-8ad5-4ca7-a52b-c9049959d9ef,None,None,1,1053,21,[],None,None
EXPLOIT_VULN,13096.866061213426,13097.615675546074,0.7496143326479796,23,c5673048-8ad5-4ca7-a52b-c9049959d9ef,None,None,1,1053,21,[],None,None
EXPLOIT_VULN,13097.615675546074,13098.073092958615,0.4574174125409627,23,c5673048-8ad5-4ca7-a52b-c9049959d9ef,None,None,1,1054,21,[],None,None
EXPLOIT_VULN,13098.073092958615,13099.7376772563,1.6645842976849963,23,c5673048-8ad5-4ca7-a52b-c9049959d9ef,None,None,1,1055,21,[],None,None
EXPLOIT_VULN,13099.7376772563,13102.91405847339,3.1763812170902384,23,c5673048-8ad5-4ca7-a52b-c9049959d9ef,None,None,1,1056,21,[],None,None
EXPLOIT_VULN,13102.91405847339,13105.591791203984,2.6777327305935614,23,c5673048-8ad5-4ca7-a52b-c9049959d9ef,None,None,1,1057,21,[],None,None
EXPLOIT_VULN,13105.591791203984,13107.837397056024,2.245605852040171,23,c5673048-8ad5-4ca7-a52b-c9049959d9ef,None,None,1,1058,21,[],None,None
EXPLOIT_VULN,13107.837397056024,13109.60353830379,1.7661412477664271,23,c5673048-8ad5-4ca7-a52b-c9049959d9ef,None,None,1,1059,21,[],None,None
EXPLOIT_VULN,13109.60353830379,13110.724299193507,1.120760889716621,23,c5673048-8ad5-4ca7-a52b-c9049959d9ef,None,None,1,1060,21,[],None,None
EXPLOIT_VULN,13110.724299193507,13112.461807347365,1.7375081538575614,23,c5673048-8ad5-4ca7-a52b-c9049959d9ef,None,None,1,1061,21,[],None,None
EXPLOIT_VULN,13112.461807347365,13115.17723927622,2.7154319288547413,23,c5673048-8ad5-4ca7-a52b-c9049959d9ef,None,None,1,1062,21,[],None,None
EXPLOIT_VULN,13115.17723927622,13118.98877386739,3.8115345911701297,23,c5673048-8ad5-4ca7-a52b-c9049959d9ef,None,None,1,1063,21,[],None,None
EXPLOIT_VULN,13118.98877386739,13120.414532651319,1.4257587839292682,23,c5673048-8ad5-4ca7-a52b-c9049959d9ef,None,None,1,1064,21,[],None,None
EXPLOIT_VULN,13120.414532651319,13122.354914914538,1.9403822632193624,23,c5673048-8ad5-4ca7-a52b-c9049959d9ef,None,None,1,1065,21,[],None,None
EXPLOIT_VULN,13122.354914914538,13128.14332328531,5.788408370772231,23,c5673048-8ad5-4ca7-a52b-c9049959d9ef,None,None,1,1066,21,[],None,None
EXPLOIT_VULN,13128.14332328531,13145.607569114618,17.4642458293074,23,c5673048-8ad5-4ca7-a52b-c9049959d9ef,None,None,1,1067,21,[],None,None
EXPLOIT_VULN,13145.607569114618,13158.923561648504,13.315992533885947,23,c5673048-8ad5-4ca7-a52b-c9049959d9ef,None,None,1,1068,21,[],None,None
EXPLOIT_VULN,13158.923561648504,13167.435164159266,8.511602510761804,23,c5673048-8ad5-4ca7-a52b-c9049959d9ef,None,None,1,1069,21,[],None,None
EXPLOIT_VULN,13167.435164159266,13184.310832919427,16.875668760161716,23,c5673048-8ad5-4ca7-a52b-c9049959d9ef,None,None,1,1070,21,[],None,None
EXPLOIT_VULN,13184.310832919427,13205.46478080657,21.15394788714184,23,c5673048-8ad5-4ca7-a52b-c9049959d9ef,None,None,1,1071,21,[],None,None
EXPLOIT_VULN,13205.46478080657,13214.053637601248,8.588856794678577,23,c5673048-8ad5-4ca7-a52b-c9049959d9ef,None,None,1,1072,21,[],None,None
EXPLOIT_VULN,13214.053637601248,13222.391487384035,8.337849782787089,23,c5673048-8ad5-4ca7-a52b-c9049959d9ef,None,None,1,1073,21,[],None,None
EXPLOIT_VULN,13222.391487384035,13228.668684071446,6.277196687411561,23,c5673048-8ad5-4ca7-a52b-c9049959d9ef,None,None,1,1074,21,[],None,None
EXPLOIT_VULN,13228.668684071446,13235.48776489553,6.819080824083358,23,c5673048-8ad5-4ca7-a52b-c9049959d9ef,None,None,1,1075,21,[],None,None
EXPLOIT_VULN,13235.48776489553,13253.14742948077,17.659664585240535,23,c5673048-8ad5-4ca7-a52b-c9049959d9ef,None,None,1,1076,21,[],None,None
EXPLOIT_VULN,13253.14742948077,13262.803465500592,9.65603601982184,23,c5673048-8ad5-4ca7-a52b-c9049959d9ef,None,None,1,1077,21,[],None,None
EXPLOIT_VULN,13262.803465500592,13271.70935038884,8.905884888248693,23,c5673048-8ad5-4ca7-a52b-c9049959d9ef,None,None,1,1078,21,[],None,None
EXPLOIT_VULN,13271.70935038884,13279.12266653404,7.413316145199133,23,c5673048-8ad5-4ca7-a52b-c9049959d9ef,None,None,1,1079,21,[],None,None
EXPLOIT_VULN,13279.12266653404,13284.903764603543,5.781098069503059,23,c5673048-8ad5-4ca7-a52b-c9049959d9ef,None,None,1,1080,21,[],None,None
EXPLOIT_VULN,13284.903764603543,13303.067937986592,18.164173383049274,23,c5673048-8ad5-4ca7-a52b-c9049959d9ef,None,None,1,1081,21,[],None,None
EXPLOIT_VULN,13303.067937986592,13324.970841182278,21.902903195685212,23,c5673048-8ad5-4ca7-a52b-c9049959d9ef,None,None,1,1082,21,[],None,None
BRUTE_FORCE,13324.970841182278,13344.970841182278,20.0,23,c5673048-8ad5-4ca7-a52b-c9049959d9ef,None,None,1,1083,21,[],None,None
ENUM_HOST,13344.970841182278,13349.970841182278,5.0,23,c5673048-8ad5-4ca7-a52b-c9049959d9ef,None,None,1,1083,21,[],None,None
SCAN_PORT,13349.970841182278,13374.970841182278,25.0,25,bd9066ae-7596-4663-a93e-44b743ab3b1a,25,bd9066ae-7596-4663-a93e-44b743ab3b1a,1,1083,21,[],None,None
SCAN_NEIGHBOR,13374.970841182278,13379.970841182278,5.0,25,bd9066ae-7596-4663-a93e-44b743ab3b1a,None,None,1,1083,22,[],None,None
ENUM_HOST,13379.970841182278,13384.970841182278,5.0,25,bd9066ae-7596-4663-a93e-44b743ab3b1a,None,None,1,1083,22,[],None,None
SCAN_PORT,13384.970841182278,13388.530362780646,3.5595215983685193,23,c5673048-8ad5-4ca7-a52b-c9049959d9ef,None,None,2,1083,22,[],application,OSDiversity
SCAN_PORT,13408.626194265891,13419.036923908163,10.41072964227169,23,c5673048-8ad5-4ca7-a52b-c9049959d9ef,None,None,2,1083,22,[],network,CompleteTopologyShuffle
SCAN_HOST,13439.437754493867,13444.437754493867,5.0,-1,-1,None,None,0,1083,22,[],None,None
ENUM_HOST,13444.437754493867,13449.437754493867,5.0,-1,-1,None,None,0,1083,22,[],None,None
SCAN_PORT,13449.437754493867,13458.746782694821,9.309028200954344,15,0c4aa51a-0b8c-4175-b9e6-46cfe860e67b,None,None,8,1083,22,[],application,ServiceDiversity
SCAN_PORT,13478.82072663797,13503.82072663797,25.0,15,0c4aa51a-0b8c-4175-b9e6-46cfe860e67b,None,None,8,1083,22,[],None,None
EXPLOIT_VULN,13503.82072663797,13504.475675600652,0.6549489626813738,15,0c4aa51a-0b8c-4175-b9e6-46cfe860e67b,None,None,8,1083,22,[],None,None
EXPLOIT_VULN,13504.475675600652,13505.86230160761,1.386626006958977,15,0c4aa51a-0b8c-4175-b9e6-46cfe860e67b,None,None,8,1084,22,[],None,None
EXPLOIT_VULN,13505.86230160761,13508.586833644782,2.7245320371712296,15,0c4aa51a-0b8c-4175-b9e6-46cfe860e67b,None,None,8,1085,22,[],None,None
EXPLOIT_VULN,13508.586833644782,13510.626038012557,2.0392043677748006,15,0c4aa51a-0b8c-4175-b9e6-46cfe860e67b,None,None,8,1086,22,[],None,None
EXPLOIT_VULN,13510.626038012557,13516.471450456338,5.8454124437812425,15,0c4aa51a-0b8c-4175-b9e6-46cfe860e67b,None,None,8,1087,22,[],None,None
EXPLOIT_VULN,13516.471450456338,13518.66886504927,2.197414592932546,15,0c4aa51a-0b8c-4175-b9e6-46cfe860e67b,None,None,8,1088,22,[],None,None
EXPLOIT_VULN,13518.66886504927,13519.937261488285,1.2683964390143956,15,0c4aa51a-0b8c-4175-b9e6-46cfe860e67b,None,None,8,1089,22,[],None,None
EXPLOIT_VULN,13519.937261488285,13520.284673144688,0.34741165640298277,15,0c4aa51a-0b8c-4175-b9e6-46cfe860e67b,None,None,8,1090,22,[],network,IPShuffle
SCAN_HOST,13541.274288763092,13546.274288763092,5.0,-1,-1,None,None,0,1090,22,[],None,None
ENUM_HOST,13546.274288763092,13551.274288763092,5.0,-1,-1,None,None,0,1090,22,[],None,None
SCAN_PORT,13551.274288763092,13576.274288763092,25.0,15,0c4aa51a-0b8c-4175-b9e6-46cfe860e67b,None,None,9,1090,22,[],None,None
EXPLOIT_VULN,13576.274288763092,13576.972000529395,0.6977117663027457,15,0c4aa51a-0b8c-4175-b9e6-46cfe860e67b,None,None,9,1090,22,[],None,None
EXPLOIT_VULN,13576.972000529395,13578.738695077269,1.7666945478740672,15,0c4aa51a-0b8c-4175-b9e6-46cfe860e67b,None,None,9,1091,22,[],None,None
EXPLOIT_VULN,13578.738695077269,13582.957746387834,4.219051310565192,15,0c4aa51a-0b8c-4175-b9e6-46cfe860e67b,None,None,9,1092,22,[],None,None
EXPLOIT_VULN,13582.957746387834,13588.666751488929,5.70900510109459,15,0c4aa51a-0b8c-4175-b9e6-46cfe860e67b,None,None,9,1093,22,[],None,None
EXPLOIT_VULN,13588.666751488929,13591.007942944158,2.341191455228909,15,0c4aa51a-0b8c-4175-b9e6-46cfe860e67b,None,None,9,1094,22,[],None,None
EXPLOIT_VULN,13591.007942944158,13594.957550118346,3.9496071741887135,15,0c4aa51a-0b8c-4175-b9e6-46cfe860e67b,None,None,9,1095,22,[],None,None
EXPLOIT_VULN,13594.957550118346,13598.17548021002,3.217930091674134,15,0c4aa51a-0b8c-4175-b9e6-46cfe860e67b,None,None,9,1096,22,[],None,None
EXPLOIT_VULN,13598.17548021002,13608.259932873108,10.084452663088086,15,0c4aa51a-0b8c-4175-b9e6-46cfe860e67b,None,None,9,1097,22,[],None,None
EXPLOIT_VULN,13608.259932873108,13618.207447505805,9.947514632696766,15,0c4aa51a-0b8c-4175-b9e6-46cfe860e67b,None,None,9,1098,22,[],None,None
EXPLOIT_VULN,13618.207447505805,13628.863350210078,10.655902704273103,15,0c4aa51a-0b8c-4175-b9e6-46cfe860e67b,None,None,9,1099,22,[],None,None
EXPLOIT_VULN,13628.863350210078,13632.880548826428,4.01719861634956,15,0c4aa51a-0b8c-4175-b9e6-46cfe860e67b,None,None,9,1100,22,[],None,None
EXPLOIT_VULN,13632.880548826428,13643.012171898265,10.131623071836657,15,0c4aa51a-0b8c-4175-b9e6-46cfe860e67b,None,None,9,1101,22,[],None,None
EXPLOIT_VULN,13643.012171898265,13647.745337177303,4.733165279038076,15,0c4aa51a-0b8c-4175-b9e6-46cfe860e67b,None,None,9,1102,22,[],None,None
EXPLOIT_VULN,13647.745337177303,13651.085205390458,3.339868213155569,15,0c4aa51a-0b8c-4175-b9e6-46cfe860e67b,None,None,9,1103,22,[],None,None
EXPLOIT_VULN,13651.085205390458,13656.13711780536,5.0519124149013805,15,0c4aa51a-0b8c-4175-b9e6-46cfe860e67b,None,None,9,1104,22,[],None,None
EXPLOIT_VULN,13656.13711780536,13657.184076813657,1.0469590082975628,15,0c4aa51a-0b8c-4175-b9e6-46cfe860e67b,None,None,9,1105,22,[],None,None
EXPLOIT_VULN,13657.184076813657,13667.561164654424,10.377087840766762,15,0c4aa51a-0b8c-4175-b9e6-46cfe860e67b,None,None,9,1106,22,[],None,None
EXPLOIT_VULN,13667.561164654424,13681.703767825951,14.142603171527298,15,0c4aa51a-0b8c-4175-b9e6-46cfe860e67b,None,None,9,1107,22,[],None,None
EXPLOIT_VULN,13681.703767825951,13699.191524571781,17.487756745829756,15,0c4aa51a-0b8c-4175-b9e6-46cfe860e67b,None,None,9,1108,22,[],None,None
EXPLOIT_VULN,13699.191524571781,13715.689084365686,16.497559793904657,15,0c4aa51a-0b8c-4175-b9e6-46cfe860e67b,None,None,9,1109,22,[],None,None
EXPLOIT_VULN,13715.689084365686,13730.30744151612,14.618357150435259,15,0c4aa51a-0b8c-4175-b9e6-46cfe860e67b,None,None,9,1110,22,[],None,None
EXPLOIT_VULN,13730.30744151612,13747.683988106102,17.376546589981444,15,0c4aa51a-0b8c-4175-b9e6-46cfe860e67b,None,None,9,1111,22,[],None,None
EXPLOIT_VULN,13747.683988106102,13750.417499053447,2.733510947344257,15,0c4aa51a-0b8c-4175-b9e6-46cfe860e67b,None,None,9,1112,22,[],None,None
EXPLOIT_VULN,13750.417499053447,13762.809178223326,12.391679169879353,15,0c4aa51a-0b8c-4175-b9e6-46cfe860e67b,None,None,9,1113,22,[],None,None
EXPLOIT_VULN,13762.809178223326,13766.191940354895,3.3827621315685974,15,0c4aa51a-0b8c-4175-b9e6-46cfe860e67b,None,None,9,1114,22,[],None,None
EXPLOIT_VULN,13766.191940354895,13785.98651862392,19.794578269025806,15,0c4aa51a-0b8c-4175-b9e6-46cfe860e67b,None,None,9,1115,22,[],None,None
EXPLOIT_VULN,13785.98651862392,13809.803708005913,23.817189381992648,15,0c4aa51a-0b8c-4175-b9e6-46cfe860e67b,None,None,9,1116,22,[],None,None
EXPLOIT_VULN,13809.803708005913,13814.988167039653,5.184459033740495,15,0c4aa51a-0b8c-4175-b9e6-46cfe860e67b,None,None,9,1117,22,[],None,None
EXPLOIT_VULN,13814.988167039653,13833.218433924856,18.23026688520258,15,0c4aa51a-0b8c-4175-b9e6-46cfe860e67b,None,None,9,1118,22,[],None,None
EXPLOIT_VULN,13833.218433924856,13841.508443679102,8.290009754246057,15,0c4aa51a-0b8c-4175-b9e6-46cfe860e67b,None,None,9,1119,22,[],None,None
EXPLOIT_VULN,13841.508443679102,13844.69827125238,3.1898275732783077,15,0c4aa51a-0b8c-4175-b9e6-46cfe860e67b,None,None,9,1120,22,[],None,None
EXPLOIT_VULN,13844.69827125238,13866.338567773664,21.640296521283744,15,0c4aa51a-0b8c-4175-b9e6-46cfe860e67b,None,None,9,1121,22,[],None,None
EXPLOIT_VULN,13866.338567773664,13874.909079489888,8.570511716223336,15,0c4aa51a-0b8c-4175-b9e6-46cfe860e67b,None,None,9,1122,22,[],None,None
EXPLOIT_VULN,13874.909079489888,13879.198534615594,4.289455125706809,15,0c4aa51a-0b8c-4175-b9e6-46cfe860e67b,None,None,9,1123,22,[],None,None
EXPLOIT_VULN,13879.198534615594,13888.199056177185,9.000521561591086,15,0c4aa51a-0b8c-4175-b9e6-46cfe860e67b,None,None,9,1124,22,[],None,None
EXPLOIT_VULN,13888.199056177185,13893.602624159175,5.403567981989909,15,0c4aa51a-0b8c-4175-b9e6-46cfe860e67b,None,None,9,1125,22,[],None,None
EXPLOIT_VULN,13893.602624159175,13901.168590488582,7.565966329406365,15,0c4aa51a-0b8c-4175-b9e6-46cfe860e67b,None,None,9,1126,22,[],None,None
EXPLOIT_VULN,13901.168590488582,13910.833103053586,9.66451256500477,15,0c4aa51a-0b8c-4175-b9e6-46cfe860e67b,None,None,9,1127,22,[],None,None
EXPLOIT_VULN,13910.833103053586,13929.26112795345,18.428024899863885,15,0c4aa51a-0b8c-4175-b9e6-46cfe860e67b,None,None,9,1128,22,[],None,None
EXPLOIT_VULN,13929.26112795345,13938.664976710475,9.403848757025116,15,0c4aa51a-0b8c-4175-b9e6-46cfe860e67b,None,None,9,1129,22,[],None,None
EXPLOIT_VULN,13938.664976710475,13945.986791909601,7.321815199125922,15,0c4aa51a-0b8c-4175-b9e6-46cfe860e67b,None,None,9,1130,22,[],None,None
EXPLOIT_VULN,13945.986791909601,13951.684467175754,5.697675266152146,15,0c4aa51a-0b8c-4175-b9e6-46cfe860e67b,None,None,9,1131,22,[],None,None
EXPLOIT_VULN,13951.684467175754,13960.674939648376,8.99047247262206,15,0c4aa51a-0b8c-4175-b9e6-46cfe860e67b,None,None,9,1132,22,[],None,None
EXPLOIT_VULN,13960.674939648376,13968.468826927698,7.793887279322007,15,0c4aa51a-0b8c-4175-b9e6-46cfe860e67b,None,None,9,1133,22,[],None,None
EXPLOIT_VULN,13968.468826927698,13978.861234162363,10.39240723466537,15,0c4aa51a-0b8c-4175-b9e6-46cfe860e67b,None,None,9,1134,22,[],None,None
EXPLOIT_VULN,13978.861234162363,13987.175321102837,8.314086940474226,15,0c4aa51a-0b8c-4175-b9e6-46cfe860e67b,None,None,9,1135,22,[],None,None
EXPLOIT_VULN,13987.175321102837,14003.788416666916,16.61309556407832,15,0c4aa51a-0b8c-4175-b9e6-46cfe860e67b,None,None,9,1136,22,[],None,None
EXPLOIT_VULN,14003.788416666916,14006.365366400736,2.576949733820584,15,0c4aa51a-0b8c-4175-b9e6-46cfe860e67b,None,None,9,1137,22,[],None,None
EXPLOIT_VULN,14006.365366400736,14012.48647014669,6.121103745954315,15,0c4aa51a-0b8c-4175-b9e6-46cfe860e67b,None,None,9,1138,22,[],None,None
BRUTE_FORCE,14012.48647014669,14032.48647014669,20.0,15,0c4aa51a-0b8c-4175-b9e6-46cfe860e67b,None,None,9,1139,22,[],None,None
ENUM_HOST,14032.48647014669,14037.48647014669,5.0,15,0c4aa51a-0b8c-4175-b9e6-46cfe860e67b,None,None,9,1139,22,[],None,None
SCAN_PORT,14037.48647014669,14062.48647014669,25.0,24,e9bc77a2-2b34-4047-bde3-7181cf9dfd37,None,None,2,1139,22,[],None,None
EXPLOIT_VULN,14062.48647014669,14068.076538654765,5.590068508074182,24,e9bc77a2-2b34-4047-bde3-7181cf9dfd37,None,None,2,1139,22,[],None,None
EXPLOIT_VULN,14068.076538654765,14071.962880588626,3.886341933861331,24,e9bc77a2-2b34-4047-bde3-7181cf9dfd37,None,None,2,1140,22,[],None,None
EXPLOIT_VULN,14071.962880588626,14073.741592503362,1.77871191473605,24,e9bc77a2-2b34-4047-bde3-7181cf9dfd37,None,None,2,1141,22,[],None,None
EXPLOIT_VULN,14073.741592503362,14078.482680217143,4.741087713780871,24,e9bc77a2-2b34-4047-bde3-7181cf9dfd37,None,None,2,1142,22,[],None,None
EXPLOIT_VULN,14078.482680217143,14091.093385249078,12.61070503193514,24,e9bc77a2-2b34-4047-bde3-7181cf9dfd37,None,None,2,1143,22,[],application,OSDiversity
SCAN_PORT,14111.177405058113,14120.386681248176,9.209276190062155,24,e9bc77a2-2b34-4047-bde3-7181cf9dfd37,None,None,2,1143,22,[],network,CompleteTopologyShuffle
SCAN_HOST,14142.281722113796,14147.281722113796,5.0,-1,-1,None,None,0,1143,22,[],None,None
ENUM_HOST,14147.281722113796,14152.281722113796,5.0,-1,-1,None,None,0,1143,22,[],None,None
SCAN_PORT,14152.281722113796,14165.153674329697,12.87195221590082,15,0c4aa51a-0b8c-4175-b9e6-46cfe860e67b,None,None,10,1143,22,[],application,ServiceDiversity
SCAN_PORT,14185.911807746987,14210.911807746987,25.0,15,0c4aa51a-0b8c-4175-b9e6-46cfe860e67b,None,None,10,1143,22,[],None,None
EXPLOIT_VULN,14210.911807746987,14211.304956309326,0.3931485623397748,15,0c4aa51a-0b8c-4175-b9e6-46cfe860e67b,None,None,10,1143,22,[],None,None
EXPLOIT_VULN,14211.304956309326,14212.22741162474,0.9224553154144814,15,0c4aa51a-0b8c-4175-b9e6-46cfe860e67b,None,None,10,1144,22,[],None,None
EXPLOIT_VULN,14212.22741162474,14213.435649657076,1.20823803233543,15,0c4aa51a-0b8c-4175-b9e6-46cfe860e67b,None,None,10,1145,22,[],None,None
EXPLOIT_VULN,14213.435649657076,14214.339876151149,0.9042264940726454,15,0c4aa51a-0b8c-4175-b9e6-46cfe860e67b,None,None,10,1146,22,[],None,None
EXPLOIT_VULN,14214.339876151149,14216.300541821385,1.960665670236267,15,0c4aa51a-0b8c-4175-b9e6-46cfe860e67b,None,None,10,1147,22,[],None,None
EXPLOIT_VULN,14216.300541821385,14219.967655020911,3.667113199526284,15,0c4aa51a-0b8c-4175-b9e6-46cfe860e67b,None,None,10,1148,22,[],None,None
EXPLOIT_VULN,14219.967655020911,14220.448157537472,0.4805025165605912,15,0c4aa51a-0b8c-4175-b9e6-46cfe860e67b,None,None,10,1149,22,[],network,IPShuffle
SCAN_HOST,14241.378682135939,14246.378682135939,5.0,-1,-1,None,None,0,1149,22,[],None,None
ENUM_HOST,14246.378682135939,14251.378682135939,5.0,-1,-1,None,None,0,1149,22,[],None,None
SCAN_PORT,14251.378682135939,14276.378682135939,25.0,31,8089a952-e12d-45d1-a954-58ff287a9a5f,None,None,4,1149,22,[],None,None
EXPLOIT_VULN,14276.378682135939,14280.815556756716,4.436874620776507,31,8089a952-e12d-45d1-a954-58ff287a9a5f,None,None,4,1149,22,[],None,None
EXPLOIT_VULN,14280.815556756716,14282.549612423752,1.7340556670369551,31,8089a952-e12d-45d1-a954-58ff287a9a5f,None,None,4,1150,22,[],None,None
EXPLOIT_VULN,14282.549612423752,14288.89148784647,6.341875422716839,31,8089a952-e12d-45d1-a954-58ff287a9a5f,None,None,4,1151,22,[],None,None
EXPLOIT_VULN,14288.89148784647,14294.187724794736,5.296236948266596,31,8089a952-e12d-45d1-a954-58ff287a9a5f,None,None,4,1152,22,[],None,None
EXPLOIT_VULN,14294.187724794736,14299.539426554866,5.351701760129799,31,8089a952-e12d-45d1-a954-58ff287a9a5f,None,None,4,1153,22,[],None,None
EXPLOIT_VULN,14299.539426554866,14319.117119005525,19.577692450659015,31,8089a952-e12d-45d1-a954-58ff287a9a5f,None,None,4,1154,22,[],None,None
BRUTE_FORCE,14319.117119005525,14339.117119005525,20.0,31,8089a952-e12d-45d1-a954-58ff287a9a5f,None,None,4,1155,22,[],None,None
ENUM_HOST,14339.117119005525,14344.117119005525,5.0,31,8089a952-e12d-45d1-a954-58ff287a9a5f,None,None,4,1155,22,[],None,None
SCAN_PORT,14344.117119005525,14369.117119005525,25.0,44,2b0b8b60-420d-4fa2-ada4-12aefeba3eb5,44,2b0b8b60-420d-4fa2-ada4-12aefeba3eb5,1,1155,22,[],None,None
SCAN_NEIGHBOR,14369.117119005525,14374.117119005525,5.0,44,2b0b8b60-420d-4fa2-ada4-12aefeba3eb5,None,None,1,1155,23,[],None,None
ENUM_HOST,14374.117119005525,14379.117119005525,5.0,44,2b0b8b60-420d-4fa2-ada4-12aefeba3eb5,None,None,1,1155,23,[],None,None
SCAN_PORT,14379.117119005525,14404.117119005525,25.0,40,09d9d70f-1515-4d25-b81e-d78899a7a7ca,None,None,1,1155,23,[],None,None
EXPLOIT_VULN,14404.117119005525,14405.395892639584,1.2787736340596894,40,09d9d70f-1515-4d25-b81e-d78899a7a7ca,None,None,1,1155,23,[],None,None
EXPLOIT_VULN,14405.395892639584,14405.680505927274,0.28461328768935346,40,09d9d70f-1515-4d25-b81e-d78899a7a7ca,None,None,1,1156,23,[],None,None
EXPLOIT_VULN,14405.680505927274,14406.045959635761,0.36545370848762104,40,09d9d70f-1515-4d25-b81e-d78899a7a7ca,None,None,1,1157,23,[],None,None
EXPLOIT_VULN,14406.045959635761,14408.393822315287,2.3478626795258606,40,09d9d70f-1515-4d25-b81e-d78899a7a7ca,None,None,1,1158,23,[],None,None
EXPLOIT_VULN,14408.393822315287,14409.505700549038,1.1118782337507582,40,09d9d70f-1515-4d25-b81e-d78899a7a7ca,None,None,1,1159,23,[],None,None
EXPLOIT_VULN,14409.505700549038,14410.466550536521,0.9608499874830159,40,09d9d70f-1515-4d25-b81e-d78899a7a7ca,None,None,1,1160,23,[],None,None
EXPLOIT_VULN,14410.466550536521,14412.480907632118,2.0143570955970063,40,09d9d70f-1515-4d25-b81e-d78899a7a7ca,None,None,1,1161,23,[],None,None
EXPLOIT_VULN,14412.480907632118,14416.437101124746,3.95619349262779,40,09d9d70f-1515-4d25-b81e-d78899a7a7ca,None,None,1,1162,23,[],None,None
EXPLOIT_VULN,14416.437101124746,14420.881173046266,4.444071921519935,40,09d9d70f-1515-4d25-b81e-d78899a7a7ca,None,None,1,1163,23,[],None,None
EXPLOIT_VULN,14420.881173046266,14424.78985879334,3.9086857470738323,40,09d9d70f-1515-4d25-b81e-d78899a7a7ca,None,None,1,1164,23,[],None,None
EXPLOIT_VULN,14424.78985879334,14429.888664595892,5.098805802552306,40,09d9d70f-1515-4d25-b81e-d78899a7a7ca,None,None,1,1165,23,[],None,None
EXPLOIT_VULN,14429.888664595892,14435.16209613719,5.273431541298123,40,09d9d70f-1515-4d25-b81e-d78899a7a7ca,None,None,1,1166,23,[],None,None
EXPLOIT_VULN,14435.16209613719,14455.889859997114,20.72776385992438,40,09d9d70f-1515-4d25-b81e-d78899a7a7ca,None,None,1,1167,23,[],None,None
EXPLOIT_VULN,14455.889859997114,14458.90179273756,3.0119327404463547,40,09d9d70f-1515-4d25-b81e-d78899a7a7ca,None,None,1,1168,23,[],None,None
EXPLOIT_VULN,14458.90179273756,14464.526624114003,5.624831376442671,40,09d9d70f-1515-4d25-b81e-d78899a7a7ca,None,None,1,1169,23,[],None,None
EXPLOIT_VULN,14464.526624114003,14471.57525619131,7.048632077307047,40,09d9d70f-1515-4d25-b81e-d78899a7a7ca,None,None,1,1170,23,[],None,None
EXPLOIT_VULN,14471.57525619131,14481.052662937374,9.477406746063934,40,09d9d70f-1515-4d25-b81e-d78899a7a7ca,None,None,1,1171,23,[],None,None
EXPLOIT_VULN,14481.052662937374,14484.718766454045,3.6661035166707734,40,09d9d70f-1515-4d25-b81e-d78899a7a7ca,None,None,1,1172,23,[],None,None
EXPLOIT_VULN,14484.718766454045,14502.219624743437,17.500858289391545,40,09d9d70f-1515-4d25-b81e-d78899a7a7ca,None,None,1,1173,23,[],None,None
EXPLOIT_VULN,14502.219624743437,14507.738652503947,5.519027760510653,40,09d9d70f-1515-4d25-b81e-d78899a7a7ca,None,None,1,1174,23,[],None,None
EXPLOIT_VULN,14507.738652503947,14510.764692880623,3.026040376675155,40,09d9d70f-1515-4d25-b81e-d78899a7a7ca,None,None,1,1175,23,[],None,None
BRUTE_FORCE,14510.764692880623,14530.764692880623,20.0,40,09d9d70f-1515-4d25-b81e-d78899a7a7ca,None,None,1,1176,23,[],None,None
ENUM_HOST,14530.764692880623,14535.764692880623,5.0,40,09d9d70f-1515-4d25-b81e-d78899a7a7ca,None,None,1,1176,23,[],None,None
SCAN_PORT,14535.764692880623,14560.764692880623,25.0,41,0aaeb494-0158-4883-af21-3bd83f7ba923,None,None,1,1176,23,[],None,None
EXPLOIT_VULN,14560.764692880623,14562.644735039263,1.880042158640208,41,0aaeb494-0158-4883-af21-3bd83f7ba923,None,None,1,1176,23,[],None,None
EXPLOIT_VULN,14562.644735039263,14565.234260355744,2.5895253164817404,41,0aaeb494-0158-4883-af21-3bd83f7ba923,None,None,1,1177,23,[],None,None
EXPLOIT_VULN,14565.234260355744,14568.386308166157,3.152047810412114,41,0aaeb494-0158-4883-af21-3bd83f7ba923,None,None,1,1178,23,[],None,None
EXPLOIT_VULN,14568.386308166157,14572.715432866802,4.32912470064548,41,0aaeb494-0158-4883-af21-3bd83f7ba923,None,None,1,1179,23,[],None,None
EXPLOIT_VULN,14572.715432866802,14575.659940314627,2.944507447824435,41,0aaeb494-0158-4883-af21-3bd83f7ba923,None,None,1,1180,23,[],None,None
EXPLOIT_VULN,14575.659940314627,14579.405792539546,3.7458522249198722,41,0aaeb494-0158-4883-af21-3bd83f7ba923,None,None,1,1181,23,[],None,None
EXPLOIT_VULN,14579.405792539546,14583.918273999345,4.512481459798437,41,0aaeb494-0158-4883-af21-3bd83f7ba923,None,None,1,1182,23,[],None,None
EXPLOIT_VULN,14583.918273999345,14590.32230350087,6.404029501525656,41,0aaeb494-0158-4883-af21-3bd83f7ba923,None,None,1,1183,23,[],None,None
EXPLOIT_VULN,14590.32230350087,14595.612442886599,5.290139385728253,41,0aaeb494-0158-4883-af21-3bd83f7ba923,None,None,1,1184,23,[],None,None
EXPLOIT_VULN,14595.612442886599,14601.20568026443,5.593237377830519,41,0aaeb494-0158-4883-af21-3bd83f7ba923,None,None,1,1185,23,[],None,None
EXPLOIT_VULN,14601.20568026443,14607.439381291219,6.2337010267892765,41,0aaeb494-0158-4883-af21-3bd83f7ba923,None,None,1,1186,23,[],None,None
EXPLOIT_VULN,14607.439381291219,14612.5112343723,5.071853081080917,41,0aaeb494-0158-4883-af21-3bd83f7ba923,None,None,1,1187,23,[],None,None
EXPLOIT_VULN,14612.5112343723,14629.700915574345,17.189681202045904,41,0aaeb494-0158-4883-af21-3bd83f7ba923,None,None,1,1188,23,[],None,None
EXPLOIT_VULN,14629.700915574345,14637.947831963429,8.246916389083708,41,0aaeb494-0158-4883-af21-3bd83f7ba923,None,None,1,1189,23,[],None,None
EXPLOIT_VULN,14637.947831963429,14643.936388922442,5.9885569590132945,41,0aaeb494-0158-4883-af21-3bd83f7ba923,None,None,1,1190,23,[],None,None
EXPLOIT_VULN,14643.936388922442,14664.536837678672,20.600448756229525,41,0aaeb494-0158-4883-af21-3bd83f7ba923,None,None,1,1191,23,[],None,None
EXPLOIT_VULN,14664.536837678672,14671.559144775485,7.022307096813165,41,0aaeb494-0158-4883-af21-3bd83f7ba923,None,None,1,1192,23,[],None,None
EXPLOIT_VULN,14671.559144775485,14679.377753772467,7.818608996982221,41,0aaeb494-0158-4883-af21-3bd83f7ba923,None,None,1,1193,23,[],None,None
EXPLOIT_VULN,14679.377753772467,14688.355713328037,8.977959555570123,41,0aaeb494-0158-4883-af21-3bd83f7ba923,None,None,1,1194,23,[],None,None
EXPLOIT_VULN,14688.355713328037,14691.085402189101,2.7296888610635506,41,0aaeb494-0158-4883-af21-3bd83f7ba923,None,None,1,1195,23,[],None,None
BRUTE_FORCE,14691.085402189101,14711.085402189101,20.0,41,0aaeb494-0158-4883-af21-3bd83f7ba923,None,None,1,1196,23,[],None,None
ENUM_HOST,14711.085402189101,14716.085402189101,5.0,41,0aaeb494-0158-4883-af21-3bd83f7ba923,None,None,1,1196,23,[],None,None
ENUM_HOST,14716.085402189101,14721.085402189101,5.0,30,646c18dd-05a6-4198-9f08-e14f649e383c,None,None,2,1196,23,[],None,None
SCAN_PORT,14721.085402189101,14746.085402189101,25.0,43,a6e88081-5149-469e-9853-869579ea282e,None,None,1,1196,23,[],None,None
EXPLOIT_VULN,14746.085402189101,14746.3442840883,0.2588818991989683,43,a6e88081-5149-469e-9853-869579ea282e,None,None,1,1196,23,[],None,None
EXPLOIT_VULN,14746.3442840883,14747.631880590567,1.2875965022667515,43,a6e88081-5149-469e-9853-869579ea282e,None,None,1,1197,23,[],None,None
EXPLOIT_VULN,14747.631880590567,14749.037264662458,1.4053840718916035,43,a6e88081-5149-469e-9853-869579ea282e,None,None,1,1198,23,[],None,None
EXPLOIT_VULN,14749.037264662458,14759.81115363394,10.773888971481938,43,a6e88081-5149-469e-9853-869579ea282e,None,None,1,1199,23,[],None,None
EXPLOIT_VULN,14759.81115363394,14767.201028892263,7.389875258322718,43,a6e88081-5149-469e-9853-869579ea282e,None,None,1,1200,23,[],None,None
EXPLOIT_VULN,14767.201028892263,14775.038233211137,7.8372043188737734,43,a6e88081-5149-469e-9853-869579ea282e,None,None,1,1201,23,[],None,None
EXPLOIT_VULN,14775.038233211137,14783.044654438703,8.006421227566534,43,a6e88081-5149-469e-9853-869579ea282e,None,None,1,1202,23,[],None,None
EXPLOIT_VULN,14783.044654438703,14790.761257059543,7.716602620839694,43,a6e88081-5149-469e-9853-869579ea282e,None,None,1,1203,23,[],application,OSDiversity
SCAN_PORT,14811.033905493785,14821.093177400213,10.059271906427966,43,a6e88081-5149-469e-9853-869579ea282e,None,None,1,1203,23,[],network,CompleteTopologyShuffle
SCAN_HOST,14841.624187149942,14846.624187149942,5.0,-1,-1,None,None,0,1203,23,[],None,None
ENUM_HOST,14846.624187149942,14851.624187149942,5.0,-1,-1,None,None,0,1203,23,[],None,None
SCAN_PORT,14851.624187149942,14861.211086795773,9.586899645830272,21,9a4e2b3a-b3b0-4046-8409-c616777e42f8,None,None,5,1203,23,[],application,ServiceDiversity
SCAN_PORT,14881.364665078861,14906.364665078861,25.0,21,9a4e2b3a-b3b0-4046-8409-c616777e42f8,None,None,5,1203,23,[],None,None
EXPLOIT_VULN,14906.364665078861,14906.989490632413,0.6248255535520002,21,9a4e2b3a-b3b0-4046-8409-c616777e42f8,None,None,5,1203,23,[],None,None
EXPLOIT_VULN,14906.989490632413,14907.80260688055,0.8131162481367937,21,9a4e2b3a-b3b0-4046-8409-c616777e42f8,None,None,5,1204,23,[],None,None
EXPLOIT_VULN,14907.80260688055,14908.674991726883,0.872384846332352,21,9a4e2b3a-b3b0-4046-8409-c616777e42f8,None,None,5,1205,23,[],None,None
EXPLOIT_VULN,14908.674991726883,14910.870381738343,2.195390011460404,21,9a4e2b3a-b3b0-4046-8409-c616777e42f8,None,None,5,1206,23,[],None,None
EXPLOIT_VULN,14910.870381738343,14915.611251793338,4.740870054994957,21,9a4e2b3a-b3b0-4046-8409-c616777e42f8,None,None,5,1207,23,[],None,None
EXPLOIT_VULN,14915.611251793338,14917.566854245084,1.9556024517460173,21,9a4e2b3a-b3b0-4046-8409-c616777e42f8,None,None,5,1208,23,[],None,None
EXPLOIT_VULN,14917.566854245084,14919.749026878368,2.182172633283699,21,9a4e2b3a-b3b0-4046-8409-c616777e42f8,None,None,5,1209,23,[],None,None
EXPLOIT_VULN,14919.749026878368,14921.24867676738,1.4996498890122893,21,9a4e2b3a-b3b0-4046-8409-c616777e42f8,None,None,5,1210,23,[],network,IPShuffle
SCAN_HOST,14941.300341272608,14946.300341272608,5.0,-1,-1,None,None,0,1210,23,[],None,None
ENUM_HOST,14946.300341272608,14951.300341272608,5.0,-1,-1,None,None,0,1210,23,[],None,None
SCAN_PORT,14951.300341272608,14976.300341272608,25.0,21,9a4e2b3a-b3b0-4046-8409-c616777e42f8,None,None,6,1210,23,[],None,None
EXPLOIT_VULN,14976.300341272608,14977.388189247267,1.087847974658871,21,9a4e2b3a-b3b0-4046-8409-c616777e42f8,None,None,6,1210,23,[],None,None
EXPLOIT_VULN,14977.388189247267,14981.67893533219,4.2907460849219206,21,9a4e2b3a-b3b0-4046-8409-c616777e42f8,None,None,6,1211,23,[],None,None
EXPLOIT_VULN,14981.67893533219,14984.832559439394,3.1536241072044504,21,9a4e2b3a-b3b0-4046-8409-c616777e42f8,None,None,6,1212,23,[],None,None
EXPLOIT_VULN,14984.832559439394,14987.598909917997,2.7663504786032718,21,9a4e2b3a-b3b0-4046-8409-c616777e42f8,None,None,6,1213,23,[],None,None
EXPLOIT_VULN,14987.598909917997,14990.328579075356,2.7296691573592398,21,9a4e2b3a-b3b0-4046-8409-c616777e42f8,None,None,6,1214,23,[],None,None
EXPLOIT_VULN,14990.328579075356,14993.212950577832,2.884371502475915,21,9a4e2b3a-b3b0-4046-8409-c616777e42f8,None,None,6,1215,23,[],None,None
EXPLOIT_VULN,14993.212950577832,14995.992399853023,2.7794492751909274,21,9a4e2b3a-b3b0-4046-8409-c616777e42f8,None,None,6,1216,23,[],None,None
