name,start_time,finish_time,duration,current_host,current_host_uuid,compromise_host,compromise_host_uuid,current_host_attempt,cumulative_attempts,cumulative_compromised_hosts,compromise_users,interrupted_in,interrupted_by
SCAN_HOST,0.0,5.0,5.0,-1,-1,None,None,0,0,0,[],None,None
ENUM_HOST,5.0,10.0,5.0,-1,-1,None,None,0,0,0,[],None,None
SCAN_PORT,10.0,35.0,25.0,0,fded618b-755e-4916-a744-a5e3bae73235,None,None,1,0,0,[],None,None
EXPLOIT_VULN,35.0,37.42799910784203,2.4279991078420267,0,fded618b-755e-4916-a744-a5e3bae73235,None,None,1,0,0,[],None,None
EXPLOIT_VULN,37.42799910784203,42.1020483367589,4.674049228916871,0,fded618b-755e-4916-a744-a5e3bae73235,None,None,1,1,0,[],None,None
EXPLOIT_VULN,42.1020483367589,45.33518863021095,3.2331402934520526,0,fded618b-755e-4916-a744-a5e3bae73235,None,None,1,2,0,[],None,None
EXPLOIT_VULN,45.33518863021095,47.80240007945265,2.4672114492417023,0,fded618b-755e-4916-a744-a5e3bae73235,None,None,1,3,0,[],None,None
EXPLOIT_VULN,47.80240007945265,53.24362641561247,5.441226336159815,0,fded618b-755e-4916-a744-a5e3bae73235,None,None,1,4,0,[],None,None
EXPLOIT_VULN,53.24362641561247,54.2681880632188,1.0245616476063333,0,fded618b-755e-4916-a744-a5e3bae73235,None,None,1,5,0,[],None,None
EXPLOIT_VULN,54.2681880632188,62.01722308682578,7.749035023606979,0,fded618b-755e-4916-a744-a5e3bae73235,None,None,1,6,0,[],None,None
EXPLOIT_VULN,62.01722308682578,65.2340377764775,3.216814689651727,0,fded618b-755e-4916-a744-a5e3bae73235,None,None,1,7,0,[],None,None
EXPLOIT_VULN,65.2340377764775,69.54447775687075,4.310439980393241,0,fded618b-755e-4916-a744-a5e3bae73235,None,None,1,8,0,[],None,None
EXPLOIT_VULN,69.54447775687075,79.63326319115197,10.08878543428122,0,fded618b-755e-4916-a744-a5e3bae73235,None,None,1,9,0,[],None,None
EXPLOIT_VULN,79.63326319115197,82.52135799144006,2.888094800288087,0,fded618b-755e-4916-a744-a5e3bae73235,None,None,1,10,0,[],None,None
EXPLOIT_VULN,82.52135799144006,90.5743595320967,8.053001540656638,0,fded618b-755e-4916-a744-a5e3bae73235,None,None,1,11,0,[],None,None
EXPLOIT_VULN,90.5743595320967,99.29639906952096,8.722039537424266,0,fded618b-755e-4916-a744-a5e3bae73235,None,None,1,12,0,[],None,None
EXPLOIT_VULN,99.29639906952096,100.6156983150212,1.3192992455002468,0,fded618b-755e-4916-a744-a5e3bae73235,None,None,1,13,0,[],network,IPShuffle
SCAN_HOST,120.82956041659239,125.82956041659239,5.0,-1,-1,None,None,0,13,0,[],None,None
ENUM_HOST,125.82956041659239,130.8295604165924,5.0,-1,-1,None,None,0,13,0,[],None,None
SCAN_PORT,130.8295604165924,155.8295604165924,25.0,0,fded618b-755e-4916-a744-a5e3bae73235,None,None,2,13,0,[],None,None
EXPLOIT_VULN,155.8295604165924,159.54498310043752,3.7154226838451336,0,fded618b-755e-4916-a744-a5e3bae73235,None,None,2,13,0,[],None,None
EXPLOIT_VULN,159.54498310043752,168.39381630962077,8.848833209183255,0,fded618b-755e-4916-a744-a5e3bae73235,None,None,2,14,0,[],None,None
EXPLOIT_VULN,168.39381630962077,170.717586859333,2.3237705497122363,0,fded618b-755e-4916-a744-a5e3bae73235,None,None,2,15,0,[],None,None
EXPLOIT_VULN,170.717586859333,174.0042367430141,3.2866498836810933,0,fded618b-755e-4916-a744-a5e3bae73235,None,None,2,16,0,[],None,None
EXPLOIT_VULN,174.0042367430141,187.62047904653417,13.616242303520067,0,fded618b-755e-4916-a744-a5e3bae73235,None,None,2,17,0,[],None,None
EXPLOIT_VULN,187.62047904653417,202.2699788206483,14.649499774114133,0,fded618b-755e-4916-a744-a5e3bae73235,None,None,2,18,0,[],None,None
EXPLOIT_VULN,202.2699788206483,205.41853258982076,3.1485537691724517,0,fded618b-755e-4916-a744-a5e3bae73235,None,None,2,19,0,[],None,None
EXPLOIT_VULN,205.41853258982076,213.51965294386642,8.101120354045662,0,fded618b-755e-4916-a744-a5e3bae73235,None,None,2,20,0,[],None,None
EXPLOIT_VULN,213.51965294386642,216.60350870038837,3.083855756521956,0,fded618b-755e-4916-a744-a5e3bae73235,None,None,2,21,0,[],None,None
EXPLOIT_VULN,216.60350870038837,233.67510539708593,17.071596696697554,0,fded618b-755e-4916-a744-a5e3bae73235,None,None,2,22,0,[],None,None
EXPLOIT_VULN,233.67510539708593,238.53166804492338,4.85656264783745,0,fded618b-755e-4916-a744-a5e3bae73235,None,None,2,23,0,[],None,None
EXPLOIT_VULN,238.53166804492338,242.67989557086133,4.148227525937955,0,fded618b-755e-4916-a744-a5e3bae73235,0,fded618b-755e-4916-a744-a5e3bae73235,2,24,0,"['Rosaline', 'Roshelle', 'Bert', 'Sibby', 'Blondy']",None,None
SCAN_NEIGHBOR,242.67989557086133,247.67989557086133,5.0,0,fded618b-755e-4916-a744-a5e3bae73235,None,None,2,25,1,[],None,None
ENUM_HOST,247.67989557086133,252.67989557086133,5.0,0,fded618b-755e-4916-a744-a5e3bae73235,None,None,2,25,1,[],None,None
SCAN_PORT,252.67989557086133,277.67989557086133,25.0,18,0e1965b7-58a3-4660-92a6-422c5c49cf70,None,None,1,25,1,[],None,None
EXPLOIT_VULN,277.67989557086133,281.370983627757,3.691088056895694,18,0e1965b7-58a3-4660-92a6-422c5c49cf70,None,None,1,25,1,[],None,None
EXPLOIT_VULN,281.370983627757,285.54829673150687,4.177313103749839,18,0e1965b7-58a3-4660-92a6-422c5c49cf70,None,None,1,26,1,[],None,None
EXPLOIT_VULN,285.54829673150687,287.90302483794756,2.354728106440689,18,0e1965b7-58a3-4660-92a6-422c5c49cf70,None,None,1,27,1,[],None,None
EXPLOIT_VULN,287.90302483794756,293.2579397455065,5.354914907558964,18,0e1965b7-58a3-4660-92a6-422c5c49cf70,None,None,1,28,1,[],None,None
EXPLOIT_VULN,293.2579397455065,298.28972102337775,5.031781277871232,18,0e1965b7-58a3-4660-92a6-422c5c49cf70,None,None,1,29,1,[],None,None
EXPLOIT_VULN,298.28972102337775,300.9006469599204,2.6109259365426283,18,0e1965b7-58a3-4660-92a6-422c5c49cf70,None,None,1,30,1,[],network,IPShuffle
SCAN_HOST,320.99956634583566,325.99956634583566,5.0,-1,-1,None,None,0,30,1,[],None,None
ENUM_HOST,325.99956634583566,330.99956634583566,5.0,-1,-1,None,None,0,30,1,[],None,None
SCAN_PORT,330.99956634583566,355.99956634583566,25.0,18,0e1965b7-58a3-4660-92a6-422c5c49cf70,None,None,2,30,1,[],None,None
EXPLOIT_VULN,355.99956634583566,361.45049599449476,5.450929648659098,18,0e1965b7-58a3-4660-92a6-422c5c49cf70,None,None,2,30,1,[],None,None
EXPLOIT_VULN,361.45049599449476,367.5289858806844,6.0784898861896295,18,0e1965b7-58a3-4660-92a6-422c5c49cf70,None,None,2,31,1,[],None,None
EXPLOIT_VULN,367.5289858806844,373.0104666484611,5.481480767776702,18,0e1965b7-58a3-4660-92a6-422c5c49cf70,None,None,2,32,1,[],None,None
EXPLOIT_VULN,373.0104666484611,395.0577771833367,22.047310534875635,18,0e1965b7-58a3-4660-92a6-422c5c49cf70,None,None,2,33,1,[],None,None
EXPLOIT_VULN,395.0577771833367,417.8419482733829,22.784171090046186,18,0e1965b7-58a3-4660-92a6-422c5c49cf70,None,None,2,34,1,[],None,None
EXPLOIT_VULN,417.8419482733829,425.24947396414467,7.407525690761759,18,0e1965b7-58a3-4660-92a6-422c5c49cf70,None,None,2,35,1,[],None,None
EXPLOIT_VULN,425.24947396414467,433.1062804259825,7.856806461837834,18,0e1965b7-58a3-4660-92a6-422c5c49cf70,None,None,2,36,1,[],None,None
EXPLOIT_VULN,433.1062804259825,441.8295691627791,8.723288736796576,18,0e1965b7-58a3-4660-92a6-422c5c49cf70,None,None,2,37,1,[],None,None
EXPLOIT_VULN,441.8295691627791,450.7820477804814,8.952478617702297,18,0e1965b7-58a3-4660-92a6-422c5c49cf70,None,None,2,38,1,[],None,None
EXPLOIT_VULN,450.7820477804814,468.034672611999,17.252624831517608,18,0e1965b7-58a3-4660-92a6-422c5c49cf70,None,None,2,39,1,[],None,None
EXPLOIT_VULN,468.034672611999,477.70551056939587,9.670837957396884,18,0e1965b7-58a3-4660-92a6-422c5c49cf70,None,None,2,40,1,[],None,None
EXPLOIT_VULN,477.70551056939587,486.83255042356546,9.127039854169595,18,0e1965b7-58a3-4660-92a6-422c5c49cf70,None,None,2,41,1,[],None,None
EXPLOIT_VULN,486.83255042356546,501.22999074650414,14.397440322938678,18,0e1965b7-58a3-4660-92a6-422c5c49cf70,None,None,2,42,1,[],network,IPShuffle
SCAN_HOST,521.2873099545615,526.2873099545615,5.0,-1,-1,None,None,0,42,1,[],None,None
ENUM_HOST,526.2873099545615,531.2873099545615,5.0,-1,-1,None,None,0,42,1,[],None,None
SCAN_PORT,531.2873099545615,556.2873099545615,25.0,18,0e1965b7-58a3-4660-92a6-422c5c49cf70,None,None,3,42,1,[],None,None
EXPLOIT_VULN,556.2873099545615,562.512552625318,6.225242670756529,18,0e1965b7-58a3-4660-92a6-422c5c49cf70,None,None,3,42,1,[],None,None
EXPLOIT_VULN,562.512552625318,584.1680445695459,21.655491944227947,18,0e1965b7-58a3-4660-92a6-422c5c49cf70,None,None,3,43,1,[],None,None
EXPLOIT_VULN,584.1680445695459,605.7777197702119,21.609675200665947,18,0e1965b7-58a3-4660-92a6-422c5c49cf70,None,None,3,44,1,[],None,None
EXPLOIT_VULN,605.7777197702119,614.8442696069078,9.066549836695913,18,0e1965b7-58a3-4660-92a6-422c5c49cf70,None,None,3,45,1,[],None,None
EXPLOIT_VULN,614.8442696069078,622.7933347627203,7.949065155812491,18,0e1965b7-58a3-4660-92a6-422c5c49cf70,None,None,3,46,1,[],None,None
EXPLOIT_VULN,622.7933347627203,631.5801801044372,8.786845341716912,18,0e1965b7-58a3-4660-92a6-422c5c49cf70,None,None,3,47,1,[],None,None
EXPLOIT_VULN,631.5801801044372,654.7374306342077,23.157250529770522,18,0e1965b7-58a3-4660-92a6-422c5c49cf70,None,None,3,48,1,[],None,None
EXPLOIT_VULN,654.7374306342077,657.0662175100367,2.328786875828996,18,0e1965b7-58a3-4660-92a6-422c5c49cf70,None,None,3,49,1,[],None,None
EXPLOIT_VULN,657.0662175100367,664.7431912010146,7.6769736909778885,18,0e1965b7-58a3-4660-92a6-422c5c49cf70,None,None,3,50,1,[],None,None
EXPLOIT_VULN,664.7431912010146,672.1712294005014,7.428038199486764,18,0e1965b7-58a3-4660-92a6-422c5c49cf70,None,None,3,51,1,[],None,None
EXPLOIT_VULN,672.1712294005014,679.777130060305,7.605900659803638,18,0e1965b7-58a3-4660-92a6-422c5c49cf70,None,None,3,52,1,[],None,None
EXPLOIT_VULN,679.777130060305,687.2892273755562,7.51209731525114,18,0e1965b7-58a3-4660-92a6-422c5c49cf70,None,None,3,53,1,[],None,None
EXPLOIT_VULN,687.2892273755562,695.1010089305379,7.811781554981735,18,0e1965b7-58a3-4660-92a6-422c5c49cf70,None,None,3,54,1,[],None,None
EXPLOIT_VULN,695.1010089305379,702.1300562044096,7.029047273871697,18,0e1965b7-58a3-4660-92a6-422c5c49cf70,None,None,3,55,1,[],network,IPShuffle
SCAN_HOST,722.5800328255795,727.5800328255795,5.0,-1,-1,None,None,0,55,1,[],None,None
ENUM_HOST,727.5800328255795,732.5800328255795,5.0,-1,-1,None,None,0,55,1,[],None,None
SCAN_PORT,732.5800328255795,757.5800328255795,25.0,18,0e1965b7-58a3-4660-92a6-422c5c49cf70,None,None,4,55,1,[],None,None
EXPLOIT_VULN,757.5800328255795,763.2847292378817,5.704696412302269,18,0e1965b7-58a3-4660-92a6-422c5c49cf70,None,None,4,55,1,[],None,None
EXPLOIT_VULN,763.2847292378817,784.3726055006947,21.087876262812983,18,0e1965b7-58a3-4660-92a6-422c5c49cf70,None,None,4,56,1,[],None,None
EXPLOIT_VULN,784.3726055006947,794.0446795272563,9.672074026561631,18,0e1965b7-58a3-4660-92a6-422c5c49cf70,None,None,4,57,1,[],None,None
EXPLOIT_VULN,794.0446795272563,795.3914356008443,1.346756073587926,18,0e1965b7-58a3-4660-92a6-422c5c49cf70,None,None,4,58,1,[],None,None
EXPLOIT_VULN,795.3914356008443,801.2091332638722,5.817697663027957,18,0e1965b7-58a3-4660-92a6-422c5c49cf70,None,None,4,59,1,[],None,None
EXPLOIT_VULN,801.2091332638722,808.6487235752797,7.439590311407528,18,0e1965b7-58a3-4660-92a6-422c5c49cf70,None,None,4,60,1,[],None,None
EXPLOIT_VULN,808.6487235752797,816.4650115243969,7.816287949117168,18,0e1965b7-58a3-4660-92a6-422c5c49cf70,None,None,4,61,1,[],None,None
EXPLOIT_VULN,816.4650115243969,838.2766761037702,21.811664579373314,18,0e1965b7-58a3-4660-92a6-422c5c49cf70,None,None,4,62,1,[],None,None
EXPLOIT_VULN,838.2766761037702,859.9411776658415,21.664501562071223,18,0e1965b7-58a3-4660-92a6-422c5c49cf70,None,None,4,63,1,[],None,None
EXPLOIT_VULN,859.9411776658415,866.8031123694243,6.861934703582847,18,0e1965b7-58a3-4660-92a6-422c5c49cf70,18,0e1965b7-58a3-4660-92a6-422c5c49cf70,4,64,1,"['Andria', 'Chad', 'Pearla', 'Dari']",None,None
SCAN_NEIGHBOR,866.8031123694243,871.8031123694243,5.0,18,0e1965b7-58a3-4660-92a6-422c5c49cf70,None,None,4,65,2,[],None,None
ENUM_HOST,871.8031123694243,876.8031123694243,5.0,18,0e1965b7-58a3-4660-92a6-422c5c49cf70,None,None,4,65,2,[],None,None
SCAN_PORT,876.8031123694243,901.8031123694243,25.0,19,eea481d8-8c5c-4850-a73c-b4bde9c39251,None,None,1,65,2,[],None,None
EXPLOIT_VULN,901.8031123694243,903.5850458852556,1.7819335158312697,19,eea481d8-8c5c-4850-a73c-b4bde9c39251,None,None,1,65,2,[],network,IPShuffle
SCAN_HOST,923.8784575330756,928.8784575330756,5.0,-1,-1,None,None,0,65,2,[],None,None
ENUM_HOST,928.8784575330756,933.8784575330756,5.0,-1,-1,None,None,0,65,2,[],None,None
SCAN_PORT,933.8784575330756,958.8784575330756,25.0,20,00a645e3-8243-4b4a-95ac-b3b9b3997402,None,None,1,65,2,[],None,None
EXPLOIT_VULN,958.8784575330756,964.3203995129492,5.441941979873604,20,00a645e3-8243-4b4a-95ac-b3b9b3997402,None,None,1,65,2,[],None,None
EXPLOIT_VULN,964.3203995129492,970.2027647362379,5.88236522328873,20,00a645e3-8243-4b4a-95ac-b3b9b3997402,None,None,1,66,2,[],None,None
EXPLOIT_VULN,970.2027647362379,986.4376807282431,16.2349159920052,20,00a645e3-8243-4b4a-95ac-b3b9b3997402,None,None,1,67,2,[],None,None
EXPLOIT_VULN,986.4376807282431,1003.7939101678262,17.356229439583103,20,00a645e3-8243-4b4a-95ac-b3b9b3997402,None,None,1,68,2,[],None,None
EXPLOIT_VULN,1003.7939101678262,1019.8914597624262,16.09754959459997,20,00a645e3-8243-4b4a-95ac-b3b9b3997402,None,None,1,69,2,[],None,None
BRUTE_FORCE,1019.8914597624262,1039.8914597624262,20.0,20,00a645e3-8243-4b4a-95ac-b3b9b3997402,None,None,1,70,2,[],None,None
ENUM_HOST,1039.8914597624262,1044.8914597624262,5.0,20,00a645e3-8243-4b4a-95ac-b3b9b3997402,None,None,1,70,2,[],None,None
SCAN_PORT,1044.8914597624262,1069.8914597624262,25.0,19,eea481d8-8c5c-4850-a73c-b4bde9c39251,None,None,2,70,2,[],None,None
EXPLOIT_VULN,1069.8914597624262,1072.3081571270109,2.4166973645847065,19,eea481d8-8c5c-4850-a73c-b4bde9c39251,None,None,2,70,2,[],None,None
EXPLOIT_VULN,1072.3081571270109,1076.1917082414868,3.8835511144759494,19,eea481d8-8c5c-4850-a73c-b4bde9c39251,None,None,2,71,2,[],None,None
EXPLOIT_VULN,1076.1917082414868,1080.0028872255712,3.8111789840843358,19,eea481d8-8c5c-4850-a73c-b4bde9c39251,None,None,2,72,2,[],None,None
EXPLOIT_VULN,1080.0028872255712,1082.4191745544729,2.416287328901717,19,eea481d8-8c5c-4850-a73c-b4bde9c39251,None,None,2,73,2,[],None,None
EXPLOIT_VULN,1082.4191745544729,1088.142665958502,5.723491404029119,19,eea481d8-8c5c-4850-a73c-b4bde9c39251,None,None,2,74,2,[],None,None
EXPLOIT_VULN,1088.142665958502,1093.4524685630658,5.309802604563856,19,eea481d8-8c5c-4850-a73c-b4bde9c39251,None,None,2,75,2,[],None,None
EXPLOIT_VULN,1093.4524685630658,1099.921646139178,6.469177576112088,19,eea481d8-8c5c-4850-a73c-b4bde9c39251,None,None,2,76,2,[],None,None
EXPLOIT_VULN,1099.921646139178,1104.1425173253992,4.220871186221302,19,eea481d8-8c5c-4850-a73c-b4bde9c39251,None,None,2,77,2,[],network,IPShuffle
SCAN_HOST,1126.0750588855253,1131.0750588855253,5.0,-1,-1,None,None,0,77,2,[],None,None
ENUM_HOST,1131.0750588855253,1136.0750588855253,5.0,-1,-1,None,None,0,77,2,[],None,None
SCAN_PORT,1136.0750588855253,1161.0750588855253,25.0,20,00a645e3-8243-4b4a-95ac-b3b9b3997402,None,None,2,77,2,[],None,None
EXPLOIT_VULN,1161.0750588855253,1167.5665302146926,6.491471329167325,20,00a645e3-8243-4b4a-95ac-b3b9b3997402,None,None,2,77,2,[],None,None
EXPLOIT_VULN,1167.5665302146926,1183.6394444762343,16.072914261541655,20,00a645e3-8243-4b4a-95ac-b3b9b3997402,None,None,2,78,2,[],None,None
EXPLOIT_VULN,1183.6394444762343,1202.0060729134339,18.36662843719955,20,00a645e3-8243-4b4a-95ac-b3b9b3997402,None,None,2,79,2,[],None,None
EXPLOIT_VULN,1202.0060729134339,1218.6812779146771,16.675205001243285,20,00a645e3-8243-4b4a-95ac-b3b9b3997402,None,None,2,80,2,[],None,None
BRUTE_FORCE,1218.6812779146771,1238.6812779146771,20.0,20,00a645e3-8243-4b4a-95ac-b3b9b3997402,None,None,2,81,2,[],None,None
ENUM_HOST,1238.6812779146771,1243.6812779146771,5.0,20,00a645e3-8243-4b4a-95ac-b3b9b3997402,None,None,2,81,2,[],None,None
SCAN_PORT,1243.6812779146771,1268.6812779146771,25.0,19,eea481d8-8c5c-4850-a73c-b4bde9c39251,None,None,3,81,2,[],None,None
EXPLOIT_VULN,1268.6812779146771,1269.1079988594881,0.4267209448109952,19,eea481d8-8c5c-4850-a73c-b4bde9c39251,None,None,3,81,2,[],None,None
EXPLOIT_VULN,1269.1079988594881,1269.5052541645582,0.39725530507007534,19,eea481d8-8c5c-4850-a73c-b4bde9c39251,None,None,3,82,2,[],None,None
EXPLOIT_VULN,1269.5052541645582,1271.2547920985044,1.7495379339461579,19,eea481d8-8c5c-4850-a73c-b4bde9c39251,None,None,3,83,2,[],None,None
EXPLOIT_VULN,1271.2547920985044,1271.844384298071,0.5895921995665958,19,eea481d8-8c5c-4850-a73c-b4bde9c39251,None,None,3,84,2,[],None,None
EXPLOIT_VULN,1271.844384298071,1275.7753006965809,3.9309163985099076,19,eea481d8-8c5c-4850-a73c-b4bde9c39251,None,None,3,85,2,[],None,None
EXPLOIT_VULN,1275.7753006965809,1278.3167811892235,2.541480492642677,19,eea481d8-8c5c-4850-a73c-b4bde9c39251,None,None,3,86,2,[],None,None
EXPLOIT_VULN,1278.3167811892235,1289.4236407223627,11.106859533139186,19,eea481d8-8c5c-4850-a73c-b4bde9c39251,None,None,3,87,2,[],None,None
EXPLOIT_VULN,1289.4236407223627,1295.1765866390463,5.7529459166835295,19,eea481d8-8c5c-4850-a73c-b4bde9c39251,None,None,3,88,2,[],None,None
EXPLOIT_VULN,1295.1765866390463,1303.8625556026554,8.685968963609184,19,eea481d8-8c5c-4850-a73c-b4bde9c39251,None,None,3,89,2,[],network,IPShuffle
SCAN_HOST,1324.1585193523813,1329.1585193523813,5.0,-1,-1,None,None,0,89,2,[],None,None
ENUM_HOST,1329.1585193523813,1334.1585193523813,5.0,-1,-1,None,None,0,89,2,[],None,None
SCAN_PORT,1334.1585193523813,1359.1585193523813,25.0,19,eea481d8-8c5c-4850-a73c-b4bde9c39251,None,None,4,89,2,[],None,None
EXPLOIT_VULN,1359.1585193523813,1359.6582474249649,0.49972807258359353,19,eea481d8-8c5c-4850-a73c-b4bde9c39251,None,None,4,89,2,[],None,None
EXPLOIT_VULN,1359.6582474249649,1360.5315652233905,0.8733177984256599,19,eea481d8-8c5c-4850-a73c-b4bde9c39251,None,None,4,90,2,[],None,None
EXPLOIT_VULN,1360.5315652233905,1369.6428311276761,9.111265904285574,19,eea481d8-8c5c-4850-a73c-b4bde9c39251,None,None,4,91,2,[],None,None
EXPLOIT_VULN,1369.6428311276761,1390.5469537270442,20.904122599368065,19,eea481d8-8c5c-4850-a73c-b4bde9c39251,None,None,4,92,2,[],None,None
EXPLOIT_VULN,1390.5469537270442,1398.415047083446,7.868093356401914,19,eea481d8-8c5c-4850-a73c-b4bde9c39251,None,None,4,93,2,[],None,None
EXPLOIT_VULN,1398.415047083446,1404.0546509553328,5.63960387188672,19,eea481d8-8c5c-4850-a73c-b4bde9c39251,None,None,4,94,2,[],None,None
EXPLOIT_VULN,1404.0546509553328,1422.392685182162,18.338034226829222,19,eea481d8-8c5c-4850-a73c-b4bde9c39251,None,None,4,95,2,[],None,None
EXPLOIT_VULN,1422.392685182162,1429.9164304651733,7.523745283011294,19,eea481d8-8c5c-4850-a73c-b4bde9c39251,None,None,4,96,2,[],None,None
EXPLOIT_VULN,1429.9164304651733,1435.9800404246498,6.06360995947648,19,eea481d8-8c5c-4850-a73c-b4bde9c39251,19,eea481d8-8c5c-4850-a73c-b4bde9c39251,4,97,2,"['Maureen', 'Sibella', 'Nyssa']",None,None
SCAN_NEIGHBOR,1435.9800404246498,1440.9800404246498,5.0,19,eea481d8-8c5c-4850-a73c-b4bde9c39251,None,None,4,98,3,[],None,None
ENUM_HOST,1440.9800404246498,1445.9800404246498,5.0,19,eea481d8-8c5c-4850-a73c-b4bde9c39251,None,None,4,98,3,[],None,None
SCAN_PORT,1445.9800404246498,1470.9800404246498,25.0,6,62721611-be02-4151-883b-83d394161d97,None,None,1,98,3,[],None,None
EXPLOIT_VULN,1470.9800404246498,1471.2260510067674,0.24601058211760574,6,62721611-be02-4151-883b-83d394161d97,None,None,1,98,3,[],None,None
EXPLOIT_VULN,1471.2260510067674,1472.4395117237068,1.2134607169393803,6,62721611-be02-4151-883b-83d394161d97,None,None,1,99,3,[],None,None
EXPLOIT_VULN,1472.4395117237068,1473.2310458910492,0.7915341673424336,6,62721611-be02-4151-883b-83d394161d97,None,None,1,100,3,[],None,None
EXPLOIT_VULN,1473.2310458910492,1477.6084238487122,4.3773779576629295,6,62721611-be02-4151-883b-83d394161d97,None,None,1,101,3,[],None,None
EXPLOIT_VULN,1477.6084238487122,1482.5791716648005,4.970747816088306,6,62721611-be02-4151-883b-83d394161d97,None,None,1,102,3,[],None,None
EXPLOIT_VULN,1482.5791716648005,1486.3116619229497,3.732490258149255,6,62721611-be02-4151-883b-83d394161d97,None,None,1,103,3,[],None,None
EXPLOIT_VULN,1486.3116619229497,1487.1217800664292,0.8101181434794853,6,62721611-be02-4151-883b-83d394161d97,None,None,1,104,3,[],None,None
EXPLOIT_VULN,1487.1217800664292,1494.6920535689,7.5702735024708545,6,62721611-be02-4151-883b-83d394161d97,None,None,1,105,3,[],None,None
EXPLOIT_VULN,1494.6920535689,1502.9635818583322,8.271528289432126,6,62721611-be02-4151-883b-83d394161d97,None,None,1,106,3,[],None,None
EXPLOIT_VULN,1502.9635818583322,1504.9694739953559,2.005892137023693,6,62721611-be02-4151-883b-83d394161d97,None,None,1,107,3,[],network,IPShuffle
SCAN_HOST,1526.1264969303684,1531.1264969303684,5.0,-1,-1,None,None,0,107,3,[],None,None
ENUM_HOST,1531.1264969303684,1536.1264969303684,5.0,-1,-1,None,None,0,107,3,[],None,None
SCAN_PORT,1536.1264969303684,1561.1264969303684,25.0,6,62721611-be02-4151-883b-83d394161d97,None,None,2,107,3,[],None,None
EXPLOIT_VULN,1561.1264969303684,1563.3813499731102,2.2548530427418427,6,62721611-be02-4151-883b-83d394161d97,None,None,2,107,3,[],None,None
EXPLOIT_VULN,1563.3813499731102,1565.7700674942562,2.3887175211459635,6,62721611-be02-4151-883b-83d394161d97,None,None,2,108,3,[],None,None
EXPLOIT_VULN,1565.7700674942562,1571.0750299223591,5.304962428102954,6,62721611-be02-4151-883b-83d394161d97,None,None,2,109,3,[],None,None
EXPLOIT_VULN,1571.0750299223591,1576.5776602826732,5.502630360314015,6,62721611-be02-4151-883b-83d394161d97,None,None,2,110,3,[],None,None
EXPLOIT_VULN,1576.5776602826732,1579.4226943527476,2.845034070074462,6,62721611-be02-4151-883b-83d394161d97,None,None,2,111,3,[],None,None
EXPLOIT_VULN,1579.4226943527476,1588.794022288306,9.371327935558384,6,62721611-be02-4151-883b-83d394161d97,None,None,2,112,3,[],None,None
EXPLOIT_VULN,1588.794022288306,1596.6588133536216,7.864791065315558,6,62721611-be02-4151-883b-83d394161d97,None,None,2,113,3,[],None,None
EXPLOIT_VULN,1596.6588133536216,1598.654611521649,1.995798168027477,6,62721611-be02-4151-883b-83d394161d97,None,None,2,114,3,[],None,None
EXPLOIT_VULN,1598.654611521649,1604.6040183152677,5.949406793618664,6,62721611-be02-4151-883b-83d394161d97,None,None,2,115,3,[],None,None
EXPLOIT_VULN,1604.6040183152677,1606.3262728819125,1.7222545666447786,6,62721611-be02-4151-883b-83d394161d97,None,None,2,116,3,[],None,None
EXPLOIT_VULN,1606.3262728819125,1609.6754362507486,3.349163368836116,6,62721611-be02-4151-883b-83d394161d97,None,None,2,117,3,[],None,None
EXPLOIT_VULN,1609.6754362507486,1612.5537440615828,2.878307810834258,6,62721611-be02-4151-883b-83d394161d97,None,None,2,118,3,[],None,None
EXPLOIT_VULN,1612.5537440615828,1625.0377101967754,12.483966135192532,6,62721611-be02-4151-883b-83d394161d97,None,None,2,119,3,[],None,None
EXPLOIT_VULN,1625.0377101967754,1638.0275511011116,12.989840904336234,6,62721611-be02-4151-883b-83d394161d97,None,None,2,120,3,[],None,None
EXPLOIT_VULN,1638.0275511011116,1639.9658557591508,1.9383046580392147,6,62721611-be02-4151-883b-83d394161d97,None,None,2,121,3,[],None,None
EXPLOIT_VULN,1639.9658557591508,1645.3405614392916,5.374705680140778,6,62721611-be02-4151-883b-83d394161d97,None,None,2,122,3,[],None,None
EXPLOIT_VULN,1645.3405614392916,1649.435754610844,4.09519317155241,6,62721611-be02-4151-883b-83d394161d97,None,None,2,123,3,[],None,None
EXPLOIT_VULN,1649.435754610844,1652.9760761827392,3.5403215718952197,6,62721611-be02-4151-883b-83d394161d97,None,None,2,124,3,[],None,None
EXPLOIT_VULN,1652.9760761827392,1658.6415503294047,5.665474146665474,6,62721611-be02-4151-883b-83d394161d97,None,None,2,125,3,[],None,None
EXPLOIT_VULN,1658.6415503294047,1662.7183443522406,4.076794022835884,6,62721611-be02-4151-883b-83d394161d97,None,None,2,126,3,[],None,None
EXPLOIT_VULN,1662.7183443522406,1668.6970394640696,5.9786951118289835,6,62721611-be02-4151-883b-83d394161d97,None,None,2,127,3,[],None,None
EXPLOIT_VULN,1668.6970394640696,1673.2624054563944,4.565365992324814,6,62721611-be02-4151-883b-83d394161d97,None,None,2,128,3,[],None,None
EXPLOIT_VULN,1673.2624054563944,1678.997653525043,5.735248068648616,6,62721611-be02-4151-883b-83d394161d97,None,None,2,129,3,[],None,None
EXPLOIT_VULN,1678.997653525043,1686.6990496661194,7.70139614107643,6,62721611-be02-4151-883b-83d394161d97,None,None,2,130,3,[],None,None
EXPLOIT_VULN,1686.6990496661194,1700.4416000126764,13.742550346556982,6,62721611-be02-4151-883b-83d394161d97,None,None,2,131,3,[],None,None
EXPLOIT_VULN,1700.4416000126764,1704.8717895801374,4.430189567460957,6,62721611-be02-4151-883b-83d394161d97,None,None,2,132,3,[],network,IPShuffle
SCAN_HOST,1725.1914515169315,1730.1914515169315,5.0,-1,-1,None,None,0,132,3,[],None,None
ENUM_HOST,1730.1914515169315,1735.1914515169315,5.0,-1,-1,None,None,0,132,3,[],None,None
SCAN_PORT,1735.1914515169315,1760.1914515169315,25.0,6,62721611-be02-4151-883b-83d394161d97,None,None,3,132,3,[],None,None
EXPLOIT_VULN,1760.1914515169315,1763.8015960586688,3.610144541737327,6,62721611-be02-4151-883b-83d394161d97,None,None,3,132,3,[],None,None
EXPLOIT_VULN,1763.8015960586688,1769.62151005218,5.819913993511136,6,62721611-be02-4151-883b-83d394161d97,None,None,3,133,3,[],None,None
EXPLOIT_VULN,1769.62151005218,1773.4046290803105,3.7831190281306135,6,62721611-be02-4151-883b-83d394161d97,None,None,3,134,3,[],None,None
EXPLOIT_VULN,1773.4046290803105,1779.1689127572806,5.764283676970081,6,62721611-be02-4151-883b-83d394161d97,None,None,3,135,3,[],None,None
EXPLOIT_VULN,1779.1689127572806,1784.379752713782,5.2108399565013315,6,62721611-be02-4151-883b-83d394161d97,None,None,3,136,3,[],None,None
EXPLOIT_VULN,1784.379752713782,1791.1262882003768,6.746535486594894,6,62721611-be02-4151-883b-83d394161d97,None,None,3,137,3,[],None,None
EXPLOIT_VULN,1791.1262882003768,1798.689094525272,7.562806324895064,6,62721611-be02-4151-883b-83d394161d97,None,None,3,138,3,[],None,None
EXPLOIT_VULN,1798.689094525272,1807.5786606276577,8.889566102385743,6,62721611-be02-4151-883b-83d394161d97,None,None,3,139,3,[],None,None
EXPLOIT_VULN,1807.5786606276577,1811.7890898583264,4.210429230668751,6,62721611-be02-4151-883b-83d394161d97,None,None,3,140,3,[],None,None
EXPLOIT_VULN,1811.7890898583264,1818.6213012810879,6.832211422761475,6,62721611-be02-4151-883b-83d394161d97,None,None,3,141,3,[],None,None
EXPLOIT_VULN,1818.6213012810879,1826.539708467188,7.918407186100012,6,62721611-be02-4151-883b-83d394161d97,None,None,3,142,3,[],None,None
EXPLOIT_VULN,1826.539708467188,1833.6082177046776,7.068509237489707,6,62721611-be02-4151-883b-83d394161d97,None,None,3,143,3,[],None,None
EXPLOIT_VULN,1833.6082177046776,1839.8311707280043,6.222953023326681,6,62721611-be02-4151-883b-83d394161d97,None,None,3,144,3,[],None,None
EXPLOIT_VULN,1839.8311707280043,1858.5073121061666,18.676141378162356,6,62721611-be02-4151-883b-83d394161d97,None,None,3,145,3,[],None,None
EXPLOIT_VULN,1858.5073121061666,1879.3380914141367,20.830779307970033,6,62721611-be02-4151-883b-83d394161d97,None,None,3,146,3,[],None,None
EXPLOIT_VULN,1879.3380914141367,1886.2086707877934,6.87057937365671,6,62721611-be02-4151-883b-83d394161d97,None,None,3,147,3,[],None,None
EXPLOIT_VULN,1886.2086707877934,1894.2455390411042,8.036868253310786,6,62721611-be02-4151-883b-83d394161d97,None,None,3,148,3,[],None,None
EXPLOIT_VULN,1894.2455390411042,1906.2289976076547,11.983458566550553,6,62721611-be02-4151-883b-83d394161d97,None,None,3,149,3,[],network,IPShuffle
SCAN_HOST,1927.398577268011,1932.398577268011,5.0,-1,-1,None,None,0,149,3,[],None,None
ENUM_HOST,1932.398577268011,1937.398577268011,5.0,-1,-1,None,None,0,149,3,[],None,None
SCAN_PORT,1937.398577268011,1962.398577268011,25.0,6,62721611-be02-4151-883b-83d394161d97,None,None,4,149,3,[],None,None
EXPLOIT_VULN,1962.398577268011,1965.1993090664928,2.80073179848182,6,62721611-be02-4151-883b-83d394161d97,None,None,4,149,3,[],None,None
EXPLOIT_VULN,1965.1993090664928,1969.5184332480007,4.319124181507959,6,62721611-be02-4151-883b-83d394161d97,None,None,4,150,3,[],None,None
EXPLOIT_VULN,1969.5184332480007,1978.0169302276615,8.498496979660786,6,62721611-be02-4151-883b-83d394161d97,None,None,4,151,3,[],None,None
EXPLOIT_VULN,1978.0169302276615,1986.1489453203747,8.132015092713118,6,62721611-be02-4151-883b-83d394161d97,None,None,4,152,3,[],None,None
EXPLOIT_VULN,1986.1489453203747,2008.6197251604565,22.470779840081832,6,62721611-be02-4151-883b-83d394161d97,None,None,4,153,3,[],None,None
EXPLOIT_VULN,2008.6197251604565,2015.596086624392,6.976361463935518,6,62721611-be02-4151-883b-83d394161d97,None,None,4,154,3,[],None,None
EXPLOIT_VULN,2015.596086624392,2033.4930325812372,17.89694595684523,6,62721611-be02-4151-883b-83d394161d97,None,None,4,155,3,[],None,None
EXPLOIT_VULN,2033.4930325812372,2042.5803108484793,9.087278267242027,6,62721611-be02-4151-883b-83d394161d97,None,None,4,156,3,[],None,None
EXPLOIT_VULN,2042.5803108484793,2062.1098729686387,19.529562120159426,6,62721611-be02-4151-883b-83d394161d97,None,None,4,157,3,[],None,None
EXPLOIT_VULN,2062.1098729686387,2068.690261338682,6.580388370043238,6,62721611-be02-4151-883b-83d394161d97,None,None,4,158,3,[],None,None
EXPLOIT_VULN,2068.690261338682,2090.5098379187475,21.819576580065586,6,62721611-be02-4151-883b-83d394161d97,None,None,4,159,3,[],None,None
EXPLOIT_VULN,2090.5098379187475,2097.2239860103937,6.714148091646166,6,62721611-be02-4151-883b-83d394161d97,None,None,4,160,3,[],None,None
EXPLOIT_VULN,2097.2239860103937,2102.4791932742937,5.255207263900047,6,62721611-be02-4151-883b-83d394161d97,None,None,4,161,3,[],None,None
EXPLOIT_VULN,2102.4791932742937,2107.3678295558625,4.888636281568779,6,62721611-be02-4151-883b-83d394161d97,None,None,4,162,3,[],network,IPShuffle
SCAN_HOST,2127.4779366348134,2132.4779366348134,5.0,-1,-1,None,None,0,162,3,[],None,None
ENUM_HOST,2132.4779366348134,2137.4779366348134,5.0,-1,-1,None,None,0,162,3,[],None,None
SCAN_PORT,2137.4779366348134,2162.4779366348134,25.0,6,62721611-be02-4151-883b-83d394161d97,None,None,5,162,3,[],None,None
EXPLOIT_VULN,2162.4779366348134,2166.739342463129,4.261405828315674,6,62721611-be02-4151-883b-83d394161d97,None,None,5,162,3,[],None,None
EXPLOIT_VULN,2166.739342463129,2174.983912388601,8.244569925471751,6,62721611-be02-4151-883b-83d394161d97,None,None,5,163,3,[],None,None
EXPLOIT_VULN,2174.983912388601,2183.8066076960195,8.822695307418599,6,62721611-be02-4151-883b-83d394161d97,None,None,5,164,3,[],None,None
EXPLOIT_VULN,2183.8066076960195,2201.0905496327796,17.28394193676013,6,62721611-be02-4151-883b-83d394161d97,None,None,5,165,3,[],None,None
EXPLOIT_VULN,2201.0905496327796,2210.30934906615,9.21879943337035,6,62721611-be02-4151-883b-83d394161d97,None,None,5,166,3,[],None,None
EXPLOIT_VULN,2210.30934906615,2229.861937053087,19.552587986936942,6,62721611-be02-4151-883b-83d394161d97,None,None,5,167,3,[],None,None
EXPLOIT_VULN,2229.861937053087,2236.362079864072,6.500142810984926,6,62721611-be02-4151-883b-83d394161d97,None,None,5,168,3,[],None,None
EXPLOIT_VULN,2236.362079864072,2256.1866668374555,19.824586973383703,6,62721611-be02-4151-883b-83d394161d97,None,None,5,169,3,[],None,None
EXPLOIT_VULN,2256.1866668374555,2263.002870023869,6.8162031864135315,6,62721611-be02-4151-883b-83d394161d97,None,None,5,170,3,[],None,None
EXPLOIT_VULN,2263.002870023869,2272.3967600026313,9.393889978762218,6,62721611-be02-4151-883b-83d394161d97,None,None,5,171,3,[],None,None
EXPLOIT_VULN,2272.3967600026313,2290.3996760112764,18.002916008645116,6,62721611-be02-4151-883b-83d394161d97,None,None,5,172,3,[],None,None
EXPLOIT_VULN,2290.3996760112764,2296.4916211326686,6.0919451213922,6,62721611-be02-4151-883b-83d394161d97,None,None,5,173,3,[],None,None
EXPLOIT_VULN,2296.4916211326686,2306.213651247296,9.722030114627614,6,62721611-be02-4151-883b-83d394161d97,None,None,5,174,3,[],None,None
EXPLOIT_VULN,2306.213651247296,2307.716340063761,1.5026888164647971,6,62721611-be02-4151-883b-83d394161d97,None,None,5,175,3,[],network,IPShuffle
SCAN_HOST,2328.308174659971,2333.308174659971,5.0,-1,-1,None,None,0,175,3,[],None,None
ENUM_HOST,2333.308174659971,2338.308174659971,5.0,-1,-1,None,None,0,175,3,[],None,None
SCAN_PORT,2338.308174659971,2363.308174659971,25.0,6,62721611-be02-4151-883b-83d394161d97,None,None,6,175,3,[],None,None
EXPLOIT_VULN,2363.308174659971,2367.864199260845,4.556024600874025,6,62721611-be02-4151-883b-83d394161d97,None,None,6,175,3,[],None,None
EXPLOIT_VULN,2367.864199260845,2385.997860333928,18.133661073083204,6,62721611-be02-4151-883b-83d394161d97,None,None,6,176,3,[],None,None
EXPLOIT_VULN,2385.997860333928,2405.682504049559,19.684643715630955,6,62721611-be02-4151-883b-83d394161d97,None,None,6,177,3,[],None,None
EXPLOIT_VULN,2405.682504049559,2412.8783629054747,7.195858855915503,6,62721611-be02-4151-883b-83d394161d97,None,None,6,178,3,[],None,None
EXPLOIT_VULN,2412.8783629054747,2421.5607273633395,8.682364457864878,6,62721611-be02-4151-883b-83d394161d97,None,None,6,179,3,[],None,None
EXPLOIT_VULN,2421.5607273633395,2427.1721420027825,5.611414639442955,6,62721611-be02-4151-883b-83d394161d97,None,None,6,180,3,[],None,None
EXPLOIT_VULN,2427.1721420027825,2436.2996826833983,9.127540680615766,6,62721611-be02-4151-883b-83d394161d97,None,None,6,181,3,[],None,None
EXPLOIT_VULN,2436.2996826833983,2443.5023455648334,7.202662881435117,6,62721611-be02-4151-883b-83d394161d97,None,None,6,182,3,[],None,None
EXPLOIT_VULN,2443.5023455648334,2453.004909860314,9.502564295480624,6,62721611-be02-4151-883b-83d394161d97,None,None,6,183,3,[],None,None
EXPLOIT_VULN,2453.004909860314,2460.7514813986327,7.746571538318676,6,62721611-be02-4151-883b-83d394161d97,None,None,6,184,3,[],None,None
EXPLOIT_VULN,2460.7514813986327,2466.4511737803696,5.699692381736895,6,62721611-be02-4151-883b-83d394161d97,None,None,6,185,3,[],None,None
EXPLOIT_VULN,2466.4511737803696,2478.267820095468,11.816646315098296,6,62721611-be02-4151-883b-83d394161d97,None,None,6,186,3,[],None,None
EXPLOIT_VULN,2478.267820095468,2500.1104944760646,21.84267438059669,6,62721611-be02-4151-883b-83d394161d97,None,None,6,187,3,[],None,None
EXPLOIT_VULN,2500.1104944760646,2504.2480127805484,4.1375183044838195,6,62721611-be02-4151-883b-83d394161d97,None,None,6,188,3,[],None,None
EXPLOIT_VULN,2504.2480127805484,2507.806660430629,3.5586476500807294,6,62721611-be02-4151-883b-83d394161d97,None,None,6,189,3,[],network,IPShuffle
SCAN_HOST,2529.3380335147876,2534.3380335147876,5.0,-1,-1,None,None,0,189,3,[],None,None
ENUM_HOST,2534.3380335147876,2539.3380335147876,5.0,-1,-1,None,None,0,189,3,[],None,None
SCAN_PORT,2539.3380335147876,2564.3380335147876,25.0,6,62721611-be02-4151-883b-83d394161d97,None,None,7,189,3,[],None,None
EXPLOIT_VULN,2564.3380335147876,2582.4546426480665,18.11660913327887,6,62721611-be02-4151-883b-83d394161d97,None,None,7,189,3,[],None,None
EXPLOIT_VULN,2582.4546426480665,2591.9748053551707,9.520162707104191,6,62721611-be02-4151-883b-83d394161d97,None,None,7,190,3,[],None,None
EXPLOIT_VULN,2591.9748053551707,2598.9340369409515,6.959231585780799,6,62721611-be02-4151-883b-83d394161d97,None,None,7,191,3,[],None,None
EXPLOIT_VULN,2598.9340369409515,2606.1016825995125,7.167645658561014,6,62721611-be02-4151-883b-83d394161d97,None,None,7,192,3,[],None,None
EXPLOIT_VULN,2606.1016825995125,2614.1573949359386,8.05571233642604,6,62721611-be02-4151-883b-83d394161d97,None,None,7,193,3,[],None,None
EXPLOIT_VULN,2614.1573949359386,2623.034441841269,8.877046905330644,6,62721611-be02-4151-883b-83d394161d97,None,None,7,194,3,[],None,None
EXPLOIT_VULN,2623.034441841269,2631.130546343485,8.096104502215894,6,62721611-be02-4151-883b-83d394161d97,None,None,7,195,3,[],None,None
EXPLOIT_VULN,2631.130546343485,2636.9302620353737,5.79971569188865,6,62721611-be02-4151-883b-83d394161d97,None,None,7,196,3,[],None,None
EXPLOIT_VULN,2636.9302620353737,2656.5640445022627,19.633782466888988,6,62721611-be02-4151-883b-83d394161d97,None,None,7,197,3,[],None,None
EXPLOIT_VULN,2656.5640445022627,2669.58002394054,13.0159794382771,6,62721611-be02-4151-883b-83d394161d97,None,None,7,198,3,[],None,None
EXPLOIT_VULN,2669.58002394054,2677.5033328968757,7.923308956335859,6,62721611-be02-4151-883b-83d394161d97,None,None,7,199,3,[],None,None
EXPLOIT_VULN,2677.5033328968757,2690.032505849719,12.52917295284351,6,62721611-be02-4151-883b-83d394161d97,None,None,7,200,3,[],None,None
EXPLOIT_VULN,2690.032505849719,2696.7810503229816,6.748544473262427,6,62721611-be02-4151-883b-83d394161d97,6,62721611-be02-4151-883b-83d394161d97,7,201,3,"['Agretha', 'Susie', 'Vonnie', 'Bel', 'Edee']",None,None
SCAN_NEIGHBOR,2696.7810503229816,2701.7810503229816,5.0,6,62721611-be02-4151-883b-83d394161d97,None,None,7,202,4,[],None,None
ENUM_HOST,2701.7810503229816,2706.7810503229816,5.0,6,62721611-be02-4151-883b-83d394161d97,None,None,7,202,4,[],None,None
SCAN_PORT,2706.7810503229816,2708.8949549696827,2.1139046467010303,24,e9bc77a2-2b34-4047-bde3-7181cf9dfd37,None,None,1,202,4,[],network,IPShuffle
SCAN_HOST,2730.568260194694,2735.568260194694,5.0,-1,-1,None,None,0,202,4,[],None,None
ENUM_HOST,2735.568260194694,2740.568260194694,5.0,-1,-1,None,None,0,202,4,[],None,None
SCAN_PORT,2740.568260194694,2765.568260194694,25.0,20,00a645e3-8243-4b4a-95ac-b3b9b3997402,None,None,3,202,4,[],None,None
EXPLOIT_VULN,2765.568260194694,2782.8618380649345,17.29357787024037,20,00a645e3-8243-4b4a-95ac-b3b9b3997402,None,None,3,202,4,[],None,None
EXPLOIT_VULN,2782.8618380649345,2801.2251849527947,18.36334688786019,20,00a645e3-8243-4b4a-95ac-b3b9b3997402,20,00a645e3-8243-4b4a-95ac-b3b9b3997402,3,203,4,"['Adara', 'Bernetta', 'Mina']",None,None
SCAN_NEIGHBOR,2801.2251849527947,2806.2251849527947,5.0,20,00a645e3-8243-4b4a-95ac-b3b9b3997402,None,None,3,204,5,[],None,None
ENUM_HOST,2806.2251849527947,2811.2251849527947,5.0,20,00a645e3-8243-4b4a-95ac-b3b9b3997402,None,None,3,204,5,[],None,None
ENUM_HOST,2811.2251849527947,2816.2251849527947,5.0,18,0e1965b7-58a3-4660-92a6-422c5c49cf70,None,None,5,204,5,[],None,None
SCAN_PORT,2816.2251849527947,2841.2251849527947,25.0,34,87999234-29ae-4ba2-ae23-9a1c00d9f717,None,None,1,204,5,[],None,None
EXPLOIT_VULN,2841.2251849527947,2841.590004310781,0.3648193579861072,34,87999234-29ae-4ba2-ae23-9a1c00d9f717,None,None,1,204,5,[],None,None
EXPLOIT_VULN,2841.590004310781,2842.0981912883317,0.5081869775508494,34,87999234-29ae-4ba2-ae23-9a1c00d9f717,None,None,1,205,5,[],None,None
EXPLOIT_VULN,2842.0981912883317,2851.125378545516,9.027187257184323,34,87999234-29ae-4ba2-ae23-9a1c00d9f717,None,None,1,206,5,[],None,None
EXPLOIT_VULN,2851.125378545516,2854.3058039633097,3.1804254177936855,34,87999234-29ae-4ba2-ae23-9a1c00d9f717,None,None,1,207,5,[],None,None
EXPLOIT_VULN,2854.3058039633097,2861.9150556446325,7.609251681322803,34,87999234-29ae-4ba2-ae23-9a1c00d9f717,None,None,1,208,5,[],None,None
EXPLOIT_VULN,2861.9150556446325,2864.573812661452,2.658757016819436,34,87999234-29ae-4ba2-ae23-9a1c00d9f717,None,None,1,209,5,[],None,None
EXPLOIT_VULN,2864.573812661452,2871.4175468335043,6.843734172052336,34,87999234-29ae-4ba2-ae23-9a1c00d9f717,None,None,1,210,5,[],None,None
EXPLOIT_VULN,2871.4175468335043,2894.109260697747,22.6917138642425,34,87999234-29ae-4ba2-ae23-9a1c00d9f717,None,None,1,211,5,[],None,None
EXPLOIT_VULN,2894.109260697747,2902.1787883087068,8.069527610959994,34,87999234-29ae-4ba2-ae23-9a1c00d9f717,None,None,1,212,5,[],None,None
EXPLOIT_VULN,2902.1787883087068,2908.2538503997266,6.075062091019845,34,87999234-29ae-4ba2-ae23-9a1c00d9f717,None,None,1,213,5,[],None,None
EXPLOIT_VULN,2908.2538503997266,2908.4590127029605,0.20516230323391937,34,87999234-29ae-4ba2-ae23-9a1c00d9f717,None,None,1,214,5,[],network,IPShuffle
SCAN_HOST,2928.469723255024,2933.469723255024,5.0,-1,-1,None,None,0,214,5,[],None,None
ENUM_HOST,2933.469723255024,2938.469723255024,5.0,-1,-1,None,None,0,214,5,[],None,None
SCAN_PORT,2938.469723255024,2963.469723255024,25.0,24,e9bc77a2-2b34-4047-bde3-7181cf9dfd37,None,None,2,214,5,[],None,None
EXPLOIT_VULN,2963.469723255024,2963.927867853677,0.4581445986532344,24,e9bc77a2-2b34-4047-bde3-7181cf9dfd37,None,None,2,214,5,[],None,None
EXPLOIT_VULN,2963.927867853677,2964.5119495007366,0.58408164705952,24,e9bc77a2-2b34-4047-bde3-7181cf9dfd37,None,None,2,215,5,[],None,None
EXPLOIT_VULN,2964.5119495007366,2965.402073935618,0.8901244348812725,24,e9bc77a2-2b34-4047-bde3-7181cf9dfd37,None,None,2,216,5,[],None,None
EXPLOIT_VULN,2965.402073935618,2967.5488726805065,2.146798744888656,24,e9bc77a2-2b34-4047-bde3-7181cf9dfd37,None,None,2,217,5,[],None,None
EXPLOIT_VULN,2967.5488726805065,2977.2401988005468,9.69132612004023,24,e9bc77a2-2b34-4047-bde3-7181cf9dfd37,None,None,2,218,5,[],None,None
EXPLOIT_VULN,2977.2401988005468,2981.3642907355725,4.124091935025717,24,e9bc77a2-2b34-4047-bde3-7181cf9dfd37,None,None,2,219,5,[],None,None
EXPLOIT_VULN,2981.3642907355725,2982.7968117895957,1.4325210540232547,24,e9bc77a2-2b34-4047-bde3-7181cf9dfd37,None,None,2,220,5,[],None,None
EXPLOIT_VULN,2982.7968117895957,2988.0907323371766,5.29392054758091,24,e9bc77a2-2b34-4047-bde3-7181cf9dfd37,None,None,2,221,5,[],None,None
EXPLOIT_VULN,2988.0907323371766,2996.6029660060353,8.512233668858698,24,e9bc77a2-2b34-4047-bde3-7181cf9dfd37,None,None,2,222,5,[],None,None
EXPLOIT_VULN,2996.6029660060353,3011.6524642203126,15.049498214277264,24,e9bc77a2-2b34-4047-bde3-7181cf9dfd37,None,None,2,223,5,[],None,None
EXPLOIT_VULN,3011.6524642203126,3019.226895061866,7.574430841553294,24,e9bc77a2-2b34-4047-bde3-7181cf9dfd37,None,None,2,224,5,[],None,None
EXPLOIT_VULN,3019.226895061866,3029.835240463358,10.608345401491988,24,e9bc77a2-2b34-4047-bde3-7181cf9dfd37,None,None,2,225,5,[],None,None
EXPLOIT_VULN,3029.835240463358,3031.9994457472794,2.1642052839215467,24,e9bc77a2-2b34-4047-bde3-7181cf9dfd37,None,None,2,226,5,[],None,None
EXPLOIT_VULN,3031.9994457472794,3041.923975335946,9.9245295886667,24,e9bc77a2-2b34-4047-bde3-7181cf9dfd37,None,None,2,227,5,[],None,None
EXPLOIT_VULN,3041.923975335946,3061.8913950677297,19.967419731783593,24,e9bc77a2-2b34-4047-bde3-7181cf9dfd37,None,None,2,228,5,[],None,None
EXPLOIT_VULN,3061.8913950677297,3069.7135518114023,7.822156743672622,24,e9bc77a2-2b34-4047-bde3-7181cf9dfd37,None,None,2,229,5,[],None,None
EXPLOIT_VULN,3069.7135518114023,3077.9996997198637,8.286147908461317,24,e9bc77a2-2b34-4047-bde3-7181cf9dfd37,None,None,2,230,5,[],None,None
EXPLOIT_VULN,3077.9996997198637,3086.196036527978,8.19633680811421,24,e9bc77a2-2b34-4047-bde3-7181cf9dfd37,None,None,2,231,5,[],None,None
EXPLOIT_VULN,3086.196036527978,3087.726674376405,1.5306378484269771,24,e9bc77a2-2b34-4047-bde3-7181cf9dfd37,None,None,2,232,5,[],None,None
EXPLOIT_VULN,3087.726674376405,3103.895960111191,16.169285734786172,24,e9bc77a2-2b34-4047-bde3-7181cf9dfd37,None,None,2,233,5,[],None,None
EXPLOIT_VULN,3103.895960111191,3108.231150730641,4.335190619449804,24,e9bc77a2-2b34-4047-bde3-7181cf9dfd37,None,None,2,234,5,[],network,IPShuffle
SCAN_HOST,3128.5517411692545,3133.5517411692545,5.0,-1,-1,None,None,0,234,5,[],None,None
ENUM_HOST,3133.5517411692545,3138.5517411692545,5.0,-1,-1,None,None,0,234,5,[],None,None
SCAN_PORT,3138.5517411692545,3163.5517411692545,25.0,5,a47f754e-28a2-442b-ac11-33ff7dc1ad7f,None,None,1,234,5,[],None,None
EXPLOIT_VULN,3163.5517411692545,3165.6239977119435,2.072256542689047,5,a47f754e-28a2-442b-ac11-33ff7dc1ad7f,None,None,1,234,5,[],None,None
EXPLOIT_VULN,3165.6239977119435,3166.488135857411,0.8641381454676775,5,a47f754e-28a2-442b-ac11-33ff7dc1ad7f,None,None,1,235,5,[],None,None
EXPLOIT_VULN,3166.488135857411,3168.645602231914,2.1574663745027465,5,a47f754e-28a2-442b-ac11-33ff7dc1ad7f,None,None,1,236,5,[],None,None
EXPLOIT_VULN,3168.645602231914,3171.10825892991,2.4626566979959534,5,a47f754e-28a2-442b-ac11-33ff7dc1ad7f,None,None,1,237,5,[],None,None
EXPLOIT_VULN,3171.10825892991,3174.5317917886277,3.423532858717863,5,a47f754e-28a2-442b-ac11-33ff7dc1ad7f,None,None,1,238,5,[],None,None
EXPLOIT_VULN,3174.5317917886277,3177.2940701389666,2.7622783503388746,5,a47f754e-28a2-442b-ac11-33ff7dc1ad7f,None,None,1,239,5,[],None,None
EXPLOIT_VULN,3177.2940701389666,3179.575786161153,2.281716022186174,5,a47f754e-28a2-442b-ac11-33ff7dc1ad7f,None,None,1,240,5,[],None,None
EXPLOIT_VULN,3179.575786161153,3183.59047026735,4.014684106197365,5,a47f754e-28a2-442b-ac11-33ff7dc1ad7f,None,None,1,241,5,[],None,None
EXPLOIT_VULN,3183.59047026735,3191.6565154557607,8.066045188410499,5,a47f754e-28a2-442b-ac11-33ff7dc1ad7f,None,None,1,242,5,[],None,None
EXPLOIT_VULN,3191.6565154557607,3195.3795973370916,3.723081881330927,5,a47f754e-28a2-442b-ac11-33ff7dc1ad7f,None,None,1,243,5,[],None,None
EXPLOIT_VULN,3195.3795973370916,3197.7635453078565,2.3839479707648934,5,a47f754e-28a2-442b-ac11-33ff7dc1ad7f,None,None,1,244,5,[],None,None
EXPLOIT_VULN,3197.7635453078565,3204.356525349238,6.592980041381452,5,a47f754e-28a2-442b-ac11-33ff7dc1ad7f,None,None,1,245,5,[],None,None
EXPLOIT_VULN,3204.356525349238,3224.8076075682466,20.45108221900864,5,a47f754e-28a2-442b-ac11-33ff7dc1ad7f,None,None,1,246,5,[],None,None
EXPLOIT_VULN,3224.8076075682466,3231.6454974918547,6.837889923608145,5,a47f754e-28a2-442b-ac11-33ff7dc1ad7f,None,None,1,247,5,[],None,None
EXPLOIT_VULN,3231.6454974918547,3240.7019943038385,9.056496811983834,5,a47f754e-28a2-442b-ac11-33ff7dc1ad7f,None,None,1,248,5,[],None,None
EXPLOIT_VULN,3240.7019943038385,3261.7461440523925,21.04414974855399,5,a47f754e-28a2-442b-ac11-33ff7dc1ad7f,None,None,1,249,5,[],None,None
EXPLOIT_VULN,3261.7461440523925,3270.3451834540615,8.59903940166896,5,a47f754e-28a2-442b-ac11-33ff7dc1ad7f,None,None,1,250,5,[],None,None
EXPLOIT_VULN,3270.3451834540615,3289.7707956825284,19.42561222846689,5,a47f754e-28a2-442b-ac11-33ff7dc1ad7f,None,None,1,251,5,[],None,None
BRUTE_FORCE,3289.7707956825284,3309.7625187324297,19.99172304990134,5,a47f754e-28a2-442b-ac11-33ff7dc1ad7f,None,None,1,252,5,[],network,IPShuffle
SCAN_HOST,3330.4458519542422,3335.4458519542422,5.0,-1,-1,None,None,0,252,5,[],None,None
ENUM_HOST,3335.4458519542422,3340.4458519542422,5.0,-1,-1,None,None,0,252,5,[],None,None
SCAN_PORT,3340.4458519542422,3365.4458519542422,25.0,5,a47f754e-28a2-442b-ac11-33ff7dc1ad7f,None,None,2,252,5,[],None,None
EXPLOIT_VULN,3365.4458519542422,3367.317661874439,1.871809920196938,5,a47f754e-28a2-442b-ac11-33ff7dc1ad7f,None,None,2,252,5,[],None,None
EXPLOIT_VULN,3367.317661874439,3371.6818588571014,4.364196982662179,5,a47f754e-28a2-442b-ac11-33ff7dc1ad7f,None,None,2,253,5,[],None,None
EXPLOIT_VULN,3371.6818588571014,3375.603779474715,3.921920617613523,5,a47f754e-28a2-442b-ac11-33ff7dc1ad7f,None,None,2,254,5,[],None,None
EXPLOIT_VULN,3375.603779474715,3383.1645895794054,7.560810104690518,5,a47f754e-28a2-442b-ac11-33ff7dc1ad7f,None,None,2,255,5,[],None,None
EXPLOIT_VULN,3383.1645895794054,3388.2264179836093,5.0618284042038795,5,a47f754e-28a2-442b-ac11-33ff7dc1ad7f,None,None,2,256,5,[],None,None
EXPLOIT_VULN,3388.2264179836093,3397.5290600079475,9.302642024338184,5,a47f754e-28a2-442b-ac11-33ff7dc1ad7f,None,None,2,257,5,[],None,None
EXPLOIT_VULN,3397.5290600079475,3400.6182445420027,3.089184534055221,5,a47f754e-28a2-442b-ac11-33ff7dc1ad7f,None,None,2,258,5,[],None,None
EXPLOIT_VULN,3400.6182445420027,3421.0577099725406,20.439465430537894,5,a47f754e-28a2-442b-ac11-33ff7dc1ad7f,None,None,2,259,5,[],None,None
EXPLOIT_VULN,3421.0577099725406,3426.4545110131157,5.396801040575156,5,a47f754e-28a2-442b-ac11-33ff7dc1ad7f,None,None,2,260,5,[],None,None
EXPLOIT_VULN,3426.4545110131157,3433.4900019085608,7.035490895445037,5,a47f754e-28a2-442b-ac11-33ff7dc1ad7f,None,None,2,261,5,[],None,None
EXPLOIT_VULN,3433.4900019085608,3442.144638517257,8.654636608696364,5,a47f754e-28a2-442b-ac11-33ff7dc1ad7f,None,None,2,262,5,[],None,None
EXPLOIT_VULN,3442.144638517257,3458.310177745558,16.165539228300986,5,a47f754e-28a2-442b-ac11-33ff7dc1ad7f,None,None,2,263,5,[],None,None
EXPLOIT_VULN,3458.310177745558,3475.5575550451313,17.247377299573145,5,a47f754e-28a2-442b-ac11-33ff7dc1ad7f,None,None,2,264,5,[],None,None
EXPLOIT_VULN,3475.5575550451313,3491.2187432584005,15.66118821326927,5,a47f754e-28a2-442b-ac11-33ff7dc1ad7f,None,None,2,265,5,[],None,None
EXPLOIT_VULN,3491.2187432584005,3509.847688860516,18.628945602115436,5,a47f754e-28a2-442b-ac11-33ff7dc1ad7f,None,None,2,266,5,[],network,IPShuffle
SCAN_HOST,3529.923356165145,3534.923356165145,5.0,-1,-1,None,None,0,266,5,[],None,None
ENUM_HOST,3534.923356165145,3539.923356165145,5.0,-1,-1,None,None,0,266,5,[],None,None
SCAN_PORT,3539.923356165145,3564.923356165145,25.0,26,39be024e-1617-4936-85db-d192be03a098,26,39be024e-1617-4936-85db-d192be03a098,1,266,5,"['Ealasaid', 'Zelma']",None,None
SCAN_NEIGHBOR,3564.923356165145,3569.923356165145,5.0,26,39be024e-1617-4936-85db-d192be03a098,None,None,1,266,6,[],None,None
ENUM_HOST,3569.923356165145,3574.923356165145,5.0,26,39be024e-1617-4936-85db-d192be03a098,None,None,1,266,6,[],None,None
SCAN_PORT,3574.923356165145,3599.923356165145,25.0,24,e9bc77a2-2b34-4047-bde3-7181cf9dfd37,None,None,3,266,6,[],None,None
EXPLOIT_VULN,3599.923356165145,3600.1368680725805,0.2135119074355316,24,e9bc77a2-2b34-4047-bde3-7181cf9dfd37,None,None,3,266,6,[],None,None
EXPLOIT_VULN,3600.1368680725805,3603.179588403562,3.0427203309814104,24,e9bc77a2-2b34-4047-bde3-7181cf9dfd37,None,None,3,267,6,[],None,None
EXPLOIT_VULN,3603.179588403562,3606.5083927537585,3.328804350196606,24,e9bc77a2-2b34-4047-bde3-7181cf9dfd37,None,None,3,268,6,[],None,None
EXPLOIT_VULN,3606.5083927537585,3616.1103413303344,9.601948576575978,24,e9bc77a2-2b34-4047-bde3-7181cf9dfd37,None,None,3,269,6,[],None,None
EXPLOIT_VULN,3616.1103413303344,3617.5184105757153,1.4080692453808297,24,e9bc77a2-2b34-4047-bde3-7181cf9dfd37,None,None,3,270,6,[],None,None
EXPLOIT_VULN,3617.5184105757153,3619.8261001765986,2.30768960088335,24,e9bc77a2-2b34-4047-bde3-7181cf9dfd37,None,None,3,271,6,[],None,None
EXPLOIT_VULN,3619.8261001765986,3635.325322680618,15.499222504019144,24,e9bc77a2-2b34-4047-bde3-7181cf9dfd37,None,None,3,272,6,[],None,None
EXPLOIT_VULN,3635.325322680618,3652.2895493484243,16.964226667806543,24,e9bc77a2-2b34-4047-bde3-7181cf9dfd37,None,None,3,273,6,[],None,None
EXPLOIT_VULN,3652.2895493484243,3659.8313834430323,7.541834094608021,24,e9bc77a2-2b34-4047-bde3-7181cf9dfd37,None,None,3,274,6,[],None,None
EXPLOIT_VULN,3659.8313834430323,3670.487622808873,10.65623936584052,24,e9bc77a2-2b34-4047-bde3-7181cf9dfd37,None,None,3,275,6,[],None,None
EXPLOIT_VULN,3670.487622808873,3677.3522032807373,6.8645804718644285,24,e9bc77a2-2b34-4047-bde3-7181cf9dfd37,None,None,3,276,6,[],None,None
EXPLOIT_VULN,3677.3522032807373,3686.6001111138216,9.247907833084355,24,e9bc77a2-2b34-4047-bde3-7181cf9dfd37,None,None,3,277,6,[],None,None
EXPLOIT_VULN,3686.6001111138216,3706.5675617895463,19.96745067572465,24,e9bc77a2-2b34-4047-bde3-7181cf9dfd37,None,None,3,278,6,[],None,None
EXPLOIT_VULN,3706.5675617895463,3709.2498685533824,2.6823067638360953,24,e9bc77a2-2b34-4047-bde3-7181cf9dfd37,None,None,3,279,6,[],network,IPShuffle
SCAN_HOST,3730.6482052044553,3735.6482052044553,5.0,-1,-1,None,None,0,279,6,[],None,None
ENUM_HOST,3735.6482052044553,3740.6482052044553,5.0,-1,-1,None,None,0,279,6,[],None,None
SCAN_PORT,3740.6482052044553,3765.6482052044553,25.0,5,a47f754e-28a2-442b-ac11-33ff7dc1ad7f,None,None,3,279,6,[],None,None
EXPLOIT_VULN,3765.6482052044553,3769.9841610159488,4.335955811493477,5,a47f754e-28a2-442b-ac11-33ff7dc1ad7f,None,None,3,279,6,[],None,None
EXPLOIT_VULN,3769.9841610159488,3772.488494340252,2.5043333243033885,5,a47f754e-28a2-442b-ac11-33ff7dc1ad7f,None,None,3,280,6,[],None,None
EXPLOIT_VULN,3772.488494340252,3781.4117880864437,8.923293746191575,5,a47f754e-28a2-442b-ac11-33ff7dc1ad7f,None,None,3,281,6,[],None,None
EXPLOIT_VULN,3781.4117880864437,3801.9739110660585,20.562122979614742,5,a47f754e-28a2-442b-ac11-33ff7dc1ad7f,None,None,3,282,6,[],None,None
EXPLOIT_VULN,3801.9739110660585,3810.045389480471,8.071478414412468,5,a47f754e-28a2-442b-ac11-33ff7dc1ad7f,None,None,3,283,6,[],None,None
EXPLOIT_VULN,3810.045389480471,3817.766443052647,7.721053572176061,5,a47f754e-28a2-442b-ac11-33ff7dc1ad7f,None,None,3,284,6,[],None,None
EXPLOIT_VULN,3817.766443052647,3829.909962481176,12.143519428529089,5,a47f754e-28a2-442b-ac11-33ff7dc1ad7f,None,None,3,285,6,[],None,None
EXPLOIT_VULN,3829.909962481176,3836.5434282391802,6.633465758004149,5,a47f754e-28a2-442b-ac11-33ff7dc1ad7f,None,None,3,286,6,[],None,None
EXPLOIT_VULN,3836.5434282391802,3852.756095906276,16.212667667095957,5,a47f754e-28a2-442b-ac11-33ff7dc1ad7f,None,None,3,287,6,[],None,None
EXPLOIT_VULN,3852.756095906276,3861.719713208047,8.963617301770682,5,a47f754e-28a2-442b-ac11-33ff7dc1ad7f,None,None,3,288,6,[],None,None
EXPLOIT_VULN,3861.719713208047,3882.391980938477,20.67226773043012,5,a47f754e-28a2-442b-ac11-33ff7dc1ad7f,None,None,3,289,6,[],None,None
EXPLOIT_VULN,3882.391980938477,3904.143766004387,21.7517850659101,5,a47f754e-28a2-442b-ac11-33ff7dc1ad7f,5,a47f754e-28a2-442b-ac11-33ff7dc1ad7f,3,290,6,"['Wendie', 'Kelcy', 'Dorree']",None,None
SCAN_NEIGHBOR,3904.143766004387,3909.143766004387,5.0,5,a47f754e-28a2-442b-ac11-33ff7dc1ad7f,None,None,3,291,7,[],None,None
ENUM_HOST,3909.143766004387,3910.0988639127404,0.9550979083533093,5,a47f754e-28a2-442b-ac11-33ff7dc1ad7f,None,None,3,291,7,[],network,IPShuffle
SCAN_HOST,3930.125551266764,3935.125551266764,5.0,-1,-1,None,None,0,291,7,[],None,None
ENUM_HOST,3935.125551266764,3940.125551266764,5.0,-1,-1,None,None,0,291,7,[],None,None
SCAN_PORT,3940.125551266764,3965.125551266764,25.0,24,e9bc77a2-2b34-4047-bde3-7181cf9dfd37,None,None,4,291,7,[],None,None
EXPLOIT_VULN,3965.125551266764,3966.850210845035,1.7246595782708027,24,e9bc77a2-2b34-4047-bde3-7181cf9dfd37,None,None,4,291,7,[],None,None
EXPLOIT_VULN,3966.850210845035,3981.7425505988035,14.892339753768738,24,e9bc77a2-2b34-4047-bde3-7181cf9dfd37,None,None,4,292,7,[],None,None
EXPLOIT_VULN,3981.7425505988035,3998.726455280897,16.983904682093453,24,e9bc77a2-2b34-4047-bde3-7181cf9dfd37,None,None,4,293,7,[],None,None
EXPLOIT_VULN,3998.726455280897,4010.302603925862,11.576148644965087,24,e9bc77a2-2b34-4047-bde3-7181cf9dfd37,None,None,4,294,7,[],None,None
EXPLOIT_VULN,4010.302603925862,4018.688670709496,8.38606678363385,24,e9bc77a2-2b34-4047-bde3-7181cf9dfd37,None,None,4,295,7,[],None,None
EXPLOIT_VULN,4018.688670709496,4027.854650130542,9.165979421045904,24,e9bc77a2-2b34-4047-bde3-7181cf9dfd37,None,None,4,296,7,[],None,None
EXPLOIT_VULN,4027.854650130542,4040.8119485498455,12.957298419303697,24,e9bc77a2-2b34-4047-bde3-7181cf9dfd37,None,None,4,297,7,[],None,None
EXPLOIT_VULN,4040.8119485498455,4048.6526152181173,7.840666668271751,24,e9bc77a2-2b34-4047-bde3-7181cf9dfd37,None,None,4,298,7,[],None,None
EXPLOIT_VULN,4048.6526152181173,4055.4940467319952,6.841431513877978,24,e9bc77a2-2b34-4047-bde3-7181cf9dfd37,None,None,4,299,7,[],None,None
EXPLOIT_VULN,4055.4940467319952,4063.1865239658136,7.692477233818408,24,e9bc77a2-2b34-4047-bde3-7181cf9dfd37,None,None,4,300,7,[],None,None
EXPLOIT_VULN,4063.1865239658136,4080.0214719920336,16.83494802621999,24,e9bc77a2-2b34-4047-bde3-7181cf9dfd37,None,None,4,301,7,[],None,None
EXPLOIT_VULN,4080.0214719920336,4103.1798480138,23.1583760217668,24,e9bc77a2-2b34-4047-bde3-7181cf9dfd37,None,None,4,302,7,[],None,None
EXPLOIT_VULN,4103.1798480138,4105.7923555946945,2.612507580894089,24,e9bc77a2-2b34-4047-bde3-7181cf9dfd37,24,e9bc77a2-2b34-4047-bde3-7181cf9dfd37,4,303,7,['Annamaria'],None,None
SCAN_NEIGHBOR,4105.7923555946945,4110.7923555946945,5.0,24,e9bc77a2-2b34-4047-bde3-7181cf9dfd37,None,None,4,304,8,[],None,None
ENUM_HOST,4110.7923555946945,4111.801572104643,1.009216509948601,24,e9bc77a2-2b34-4047-bde3-7181cf9dfd37,None,None,4,304,8,[],network,IPShuffle
SCAN_HOST,4132.5158597960535,4137.5158597960535,5.0,-1,-1,None,None,0,304,8,[],None,None
ENUM_HOST,4137.5158597960535,4142.5158597960535,5.0,-1,-1,None,None,0,304,8,[],None,None
SCAN_PORT,4142.5158597960535,4167.5158597960535,25.0,11,1c46076f-ea2d-4800-9a61-c6d6398aa328,None,None,1,304,8,[],None,None
EXPLOIT_VULN,4167.5158597960535,4167.994900574642,0.4790407785885691,11,1c46076f-ea2d-4800-9a61-c6d6398aa328,None,None,1,304,8,[],None,None
EXPLOIT_VULN,4167.994900574642,4171.930883386614,3.9359828119722806,11,1c46076f-ea2d-4800-9a61-c6d6398aa328,None,None,1,305,8,[],None,None
EXPLOIT_VULN,4171.930883386614,4174.077010532906,2.146127146291292,11,1c46076f-ea2d-4800-9a61-c6d6398aa328,None,None,1,306,8,[],None,None
EXPLOIT_VULN,4174.077010532906,4185.460910496004,11.383899963097974,11,1c46076f-ea2d-4800-9a61-c6d6398aa328,None,None,1,307,8,[],None,None
EXPLOIT_VULN,4185.460910496004,4201.687639934875,16.22672943887119,11,1c46076f-ea2d-4800-9a61-c6d6398aa328,None,None,1,308,8,[],None,None
EXPLOIT_VULN,4201.687639934875,4219.236569898685,17.548929963810224,11,1c46076f-ea2d-4800-9a61-c6d6398aa328,None,None,1,309,8,[],None,None
EXPLOIT_VULN,4219.236569898685,4237.628970703546,18.3924008048607,11,1c46076f-ea2d-4800-9a61-c6d6398aa328,None,None,1,310,8,[],None,None
EXPLOIT_VULN,4237.628970703546,4246.648213319235,9.019242615689109,11,1c46076f-ea2d-4800-9a61-c6d6398aa328,None,None,1,311,8,[],None,None
BRUTE_FORCE,4246.648213319235,4266.648213319235,20.0,11,1c46076f-ea2d-4800-9a61-c6d6398aa328,None,None,1,312,8,[],None,None
ENUM_HOST,4266.648213319235,4271.648213319235,5.0,11,1c46076f-ea2d-4800-9a61-c6d6398aa328,None,None,1,312,8,[],None,None
SCAN_PORT,4271.648213319235,4296.648213319235,25.0,12,59b42036-d1d0-4af9-9416-7937abf6b940,None,None,1,312,8,[],None,None
EXPLOIT_VULN,4296.648213319235,4297.277069996376,0.6288566771409023,12,59b42036-d1d0-4af9-9416-7937abf6b940,None,None,1,312,8,[],None,None
EXPLOIT_VULN,4297.277069996376,4301.978357863026,4.701287866650091,12,59b42036-d1d0-4af9-9416-7937abf6b940,None,None,1,313,8,[],None,None
EXPLOIT_VULN,4301.978357863026,4308.461584033485,6.483226170459602,12,59b42036-d1d0-4af9-9416-7937abf6b940,None,None,1,314,8,[],None,None
EXPLOIT_VULN,4308.461584033485,4310.637419132349,2.1758350988638995,12,59b42036-d1d0-4af9-9416-7937abf6b940,None,None,1,315,8,[],network,IPShuffle
SCAN_HOST,4330.7160052816635,4335.7160052816635,5.0,-1,-1,None,None,0,315,8,[],None,None
ENUM_HOST,4335.7160052816635,4340.7160052816635,5.0,-1,-1,None,None,0,315,8,[],None,None
SCAN_PORT,4340.7160052816635,4365.7160052816635,25.0,11,1c46076f-ea2d-4800-9a61-c6d6398aa328,None,None,2,315,8,[],None,None
EXPLOIT_VULN,4365.7160052816635,4377.6129082636035,11.896902981940002,11,1c46076f-ea2d-4800-9a61-c6d6398aa328,None,None,2,315,8,[],None,None
EXPLOIT_VULN,4377.6129082636035,4398.119609224357,20.506700960753733,11,1c46076f-ea2d-4800-9a61-c6d6398aa328,None,None,2,316,8,[],None,None
EXPLOIT_VULN,4398.119609224357,4414.711276775013,16.591667550655984,11,1c46076f-ea2d-4800-9a61-c6d6398aa328,None,None,2,317,8,[],None,None
EXPLOIT_VULN,4414.711276775013,4431.672977776868,16.961701001854635,11,1c46076f-ea2d-4800-9a61-c6d6398aa328,None,None,2,318,8,[],None,None
EXPLOIT_VULN,4431.672977776868,4450.752306794753,19.079329017885357,11,1c46076f-ea2d-4800-9a61-c6d6398aa328,11,1c46076f-ea2d-4800-9a61-c6d6398aa328,2,319,8,['Clemmie'],None,None
SCAN_NEIGHBOR,4450.752306794753,4455.752306794753,5.0,11,1c46076f-ea2d-4800-9a61-c6d6398aa328,None,None,2,320,9,[],None,None
ENUM_HOST,4455.752306794753,4460.752306794753,5.0,11,1c46076f-ea2d-4800-9a61-c6d6398aa328,None,None,2,320,9,[],None,None
SCAN_PORT,4460.752306794753,4485.752306794753,25.0,14,5806c1d4-c777-495b-9548-7ff2a79d09b0,None,None,1,320,9,[],None,None
EXPLOIT_VULN,4485.752306794753,4489.557806891009,3.805500096255855,14,5806c1d4-c777-495b-9548-7ff2a79d09b0,None,None,1,320,9,[],None,None
EXPLOIT_VULN,4489.557806891009,4490.596953326074,1.0391464350650494,14,5806c1d4-c777-495b-9548-7ff2a79d09b0,None,None,1,321,9,[],None,None
EXPLOIT_VULN,4490.596953326074,4503.005221923052,12.408268596977905,14,5806c1d4-c777-495b-9548-7ff2a79d09b0,None,None,1,322,9,[],None,None
EXPLOIT_VULN,4503.005221923052,4510.191403226705,7.186181303653029,14,5806c1d4-c777-495b-9548-7ff2a79d09b0,None,None,1,323,9,[],network,IPShuffle
SCAN_HOST,4530.780865771651,4535.780865771651,5.0,-1,-1,None,None,0,323,9,[],None,None
ENUM_HOST,4535.780865771651,4540.780865771651,5.0,-1,-1,None,None,0,323,9,[],None,None
SCAN_PORT,4540.780865771651,4565.780865771651,25.0,10,d79c0963-4a36-42b2-9ec4-1e466a44227f,None,None,1,323,9,[],None,None
EXPLOIT_VULN,4565.780865771651,4573.498379841009,7.717514069358003,10,d79c0963-4a36-42b2-9ec4-1e466a44227f,None,None,1,323,9,[],None,None
EXPLOIT_VULN,4573.498379841009,4578.505389396908,5.007009555898549,10,d79c0963-4a36-42b2-9ec4-1e466a44227f,None,None,1,324,9,[],None,None
EXPLOIT_VULN,4578.505389396908,4595.623396625742,17.118007228834358,10,d79c0963-4a36-42b2-9ec4-1e466a44227f,None,None,1,325,9,[],None,None
EXPLOIT_VULN,4595.623396625742,4598.207902513596,2.584505887853993,10,d79c0963-4a36-42b2-9ec4-1e466a44227f,None,None,1,326,9,[],None,None
EXPLOIT_VULN,4598.207902513596,4615.288073345649,17.080170832052318,10,d79c0963-4a36-42b2-9ec4-1e466a44227f,None,None,1,327,9,[],None,None
EXPLOIT_VULN,4615.288073345649,4623.586136967957,8.298063622308291,10,d79c0963-4a36-42b2-9ec4-1e466a44227f,None,None,1,328,9,[],None,None
BRUTE_FORCE,4623.586136967957,4643.586136967957,20.0,10,d79c0963-4a36-42b2-9ec4-1e466a44227f,None,None,1,329,9,[],None,None
ENUM_HOST,4643.586136967957,4648.586136967957,5.0,10,d79c0963-4a36-42b2-9ec4-1e466a44227f,None,None,1,329,9,[],None,None
SCAN_PORT,4648.586136967957,4673.586136967957,25.0,22,07f44fbe-e0a6-466b-a44d-49027332a3e2,None,None,1,329,9,[],None,None
EXPLOIT_VULN,4673.586136967957,4675.04181188026,1.4556749123030386,22,07f44fbe-e0a6-466b-a44d-49027332a3e2,None,None,1,329,9,[],None,None
EXPLOIT_VULN,4675.04181188026,4676.677900704395,1.6360888241351859,22,07f44fbe-e0a6-466b-a44d-49027332a3e2,None,None,1,330,9,[],None,None
EXPLOIT_VULN,4676.677900704395,4680.027831646037,3.3499309416420147,22,07f44fbe-e0a6-466b-a44d-49027332a3e2,None,None,1,331,9,[],None,None
EXPLOIT_VULN,4680.027831646037,4683.456236924278,3.4284052782404615,22,07f44fbe-e0a6-466b-a44d-49027332a3e2,None,None,1,332,9,[],None,None
EXPLOIT_VULN,4683.456236924278,4685.196656608263,1.7404196839852375,22,07f44fbe-e0a6-466b-a44d-49027332a3e2,None,None,1,333,9,[],None,None
EXPLOIT_VULN,4685.196656608263,4689.571121294088,4.3744646858249325,22,07f44fbe-e0a6-466b-a44d-49027332a3e2,None,None,1,334,9,[],None,None
EXPLOIT_VULN,4689.571121294088,4700.597003617064,11.025882322976031,22,07f44fbe-e0a6-466b-a44d-49027332a3e2,None,None,1,335,9,[],None,None
EXPLOIT_VULN,4700.597003617064,4701.577086655393,0.9800830383292123,22,07f44fbe-e0a6-466b-a44d-49027332a3e2,None,None,1,336,9,[],None,None
EXPLOIT_VULN,4701.577086655393,4707.0280450604705,5.450958405077472,22,07f44fbe-e0a6-466b-a44d-49027332a3e2,None,None,1,337,9,[],None,None
EXPLOIT_VULN,4707.0280450604705,4709.8107278696425,2.7826828091720017,22,07f44fbe-e0a6-466b-a44d-49027332a3e2,None,None,1,338,9,[],None,None
EXPLOIT_VULN,4709.8107278696425,4710.740869807566,0.9301419379235085,22,07f44fbe-e0a6-466b-a44d-49027332a3e2,None,None,1,339,9,[],network,IPShuffle
SCAN_HOST,4731.241553589557,4736.241553589557,5.0,-1,-1,None,None,0,339,9,[],None,None
ENUM_HOST,4736.241553589557,4741.241553589557,5.0,-1,-1,None,None,0,339,9,[],None,None
SCAN_PORT,4741.241553589557,4766.241553589557,25.0,10,d79c0963-4a36-42b2-9ec4-1e466a44227f,None,None,2,339,9,[],None,None
EXPLOIT_VULN,4766.241553589557,4772.550049543406,6.30849595384916,10,d79c0963-4a36-42b2-9ec4-1e466a44227f,None,None,2,339,9,[],None,None
EXPLOIT_VULN,4772.550049543406,4790.259757990363,17.709708446956938,10,d79c0963-4a36-42b2-9ec4-1e466a44227f,None,None,2,340,9,[],None,None
EXPLOIT_VULN,4790.259757990363,4807.497614359623,17.237856369260044,10,d79c0963-4a36-42b2-9ec4-1e466a44227f,None,None,2,341,9,[],None,None
EXPLOIT_VULN,4807.497614359623,4810.157520853513,2.6599064938900483,10,d79c0963-4a36-42b2-9ec4-1e466a44227f,None,None,2,342,9,[],None,None
EXPLOIT_VULN,4810.157520853513,4827.822296804354,17.66477595084052,10,d79c0963-4a36-42b2-9ec4-1e466a44227f,None,None,2,343,9,[],None,None
EXPLOIT_VULN,4827.822296804354,4836.752735148596,8.930438344242248,10,d79c0963-4a36-42b2-9ec4-1e466a44227f,10,d79c0963-4a36-42b2-9ec4-1e466a44227f,2,344,9,"['Meghan', 'Lezlie']",None,None
SCAN_NEIGHBOR,4836.752735148596,4841.752735148596,5.0,10,d79c0963-4a36-42b2-9ec4-1e466a44227f,None,None,2,345,10,[],None,None
ENUM_HOST,4841.752735148596,4846.752735148596,5.0,10,d79c0963-4a36-42b2-9ec4-1e466a44227f,None,None,2,345,10,[],None,None
SCAN_PORT,4846.752735148596,4871.752735148596,25.0,16,5e0c6288-6ce0-49e3-8e0e-a9f8a7238ebf,None,None,1,345,10,[],None,None
EXPLOIT_VULN,4871.752735148596,4876.061961953995,4.309226805398794,16,5e0c6288-6ce0-49e3-8e0e-a9f8a7238ebf,None,None,1,345,10,[],None,None
EXPLOIT_VULN,4876.061961953995,4881.74120703921,5.679245085215371,16,5e0c6288-6ce0-49e3-8e0e-a9f8a7238ebf,None,None,1,346,10,[],None,None
EXPLOIT_VULN,4881.74120703921,4898.930493525108,17.189286485898265,16,5e0c6288-6ce0-49e3-8e0e-a9f8a7238ebf,None,None,1,347,10,[],None,None
EXPLOIT_VULN,4898.930493525108,4901.705532745423,2.7750392203142837,16,5e0c6288-6ce0-49e3-8e0e-a9f8a7238ebf,None,None,1,348,10,[],None,None
EXPLOIT_VULN,4901.705532745423,4910.195363721667,8.489830976243866,16,5e0c6288-6ce0-49e3-8e0e-a9f8a7238ebf,None,None,1,349,10,[],None,None
BRUTE_FORCE,4910.195363721667,4910.587131438833,0.39176771716665826,16,5e0c6288-6ce0-49e3-8e0e-a9f8a7238ebf,None,None,1,350,10,[],network,IPShuffle
SCAN_HOST,4930.61003243623,4935.61003243623,5.0,-1,-1,None,None,0,350,10,[],None,None
ENUM_HOST,4935.61003243623,4940.61003243623,5.0,-1,-1,None,None,0,350,10,[],None,None
SCAN_PORT,4940.61003243623,4965.61003243623,25.0,16,5e0c6288-6ce0-49e3-8e0e-a9f8a7238ebf,None,None,2,350,10,[],None,None
EXPLOIT_VULN,4965.61003243623,4970.5842139720435,4.974181535813841,16,5e0c6288-6ce0-49e3-8e0e-a9f8a7238ebf,None,None,2,350,10,[],None,None
EXPLOIT_VULN,4970.5842139720435,4974.615629886285,4.031415914241734,16,5e0c6288-6ce0-49e3-8e0e-a9f8a7238ebf,None,None,2,351,10,[],None,None
EXPLOIT_VULN,4974.615629886285,4978.64496701916,4.029337132874389,16,5e0c6288-6ce0-49e3-8e0e-a9f8a7238ebf,None,None,2,352,10,[],None,None
EXPLOIT_VULN,4978.64496701916,4984.747437954358,6.102470935198653,16,5e0c6288-6ce0-49e3-8e0e-a9f8a7238ebf,None,None,2,353,10,[],None,None
EXPLOIT_VULN,4984.747437954358,4992.5404422009215,7.793004246563214,16,5e0c6288-6ce0-49e3-8e0e-a9f8a7238ebf,None,None,2,354,10,[],None,None
EXPLOIT_VULN,4992.5404422009215,5013.281097467782,20.740655266860813,16,5e0c6288-6ce0-49e3-8e0e-a9f8a7238ebf,None,None,2,355,10,[],None,None
EXPLOIT_VULN,5013.281097467782,5031.991391940065,18.71029447228284,16,5e0c6288-6ce0-49e3-8e0e-a9f8a7238ebf,None,None,2,356,10,[],None,None
EXPLOIT_VULN,5031.991391940065,5050.039856629745,18.04846468968026,16,5e0c6288-6ce0-49e3-8e0e-a9f8a7238ebf,None,None,2,357,10,[],None,None
EXPLOIT_VULN,5050.039856629745,5054.063551289848,4.023694660102592,16,5e0c6288-6ce0-49e3-8e0e-a9f8a7238ebf,16,5e0c6288-6ce0-49e3-8e0e-a9f8a7238ebf,2,358,10,[],None,None
SCAN_NEIGHBOR,5054.063551289848,5059.063551289848,5.0,16,5e0c6288-6ce0-49e3-8e0e-a9f8a7238ebf,None,None,2,359,11,[],None,None
ENUM_HOST,5059.063551289848,5064.063551289848,5.0,16,5e0c6288-6ce0-49e3-8e0e-a9f8a7238ebf,None,None,2,359,11,[],None,None
ENUM_HOST,5064.063551289848,5069.063551289848,5.0,10,d79c0963-4a36-42b2-9ec4-1e466a44227f,None,None,3,359,11,[],None,None
SCAN_PORT,5069.063551289848,5094.063551289848,25.0,15,0c4aa51a-0b8c-4175-b9e6-46cfe860e67b,None,None,1,359,11,[],None,None
EXPLOIT_VULN,5094.063551289848,5095.6196474841545,1.5560961943065195,15,0c4aa51a-0b8c-4175-b9e6-46cfe860e67b,None,None,1,359,11,[],None,None
EXPLOIT_VULN,5095.6196474841545,5097.366875548866,1.747228064711635,15,0c4aa51a-0b8c-4175-b9e6-46cfe860e67b,None,None,1,360,11,[],None,None
EXPLOIT_VULN,5097.366875548866,5098.557740837687,1.1908652888205324,15,0c4aa51a-0b8c-4175-b9e6-46cfe860e67b,None,None,1,361,11,[],None,None
EXPLOIT_VULN,5098.557740837687,5102.484750948353,3.9270101106667425,15,0c4aa51a-0b8c-4175-b9e6-46cfe860e67b,None,None,1,362,11,[],None,None
EXPLOIT_VULN,5102.484750948353,5103.7716203111,1.2868693627469838,15,0c4aa51a-0b8c-4175-b9e6-46cfe860e67b,None,None,1,363,11,[],None,None
EXPLOIT_VULN,5103.7716203111,5106.519513150895,2.7478928397949858,15,0c4aa51a-0b8c-4175-b9e6-46cfe860e67b,None,None,1,364,11,[],None,None
EXPLOIT_VULN,5106.519513150895,5111.051355532495,4.531842381599745,15,0c4aa51a-0b8c-4175-b9e6-46cfe860e67b,None,None,1,365,11,[],network,IPShuffle
SCAN_HOST,5131.143407685298,5136.143407685298,5.0,-1,-1,None,None,0,365,11,[],None,None
ENUM_HOST,5136.143407685298,5141.143407685298,5.0,-1,-1,None,None,0,365,11,[],None,None
SCAN_PORT,5141.143407685298,5166.143407685298,25.0,14,5806c1d4-c777-495b-9548-7ff2a79d09b0,None,None,2,365,11,[],None,None
EXPLOIT_VULN,5166.143407685298,5185.720191171616,19.576783486317254,14,5806c1d4-c777-495b-9548-7ff2a79d09b0,None,None,2,365,11,[],None,None
EXPLOIT_VULN,5185.720191171616,5203.556418995361,17.836227823745503,14,5806c1d4-c777-495b-9548-7ff2a79d09b0,None,None,2,366,11,[],None,None
EXPLOIT_VULN,5203.556418995361,5212.591968207226,9.035549211865145,14,5806c1d4-c777-495b-9548-7ff2a79d09b0,None,None,2,367,11,[],None,None
BRUTE_FORCE,5212.591968207226,5232.591968207226,20.0,14,5806c1d4-c777-495b-9548-7ff2a79d09b0,None,None,2,368,11,[],None,None
ENUM_HOST,5232.591968207226,5237.591968207226,5.0,14,5806c1d4-c777-495b-9548-7ff2a79d09b0,None,None,2,368,11,[],None,None
SCAN_PORT,5237.591968207226,5262.591968207226,25.0,12,59b42036-d1d0-4af9-9416-7937abf6b940,None,None,2,368,11,[],None,None
EXPLOIT_VULN,5262.591968207226,5262.971618500295,0.3796502930690622,12,59b42036-d1d0-4af9-9416-7937abf6b940,None,None,2,368,11,[],None,None
EXPLOIT_VULN,5262.971618500295,5265.951001281515,2.9793827812200107,12,59b42036-d1d0-4af9-9416-7937abf6b940,None,None,2,369,11,[],None,None
EXPLOIT_VULN,5265.951001281515,5271.719970349672,5.768969068156366,12,59b42036-d1d0-4af9-9416-7937abf6b940,None,None,2,370,11,[],None,None
EXPLOIT_VULN,5271.719970349672,5280.83292860678,9.112958257108403,12,59b42036-d1d0-4af9-9416-7937abf6b940,None,None,2,371,11,[],None,None
EXPLOIT_VULN,5280.83292860678,5283.310770422223,2.4778418154428437,12,59b42036-d1d0-4af9-9416-7937abf6b940,None,None,2,372,11,[],None,None
EXPLOIT_VULN,5283.310770422223,5286.806777822639,3.4960074004156922,12,59b42036-d1d0-4af9-9416-7937abf6b940,None,None,2,373,11,[],None,None
EXPLOIT_VULN,5286.806777822639,5291.448365360252,4.6415875376133044,12,59b42036-d1d0-4af9-9416-7937abf6b940,None,None,2,374,11,[],None,None
EXPLOIT_VULN,5291.448365360252,5299.55260306752,8.104237707268112,12,59b42036-d1d0-4af9-9416-7937abf6b940,None,None,2,375,11,[],None,None
EXPLOIT_VULN,5299.55260306752,5307.969167704568,8.416564637047486,12,59b42036-d1d0-4af9-9416-7937abf6b940,None,None,2,376,11,[],None,None
EXPLOIT_VULN,5307.969167704568,5311.105717927445,3.136550222877304,12,59b42036-d1d0-4af9-9416-7937abf6b940,None,None,2,377,11,[],network,IPShuffle
SCAN_HOST,5331.296989681811,5336.296989681811,5.0,-1,-1,None,None,0,377,11,[],None,None
ENUM_HOST,5336.296989681811,5341.296989681811,5.0,-1,-1,None,None,0,377,11,[],None,None
SCAN_PORT,5341.296989681811,5366.296989681811,25.0,17,464c921a-4723-4171-a9ab-c807ce9b91c6,None,None,1,377,11,[],None,None
EXPLOIT_VULN,5366.296989681811,5367.584623074711,1.2876333928998065,17,464c921a-4723-4171-a9ab-c807ce9b91c6,None,None,1,377,11,[],None,None
EXPLOIT_VULN,5367.584623074711,5368.606523088679,1.0219000139677519,17,464c921a-4723-4171-a9ab-c807ce9b91c6,None,None,1,378,11,[],None,None
EXPLOIT_VULN,5368.606523088679,5369.4424727853275,0.8359496966486404,17,464c921a-4723-4171-a9ab-c807ce9b91c6,None,None,1,379,11,[],None,None
EXPLOIT_VULN,5369.4424727853275,5369.811236105753,0.36876332042538706,17,464c921a-4723-4171-a9ab-c807ce9b91c6,None,None,1,380,11,[],None,None
EXPLOIT_VULN,5369.811236105753,5370.813165330364,1.0019292246115583,17,464c921a-4723-4171-a9ab-c807ce9b91c6,None,None,1,381,11,[],None,None
EXPLOIT_VULN,5370.813165330364,5373.2941755723305,2.4810102419660325,17,464c921a-4723-4171-a9ab-c807ce9b91c6,None,None,1,382,11,[],None,None
EXPLOIT_VULN,5373.2941755723305,5373.857675224071,0.5634996517401305,17,464c921a-4723-4171-a9ab-c807ce9b91c6,None,None,1,383,11,[],None,None
EXPLOIT_VULN,5373.857675224071,5375.605278573192,1.7476033491211638,17,464c921a-4723-4171-a9ab-c807ce9b91c6,None,None,1,384,11,[],None,None
EXPLOIT_VULN,5375.605278573192,5377.226872191918,1.621593618726365,17,464c921a-4723-4171-a9ab-c807ce9b91c6,None,None,1,385,11,[],None,None
EXPLOIT_VULN,5377.226872191918,5380.889044214111,3.6621720221928626,17,464c921a-4723-4171-a9ab-c807ce9b91c6,None,None,1,386,11,[],None,None
EXPLOIT_VULN,5380.889044214111,5385.238106187779,4.349061973667631,17,464c921a-4723-4171-a9ab-c807ce9b91c6,None,None,1,387,11,[],None,None
EXPLOIT_VULN,5385.238106187779,5390.73855842454,5.500452236761703,17,464c921a-4723-4171-a9ab-c807ce9b91c6,None,None,1,388,11,[],None,None
EXPLOIT_VULN,5390.73855842454,5394.157488477054,3.4189300525140425,17,464c921a-4723-4171-a9ab-c807ce9b91c6,None,None,1,389,11,[],None,None
EXPLOIT_VULN,5394.157488477054,5396.174813265005,2.0173247879502014,17,464c921a-4723-4171-a9ab-c807ce9b91c6,None,None,1,390,11,[],None,None
EXPLOIT_VULN,5396.174813265005,5400.053947847368,3.879134582363804,17,464c921a-4723-4171-a9ab-c807ce9b91c6,None,None,1,391,11,[],None,None
EXPLOIT_VULN,5400.053947847368,5403.945405749772,3.8914579024039995,17,464c921a-4723-4171-a9ab-c807ce9b91c6,None,None,1,392,11,[],None,None
EXPLOIT_VULN,5403.945405749772,5407.981204297294,4.035798547522063,17,464c921a-4723-4171-a9ab-c807ce9b91c6,None,None,1,393,11,[],None,None
EXPLOIT_VULN,5407.981204297294,5411.519651367945,3.5384470706503635,17,464c921a-4723-4171-a9ab-c807ce9b91c6,None,None,1,394,11,[],None,None
EXPLOIT_VULN,5411.519651367945,5422.804310175125,11.284658807179767,17,464c921a-4723-4171-a9ab-c807ce9b91c6,None,None,1,395,11,[],None,None
EXPLOIT_VULN,5422.804310175125,5427.416188740904,4.6118785657790795,17,464c921a-4723-4171-a9ab-c807ce9b91c6,None,None,1,396,11,[],None,None
EXPLOIT_VULN,5427.416188740904,5430.0917580970445,2.6755693561408407,17,464c921a-4723-4171-a9ab-c807ce9b91c6,None,None,1,397,11,[],None,None
EXPLOIT_VULN,5430.0917580970445,5436.617423591824,6.525665494779787,17,464c921a-4723-4171-a9ab-c807ce9b91c6,None,None,1,398,11,[],None,None
EXPLOIT_VULN,5436.617423591824,5442.187321411974,5.56989782014989,17,464c921a-4723-4171-a9ab-c807ce9b91c6,None,None,1,399,11,[],None,None
EXPLOIT_VULN,5442.187321411974,5448.610801011587,6.4234795996126195,17,464c921a-4723-4171-a9ab-c807ce9b91c6,None,None,1,400,11,[],None,None
EXPLOIT_VULN,5448.610801011587,5453.954763812153,5.34396280056626,17,464c921a-4723-4171-a9ab-c807ce9b91c6,None,None,1,401,11,[],None,None
EXPLOIT_VULN,5453.954763812153,5460.891278815034,6.936515002880697,17,464c921a-4723-4171-a9ab-c807ce9b91c6,None,None,1,402,11,[],None,None
EXPLOIT_VULN,5460.891278815034,5466.759502690348,5.86822387531447,17,464c921a-4723-4171-a9ab-c807ce9b91c6,None,None,1,403,11,[],None,None
EXPLOIT_VULN,5466.759502690348,5472.421071890906,5.661569200558006,17,464c921a-4723-4171-a9ab-c807ce9b91c6,None,None,1,404,11,[],None,None
EXPLOIT_VULN,5472.421071890906,5477.232678050508,4.811606159601979,17,464c921a-4723-4171-a9ab-c807ce9b91c6,None,None,1,405,11,[],None,None
EXPLOIT_VULN,5477.232678050508,5482.553050297104,5.32037224659598,17,464c921a-4723-4171-a9ab-c807ce9b91c6,None,None,1,406,11,[],None,None
EXPLOIT_VULN,5482.553050297104,5489.486135258638,6.9330849615334955,17,464c921a-4723-4171-a9ab-c807ce9b91c6,None,None,1,407,11,[],None,None
EXPLOIT_VULN,5489.486135258638,5492.670874382159,3.1847391235214673,17,464c921a-4723-4171-a9ab-c807ce9b91c6,None,None,1,408,11,[],None,None
EXPLOIT_VULN,5492.670874382159,5496.155000463723,3.4841260815637725,17,464c921a-4723-4171-a9ab-c807ce9b91c6,None,None,1,409,11,[],None,None
EXPLOIT_VULN,5496.155000463723,5499.230851071892,3.075850608169276,17,464c921a-4723-4171-a9ab-c807ce9b91c6,None,None,1,410,11,[],None,None
EXPLOIT_VULN,5499.230851071892,5508.276396219408,9.04554514751544,17,464c921a-4723-4171-a9ab-c807ce9b91c6,None,None,1,411,11,[],None,None
EXPLOIT_VULN,5508.276396219408,5511.219760134974,2.943363915566806,17,464c921a-4723-4171-a9ab-c807ce9b91c6,None,None,1,412,11,[],network,IPShuffle
SCAN_HOST,5531.346630477685,5536.346630477685,5.0,-1,-1,None,None,0,412,11,[],None,None
ENUM_HOST,5536.346630477685,5541.346630477685,5.0,-1,-1,None,None,0,412,11,[],None,None
SCAN_PORT,5541.346630477685,5566.346630477685,25.0,12,59b42036-d1d0-4af9-9416-7937abf6b940,None,None,3,412,11,[],None,None
EXPLOIT_VULN,5566.346630477685,5575.171430697216,8.824800219531426,12,59b42036-d1d0-4af9-9416-7937abf6b940,None,None,3,412,11,[],None,None
EXPLOIT_VULN,5575.171430697216,5578.442288852018,3.270858154801317,12,59b42036-d1d0-4af9-9416-7937abf6b940,None,None,3,413,11,[],None,None
EXPLOIT_VULN,5578.442288852018,5583.855611267292,5.413322415274706,12,59b42036-d1d0-4af9-9416-7937abf6b940,None,None,3,414,11,[],None,None
EXPLOIT_VULN,5583.855611267292,5592.393526327741,8.53791506044854,12,59b42036-d1d0-4af9-9416-7937abf6b940,None,None,3,415,11,[],None,None
EXPLOIT_VULN,5592.393526327741,5595.757780313975,3.3642539862339618,12,59b42036-d1d0-4af9-9416-7937abf6b940,None,None,3,416,11,[],None,None
EXPLOIT_VULN,5595.757780313975,5604.976279519059,9.2184992050843,12,59b42036-d1d0-4af9-9416-7937abf6b940,12,59b42036-d1d0-4af9-9416-7937abf6b940,3,417,11,['Jemie'],None,None
SCAN_NEIGHBOR,5604.976279519059,5609.976279519059,5.0,12,59b42036-d1d0-4af9-9416-7937abf6b940,None,None,3,418,12,[],None,None
ENUM_HOST,5609.976279519059,5614.976279519059,5.0,12,59b42036-d1d0-4af9-9416-7937abf6b940,None,None,3,418,12,[],None,None
SCAN_PORT,5614.976279519059,5639.976279519059,25.0,33,efa10b4d-cbc9-4916-9ba8-a161ec9dd0f4,None,None,1,418,12,[],None,None
EXPLOIT_VULN,5639.976279519059,5641.766286147811,1.790006628752053,33,efa10b4d-cbc9-4916-9ba8-a161ec9dd0f4,None,None,1,418,12,[],None,None
EXPLOIT_VULN,5641.766286147811,5644.496393941327,2.730107793516254,33,efa10b4d-cbc9-4916-9ba8-a161ec9dd0f4,None,None,1,419,12,[],None,None
EXPLOIT_VULN,5644.496393941327,5645.22181384288,0.7254199015524136,33,efa10b4d-cbc9-4916-9ba8-a161ec9dd0f4,None,None,1,420,12,[],None,None
EXPLOIT_VULN,5645.22181384288,5649.353444442975,4.131630600095377,33,efa10b4d-cbc9-4916-9ba8-a161ec9dd0f4,None,None,1,421,12,[],None,None
EXPLOIT_VULN,5649.353444442975,5652.029433275581,2.675988832605981,33,efa10b4d-cbc9-4916-9ba8-a161ec9dd0f4,None,None,1,422,12,[],None,None
EXPLOIT_VULN,5652.029433275581,5657.296473303214,5.267040027632902,33,efa10b4d-cbc9-4916-9ba8-a161ec9dd0f4,None,None,1,423,12,[],None,None
EXPLOIT_VULN,5657.296473303214,5665.271757964433,7.975284661219121,33,efa10b4d-cbc9-4916-9ba8-a161ec9dd0f4,None,None,1,424,12,[],None,None
EXPLOIT_VULN,5665.271757964433,5682.44633810293,17.17458013849682,33,efa10b4d-cbc9-4916-9ba8-a161ec9dd0f4,None,None,1,425,12,[],None,None
EXPLOIT_VULN,5682.44633810293,5701.664844013184,19.218505910253953,33,efa10b4d-cbc9-4916-9ba8-a161ec9dd0f4,None,None,1,426,12,[],None,None
BRUTE_FORCE,5701.664844013184,5711.721716867761,10.056872854576795,33,efa10b4d-cbc9-4916-9ba8-a161ec9dd0f4,None,None,1,427,12,[],network,IPShuffle
SCAN_HOST,5731.8531819927475,5736.8531819927475,5.0,-1,-1,None,None,0,427,12,[],None,None
ENUM_HOST,5736.8531819927475,5741.8531819927475,5.0,-1,-1,None,None,0,427,12,[],None,None
SCAN_PORT,5741.8531819927475,5766.8531819927475,25.0,15,0c4aa51a-0b8c-4175-b9e6-46cfe860e67b,None,None,2,427,12,[],None,None
EXPLOIT_VULN,5766.8531819927475,5766.925207033919,0.07202504117140052,15,0c4aa51a-0b8c-4175-b9e6-46cfe860e67b,None,None,2,427,12,[],None,None
EXPLOIT_VULN,5766.925207033919,5767.827664030198,0.9024569962793976,15,0c4aa51a-0b8c-4175-b9e6-46cfe860e67b,None,None,2,428,12,[],None,None
EXPLOIT_VULN,5767.827664030198,5771.942845525994,4.115181495795696,15,0c4aa51a-0b8c-4175-b9e6-46cfe860e67b,None,None,2,429,12,[],None,None
EXPLOIT_VULN,5771.942845525994,5774.146083465733,2.203237939738756,15,0c4aa51a-0b8c-4175-b9e6-46cfe860e67b,None,None,2,430,12,[],None,None
EXPLOIT_VULN,5774.146083465733,5776.11382447143,1.9677410056974622,15,0c4aa51a-0b8c-4175-b9e6-46cfe860e67b,None,None,2,431,12,[],None,None
EXPLOIT_VULN,5776.11382447143,5785.109489130117,8.99566465868702,15,0c4aa51a-0b8c-4175-b9e6-46cfe860e67b,None,None,2,432,12,[],None,None
EXPLOIT_VULN,5785.109489130117,5795.707677849436,10.598188719318387,15,0c4aa51a-0b8c-4175-b9e6-46cfe860e67b,None,None,2,433,12,[],None,None
EXPLOIT_VULN,5795.707677849436,5801.30316215409,5.595484304654747,15,0c4aa51a-0b8c-4175-b9e6-46cfe860e67b,None,None,2,434,12,[],None,None
EXPLOIT_VULN,5801.30316215409,5806.446363640091,5.14320148600018,15,0c4aa51a-0b8c-4175-b9e6-46cfe860e67b,None,None,2,435,12,[],None,None
EXPLOIT_VULN,5806.446363640091,5819.022413609778,12.57604996968712,15,0c4aa51a-0b8c-4175-b9e6-46cfe860e67b,None,None,2,436,12,[],None,None
EXPLOIT_VULN,5819.022413609778,5824.347752171659,5.325338561880926,15,0c4aa51a-0b8c-4175-b9e6-46cfe860e67b,None,None,2,437,12,[],None,None
EXPLOIT_VULN,5824.347752171659,5831.690364863167,7.342612691508293,15,0c4aa51a-0b8c-4175-b9e6-46cfe860e67b,None,None,2,438,12,[],None,None
EXPLOIT_VULN,5831.690364863167,5837.189821801952,5.499456938785443,15,0c4aa51a-0b8c-4175-b9e6-46cfe860e67b,None,None,2,439,12,[],None,None
EXPLOIT_VULN,5837.189821801952,5843.482728928754,6.292907126801765,15,0c4aa51a-0b8c-4175-b9e6-46cfe860e67b,None,None,2,440,12,[],None,None
EXPLOIT_VULN,5843.482728928754,5848.532956518737,5.050227589982569,15,0c4aa51a-0b8c-4175-b9e6-46cfe860e67b,None,None,2,441,12,[],None,None
EXPLOIT_VULN,5848.532956518737,5853.712043488786,5.179086970048957,15,0c4aa51a-0b8c-4175-b9e6-46cfe860e67b,None,None,2,442,12,[],None,None
EXPLOIT_VULN,5853.712043488786,5860.430058395167,6.718014906381541,15,0c4aa51a-0b8c-4175-b9e6-46cfe860e67b,None,None,2,443,12,[],None,None
EXPLOIT_VULN,5860.430058395167,5868.040729296846,7.610670901678532,15,0c4aa51a-0b8c-4175-b9e6-46cfe860e67b,None,None,2,444,12,[],None,None
EXPLOIT_VULN,5868.040729296846,5873.970822936041,5.930093639195547,15,0c4aa51a-0b8c-4175-b9e6-46cfe860e67b,None,None,2,445,12,[],None,None
EXPLOIT_VULN,5873.970822936041,5881.516347991145,7.545525055104008,15,0c4aa51a-0b8c-4175-b9e6-46cfe860e67b,None,None,2,446,12,[],None,None
EXPLOIT_VULN,5881.516347991145,5890.268996854844,8.752648863698596,15,0c4aa51a-0b8c-4175-b9e6-46cfe860e67b,None,None,2,447,12,[],None,None
EXPLOIT_VULN,5890.268996854844,5898.64903804595,8.380041191106102,15,0c4aa51a-0b8c-4175-b9e6-46cfe860e67b,None,None,2,448,12,[],None,None
EXPLOIT_VULN,5898.64903804595,5912.508112432153,13.859074386203247,15,0c4aa51a-0b8c-4175-b9e6-46cfe860e67b,None,None,2,449,12,[],network,IPShuffle
SCAN_HOST,5932.814490880851,5937.814490880851,5.0,-1,-1,None,None,0,449,12,[],None,None
ENUM_HOST,5937.814490880851,5942.814490880851,5.0,-1,-1,None,None,0,449,12,[],None,None
SCAN_PORT,5942.814490880851,5967.814490880851,25.0,14,5806c1d4-c777-495b-9548-7ff2a79d09b0,14,5806c1d4-c777-495b-9548-7ff2a79d09b0,3,449,12,"['Justine', 'Audry', 'Alfy']",None,None
SCAN_NEIGHBOR,5967.814490880851,5972.814490880851,5.0,14,5806c1d4-c777-495b-9548-7ff2a79d09b0,None,None,3,449,13,[],None,None
ENUM_HOST,5972.814490880851,5977.814490880851,5.0,14,5806c1d4-c777-495b-9548-7ff2a79d09b0,None,None,3,449,13,[],None,None
ENUM_HOST,5977.814490880851,5982.814490880851,5.0,11,1c46076f-ea2d-4800-9a61-c6d6398aa328,None,None,3,449,13,[],None,None
SCAN_PORT,5982.814490880851,6007.814490880851,25.0,22,07f44fbe-e0a6-466b-a44d-49027332a3e2,None,None,2,449,13,[],None,None
EXPLOIT_VULN,6007.814490880851,6012.089318713435,4.2748278325843785,22,07f44fbe-e0a6-466b-a44d-49027332a3e2,None,None,2,449,13,[],None,None
EXPLOIT_VULN,6012.089318713435,6014.925554467648,2.836235754212794,22,07f44fbe-e0a6-466b-a44d-49027332a3e2,None,None,2,450,13,[],None,None
EXPLOIT_VULN,6014.925554467648,6018.601729825677,3.6761753580285585,22,07f44fbe-e0a6-466b-a44d-49027332a3e2,None,None,2,451,13,[],None,None
EXPLOIT_VULN,6018.601729825677,6020.90845024914,2.306720423463048,22,07f44fbe-e0a6-466b-a44d-49027332a3e2,None,None,2,452,13,[],None,None
EXPLOIT_VULN,6020.90845024914,6034.078583323426,13.170133074286241,22,07f44fbe-e0a6-466b-a44d-49027332a3e2,None,None,2,453,13,[],None,None
EXPLOIT_VULN,6034.078583323426,6044.498626605082,10.420043281656035,22,07f44fbe-e0a6-466b-a44d-49027332a3e2,None,None,2,454,13,[],None,None
EXPLOIT_VULN,6044.498626605082,6051.943241002835,7.444614397752957,22,07f44fbe-e0a6-466b-a44d-49027332a3e2,None,None,2,455,13,[],None,None
EXPLOIT_VULN,6051.943241002835,6067.75561215533,15.812371152494961,22,07f44fbe-e0a6-466b-a44d-49027332a3e2,None,None,2,456,13,[],None,None
EXPLOIT_VULN,6067.75561215533,6072.808561508324,5.052949352993892,22,07f44fbe-e0a6-466b-a44d-49027332a3e2,None,None,2,457,13,[],None,None
EXPLOIT_VULN,6072.808561508324,6091.437080358948,18.62851885062446,22,07f44fbe-e0a6-466b-a44d-49027332a3e2,None,None,2,458,13,[],None,None
EXPLOIT_VULN,6091.437080358948,6100.264428304886,8.827347945937618,22,07f44fbe-e0a6-466b-a44d-49027332a3e2,None,None,2,459,13,[],None,None
EXPLOIT_VULN,6100.264428304886,6104.028705705253,3.764277400367064,22,07f44fbe-e0a6-466b-a44d-49027332a3e2,None,None,2,460,13,[],None,None
EXPLOIT_VULN,6104.028705705253,6112.127002871368,8.098297166115117,22,07f44fbe-e0a6-466b-a44d-49027332a3e2,None,None,2,461,13,[],network,IPShuffle
SCAN_HOST,6132.207652072195,6137.207652072195,5.0,-1,-1,None,None,0,461,13,[],None,None
ENUM_HOST,6137.207652072195,6142.207652072195,5.0,-1,-1,None,None,0,461,13,[],None,None
SCAN_PORT,6142.207652072195,6167.207652072195,25.0,17,464c921a-4723-4171-a9ab-c807ce9b91c6,None,None,2,461,13,[],None,None
EXPLOIT_VULN,6167.207652072195,6171.4500462891965,4.242394217001674,17,464c921a-4723-4171-a9ab-c807ce9b91c6,None,None,2,461,13,[],None,None
EXPLOIT_VULN,6171.4500462891965,6175.2241026021875,3.7740563129909788,17,464c921a-4723-4171-a9ab-c807ce9b91c6,None,None,2,462,13,[],None,None
EXPLOIT_VULN,6175.2241026021875,6185.882744601538,10.658641999350948,17,464c921a-4723-4171-a9ab-c807ce9b91c6,None,None,2,463,13,[],None,None
EXPLOIT_VULN,6185.882744601538,6188.744262367929,2.8615177663905342,17,464c921a-4723-4171-a9ab-c807ce9b91c6,None,None,2,464,13,[],None,None
EXPLOIT_VULN,6188.744262367929,6195.836922024659,7.092659656729666,17,464c921a-4723-4171-a9ab-c807ce9b91c6,None,None,2,465,13,[],None,None
EXPLOIT_VULN,6195.836922024659,6201.7919792137445,5.955057189085892,17,464c921a-4723-4171-a9ab-c807ce9b91c6,None,None,2,466,13,[],None,None
EXPLOIT_VULN,6201.7919792137445,6218.372213420243,16.580234206498062,17,464c921a-4723-4171-a9ab-c807ce9b91c6,None,None,2,467,13,[],None,None
EXPLOIT_VULN,6218.372213420243,6223.158346622758,4.786133202514975,17,464c921a-4723-4171-a9ab-c807ce9b91c6,None,None,2,468,13,[],None,None
EXPLOIT_VULN,6223.158346622758,6226.600296047468,3.441949424710401,17,464c921a-4723-4171-a9ab-c807ce9b91c6,None,None,2,469,13,[],None,None
EXPLOIT_VULN,6226.600296047468,6247.365101939052,20.76480589158382,17,464c921a-4723-4171-a9ab-c807ce9b91c6,None,None,2,470,13,[],None,None
EXPLOIT_VULN,6247.365101939052,6263.523237782371,16.158135843319542,17,464c921a-4723-4171-a9ab-c807ce9b91c6,None,None,2,471,13,[],None,None
EXPLOIT_VULN,6263.523237782371,6268.305559634073,4.782321851701454,17,464c921a-4723-4171-a9ab-c807ce9b91c6,None,None,2,472,13,[],None,None
EXPLOIT_VULN,6268.305559634073,6273.11682019918,4.811260565107659,17,464c921a-4723-4171-a9ab-c807ce9b91c6,None,None,2,473,13,[],None,None
EXPLOIT_VULN,6273.11682019918,6280.993358891297,7.87653869211681,17,464c921a-4723-4171-a9ab-c807ce9b91c6,None,None,2,474,13,[],None,None
EXPLOIT_VULN,6280.993358891297,6298.6279503280275,17.63459143673026,17,464c921a-4723-4171-a9ab-c807ce9b91c6,None,None,2,475,13,[],None,None
EXPLOIT_VULN,6298.6279503280275,6303.077736064834,4.449785736806916,17,464c921a-4723-4171-a9ab-c807ce9b91c6,None,None,2,476,13,[],None,None
EXPLOIT_VULN,6303.077736064834,6312.3181390696745,9.240403004840118,17,464c921a-4723-4171-a9ab-c807ce9b91c6,None,None,2,477,13,[],network,IPShuffle
SCAN_HOST,6332.4277691631205,6337.4277691631205,5.0,-1,-1,None,None,0,477,13,[],None,None
ENUM_HOST,6337.4277691631205,6342.4277691631205,5.0,-1,-1,None,None,0,477,13,[],None,None
SCAN_PORT,6342.4277691631205,6367.4277691631205,25.0,17,464c921a-4723-4171-a9ab-c807ce9b91c6,None,None,3,477,13,[],None,None
EXPLOIT_VULN,6367.4277691631205,6371.33472408822,3.9069549250998534,17,464c921a-4723-4171-a9ab-c807ce9b91c6,None,None,3,477,13,[],None,None
EXPLOIT_VULN,6371.33472408822,6388.473911714612,17.139187626391504,17,464c921a-4723-4171-a9ab-c807ce9b91c6,None,None,3,478,13,[],None,None
EXPLOIT_VULN,6388.473911714612,6409.342615807722,20.868704093109955,17,464c921a-4723-4171-a9ab-c807ce9b91c6,None,None,3,479,13,[],None,None
EXPLOIT_VULN,6409.342615807722,6425.5350716278135,16.19245582009171,17,464c921a-4723-4171-a9ab-c807ce9b91c6,None,None,3,480,13,[],None,None
EXPLOIT_VULN,6425.5350716278135,6430.451465203674,4.9163935758606385,17,464c921a-4723-4171-a9ab-c807ce9b91c6,None,None,3,481,13,[],None,None
EXPLOIT_VULN,6430.451465203674,6438.7266418909585,8.275176687284329,17,464c921a-4723-4171-a9ab-c807ce9b91c6,None,None,3,482,13,[],None,None
EXPLOIT_VULN,6438.7266418909585,6444.386862846353,5.660220955394834,17,464c921a-4723-4171-a9ab-c807ce9b91c6,None,None,3,483,13,[],None,None
EXPLOIT_VULN,6444.386862846353,6461.912820820449,17.525957974095945,17,464c921a-4723-4171-a9ab-c807ce9b91c6,None,None,3,484,13,[],None,None
EXPLOIT_VULN,6461.912820820449,6481.023560077867,19.110739257417663,17,464c921a-4723-4171-a9ab-c807ce9b91c6,None,None,3,485,13,[],None,None
EXPLOIT_VULN,6481.023560077867,6484.677875232502,3.654315154634787,17,464c921a-4723-4171-a9ab-c807ce9b91c6,None,None,3,486,13,[],None,None
EXPLOIT_VULN,6484.677875232502,6488.448891556017,3.7710163235151413,17,464c921a-4723-4171-a9ab-c807ce9b91c6,None,None,3,487,13,[],None,None
EXPLOIT_VULN,6488.448891556017,6496.727051186451,8.278159630433947,17,464c921a-4723-4171-a9ab-c807ce9b91c6,None,None,3,488,13,[],None,None
EXPLOIT_VULN,6496.727051186451,6506.104921493439,9.37787030698837,17,464c921a-4723-4171-a9ab-c807ce9b91c6,None,None,3,489,13,[],None,None
EXPLOIT_VULN,6506.104921493439,6512.190096429943,6.08517493650379,17,464c921a-4723-4171-a9ab-c807ce9b91c6,None,None,3,490,13,[],None,None
EXPLOIT_VULN,6512.190096429943,6512.603114863093,0.41301843314977305,17,464c921a-4723-4171-a9ab-c807ce9b91c6,None,None,3,491,13,[],network,IPShuffle
SCAN_HOST,6532.745489567223,6537.745489567223,5.0,-1,-1,None,None,0,491,13,[],None,None
ENUM_HOST,6537.745489567223,6542.745489567223,5.0,-1,-1,None,None,0,491,13,[],None,None
SCAN_PORT,6542.745489567223,6567.745489567223,25.0,22,07f44fbe-e0a6-466b-a44d-49027332a3e2,None,None,3,491,13,[],None,None
EXPLOIT_VULN,6567.745489567223,6580.860468817892,13.114979250669421,22,07f44fbe-e0a6-466b-a44d-49027332a3e2,None,None,3,491,13,[],None,None
EXPLOIT_VULN,6580.860468817892,6585.642461470729,4.781992652837289,22,07f44fbe-e0a6-466b-a44d-49027332a3e2,None,None,3,492,13,[],None,None
EXPLOIT_VULN,6585.642461470729,6595.336754913115,9.69429344238597,22,07f44fbe-e0a6-466b-a44d-49027332a3e2,None,None,3,493,13,[],None,None
EXPLOIT_VULN,6595.336754913115,6613.790016124761,18.45326121164544,22,07f44fbe-e0a6-466b-a44d-49027332a3e2,None,None,3,494,13,[],None,None
EXPLOIT_VULN,6613.790016124761,6620.354624440572,6.564608315810801,22,07f44fbe-e0a6-466b-a44d-49027332a3e2,None,None,3,495,13,[],None,None
EXPLOIT_VULN,6620.354624440572,6640.064494921763,19.7098704811915,22,07f44fbe-e0a6-466b-a44d-49027332a3e2,None,None,3,496,13,[],None,None
EXPLOIT_VULN,6640.064494921763,6646.9940632964235,6.929568374660448,22,07f44fbe-e0a6-466b-a44d-49027332a3e2,None,None,3,497,13,[],None,None
EXPLOIT_VULN,6646.9940632964235,6655.9730343605415,8.978971064118014,22,07f44fbe-e0a6-466b-a44d-49027332a3e2,None,None,3,498,13,[],None,None
EXPLOIT_VULN,6655.9730343605415,6663.262051549867,7.289017189325023,22,07f44fbe-e0a6-466b-a44d-49027332a3e2,None,None,3,499,13,[],None,None
EXPLOIT_VULN,6663.262051549867,6682.500687585159,19.238636035292075,22,07f44fbe-e0a6-466b-a44d-49027332a3e2,None,None,3,500,13,[],None,None
EXPLOIT_VULN,6682.500687585159,6695.365174651669,12.864487066510264,22,07f44fbe-e0a6-466b-a44d-49027332a3e2,None,None,3,501,13,[],None,None
EXPLOIT_VULN,6695.365174651669,6699.106240269177,3.7410656175079566,22,07f44fbe-e0a6-466b-a44d-49027332a3e2,22,07f44fbe-e0a6-466b-a44d-49027332a3e2,3,502,13,['Elvina'],None,None
SCAN_NEIGHBOR,6699.106240269177,6704.106240269177,5.0,22,07f44fbe-e0a6-466b-a44d-49027332a3e2,None,None,3,503,14,[],None,None
ENUM_HOST,6704.106240269177,6709.106240269177,5.0,22,07f44fbe-e0a6-466b-a44d-49027332a3e2,None,None,3,503,14,[],None,None
SCAN_PORT,6709.106240269177,6713.485571651349,4.379331382172495,21,9a4e2b3a-b3b0-4046-8409-c616777e42f8,None,None,1,503,14,[],network,IPShuffle
SCAN_HOST,6733.751436783115,6738.751436783115,5.0,-1,-1,None,None,0,503,14,[],None,None
ENUM_HOST,6738.751436783115,6743.751436783115,5.0,-1,-1,None,None,0,503,14,[],None,None
SCAN_PORT,6743.751436783115,6768.751436783115,25.0,17,464c921a-4723-4171-a9ab-c807ce9b91c6,None,None,4,503,14,[],None,None
EXPLOIT_VULN,6768.751436783115,6785.387236076967,16.63579929385196,17,464c921a-4723-4171-a9ab-c807ce9b91c6,None,None,4,503,14,[],None,None
EXPLOIT_VULN,6785.387236076967,6806.573426569326,21.186190492358946,17,464c921a-4723-4171-a9ab-c807ce9b91c6,None,None,4,504,14,[],None,None
EXPLOIT_VULN,6806.573426569326,6811.455743300312,4.882316730985622,17,464c921a-4723-4171-a9ab-c807ce9b91c6,None,None,4,505,14,[],None,None
EXPLOIT_VULN,6811.455743300312,6819.710957369023,8.255214068711211,17,464c921a-4723-4171-a9ab-c807ce9b91c6,None,None,4,506,14,[],None,None
EXPLOIT_VULN,6819.710957369023,6838.528597102336,18.817639733312717,17,464c921a-4723-4171-a9ab-c807ce9b91c6,None,None,4,507,14,[],None,None
EXPLOIT_VULN,6838.528597102336,6857.18707153641,18.658474434074378,17,464c921a-4723-4171-a9ab-c807ce9b91c6,None,None,4,508,14,[],None,None
EXPLOIT_VULN,6857.18707153641,6865.965045890871,8.777974354460639,17,464c921a-4723-4171-a9ab-c807ce9b91c6,None,None,4,509,14,[],None,None
EXPLOIT_VULN,6865.965045890871,6873.647236024169,7.682190133297809,17,464c921a-4723-4171-a9ab-c807ce9b91c6,None,None,4,510,14,[],None,None
EXPLOIT_VULN,6873.647236024169,6879.591969330914,5.9447333067455475,17,464c921a-4723-4171-a9ab-c807ce9b91c6,None,None,4,511,14,[],None,None
EXPLOIT_VULN,6879.591969330914,6886.010381474857,6.418412143942987,17,464c921a-4723-4171-a9ab-c807ce9b91c6,17,464c921a-4723-4171-a9ab-c807ce9b91c6,4,512,14,['Deina'],None,None
SCAN_NEIGHBOR,6886.010381474857,6891.010381474857,5.0,17,464c921a-4723-4171-a9ab-c807ce9b91c6,None,None,4,513,15,[],None,None
ENUM_HOST,6891.010381474857,6896.010381474857,5.0,17,464c921a-4723-4171-a9ab-c807ce9b91c6,None,None,4,513,15,[],None,None
ENUM_HOST,6896.010381474857,6901.010381474857,5.0,11,1c46076f-ea2d-4800-9a61-c6d6398aa328,None,None,4,513,15,[],None,None
SCAN_PORT,6901.010381474857,6913.894269883132,12.883888408275197,21,9a4e2b3a-b3b0-4046-8409-c616777e42f8,None,None,2,513,15,[],network,IPShuffle
SCAN_HOST,6934.284388723727,6939.284388723727,5.0,-1,-1,None,None,0,513,15,[],None,None
ENUM_HOST,6939.284388723727,6944.284388723727,5.0,-1,-1,None,None,0,513,15,[],None,None
SCAN_PORT,6944.284388723727,6969.284388723727,25.0,15,0c4aa51a-0b8c-4175-b9e6-46cfe860e67b,None,None,3,513,15,[],None,None
EXPLOIT_VULN,6969.284388723727,6978.0818530315955,8.797464307868722,15,0c4aa51a-0b8c-4175-b9e6-46cfe860e67b,None,None,3,513,15,[],None,None
EXPLOIT_VULN,6978.0818530315955,6984.216903991334,6.135050959738692,15,0c4aa51a-0b8c-4175-b9e6-46cfe860e67b,None,None,3,514,15,[],None,None
EXPLOIT_VULN,6984.216903991334,6992.882890100629,8.665986109294863,15,0c4aa51a-0b8c-4175-b9e6-46cfe860e67b,None,None,3,515,15,[],None,None
EXPLOIT_VULN,6992.882890100629,6999.92196707514,7.039076974510863,15,0c4aa51a-0b8c-4175-b9e6-46cfe860e67b,None,None,3,516,15,[],None,None
EXPLOIT_VULN,6999.92196707514,7008.417999121284,8.496032046144137,15,0c4aa51a-0b8c-4175-b9e6-46cfe860e67b,None,None,3,517,15,[],None,None
EXPLOIT_VULN,7008.417999121284,7027.87590821993,19.45790909864627,15,0c4aa51a-0b8c-4175-b9e6-46cfe860e67b,None,None,3,518,15,[],None,None
EXPLOIT_VULN,7027.87590821993,7043.9386394894,16.062731269469623,15,0c4aa51a-0b8c-4175-b9e6-46cfe860e67b,None,None,3,519,15,[],None,None
EXPLOIT_VULN,7043.9386394894,7052.612272518359,8.673633028958648,15,0c4aa51a-0b8c-4175-b9e6-46cfe860e67b,None,None,3,520,15,[],None,None
EXPLOIT_VULN,7052.612272518359,7055.028355164177,2.4160826458182783,15,0c4aa51a-0b8c-4175-b9e6-46cfe860e67b,None,None,3,521,15,[],None,None
EXPLOIT_VULN,7055.028355164177,7058.332278843574,3.303923679397485,15,0c4aa51a-0b8c-4175-b9e6-46cfe860e67b,None,None,3,522,15,[],None,None
EXPLOIT_VULN,7058.332278843574,7079.092687914164,20.760409070589958,15,0c4aa51a-0b8c-4175-b9e6-46cfe860e67b,None,None,3,523,15,[],None,None
EXPLOIT_VULN,7079.092687914164,7101.737199091632,22.644511177467393,15,0c4aa51a-0b8c-4175-b9e6-46cfe860e67b,None,None,3,524,15,[],None,None
EXPLOIT_VULN,7101.737199091632,7108.191756219272,6.454557127640328,15,0c4aa51a-0b8c-4175-b9e6-46cfe860e67b,None,None,3,525,15,[],None,None
EXPLOIT_VULN,7108.191756219272,7110.783952745142,2.5921965258703494,15,0c4aa51a-0b8c-4175-b9e6-46cfe860e67b,None,None,3,526,15,[],None,None
EXPLOIT_VULN,7110.783952745142,7114.201936107023,3.4179833618809425,15,0c4aa51a-0b8c-4175-b9e6-46cfe860e67b,None,None,3,527,15,[],network,IPShuffle
SCAN_HOST,7139.3141101521605,7144.3141101521605,5.0,-1,-1,None,None,0,527,15,[],None,None
ENUM_HOST,7144.3141101521605,7149.3141101521605,5.0,-1,-1,None,None,0,527,15,[],None,None
SCAN_PORT,7149.3141101521605,7174.3141101521605,25.0,15,0c4aa51a-0b8c-4175-b9e6-46cfe860e67b,None,None,4,527,15,[],None,None
EXPLOIT_VULN,7174.3141101521605,7182.5599514632795,8.245841311118966,15,0c4aa51a-0b8c-4175-b9e6-46cfe860e67b,None,None,4,527,15,[],None,None
EXPLOIT_VULN,7182.5599514632795,7190.286005589676,7.726054126396775,15,0c4aa51a-0b8c-4175-b9e6-46cfe860e67b,None,None,4,528,15,[],None,None
EXPLOIT_VULN,7190.286005589676,7198.84484134897,8.558835759293288,15,0c4aa51a-0b8c-4175-b9e6-46cfe860e67b,None,None,4,529,15,[],None,None
EXPLOIT_VULN,7198.84484134897,7214.68042563081,15.835584281840056,15,0c4aa51a-0b8c-4175-b9e6-46cfe860e67b,None,None,4,530,15,[],None,None
EXPLOIT_VULN,7214.68042563081,7234.692590685275,20.012165054465186,15,0c4aa51a-0b8c-4175-b9e6-46cfe860e67b,None,None,4,531,15,[],None,None
EXPLOIT_VULN,7234.692590685275,7241.454919152988,6.762328467712905,15,0c4aa51a-0b8c-4175-b9e6-46cfe860e67b,None,None,4,532,15,[],None,None
EXPLOIT_VULN,7241.454919152988,7243.842481115399,2.3875619624113824,15,0c4aa51a-0b8c-4175-b9e6-46cfe860e67b,None,None,4,533,15,[],None,None
EXPLOIT_VULN,7243.842481115399,7252.5532126128965,8.710731497497363,15,0c4aa51a-0b8c-4175-b9e6-46cfe860e67b,None,None,4,534,15,[],None,None
EXPLOIT_VULN,7252.5532126128965,7259.266601555691,6.713388942794154,15,0c4aa51a-0b8c-4175-b9e6-46cfe860e67b,None,None,4,535,15,[],None,None
EXPLOIT_VULN,7259.266601555691,7269.14460189828,9.878000342589075,15,0c4aa51a-0b8c-4175-b9e6-46cfe860e67b,None,None,4,536,15,[],None,None
EXPLOIT_VULN,7269.14460189828,7277.184437358115,8.039835459835558,15,0c4aa51a-0b8c-4175-b9e6-46cfe860e67b,None,None,4,537,15,[],None,None
EXPLOIT_VULN,7277.184437358115,7285.736690417146,8.55225305903059,15,0c4aa51a-0b8c-4175-b9e6-46cfe860e67b,None,None,4,538,15,[],None,None
EXPLOIT_VULN,7285.736690417146,7294.220707310813,8.484016893667103,15,0c4aa51a-0b8c-4175-b9e6-46cfe860e67b,None,None,4,539,15,[],None,None
EXPLOIT_VULN,7294.220707310813,7302.448120493065,8.227413182252349,15,0c4aa51a-0b8c-4175-b9e6-46cfe860e67b,None,None,4,540,15,[],None,None
EXPLOIT_VULN,7302.448120493065,7308.401626466865,5.95350597380002,15,0c4aa51a-0b8c-4175-b9e6-46cfe860e67b,None,None,4,541,15,[],None,None
EXPLOIT_VULN,7308.401626466865,7314.108427103859,5.706800636993648,15,0c4aa51a-0b8c-4175-b9e6-46cfe860e67b,None,None,4,542,15,[],network,IPShuffle
SCAN_HOST,7334.586491855853,7339.586491855853,5.0,-1,-1,None,None,0,542,15,[],None,None
ENUM_HOST,7339.586491855853,7344.586491855853,5.0,-1,-1,None,None,0,542,15,[],None,None
SCAN_PORT,7344.586491855853,7369.586491855853,25.0,15,0c4aa51a-0b8c-4175-b9e6-46cfe860e67b,None,None,5,542,15,[],None,None
EXPLOIT_VULN,7369.586491855853,7374.944017913335,5.357526057482573,15,0c4aa51a-0b8c-4175-b9e6-46cfe860e67b,None,None,5,542,15,[],None,None
EXPLOIT_VULN,7374.944017913335,7382.967141128356,8.02312321502086,15,0c4aa51a-0b8c-4175-b9e6-46cfe860e67b,None,None,5,543,15,[],None,None
EXPLOIT_VULN,7382.967141128356,7399.391639280273,16.42449815191685,15,0c4aa51a-0b8c-4175-b9e6-46cfe860e67b,None,None,5,544,15,[],None,None
EXPLOIT_VULN,7399.391639280273,7405.874107845285,6.482468565011914,15,0c4aa51a-0b8c-4175-b9e6-46cfe860e67b,None,None,5,545,15,[],None,None
EXPLOIT_VULN,7405.874107845285,7415.619760261827,9.745652416541816,15,0c4aa51a-0b8c-4175-b9e6-46cfe860e67b,None,None,5,546,15,[],None,None
EXPLOIT_VULN,7415.619760261827,7422.349673158909,6.729912897082613,15,0c4aa51a-0b8c-4175-b9e6-46cfe860e67b,None,None,5,547,15,[],None,None
EXPLOIT_VULN,7422.349673158909,7432.064176402581,9.71450324367197,15,0c4aa51a-0b8c-4175-b9e6-46cfe860e67b,None,None,5,548,15,[],None,None
EXPLOIT_VULN,7432.064176402581,7440.961803978798,8.897627576217019,15,0c4aa51a-0b8c-4175-b9e6-46cfe860e67b,None,None,5,549,15,[],None,None
EXPLOIT_VULN,7440.961803978798,7449.022965760218,8.061161781419287,15,0c4aa51a-0b8c-4175-b9e6-46cfe860e67b,None,None,5,550,15,[],None,None
EXPLOIT_VULN,7449.022965760218,7456.359297856058,7.336332095840589,15,0c4aa51a-0b8c-4175-b9e6-46cfe860e67b,None,None,5,551,15,[],None,None
EXPLOIT_VULN,7456.359297856058,7459.558450348984,3.19915249292535,15,0c4aa51a-0b8c-4175-b9e6-46cfe860e67b,None,None,5,552,15,[],None,None
EXPLOIT_VULN,7459.558450348984,7466.51626541783,6.957815068846685,15,0c4aa51a-0b8c-4175-b9e6-46cfe860e67b,None,None,5,553,15,[],None,None
EXPLOIT_VULN,7466.51626541783,7474.951755290936,8.435489873105325,15,0c4aa51a-0b8c-4175-b9e6-46cfe860e67b,None,None,5,554,15,[],None,None
EXPLOIT_VULN,7474.951755290936,7480.337066275701,5.385310984765056,15,0c4aa51a-0b8c-4175-b9e6-46cfe860e67b,None,None,5,555,15,[],None,None
EXPLOIT_VULN,7480.337066275701,7493.5677529424775,13.230686666776819,15,0c4aa51a-0b8c-4175-b9e6-46cfe860e67b,None,None,5,556,15,[],None,None
EXPLOIT_VULN,7493.5677529424775,7500.033384203316,6.465631260838563,15,0c4aa51a-0b8c-4175-b9e6-46cfe860e67b,15,0c4aa51a-0b8c-4175-b9e6-46cfe860e67b,5,557,15,"['Aurilia', 'Alma']",None,None
SCAN_NEIGHBOR,7500.033384203316,7505.033384203316,5.0,15,0c4aa51a-0b8c-4175-b9e6-46cfe860e67b,None,None,5,558,16,[],None,None
ENUM_HOST,7505.033384203316,7510.033384203316,5.0,15,0c4aa51a-0b8c-4175-b9e6-46cfe860e67b,None,None,5,558,16,[],None,None
ENUM_HOST,7510.033384203316,7515.033384203316,5.0,10,d79c0963-4a36-42b2-9ec4-1e466a44227f,None,None,4,558,16,[],None,None
SCAN_PORT,7515.033384203316,7516.261091915091,1.2277077117751105,34,87999234-29ae-4ba2-ae23-9a1c00d9f717,None,None,2,558,16,[],network,IPShuffle
SCAN_HOST,7536.739829632738,7541.739829632738,5.0,-1,-1,None,None,0,558,16,[],None,None
ENUM_HOST,7541.739829632738,7546.739829632738,5.0,-1,-1,None,None,0,558,16,[],None,None
SCAN_PORT,7546.739829632738,7571.739829632738,25.0,27,0e42f9d3-ba46-4638-93a4-668443581650,None,None,1,558,16,[],None,None
EXPLOIT_VULN,7571.739829632738,7572.206791603621,0.46696197088294866,27,0e42f9d3-ba46-4638-93a4-668443581650,None,None,1,558,16,[],None,None
EXPLOIT_VULN,7572.206791603621,7573.468267730683,1.2614761270615418,27,0e42f9d3-ba46-4638-93a4-668443581650,None,None,1,559,16,[],None,None
EXPLOIT_VULN,7573.468267730683,7575.535694774473,2.0674270437903033,27,0e42f9d3-ba46-4638-93a4-668443581650,None,None,1,560,16,[],None,None
EXPLOIT_VULN,7575.535694774473,7576.401955793292,0.8662610188184772,27,0e42f9d3-ba46-4638-93a4-668443581650,None,None,1,561,16,[],None,None
EXPLOIT_VULN,7576.401955793292,7577.301373804272,0.8994180109802983,27,0e42f9d3-ba46-4638-93a4-668443581650,None,None,1,562,16,[],None,None
EXPLOIT_VULN,7577.301373804272,7579.6780096415,2.3766358372276954,27,0e42f9d3-ba46-4638-93a4-668443581650,None,None,1,563,16,[],None,None
EXPLOIT_VULN,7579.6780096415,7581.501425628965,1.8234159874655234,27,0e42f9d3-ba46-4638-93a4-668443581650,None,None,1,564,16,[],None,None
EXPLOIT_VULN,7581.501425628965,7589.80174375649,8.300318127525316,27,0e42f9d3-ba46-4638-93a4-668443581650,None,None,1,565,16,[],None,None
EXPLOIT_VULN,7589.80174375649,7593.530158227329,3.7284144708382883,27,0e42f9d3-ba46-4638-93a4-668443581650,None,None,1,566,16,[],None,None
EXPLOIT_VULN,7593.530158227329,7598.920829173227,5.390670945897909,27,0e42f9d3-ba46-4638-93a4-668443581650,None,None,1,567,16,[],None,None
EXPLOIT_VULN,7598.920829173227,7607.6039482306805,8.68311905745395,27,0e42f9d3-ba46-4638-93a4-668443581650,None,None,1,568,16,[],None,None
EXPLOIT_VULN,7607.6039482306805,7617.6102480525,10.006299821819084,27,0e42f9d3-ba46-4638-93a4-668443581650,None,None,1,569,16,[],None,None
EXPLOIT_VULN,7617.6102480525,7625.451040243509,7.840792191009314,27,0e42f9d3-ba46-4638-93a4-668443581650,None,None,1,570,16,[],None,None
EXPLOIT_VULN,7625.451040243509,7634.568108880665,9.11706863715608,27,0e42f9d3-ba46-4638-93a4-668443581650,None,None,1,571,16,[],None,None
EXPLOIT_VULN,7634.568108880665,7644.438513678517,9.870404797851734,27,0e42f9d3-ba46-4638-93a4-668443581650,27,0e42f9d3-ba46-4638-93a4-668443581650,1,572,16,[],None,None
SCAN_NEIGHBOR,7644.438513678517,7649.438513678517,5.0,27,0e42f9d3-ba46-4638-93a4-668443581650,None,None,1,573,17,[],None,None
ENUM_HOST,7649.438513678517,7654.438513678517,5.0,27,0e42f9d3-ba46-4638-93a4-668443581650,None,None,1,573,17,[],None,None
ENUM_HOST,7654.438513678517,7659.438513678517,5.0,22,07f44fbe-e0a6-466b-a44d-49027332a3e2,None,None,4,573,17,[],None,None
SCAN_PORT,7659.438513678517,7684.438513678517,25.0,21,9a4e2b3a-b3b0-4046-8409-c616777e42f8,None,None,3,573,17,[],None,None
EXPLOIT_VULN,7684.438513678517,7684.606721661351,0.16820798283424665,21,9a4e2b3a-b3b0-4046-8409-c616777e42f8,None,None,3,573,17,[],None,None
EXPLOIT_VULN,7684.606721661351,7684.8814320527745,0.27471039142346854,21,9a4e2b3a-b3b0-4046-8409-c616777e42f8,None,None,3,574,17,[],None,None
EXPLOIT_VULN,7684.8814320527745,7686.373218406243,1.491786353468342,21,9a4e2b3a-b3b0-4046-8409-c616777e42f8,None,None,3,575,17,[],None,None
EXPLOIT_VULN,7686.373218406243,7691.303598849513,4.930380443270224,21,9a4e2b3a-b3b0-4046-8409-c616777e42f8,None,None,3,576,17,[],None,None
EXPLOIT_VULN,7691.303598849513,7691.722233795522,0.4186349460087513,21,9a4e2b3a-b3b0-4046-8409-c616777e42f8,None,None,3,577,17,[],None,None
EXPLOIT_VULN,7691.722233795522,7695.8426457443065,4.120411948784749,21,9a4e2b3a-b3b0-4046-8409-c616777e42f8,None,None,3,578,17,[],None,None
EXPLOIT_VULN,7695.8426457443065,7703.153217780167,7.310572035860787,21,9a4e2b3a-b3b0-4046-8409-c616777e42f8,None,None,3,579,17,[],None,None
EXPLOIT_VULN,7703.153217780167,7708.888828490117,5.735610709949469,21,9a4e2b3a-b3b0-4046-8409-c616777e42f8,None,None,3,580,17,[],None,None
EXPLOIT_VULN,7708.888828490117,7714.492995388429,5.604166898312542,21,9a4e2b3a-b3b0-4046-8409-c616777e42f8,None,None,3,581,17,[],None,None
EXPLOIT_VULN,7714.492995388429,7716.07674891943,1.5837535310010935,21,9a4e2b3a-b3b0-4046-8409-c616777e42f8,None,None,3,582,17,[],network,IPShuffle
SCAN_HOST,7736.102745938664,7741.102745938664,5.0,-1,-1,None,None,0,582,17,[],None,None
ENUM_HOST,7741.102745938664,7746.102745938664,5.0,-1,-1,None,None,0,582,17,[],None,None
SCAN_PORT,7746.102745938664,7771.102745938664,25.0,25,bd9066ae-7596-4663-a93e-44b743ab3b1a,25,bd9066ae-7596-4663-a93e-44b743ab3b1a,1,582,17,[],None,None
SCAN_NEIGHBOR,7771.102745938664,7776.102745938664,5.0,25,bd9066ae-7596-4663-a93e-44b743ab3b1a,None,None,1,582,18,[],None,None
ENUM_HOST,7776.102745938664,7781.102745938664,5.0,25,bd9066ae-7596-4663-a93e-44b743ab3b1a,None,None,1,582,18,[],None,None
SCAN_PORT,7781.102745938664,7806.102745938664,25.0,23,c5673048-8ad5-4ca7-a52b-c9049959d9ef,None,None,1,582,18,[],None,None
EXPLOIT_VULN,7806.102745938664,7806.528212442486,0.4254665038215535,23,c5673048-8ad5-4ca7-a52b-c9049959d9ef,None,None,1,582,18,[],None,None
EXPLOIT_VULN,7806.528212442486,7807.132475016728,0.6042625742420569,23,c5673048-8ad5-4ca7-a52b-c9049959d9ef,None,None,1,583,18,[],None,None
EXPLOIT_VULN,7807.132475016728,7809.916486224152,2.7840112074245553,23,c5673048-8ad5-4ca7-a52b-c9049959d9ef,None,None,1,584,18,[],None,None
EXPLOIT_VULN,7809.916486224152,7812.737547487449,2.821061263296542,23,c5673048-8ad5-4ca7-a52b-c9049959d9ef,None,None,1,585,18,[],None,None
EXPLOIT_VULN,7812.737547487449,7817.711714036546,4.97416654909739,23,c5673048-8ad5-4ca7-a52b-c9049959d9ef,None,None,1,586,18,[],None,None
EXPLOIT_VULN,7817.711714036546,7822.614171760481,4.902457723935186,23,c5673048-8ad5-4ca7-a52b-c9049959d9ef,None,None,1,587,18,[],None,None
EXPLOIT_VULN,7822.614171760481,7828.06869744129,5.454525680808729,23,c5673048-8ad5-4ca7-a52b-c9049959d9ef,None,None,1,588,18,[],None,None
EXPLOIT_VULN,7828.06869744129,7844.757205685751,16.688508244460536,23,c5673048-8ad5-4ca7-a52b-c9049959d9ef,None,None,1,589,18,[],None,None
EXPLOIT_VULN,7844.757205685751,7851.726297890931,6.969092205180459,23,c5673048-8ad5-4ca7-a52b-c9049959d9ef,None,None,1,590,18,[],None,None
EXPLOIT_VULN,7851.726297890931,7858.384392377868,6.658094486936534,23,c5673048-8ad5-4ca7-a52b-c9049959d9ef,None,None,1,591,18,[],None,None
EXPLOIT_VULN,7858.384392377868,7865.551692968419,7.167300590551349,23,c5673048-8ad5-4ca7-a52b-c9049959d9ef,None,None,1,592,18,[],None,None
EXPLOIT_VULN,7865.551692968419,7872.857384492701,7.305691524282338,23,c5673048-8ad5-4ca7-a52b-c9049959d9ef,None,None,1,593,18,[],None,None
EXPLOIT_VULN,7872.857384492701,7886.935322388547,14.077937895845935,23,c5673048-8ad5-4ca7-a52b-c9049959d9ef,None,None,1,594,18,[],None,None
EXPLOIT_VULN,7886.935322388547,7895.043393466562,8.10807107801429,23,c5673048-8ad5-4ca7-a52b-c9049959d9ef,None,None,1,595,18,[],None,None
EXPLOIT_VULN,7895.043393466562,7902.173466693574,7.1300732270119624,23,c5673048-8ad5-4ca7-a52b-c9049959d9ef,None,None,1,596,18,[],None,None
BRUTE_FORCE,7902.173466693574,7915.505878419879,13.332411726305509,23,c5673048-8ad5-4ca7-a52b-c9049959d9ef,None,None,1,597,18,[],network,IPShuffle
SCAN_HOST,7935.763156899994,7940.763156899994,5.0,-1,-1,None,None,0,597,18,[],None,None
ENUM_HOST,7940.763156899994,7945.763156899994,5.0,-1,-1,None,None,0,597,18,[],None,None
SCAN_PORT,7945.763156899994,7970.763156899994,25.0,21,9a4e2b3a-b3b0-4046-8409-c616777e42f8,None,None,4,597,18,[],None,None
EXPLOIT_VULN,7970.763156899994,7972.315654732377,1.552497832382869,21,9a4e2b3a-b3b0-4046-8409-c616777e42f8,None,None,4,597,18,[],None,None
EXPLOIT_VULN,7972.315654732377,7981.565633051617,9.249978319239744,21,9a4e2b3a-b3b0-4046-8409-c616777e42f8,None,None,4,598,18,[],None,None
EXPLOIT_VULN,7981.565633051617,7985.784804964078,4.219171912461206,21,9a4e2b3a-b3b0-4046-8409-c616777e42f8,None,None,4,599,18,[],None,None
EXPLOIT_VULN,7985.784804964078,7993.58594707862,7.801142114542017,21,9a4e2b3a-b3b0-4046-8409-c616777e42f8,None,None,4,600,18,[],None,None
EXPLOIT_VULN,7993.58594707862,7999.1768736371405,5.59092655852055,21,9a4e2b3a-b3b0-4046-8409-c616777e42f8,None,None,4,601,18,[],None,None
EXPLOIT_VULN,7999.1768736371405,8004.264727347479,5.087853710338095,21,9a4e2b3a-b3b0-4046-8409-c616777e42f8,None,None,4,602,18,[],None,None
EXPLOIT_VULN,8004.264727347479,8010.248204864071,5.983477516592757,21,9a4e2b3a-b3b0-4046-8409-c616777e42f8,None,None,4,603,18,[],None,None
EXPLOIT_VULN,8010.248204864071,8028.335823509376,18.087618645304246,21,9a4e2b3a-b3b0-4046-8409-c616777e42f8,None,None,4,604,18,[],None,None
EXPLOIT_VULN,8028.335823509376,8046.078837796423,17.743014287047117,21,9a4e2b3a-b3b0-4046-8409-c616777e42f8,None,None,4,605,18,[],None,None
EXPLOIT_VULN,8046.078837796423,8051.508969244746,5.430131448323664,21,9a4e2b3a-b3b0-4046-8409-c616777e42f8,None,None,4,606,18,[],None,None
EXPLOIT_VULN,8051.508969244746,8054.270314687833,2.7613454430866113,21,9a4e2b3a-b3b0-4046-8409-c616777e42f8,None,None,4,607,18,[],None,None
EXPLOIT_VULN,8054.270314687833,8056.901183713415,2.6308690255818874,21,9a4e2b3a-b3b0-4046-8409-c616777e42f8,None,None,4,608,18,[],None,None
EXPLOIT_VULN,8056.901183713415,8062.844612352159,5.943428638744081,21,9a4e2b3a-b3b0-4046-8409-c616777e42f8,None,None,4,609,18,[],None,None
EXPLOIT_VULN,8062.844612352159,8067.85304995903,5.008437606870757,21,9a4e2b3a-b3b0-4046-8409-c616777e42f8,None,None,4,610,18,[],None,None
EXPLOIT_VULN,8067.85304995903,8090.130113463423,22.27706350439348,21,9a4e2b3a-b3b0-4046-8409-c616777e42f8,None,None,4,611,18,[],None,None
EXPLOIT_VULN,8090.130113463423,8093.140600336446,3.010486873023183,21,9a4e2b3a-b3b0-4046-8409-c616777e42f8,None,None,4,612,18,[],None,None
EXPLOIT_VULN,8093.140600336446,8101.697054225504,8.556453889057593,21,9a4e2b3a-b3b0-4046-8409-c616777e42f8,None,None,4,613,18,[],None,None
EXPLOIT_VULN,8101.697054225504,8110.824945124641,9.127890899137128,21,9a4e2b3a-b3b0-4046-8409-c616777e42f8,None,None,4,614,18,[],None,None
EXPLOIT_VULN,8110.824945124641,8116.458199869133,5.633254744491751,21,9a4e2b3a-b3b0-4046-8409-c616777e42f8,None,None,4,615,18,[],network,IPShuffle
SCAN_HOST,8136.855058174976,8141.855058174976,5.0,-1,-1,None,None,0,615,18,[],None,None
ENUM_HOST,8141.855058174976,8146.855058174976,5.0,-1,-1,None,None,0,615,18,[],None,None
SCAN_PORT,8146.855058174976,8171.855058174976,25.0,7,fd9364c5-6a05-4323-b555-46dd927e9bea,7,fd9364c5-6a05-4323-b555-46dd927e9bea,1,615,18,[],None,None
SCAN_NEIGHBOR,8171.855058174976,8176.855058174976,5.0,7,fd9364c5-6a05-4323-b555-46dd927e9bea,None,None,1,615,19,[],None,None
ENUM_HOST,8176.855058174976,8181.855058174976,5.0,7,fd9364c5-6a05-4323-b555-46dd927e9bea,None,None,1,615,19,[],None,None
SCAN_PORT,8181.855058174976,8206.855058174977,25.00000000000091,9,ec92a6ad-2b42-4e29-93d4-5875f42d31f0,9,ec92a6ad-2b42-4e29-93d4-5875f42d31f0,1,615,19,"['Annis', 'Vevay']",None,None
SCAN_NEIGHBOR,8206.855058174977,8211.855058174977,5.0,9,ec92a6ad-2b42-4e29-93d4-5875f42d31f0,None,None,1,615,20,[],None,None
ENUM_HOST,8211.855058174977,8216.855058174977,5.0,9,ec92a6ad-2b42-4e29-93d4-5875f42d31f0,None,None,1,615,20,[],None,None
ENUM_HOST,8216.855058174977,8221.855058174977,5.0,7,fd9364c5-6a05-4323-b555-46dd927e9bea,None,None,2,615,20,[],None,None
SCAN_PORT,8221.855058174977,8246.855058174977,25.0,8,024a49ed-aa41-48c9-86e9-79d40e6b5fd2,None,None,1,615,20,[],None,None
EXPLOIT_VULN,8246.855058174977,8248.025094260613,1.1700360856357293,8,024a49ed-aa41-48c9-86e9-79d40e6b5fd2,None,None,1,615,20,[],None,None
EXPLOIT_VULN,8248.025094260613,8253.644492853851,5.619398593238657,8,024a49ed-aa41-48c9-86e9-79d40e6b5fd2,None,None,1,616,20,[],None,None
EXPLOIT_VULN,8253.644492853851,8257.584495987232,3.940003133380742,8,024a49ed-aa41-48c9-86e9-79d40e6b5fd2,None,None,1,617,20,[],None,None
EXPLOIT_VULN,8257.584495987232,8261.639225661449,4.054729674217015,8,024a49ed-aa41-48c9-86e9-79d40e6b5fd2,None,None,1,618,20,[],None,None
EXPLOIT_VULN,8261.639225661449,8265.013739167816,3.3745135063672933,8,024a49ed-aa41-48c9-86e9-79d40e6b5fd2,None,None,1,619,20,[],None,None
EXPLOIT_VULN,8265.013739167816,8266.397672447887,1.383933280070778,8,024a49ed-aa41-48c9-86e9-79d40e6b5fd2,None,None,1,620,20,[],None,None
EXPLOIT_VULN,8266.397672447887,8271.596505887717,5.198833439830196,8,024a49ed-aa41-48c9-86e9-79d40e6b5fd2,None,None,1,621,20,[],None,None
EXPLOIT_VULN,8271.596505887717,8277.608556896163,6.012051008445269,8,024a49ed-aa41-48c9-86e9-79d40e6b5fd2,None,None,1,622,20,[],None,None
EXPLOIT_VULN,8277.608556896163,8288.309891749304,10.701334853141816,8,024a49ed-aa41-48c9-86e9-79d40e6b5fd2,None,None,1,623,20,[],None,None
EXPLOIT_VULN,8288.309891749304,8309.2910503233,20.981158573995344,8,024a49ed-aa41-48c9-86e9-79d40e6b5fd2,None,None,1,624,20,[],None,None
EXPLOIT_VULN,8309.2910503233,8316.133840976072,6.842790652772237,8,024a49ed-aa41-48c9-86e9-79d40e6b5fd2,None,None,1,625,20,[],network,IPShuffle
SCAN_HOST,8336.700479481318,8341.700479481318,5.0,-1,-1,None,None,0,625,20,[],None,None
ENUM_HOST,8341.700479481318,8346.700479481318,5.0,-1,-1,None,None,0,625,20,[],None,None
SCAN_PORT,8346.700479481318,8371.700479481318,25.0,8,024a49ed-aa41-48c9-86e9-79d40e6b5fd2,None,None,2,625,20,[],None,None
EXPLOIT_VULN,8371.700479481318,8372.058920917598,0.35844143627946323,8,024a49ed-aa41-48c9-86e9-79d40e6b5fd2,None,None,2,625,20,[],None,None
EXPLOIT_VULN,8372.058920917598,8374.743857442856,2.6849365252583084,8,024a49ed-aa41-48c9-86e9-79d40e6b5fd2,None,None,2,626,20,[],None,None
EXPLOIT_VULN,8374.743857442856,8378.106916436222,3.3630589933654846,8,024a49ed-aa41-48c9-86e9-79d40e6b5fd2,None,None,2,627,20,[],None,None
EXPLOIT_VULN,8378.106916436222,8394.221673248261,16.11475681203956,8,024a49ed-aa41-48c9-86e9-79d40e6b5fd2,None,None,2,628,20,[],None,None
EXPLOIT_VULN,8394.221673248261,8401.758281824688,7.53660857642717,8,024a49ed-aa41-48c9-86e9-79d40e6b5fd2,None,None,2,629,20,[],None,None
EXPLOIT_VULN,8401.758281824688,8408.396184878686,6.637903053997434,8,024a49ed-aa41-48c9-86e9-79d40e6b5fd2,None,None,2,630,20,[],None,None
EXPLOIT_VULN,8408.396184878686,8429.128038570236,20.731853691549986,8,024a49ed-aa41-48c9-86e9-79d40e6b5fd2,None,None,2,631,20,[],None,None
EXPLOIT_VULN,8429.128038570236,8431.149480389435,2.021441819199026,8,024a49ed-aa41-48c9-86e9-79d40e6b5fd2,None,None,2,632,20,[],None,None
EXPLOIT_VULN,8431.149480389435,8440.09302265253,8.943542263095878,8,024a49ed-aa41-48c9-86e9-79d40e6b5fd2,None,None,2,633,20,[],None,None
EXPLOIT_VULN,8440.09302265253,8449.622506209353,9.529483556822015,8,024a49ed-aa41-48c9-86e9-79d40e6b5fd2,None,None,2,634,20,[],None,None
EXPLOIT_VULN,8449.622506209353,8467.136653675889,17.514147466536087,8,024a49ed-aa41-48c9-86e9-79d40e6b5fd2,None,None,2,635,20,[],None,None
EXPLOIT_VULN,8467.136653675889,8468.965439187403,1.82878551151407,8,024a49ed-aa41-48c9-86e9-79d40e6b5fd2,None,None,2,636,20,[],None,None
EXPLOIT_VULN,8468.965439187403,8477.298378620084,8.332939432681087,8,024a49ed-aa41-48c9-86e9-79d40e6b5fd2,None,None,2,637,20,[],None,None
EXPLOIT_VULN,8477.298378620084,8484.420895574383,7.122516954299499,8,024a49ed-aa41-48c9-86e9-79d40e6b5fd2,None,None,2,638,20,[],None,None
EXPLOIT_VULN,8484.420895574383,8501.629229474807,17.208333900423895,8,024a49ed-aa41-48c9-86e9-79d40e6b5fd2,8,024a49ed-aa41-48c9-86e9-79d40e6b5fd2,2,639,20,[],None,None
SCAN_NEIGHBOR,8501.629229474807,8506.629229474807,5.0,8,024a49ed-aa41-48c9-86e9-79d40e6b5fd2,None,None,2,640,21,[],None,None
ENUM_HOST,8506.629229474807,8511.629229474807,5.0,8,024a49ed-aa41-48c9-86e9-79d40e6b5fd2,None,None,2,640,21,[],None,None
ENUM_HOST,8511.629229474807,8516.629229474807,5.0,7,fd9364c5-6a05-4323-b555-46dd927e9bea,None,None,3,640,21,[],None,None
SCAN_PORT,8516.629229474807,8519.491719181422,2.862489706614724,33,efa10b4d-cbc9-4916-9ba8-a161ec9dd0f4,None,None,2,640,21,[],network,IPShuffle
SCAN_HOST,8540.610831195376,8545.610831195376,5.0,-1,-1,None,None,0,640,21,[],None,None
ENUM_HOST,8545.610831195376,8550.610831195376,5.0,-1,-1,None,None,0,640,21,[],None,None
SCAN_PORT,8550.610831195376,8575.610831195376,25.0,43,a6e88081-5149-469e-9853-869579ea282e,None,None,1,640,21,[],None,None
EXPLOIT_VULN,8575.610831195376,8578.426904754097,2.8160735587207455,43,a6e88081-5149-469e-9853-869579ea282e,None,None,1,640,21,[],None,None
EXPLOIT_VULN,8578.426904754097,8579.864895894074,1.4379911399773846,43,a6e88081-5149-469e-9853-869579ea282e,None,None,1,641,21,[],None,None
EXPLOIT_VULN,8579.864895894074,8583.664015780887,3.7991198868130596,43,a6e88081-5149-469e-9853-869579ea282e,None,None,1,642,21,[],None,None
EXPLOIT_VULN,8583.664015780887,8589.17556126058,5.511545479692359,43,a6e88081-5149-469e-9853-869579ea282e,None,None,1,643,21,[],None,None
EXPLOIT_VULN,8589.17556126058,8593.121611053124,3.946049792544727,43,a6e88081-5149-469e-9853-869579ea282e,None,None,1,644,21,[],None,None
EXPLOIT_VULN,8593.121611053124,8597.875871613696,4.75426056057222,43,a6e88081-5149-469e-9853-869579ea282e,None,None,1,645,21,[],None,None
EXPLOIT_VULN,8597.875871613696,8601.601482352062,3.7256107383655035,43,a6e88081-5149-469e-9853-869579ea282e,None,None,1,646,21,[],None,None
EXPLOIT_VULN,8601.601482352062,8604.39816691743,2.7966845653681958,43,a6e88081-5149-469e-9853-869579ea282e,None,None,1,647,21,[],None,None
EXPLOIT_VULN,8604.39816691743,8610.059938469254,5.661771551824131,43,a6e88081-5149-469e-9853-869579ea282e,None,None,1,648,21,[],None,None
EXPLOIT_VULN,8610.059938469254,8618.37302911866,8.31309064940615,43,a6e88081-5149-469e-9853-869579ea282e,None,None,1,649,21,[],None,None
EXPLOIT_VULN,8618.37302911866,8627.25880267421,8.885773555550259,43,a6e88081-5149-469e-9853-869579ea282e,None,None,1,650,21,[],None,None
EXPLOIT_VULN,8627.25880267421,8634.377535534131,7.118732859920783,43,a6e88081-5149-469e-9853-869579ea282e,None,None,1,651,21,[],None,None
EXPLOIT_VULN,8634.377535534131,8640.957138753669,6.579603219537603,43,a6e88081-5149-469e-9853-869579ea282e,None,None,1,652,21,[],None,None
EXPLOIT_VULN,8640.957138753669,8650.163549032877,9.206410279208285,43,a6e88081-5149-469e-9853-869579ea282e,None,None,1,653,21,[],None,None
EXPLOIT_VULN,8650.163549032877,8657.444351522097,7.28080248922015,43,a6e88081-5149-469e-9853-869579ea282e,None,None,1,654,21,[],None,None
EXPLOIT_VULN,8657.444351522097,8665.970879034252,8.526527512154644,43,a6e88081-5149-469e-9853-869579ea282e,None,None,1,655,21,[],None,None
EXPLOIT_VULN,8665.970879034252,8684.472512595426,18.501633561174458,43,a6e88081-5149-469e-9853-869579ea282e,None,None,1,656,21,[],None,None
EXPLOIT_VULN,8684.472512595426,8691.521989590901,7.0494769954748335,43,a6e88081-5149-469e-9853-869579ea282e,None,None,1,657,21,[],None,None
BRUTE_FORCE,8691.521989590901,8711.521989590901,20.0,43,a6e88081-5149-469e-9853-869579ea282e,None,None,1,658,21,[],None,None
ENUM_HOST,8711.521989590901,8716.521989590901,5.0,43,a6e88081-5149-469e-9853-869579ea282e,None,None,1,658,21,[],None,None
SCAN_PORT,8716.521989590901,8716.974496141724,0.45250655082236335,29,4ddaa79c-959b-4271-a344-b83a2fd65dd7,None,None,1,658,21,[],network,IPShuffle
SCAN_HOST,8737.637132889939,8742.637132889939,5.0,-1,-1,None,None,0,658,21,[],None,None
ENUM_HOST,8742.637132889939,8747.637132889939,5.0,-1,-1,None,None,0,658,21,[],None,None
SCAN_PORT,8747.637132889939,8772.637132889939,25.0,21,9a4e2b3a-b3b0-4046-8409-c616777e42f8,None,None,5,658,21,[],None,None
EXPLOIT_VULN,8772.637132889939,8778.88893342564,6.251800535701477,21,9a4e2b3a-b3b0-4046-8409-c616777e42f8,None,None,5,658,21,[],None,None
EXPLOIT_VULN,8778.88893342564,8784.40994721545,5.52101378981024,21,9a4e2b3a-b3b0-4046-8409-c616777e42f8,None,None,5,659,21,[],None,None
EXPLOIT_VULN,8784.40994721545,8791.786496971896,7.376549756445456,21,9a4e2b3a-b3b0-4046-8409-c616777e42f8,None,None,5,660,21,[],None,None
EXPLOIT_VULN,8791.786496971896,8814.201866920925,22.4153699490289,21,9a4e2b3a-b3b0-4046-8409-c616777e42f8,None,None,5,661,21,[],None,None
EXPLOIT_VULN,8814.201866920925,8822.959874787804,8.75800786687978,21,9a4e2b3a-b3b0-4046-8409-c616777e42f8,None,None,5,662,21,[],None,None
EXPLOIT_VULN,8822.959874787804,8830.8993862398,7.939511451995713,21,9a4e2b3a-b3b0-4046-8409-c616777e42f8,None,None,5,663,21,[],None,None
EXPLOIT_VULN,8830.8993862398,8834.126184430015,3.2267981902150495,21,9a4e2b3a-b3b0-4046-8409-c616777e42f8,None,None,5,664,21,[],None,None
EXPLOIT_VULN,8834.126184430015,8841.086509480772,6.960325050757092,21,9a4e2b3a-b3b0-4046-8409-c616777e42f8,None,None,5,665,21,[],None,None
EXPLOIT_VULN,8841.086509480772,8859.221013642287,18.134504161514997,21,9a4e2b3a-b3b0-4046-8409-c616777e42f8,None,None,5,666,21,[],None,None
EXPLOIT_VULN,8859.221013642287,8866.869875034832,7.648861392544859,21,9a4e2b3a-b3b0-4046-8409-c616777e42f8,21,9a4e2b3a-b3b0-4046-8409-c616777e42f8,5,667,21,['Sarine'],None,None
SCAN_NEIGHBOR,8866.869875034832,8871.869875034832,5.0,21,9a4e2b3a-b3b0-4046-8409-c616777e42f8,None,None,5,668,22,[],None,None
ENUM_HOST,8871.869875034832,8876.869875034832,5.0,21,9a4e2b3a-b3b0-4046-8409-c616777e42f8,None,None,5,668,22,[],None,None
ENUM_HOST,8876.869875034832,8881.869875034832,5.0,22,07f44fbe-e0a6-466b-a44d-49027332a3e2,None,None,5,668,22,[],None,None
SCAN_PORT,8881.869875034832,8906.869875034832,25.0,43,a6e88081-5149-469e-9853-869579ea282e,None,None,2,668,22,[],None,None
EXPLOIT_VULN,8906.869875034832,8908.627236533537,1.757361498704995,43,a6e88081-5149-469e-9853-869579ea282e,None,None,2,668,22,[],None,None
EXPLOIT_VULN,8908.627236533537,8915.216826799378,6.589590265841252,43,a6e88081-5149-469e-9853-869579ea282e,None,None,2,669,22,[],None,None
EXPLOIT_VULN,8915.216826799378,8917.575996342524,2.359169543145981,43,a6e88081-5149-469e-9853-869579ea282e,None,None,2,670,22,[],network,IPShuffle
SCAN_HOST,8937.759236664797,8942.759236664797,5.0,-1,-1,None,None,0,670,22,[],None,None
ENUM_HOST,8942.759236664797,8947.759236664797,5.0,-1,-1,None,None,0,670,22,[],None,None
SCAN_PORT,8947.759236664797,8972.759236664797,25.0,49,dc9b411f-ad95-4314-b70f-d2f166fba58f,None,None,1,670,22,[],None,None
EXPLOIT_VULN,8972.759236664797,8973.796979836798,1.0377431720007735,49,dc9b411f-ad95-4314-b70f-d2f166fba58f,None,None,1,670,22,[],None,None
EXPLOIT_VULN,8973.796979836798,8974.83398017247,1.0370003356729285,49,dc9b411f-ad95-4314-b70f-d2f166fba58f,None,None,1,671,22,[],None,None
EXPLOIT_VULN,8974.83398017247,8976.3983532956,1.5643731231302809,49,dc9b411f-ad95-4314-b70f-d2f166fba58f,None,None,1,672,22,[],None,None
EXPLOIT_VULN,8976.3983532956,8980.057803111598,3.6594498159975046,49,dc9b411f-ad95-4314-b70f-d2f166fba58f,None,None,1,673,22,[],None,None
EXPLOIT_VULN,8980.057803111598,8984.075149992976,4.017346881377307,49,dc9b411f-ad95-4314-b70f-d2f166fba58f,None,None,1,674,22,[],None,None
EXPLOIT_VULN,8984.075149992976,8993.465372860657,9.390222867681587,49,dc9b411f-ad95-4314-b70f-d2f166fba58f,None,None,1,675,22,[],None,None
EXPLOIT_VULN,8993.465372860657,8999.48151022033,6.016137359672939,49,dc9b411f-ad95-4314-b70f-d2f166fba58f,None,None,1,676,22,[],None,None
EXPLOIT_VULN,8999.48151022033,9010.282054804542,10.80054458421182,49,dc9b411f-ad95-4314-b70f-d2f166fba58f,None,None,1,677,22,[],None,None
EXPLOIT_VULN,9010.282054804542,9019.440272490547,9.158217686004718,49,dc9b411f-ad95-4314-b70f-d2f166fba58f,None,None,1,678,22,[],None,None
EXPLOIT_VULN,9019.440272490547,9033.773114014302,14.332841523755633,49,dc9b411f-ad95-4314-b70f-d2f166fba58f,None,None,1,679,22,[],None,None
EXPLOIT_VULN,9033.773114014302,9047.941272276736,14.16815826243328,49,dc9b411f-ad95-4314-b70f-d2f166fba58f,None,None,1,680,22,[],None,None
EXPLOIT_VULN,9047.941272276736,9064.636968510871,16.69569623413554,49,dc9b411f-ad95-4314-b70f-d2f166fba58f,None,None,1,681,22,[],None,None
EXPLOIT_VULN,9064.636968510871,9067.833703198512,3.1967346876408556,49,dc9b411f-ad95-4314-b70f-d2f166fba58f,None,None,1,682,22,[],None,None
EXPLOIT_VULN,9067.833703198512,9076.635015892309,8.801312693796717,49,dc9b411f-ad95-4314-b70f-d2f166fba58f,49,dc9b411f-ad95-4314-b70f-d2f166fba58f,1,683,22,"['Shandeigh', 'Wally']",None,None
SCAN_NEIGHBOR,9076.635015892309,9081.635015892309,5.0,49,dc9b411f-ad95-4314-b70f-d2f166fba58f,None,None,1,684,23,[],None,None
ENUM_HOST,9081.635015892309,9086.635015892309,5.0,49,dc9b411f-ad95-4314-b70f-d2f166fba58f,None,None,1,684,23,[],None,None
ENUM_HOST,9086.635015892309,9091.635015892309,5.0,24,e9bc77a2-2b34-4047-bde3-7181cf9dfd37,None,None,5,684,23,[],None,None
SCAN_PORT,9091.635015892309,9116.635015892309,25.0,33,efa10b4d-cbc9-4916-9ba8-a161ec9dd0f4,None,None,3,684,23,[],None,None
EXPLOIT_VULN,9116.635015892309,9117.020395193758,0.385379301449575,33,efa10b4d-cbc9-4916-9ba8-a161ec9dd0f4,None,None,3,684,23,[],None,None
EXPLOIT_VULN,9117.020395193758,9117.785874847223,0.7654796534643538,33,efa10b4d-cbc9-4916-9ba8-a161ec9dd0f4,None,None,3,685,23,[],network,IPShuffle
SCAN_HOST,9138.218890605422,9143.218890605422,5.0,-1,-1,None,None,0,685,23,[],None,None
ENUM_HOST,9143.218890605422,9148.218890605422,5.0,-1,-1,None,None,0,685,23,[],None,None
SCAN_PORT,9148.218890605422,9173.218890605422,25.0,13,01a01711-040d-452c-a030-4b7ed8cd1de4,13,01a01711-040d-452c-a030-4b7ed8cd1de4,1,685,23,[],None,None
SCAN_NEIGHBOR,9173.218890605422,9178.218890605422,5.0,13,01a01711-040d-452c-a030-4b7ed8cd1de4,None,None,1,685,24,[],None,None
ENUM_HOST,9178.218890605422,9183.218890605422,5.0,13,01a01711-040d-452c-a030-4b7ed8cd1de4,None,None,1,685,24,[],None,None
ENUM_HOST,9183.218890605422,9188.218890605422,5.0,12,59b42036-d1d0-4af9-9416-7937abf6b940,None,None,4,685,24,[],None,None
SCAN_PORT,9188.218890605422,9213.218890605422,25.0,33,efa10b4d-cbc9-4916-9ba8-a161ec9dd0f4,None,None,4,685,24,[],None,None
EXPLOIT_VULN,9213.218890605422,9214.189943855532,0.9710532501103444,33,efa10b4d-cbc9-4916-9ba8-a161ec9dd0f4,None,None,4,685,24,[],None,None
EXPLOIT_VULN,9214.189943855532,9216.303056193385,2.1131123378527263,33,efa10b4d-cbc9-4916-9ba8-a161ec9dd0f4,None,None,4,686,24,[],None,None
EXPLOIT_VULN,9216.303056193385,9220.359499251459,4.056443058074365,33,efa10b4d-cbc9-4916-9ba8-a161ec9dd0f4,None,None,4,687,24,[],None,None
EXPLOIT_VULN,9220.359499251459,9223.944428033803,3.5849287823439226,33,efa10b4d-cbc9-4916-9ba8-a161ec9dd0f4,None,None,4,688,24,[],None,None
EXPLOIT_VULN,9223.944428033803,9230.040633382296,6.096205348492731,33,efa10b4d-cbc9-4916-9ba8-a161ec9dd0f4,None,None,4,689,24,[],None,None
EXPLOIT_VULN,9230.040633382296,9248.154970299523,18.114336917227774,33,efa10b4d-cbc9-4916-9ba8-a161ec9dd0f4,None,None,4,690,24,[],None,None
EXPLOIT_VULN,9248.154970299523,9253.11497362728,4.960003327756567,33,efa10b4d-cbc9-4916-9ba8-a161ec9dd0f4,None,None,4,691,24,[],None,None
EXPLOIT_VULN,9253.11497362728,9258.403292417706,5.288318790426274,33,efa10b4d-cbc9-4916-9ba8-a161ec9dd0f4,None,None,4,692,24,[],None,None
EXPLOIT_VULN,9258.403292417706,9263.316804333506,4.9135119157999725,33,efa10b4d-cbc9-4916-9ba8-a161ec9dd0f4,None,None,4,693,24,[],None,None
EXPLOIT_VULN,9263.316804333506,9266.580256922734,3.263452589228109,33,efa10b4d-cbc9-4916-9ba8-a161ec9dd0f4,None,None,4,694,24,[],None,None
EXPLOIT_VULN,9266.580256922734,9285.538680643172,18.958423720438077,33,efa10b4d-cbc9-4916-9ba8-a161ec9dd0f4,None,None,4,695,24,[],None,None
EXPLOIT_VULN,9285.538680643172,9294.18454063414,8.645859990967438,33,efa10b4d-cbc9-4916-9ba8-a161ec9dd0f4,None,None,4,696,24,[],None,None
EXPLOIT_VULN,9294.18454063414,9301.027931238594,6.843390604453816,33,efa10b4d-cbc9-4916-9ba8-a161ec9dd0f4,None,None,4,697,24,[],None,None
EXPLOIT_VULN,9301.027931238594,9320.93693306922,19.90900183062695,33,efa10b4d-cbc9-4916-9ba8-a161ec9dd0f4,None,None,4,698,24,[],network,IPShuffle
SCAN_HOST,9341.752609187777,9346.752609187777,5.0,-1,-1,None,None,0,698,24,[],None,None
ENUM_HOST,9346.752609187777,9351.752609187777,5.0,-1,-1,None,None,0,698,24,[],None,None
SCAN_PORT,9351.752609187777,9376.752609187777,25.0,42,0c2dde46-de31-4f41-bf5d-100c482f939f,42,0c2dde46-de31-4f41-bf5d-100c482f939f,1,698,24,[],None,None
SCAN_NEIGHBOR,9376.752609187777,9381.752609187777,5.0,42,0c2dde46-de31-4f41-bf5d-100c482f939f,None,None,1,698,25,[],None,None
ENUM_HOST,9381.752609187777,9386.752609187777,5.0,42,0c2dde46-de31-4f41-bf5d-100c482f939f,None,None,1,698,25,[],None,None
SCAN_PORT,9386.752609187777,9411.752609187777,25.0,39,7709a421-d633-42c8-8912-7f13ca7ecf3b,None,None,1,698,25,[],None,None
EXPLOIT_VULN,9411.752609187777,9413.030616967044,1.2780077792667726,39,7709a421-d633-42c8-8912-7f13ca7ecf3b,None,None,1,698,25,[],None,None
EXPLOIT_VULN,9413.030616967044,9414.484855938896,1.454238971851737,39,7709a421-d633-42c8-8912-7f13ca7ecf3b,None,None,1,699,25,[],None,None
EXPLOIT_VULN,9414.484855938896,9417.905859962908,3.4210040240122908,39,7709a421-d633-42c8-8912-7f13ca7ecf3b,None,None,1,700,25,[],None,None
EXPLOIT_VULN,9417.905859962908,9418.90890620602,1.0030462431113847,39,7709a421-d633-42c8-8912-7f13ca7ecf3b,None,None,1,701,25,[],None,None
EXPLOIT_VULN,9418.90890620602,9425.777078356978,6.868172150958344,39,7709a421-d633-42c8-8912-7f13ca7ecf3b,None,None,1,702,25,[],None,None
EXPLOIT_VULN,9425.777078356978,9433.123802762833,7.346724405855639,39,7709a421-d633-42c8-8912-7f13ca7ecf3b,None,None,1,703,25,[],None,None
EXPLOIT_VULN,9433.123802762833,9441.45349227619,8.329689513357152,39,7709a421-d633-42c8-8912-7f13ca7ecf3b,None,None,1,704,25,[],None,None
EXPLOIT_VULN,9441.45349227619,9446.647812131418,5.19431985522715,39,7709a421-d633-42c8-8912-7f13ca7ecf3b,None,None,1,705,25,[],None,None
EXPLOIT_VULN,9446.647812131418,9452.990896129984,6.343083998566726,39,7709a421-d633-42c8-8912-7f13ca7ecf3b,None,None,1,706,25,[],None,None
EXPLOIT_VULN,9452.990896129984,9460.7218594587,7.730963328715006,39,7709a421-d633-42c8-8912-7f13ca7ecf3b,None,None,1,707,25,[],None,None
EXPLOIT_VULN,9460.7218594587,9467.348164847976,6.62630538927624,39,7709a421-d633-42c8-8912-7f13ca7ecf3b,None,None,1,708,25,[],None,None
EXPLOIT_VULN,9467.348164847976,9473.208019012383,5.859854164407807,39,7709a421-d633-42c8-8912-7f13ca7ecf3b,None,None,1,709,25,[],None,None
EXPLOIT_VULN,9473.208019012383,9492.651307552725,19.44328854034211,39,7709a421-d633-42c8-8912-7f13ca7ecf3b,None,None,1,710,25,[],None,None
EXPLOIT_VULN,9492.651307552725,9501.01493363361,8.363626080885297,39,7709a421-d633-42c8-8912-7f13ca7ecf3b,None,None,1,711,25,[],None,None
EXPLOIT_VULN,9501.01493363361,9509.364079597282,8.349145963671617,39,7709a421-d633-42c8-8912-7f13ca7ecf3b,None,None,1,712,25,[],None,None
EXPLOIT_VULN,9509.364079597282,9520.09548288658,10.731403289297305,39,7709a421-d633-42c8-8912-7f13ca7ecf3b,None,None,1,713,25,[],network,IPShuffle
SCAN_HOST,9540.11863761363,9545.11863761363,5.0,-1,-1,None,None,0,713,25,[],None,None
ENUM_HOST,9545.11863761363,9550.11863761363,5.0,-1,-1,None,None,0,713,25,[],None,None
SCAN_PORT,9550.11863761363,9575.11863761363,25.0,34,87999234-29ae-4ba2-ae23-9a1c00d9f717,None,None,3,713,25,[],None,None
EXPLOIT_VULN,9575.11863761363,9576.343372460022,1.2247348463915841,34,87999234-29ae-4ba2-ae23-9a1c00d9f717,None,None,3,713,25,[],None,None
EXPLOIT_VULN,9576.343372460022,9577.774630413262,1.431257953239765,34,87999234-29ae-4ba2-ae23-9a1c00d9f717,None,None,3,714,25,[],None,None
EXPLOIT_VULN,9577.774630413262,9584.241557009313,6.466926596051053,34,87999234-29ae-4ba2-ae23-9a1c00d9f717,None,None,3,715,25,[],None,None
EXPLOIT_VULN,9584.241557009313,9602.105411167617,17.863854158304093,34,87999234-29ae-4ba2-ae23-9a1c00d9f717,None,None,3,716,25,[],None,None
EXPLOIT_VULN,9602.105411167617,9620.756932049111,18.651520881494434,34,87999234-29ae-4ba2-ae23-9a1c00d9f717,None,None,3,717,25,[],None,None
EXPLOIT_VULN,9620.756932049111,9628.891942222277,8.135010173165938,34,87999234-29ae-4ba2-ae23-9a1c00d9f717,None,None,3,718,25,[],None,None
EXPLOIT_VULN,9628.891942222277,9632.497897438769,3.605955216491566,34,87999234-29ae-4ba2-ae23-9a1c00d9f717,None,None,3,719,25,[],None,None
EXPLOIT_VULN,9632.497897438769,9648.890141964446,16.392244525677597,34,87999234-29ae-4ba2-ae23-9a1c00d9f717,None,None,3,720,25,[],None,None
EXPLOIT_VULN,9648.890141964446,9656.585947395784,7.695805431338158,34,87999234-29ae-4ba2-ae23-9a1c00d9f717,None,None,3,721,25,[],None,None
EXPLOIT_VULN,9656.585947395784,9662.875843514603,6.289896118818433,34,87999234-29ae-4ba2-ae23-9a1c00d9f717,None,None,3,722,25,[],None,None
EXPLOIT_VULN,9662.875843514603,9667.611367923746,4.735524409143181,34,87999234-29ae-4ba2-ae23-9a1c00d9f717,None,None,3,723,25,[],None,None
EXPLOIT_VULN,9667.611367923746,9670.478863446464,2.8674955227179453,34,87999234-29ae-4ba2-ae23-9a1c00d9f717,None,None,3,724,25,[],None,None
EXPLOIT_VULN,9670.478863446464,9678.572069881984,8.093206435520187,34,87999234-29ae-4ba2-ae23-9a1c00d9f717,None,None,3,725,25,[],None,None
EXPLOIT_VULN,9678.572069881984,9696.994098013094,18.422028131109982,34,87999234-29ae-4ba2-ae23-9a1c00d9f717,None,None,3,726,25,[],None,None
EXPLOIT_VULN,9696.994098013094,9709.624020708181,12.629922695086861,34,87999234-29ae-4ba2-ae23-9a1c00d9f717,34,87999234-29ae-4ba2-ae23-9a1c00d9f717,3,727,25,"['Samantha', 'Deeyn']",None,None
SCAN_NEIGHBOR,9709.624020708181,9714.624020708181,5.0,34,87999234-29ae-4ba2-ae23-9a1c00d9f717,None,None,3,728,26,[],None,None
ENUM_HOST,9714.624020708181,9719.624020708181,5.0,34,87999234-29ae-4ba2-ae23-9a1c00d9f717,None,None,3,728,26,[],None,None
SCAN_PORT,9719.624020708181,9719.718011243292,0.09399053511151578,33,efa10b4d-cbc9-4916-9ba8-a161ec9dd0f4,None,None,5,728,26,[],network,IPShuffle
SCAN_HOST,9739.834966410874,9744.834966410874,5.0,-1,-1,None,None,0,728,26,[],None,None
ENUM_HOST,9744.834966410874,9749.834966410874,5.0,-1,-1,None,None,0,728,26,[],None,None
SCAN_PORT,9749.834966410874,9774.834966410874,25.0,28,ad047b0e-c6c5-4bc8-881f-0593fcffe3e0,None,None,1,728,26,[],None,None
EXPLOIT_VULN,9774.834966410874,9775.044130973956,0.20916456308259512,28,ad047b0e-c6c5-4bc8-881f-0593fcffe3e0,None,None,1,728,26,[],None,None
EXPLOIT_VULN,9775.044130973956,9782.212020510595,7.1678895366385404,28,ad047b0e-c6c5-4bc8-881f-0593fcffe3e0,None,None,1,729,26,[],None,None
EXPLOIT_VULN,9782.212020510595,9786.178680841856,3.9666603312616644,28,ad047b0e-c6c5-4bc8-881f-0593fcffe3e0,None,None,1,730,26,[],None,None
EXPLOIT_VULN,9786.178680841856,9795.77788395951,9.599203117653815,28,ad047b0e-c6c5-4bc8-881f-0593fcffe3e0,None,None,1,731,26,[],None,None
EXPLOIT_VULN,9795.77788395951,9806.165920801815,10.388036842305155,28,ad047b0e-c6c5-4bc8-881f-0593fcffe3e0,None,None,1,732,26,[],None,None
EXPLOIT_VULN,9806.165920801815,9808.928992232022,2.7630714302067645,28,ad047b0e-c6c5-4bc8-881f-0593fcffe3e0,None,None,1,733,26,[],None,None
EXPLOIT_VULN,9808.928992232022,9822.766690283093,13.83769805107113,28,ad047b0e-c6c5-4bc8-881f-0593fcffe3e0,None,None,1,734,26,[],None,None
EXPLOIT_VULN,9822.766690283093,9828.738182649953,5.97149236685982,28,ad047b0e-c6c5-4bc8-881f-0593fcffe3e0,None,None,1,735,26,[],None,None
EXPLOIT_VULN,9828.738182649953,9835.769465890793,7.031283240839912,28,ad047b0e-c6c5-4bc8-881f-0593fcffe3e0,None,None,1,736,26,[],None,None
EXPLOIT_VULN,9835.769465890793,9854.451015494795,18.681549604001702,28,ad047b0e-c6c5-4bc8-881f-0593fcffe3e0,None,None,1,737,26,[],None,None
EXPLOIT_VULN,9854.451015494795,9861.047984454,6.596968959205697,28,ad047b0e-c6c5-4bc8-881f-0593fcffe3e0,None,None,1,738,26,[],None,None
EXPLOIT_VULN,9861.047984454,9867.928226768527,6.8802423145261855,28,ad047b0e-c6c5-4bc8-881f-0593fcffe3e0,None,None,1,739,26,[],None,None
EXPLOIT_VULN,9867.928226768527,9888.57460922629,20.646382457764048,28,ad047b0e-c6c5-4bc8-881f-0593fcffe3e0,None,None,1,740,26,[],None,None
EXPLOIT_VULN,9888.57460922629,9895.363235456023,6.788626229732472,28,ad047b0e-c6c5-4bc8-881f-0593fcffe3e0,None,None,1,741,26,[],None,None
EXPLOIT_VULN,9895.363235456023,9904.956217004694,9.59298154867065,28,ad047b0e-c6c5-4bc8-881f-0593fcffe3e0,None,None,1,742,26,[],None,None
EXPLOIT_VULN,9904.956217004694,9913.540117926956,8.583900922261819,28,ad047b0e-c6c5-4bc8-881f-0593fcffe3e0,None,None,1,743,26,[],None,None
EXPLOIT_VULN,9913.540117926956,9919.778637479518,6.238519552562138,28,ad047b0e-c6c5-4bc8-881f-0593fcffe3e0,None,None,1,744,26,[],network,IPShuffle
SCAN_HOST,9940.09870307605,9945.09870307605,5.0,-1,-1,None,None,0,744,26,[],None,None
ENUM_HOST,9945.09870307605,9950.09870307605,5.0,-1,-1,None,None,0,744,26,[],None,None
SCAN_PORT,9950.09870307605,9975.09870307605,25.0,43,a6e88081-5149-469e-9853-869579ea282e,None,None,3,744,26,[],None,None
EXPLOIT_VULN,9975.09870307605,9983.435888798429,8.337185722379218,43,a6e88081-5149-469e-9853-869579ea282e,None,None,3,744,26,[],None,None
EXPLOIT_VULN,9983.435888798429,9991.70613959412,8.270250795691027,43,a6e88081-5149-469e-9853-869579ea282e,None,None,3,745,26,[],None,None
EXPLOIT_VULN,9991.70613959412,9998.625367141407,6.919227547286937,43,a6e88081-5149-469e-9853-869579ea282e,None,None,3,746,26,[],None,None
BRUTE_FORCE,9998.625367141407,10018.625367141407,20.0,43,a6e88081-5149-469e-9853-869579ea282e,None,None,3,747,26,[],None,None
ENUM_HOST,10018.625367141407,10023.625367141407,5.0,43,a6e88081-5149-469e-9853-869579ea282e,None,None,3,747,26,[],None,None
SCAN_PORT,10023.625367141407,10048.625367141407,25.0,29,4ddaa79c-959b-4271-a344-b83a2fd65dd7,None,None,2,747,26,[],None,None
EXPLOIT_VULN,10048.625367141407,10050.773318810352,2.1479516689450975,29,4ddaa79c-959b-4271-a344-b83a2fd65dd7,None,None,2,747,26,[],None,None
EXPLOIT_VULN,10050.773318810352,10050.973514244488,0.20019543413582142,29,4ddaa79c-959b-4271-a344-b83a2fd65dd7,None,None,2,748,26,[],None,None
EXPLOIT_VULN,10050.973514244488,10051.10627153069,0.1327572862028319,29,4ddaa79c-959b-4271-a344-b83a2fd65dd7,None,None,2,749,26,[],None,None
EXPLOIT_VULN,10051.10627153069,10052.00910289947,0.9028313687795162,29,4ddaa79c-959b-4271-a344-b83a2fd65dd7,None,None,2,750,26,[],None,None
EXPLOIT_VULN,10052.00910289947,10053.306720292112,1.2976173926417687,29,4ddaa79c-959b-4271-a344-b83a2fd65dd7,None,None,2,751,26,[],None,None
EXPLOIT_VULN,10053.306720292112,10055.814095628264,2.5073753361521085,29,4ddaa79c-959b-4271-a344-b83a2fd65dd7,None,None,2,752,26,[],None,None
EXPLOIT_VULN,10055.814095628264,10057.66279230152,1.8486966732561996,29,4ddaa79c-959b-4271-a344-b83a2fd65dd7,None,None,2,753,26,[],None,None
EXPLOIT_VULN,10057.66279230152,10059.181859043889,1.5190667423685227,29,4ddaa79c-959b-4271-a344-b83a2fd65dd7,None,None,2,754,26,[],None,None
EXPLOIT_VULN,10059.181859043889,10061.921231043609,2.7393719997198787,29,4ddaa79c-959b-4271-a344-b83a2fd65dd7,None,None,2,755,26,[],None,None
EXPLOIT_VULN,10061.921231043609,10064.56414139825,2.6429103546415718,29,4ddaa79c-959b-4271-a344-b83a2fd65dd7,None,None,2,756,26,[],None,None
EXPLOIT_VULN,10064.56414139825,10070.906359975399,6.342218577148742,29,4ddaa79c-959b-4271-a344-b83a2fd65dd7,None,None,2,757,26,[],None,None
EXPLOIT_VULN,10070.906359975399,10072.642826843043,1.736466867643685,29,4ddaa79c-959b-4271-a344-b83a2fd65dd7,None,None,2,758,26,[],None,None
EXPLOIT_VULN,10072.642826843043,10075.730126121483,3.087299278440696,29,4ddaa79c-959b-4271-a344-b83a2fd65dd7,None,None,2,759,26,[],None,None
EXPLOIT_VULN,10075.730126121483,10084.067294554214,8.337168432730323,29,4ddaa79c-959b-4271-a344-b83a2fd65dd7,None,None,2,760,26,[],None,None
EXPLOIT_VULN,10084.067294554214,10092.486229441982,8.418934887768046,29,4ddaa79c-959b-4271-a344-b83a2fd65dd7,None,None,2,761,26,[],None,None
EXPLOIT_VULN,10092.486229441982,10101.537241453045,9.051012011062994,29,4ddaa79c-959b-4271-a344-b83a2fd65dd7,None,None,2,762,26,[],None,None
EXPLOIT_VULN,10101.537241453045,10104.091690835137,2.554449382092571,29,4ddaa79c-959b-4271-a344-b83a2fd65dd7,None,None,2,763,26,[],None,None
EXPLOIT_VULN,10104.091690835137,10111.183019002447,7.091328167309257,29,4ddaa79c-959b-4271-a344-b83a2fd65dd7,None,None,2,764,26,[],None,None
EXPLOIT_VULN,10111.183019002447,10118.052083361817,6.8690643593708955,29,4ddaa79c-959b-4271-a344-b83a2fd65dd7,None,None,2,765,26,[],None,None
EXPLOIT_VULN,10118.052083361817,10120.104811423811,2.052728061993548,29,4ddaa79c-959b-4271-a344-b83a2fd65dd7,None,None,2,766,26,[],network,IPShuffle
SCAN_HOST,10140.228294925444,10145.228294925444,5.0,-1,-1,None,None,0,766,26,[],None,None
ENUM_HOST,10145.228294925444,10150.228294925444,5.0,-1,-1,None,None,0,766,26,[],None,None
SCAN_PORT,10150.228294925444,10175.228294925444,25.0,28,ad047b0e-c6c5-4bc8-881f-0593fcffe3e0,None,None,2,766,26,[],None,None
EXPLOIT_VULN,10175.228294925444,10182.863115819546,7.634820894101722,28,ad047b0e-c6c5-4bc8-881f-0593fcffe3e0,None,None,2,766,26,[],None,None
EXPLOIT_VULN,10182.863115819546,10189.734114666997,6.870998847451119,28,ad047b0e-c6c5-4bc8-881f-0593fcffe3e0,None,None,2,767,26,[],None,None
EXPLOIT_VULN,10189.734114666997,10208.57769247762,18.843577810623174,28,ad047b0e-c6c5-4bc8-881f-0593fcffe3e0,None,None,2,768,26,[],None,None
EXPLOIT_VULN,10208.57769247762,10229.20873739078,20.631044913159712,28,ad047b0e-c6c5-4bc8-881f-0593fcffe3e0,None,None,2,769,26,[],None,None
EXPLOIT_VULN,10229.20873739078,10235.861319742033,6.652582351252931,28,ad047b0e-c6c5-4bc8-881f-0593fcffe3e0,None,None,2,770,26,[],None,None
EXPLOIT_VULN,10235.861319742033,10244.071287408377,8.2099676663438,28,ad047b0e-c6c5-4bc8-881f-0593fcffe3e0,None,None,2,771,26,[],None,None
EXPLOIT_VULN,10244.071287408377,10253.703495441683,9.632208033306597,28,ad047b0e-c6c5-4bc8-881f-0593fcffe3e0,None,None,2,772,26,[],None,None
EXPLOIT_VULN,10253.703495441683,10261.760579656966,8.057084215282885,28,ad047b0e-c6c5-4bc8-881f-0593fcffe3e0,None,None,2,773,26,[],None,None
EXPLOIT_VULN,10261.760579656966,10269.860809689653,8.10023003268725,28,ad047b0e-c6c5-4bc8-881f-0593fcffe3e0,None,None,2,774,26,[],None,None
EXPLOIT_VULN,10269.860809689653,10277.90743561584,8.046625926186607,28,ad047b0e-c6c5-4bc8-881f-0593fcffe3e0,None,None,2,775,26,[],None,None
EXPLOIT_VULN,10277.90743561584,10291.398006014551,13.490570398711498,28,ad047b0e-c6c5-4bc8-881f-0593fcffe3e0,28,ad047b0e-c6c5-4bc8-881f-0593fcffe3e0,2,776,26,['Emili'],None,None
SCAN_NEIGHBOR,10291.398006014551,10296.398006014551,5.0,28,ad047b0e-c6c5-4bc8-881f-0593fcffe3e0,None,None,2,777,27,[],None,None
ENUM_HOST,10296.398006014551,10301.398006014551,5.0,28,ad047b0e-c6c5-4bc8-881f-0593fcffe3e0,None,None,2,777,27,[],None,None
ENUM_HOST,10301.398006014551,10306.398006014551,5.0,24,e9bc77a2-2b34-4047-bde3-7181cf9dfd37,None,None,6,777,27,[],None,None
SCAN_PORT,10306.398006014551,10319.942189190995,13.544183176443767,33,efa10b4d-cbc9-4916-9ba8-a161ec9dd0f4,None,None,6,777,27,[],network,IPShuffle
SCAN_HOST,10339.95538010294,10344.95538010294,5.0,-1,-1,None,None,0,777,27,[],None,None
ENUM_HOST,10344.95538010294,10349.95538010294,5.0,-1,-1,None,None,0,777,27,[],None,None
SCAN_PORT,10349.95538010294,10374.95538010294,25.0,33,efa10b4d-cbc9-4916-9ba8-a161ec9dd0f4,None,None,7,777,27,[],None,None
EXPLOIT_VULN,10374.95538010294,10380.254880875502,5.299500772562169,33,efa10b4d-cbc9-4916-9ba8-a161ec9dd0f4,None,None,7,777,27,[],None,None
EXPLOIT_VULN,10380.254880875502,10398.687482770309,18.432601894806794,33,efa10b4d-cbc9-4916-9ba8-a161ec9dd0f4,None,None,7,778,27,[],None,None
EXPLOIT_VULN,10398.687482770309,10403.927832130144,5.240349359835818,33,efa10b4d-cbc9-4916-9ba8-a161ec9dd0f4,None,None,7,779,27,[],None,None
EXPLOIT_VULN,10403.927832130144,10406.671717028885,2.7438848987403617,33,efa10b4d-cbc9-4916-9ba8-a161ec9dd0f4,None,None,7,780,27,[],None,None
EXPLOIT_VULN,10406.671717028885,10415.378928525839,8.707211496954187,33,efa10b4d-cbc9-4916-9ba8-a161ec9dd0f4,None,None,7,781,27,[],None,None
EXPLOIT_VULN,10415.378928525839,10422.396216809824,7.017288283985181,33,efa10b4d-cbc9-4916-9ba8-a161ec9dd0f4,None,None,7,782,27,[],None,None
EXPLOIT_VULN,10422.396216809824,10445.050175384747,22.65395857492331,33,efa10b4d-cbc9-4916-9ba8-a161ec9dd0f4,None,None,7,783,27,[],None,None
EXPLOIT_VULN,10445.050175384747,10465.157490184214,20.10731479946662,33,efa10b4d-cbc9-4916-9ba8-a161ec9dd0f4,None,None,7,784,27,[],None,None
EXPLOIT_VULN,10465.157490184214,10487.776263280393,22.61877309617921,33,efa10b4d-cbc9-4916-9ba8-a161ec9dd0f4,None,None,7,785,27,[],None,None
EXPLOIT_VULN,10487.776263280393,10504.055320822245,16.279057541851216,33,efa10b4d-cbc9-4916-9ba8-a161ec9dd0f4,None,None,7,786,27,[],None,None
EXPLOIT_VULN,10504.055320822245,10511.291709384175,7.236388561930653,33,efa10b4d-cbc9-4916-9ba8-a161ec9dd0f4,None,None,7,787,27,[],None,None
EXPLOIT_VULN,10511.291709384175,10516.68710600491,5.395396620735482,33,efa10b4d-cbc9-4916-9ba8-a161ec9dd0f4,None,None,7,788,27,[],None,None
EXPLOIT_VULN,10516.68710600491,10521.3346806473,4.6475746423893725,33,efa10b4d-cbc9-4916-9ba8-a161ec9dd0f4,None,None,7,789,27,[],network,IPShuffle
SCAN_HOST,10541.53227084937,10546.53227084937,5.0,-1,-1,None,None,0,789,27,[],None,None
ENUM_HOST,10546.53227084937,10551.53227084937,5.0,-1,-1,None,None,0,789,27,[],None,None
SCAN_PORT,10551.53227084937,10576.53227084937,25.0,43,a6e88081-5149-469e-9853-869579ea282e,None,None,4,789,27,[],None,None
EXPLOIT_VULN,10576.53227084937,10576.53227084937,0.0,43,a6e88081-5149-469e-9853-869579ea282e,None,None,4,789,27,[],None,None
BRUTE_FORCE,10576.53227084937,10596.53227084937,20.0,43,a6e88081-5149-469e-9853-869579ea282e,None,None,4,789,27,[],None,None
ENUM_HOST,10596.53227084937,10601.53227084937,5.0,43,a6e88081-5149-469e-9853-869579ea282e,None,None,4,789,27,[],None,None
SCAN_PORT,10601.53227084937,10626.53227084937,25.0,23,c5673048-8ad5-4ca7-a52b-c9049959d9ef,None,None,2,789,27,[],None,None
EXPLOIT_VULN,10626.53227084937,10629.93736960961,3.405098760240435,23,c5673048-8ad5-4ca7-a52b-c9049959d9ef,None,None,2,789,27,[],None,None
EXPLOIT_VULN,10629.93736960961,10633.784410621513,3.8470410119025473,23,c5673048-8ad5-4ca7-a52b-c9049959d9ef,None,None,2,790,27,[],None,None
EXPLOIT_VULN,10633.784410621513,10640.681919851382,6.897509229869684,23,c5673048-8ad5-4ca7-a52b-c9049959d9ef,None,None,2,791,27,[],None,None
EXPLOIT_VULN,10640.681919851382,10648.34032946645,7.658409615067285,23,c5673048-8ad5-4ca7-a52b-c9049959d9ef,None,None,2,792,27,[],None,None
EXPLOIT_VULN,10648.34032946645,10663.600424270166,15.260094803716129,23,c5673048-8ad5-4ca7-a52b-c9049959d9ef,None,None,2,793,27,[],None,None
EXPLOIT_VULN,10663.600424270166,10666.503843187946,2.9034189177800727,23,c5673048-8ad5-4ca7-a52b-c9049959d9ef,None,None,2,794,27,[],None,None
EXPLOIT_VULN,10666.503843187946,10673.968386381015,7.464543193069403,23,c5673048-8ad5-4ca7-a52b-c9049959d9ef,None,None,2,795,27,[],None,None
EXPLOIT_VULN,10673.968386381015,10692.285902745549,18.31751636453373,23,c5673048-8ad5-4ca7-a52b-c9049959d9ef,None,None,2,796,27,[],None,None
BRUTE_FORCE,10692.285902745549,10712.285902745549,20.0,23,c5673048-8ad5-4ca7-a52b-c9049959d9ef,None,None,2,797,27,[],None,None
ENUM_HOST,10712.285902745549,10717.285902745549,5.0,23,c5673048-8ad5-4ca7-a52b-c9049959d9ef,None,None,2,797,27,[],None,None
SCAN_PORT,10717.285902745549,10721.771673197152,4.485770451603457,29,4ddaa79c-959b-4271-a344-b83a2fd65dd7,None,None,3,797,27,[],network,IPShuffle
SCAN_HOST,10741.840483063976,10746.840483063976,5.0,-1,-1,None,None,0,797,27,[],None,None
ENUM_HOST,10746.840483063976,10751.840483063976,5.0,-1,-1,None,None,0,797,27,[],None,None
SCAN_PORT,10751.840483063976,10776.840483063976,25.0,23,c5673048-8ad5-4ca7-a52b-c9049959d9ef,None,None,3,797,27,[],None,None
EXPLOIT_VULN,10776.840483063976,10784.334294562705,7.493811498728974,23,c5673048-8ad5-4ca7-a52b-c9049959d9ef,None,None,3,797,27,[],None,None
BRUTE_FORCE,10784.334294562705,10804.334294562705,20.0,23,c5673048-8ad5-4ca7-a52b-c9049959d9ef,None,None,3,798,27,[],None,None
ENUM_HOST,10804.334294562705,10809.334294562705,5.0,23,c5673048-8ad5-4ca7-a52b-c9049959d9ef,None,None,3,798,27,[],None,None
SCAN_PORT,10809.334294562705,10834.334294562705,25.0,43,a6e88081-5149-469e-9853-869579ea282e,None,None,5,798,27,[],None,None
EXPLOIT_VULN,10834.334294562705,10834.334294562705,0.0,43,a6e88081-5149-469e-9853-869579ea282e,None,None,5,798,27,[],None,None
BRUTE_FORCE,10834.334294562705,10854.334294562705,20.0,43,a6e88081-5149-469e-9853-869579ea282e,None,None,5,798,27,[],None,None
ENUM_HOST,10854.334294562705,10859.334294562705,5.0,43,a6e88081-5149-469e-9853-869579ea282e,None,None,5,798,27,[],None,None
SCAN_PORT,10859.334294562705,10884.334294562705,25.0,29,4ddaa79c-959b-4271-a344-b83a2fd65dd7,None,None,4,798,27,[],None,None
EXPLOIT_VULN,10884.334294562705,10885.549156861425,1.2148622987206181,29,4ddaa79c-959b-4271-a344-b83a2fd65dd7,None,None,4,798,27,[],None,None
EXPLOIT_VULN,10885.549156861425,10886.213183405305,0.664026543880027,29,4ddaa79c-959b-4271-a344-b83a2fd65dd7,None,None,4,799,27,[],None,None
EXPLOIT_VULN,10886.213183405305,10887.745246467866,1.5320630625610647,29,4ddaa79c-959b-4271-a344-b83a2fd65dd7,None,None,4,800,27,[],None,None
EXPLOIT_VULN,10887.745246467866,10890.35175180289,2.60650533502303,29,4ddaa79c-959b-4271-a344-b83a2fd65dd7,None,None,4,801,27,[],None,None
EXPLOIT_VULN,10890.35175180289,10892.454097874283,2.1023460713931854,29,4ddaa79c-959b-4271-a344-b83a2fd65dd7,None,None,4,802,27,[],None,None
EXPLOIT_VULN,10892.454097874283,10894.612567803855,2.158469929572675,29,4ddaa79c-959b-4271-a344-b83a2fd65dd7,None,None,4,803,27,[],None,None
EXPLOIT_VULN,10894.612567803855,10898.902583771567,4.290015967711952,29,4ddaa79c-959b-4271-a344-b83a2fd65dd7,None,None,4,804,27,[],None,None
EXPLOIT_VULN,10898.902583771567,10901.968159597947,3.0655758263801545,29,4ddaa79c-959b-4271-a344-b83a2fd65dd7,None,None,4,805,27,[],None,None
EXPLOIT_VULN,10901.968159597947,10906.118454064539,4.150294466591731,29,4ddaa79c-959b-4271-a344-b83a2fd65dd7,None,None,4,806,27,[],None,None
EXPLOIT_VULN,10906.118454064539,10910.136270614525,4.017816549985582,29,4ddaa79c-959b-4271-a344-b83a2fd65dd7,None,None,4,807,27,[],None,None
EXPLOIT_VULN,10910.136270614525,10912.077146831156,1.9408762166312954,29,4ddaa79c-959b-4271-a344-b83a2fd65dd7,None,None,4,808,27,[],None,None
EXPLOIT_VULN,10912.077146831156,10919.558132165854,7.480985334697834,29,4ddaa79c-959b-4271-a344-b83a2fd65dd7,None,None,4,809,27,[],None,None
EXPLOIT_VULN,10919.558132165854,10920.057655707618,0.4995235417645745,29,4ddaa79c-959b-4271-a344-b83a2fd65dd7,None,None,4,810,27,[],network,IPShuffle
SCAN_HOST,10940.684880535262,10945.684880535262,5.0,-1,-1,None,None,0,810,27,[],None,None
ENUM_HOST,10945.684880535262,10950.684880535262,5.0,-1,-1,None,None,0,810,27,[],None,None
SCAN_PORT,10950.684880535262,10975.684880535262,25.0,43,a6e88081-5149-469e-9853-869579ea282e,None,None,6,810,27,[],None,None
EXPLOIT_VULN,10975.684880535262,10975.684880535262,0.0,43,a6e88081-5149-469e-9853-869579ea282e,None,None,6,810,27,[],None,None
BRUTE_FORCE,10975.684880535262,10995.684880535262,20.0,43,a6e88081-5149-469e-9853-869579ea282e,None,None,6,810,27,[],None,None
ENUM_HOST,10995.684880535262,11000.684880535262,5.0,43,a6e88081-5149-469e-9853-869579ea282e,None,None,6,810,27,[],None,None
SCAN_PORT,11000.684880535262,11025.684880535262,25.0,23,c5673048-8ad5-4ca7-a52b-c9049959d9ef,None,None,4,810,27,[],None,None
EXPLOIT_VULN,11025.684880535262,11032.885165695587,7.200285160324711,23,c5673048-8ad5-4ca7-a52b-c9049959d9ef,None,None,4,810,27,[],None,None
BRUTE_FORCE,11032.885165695587,11052.885165695587,20.0,23,c5673048-8ad5-4ca7-a52b-c9049959d9ef,None,None,4,811,27,[],None,None
ENUM_HOST,11052.885165695587,11057.885165695587,5.0,23,c5673048-8ad5-4ca7-a52b-c9049959d9ef,None,None,4,811,27,[],None,None
SCAN_PORT,11057.885165695587,11082.885165695587,25.0,29,4ddaa79c-959b-4271-a344-b83a2fd65dd7,None,None,5,811,27,[],None,None
EXPLOIT_VULN,11082.885165695587,11090.934336148352,8.049170452764884,29,4ddaa79c-959b-4271-a344-b83a2fd65dd7,None,None,5,811,27,[],None,None
EXPLOIT_VULN,11090.934336148352,11092.236452411411,1.3021162630593608,29,4ddaa79c-959b-4271-a344-b83a2fd65dd7,None,None,5,812,27,[],None,None
EXPLOIT_VULN,11092.236452411411,11101.550358503786,9.313906092374964,29,4ddaa79c-959b-4271-a344-b83a2fd65dd7,None,None,5,813,27,[],None,None
EXPLOIT_VULN,11101.550358503786,11106.845726843894,5.295368340108325,29,4ddaa79c-959b-4271-a344-b83a2fd65dd7,None,None,5,814,27,[],None,None
EXPLOIT_VULN,11106.845726843894,11112.165240209726,5.319513365831881,29,4ddaa79c-959b-4271-a344-b83a2fd65dd7,None,None,5,815,27,[],None,None
EXPLOIT_VULN,11112.165240209726,11116.747074312867,4.581834103140864,29,4ddaa79c-959b-4271-a344-b83a2fd65dd7,None,None,5,816,27,[],None,None
EXPLOIT_VULN,11116.747074312867,11120.325562660742,3.5784883478754637,29,4ddaa79c-959b-4271-a344-b83a2fd65dd7,None,None,5,817,27,[],network,IPShuffle
SCAN_HOST,11140.337215784737,11145.337215784737,5.0,-1,-1,None,None,0,817,27,[],None,None
ENUM_HOST,11145.337215784737,11150.337215784737,5.0,-1,-1,None,None,0,817,27,[],None,None
SCAN_PORT,11150.337215784737,11175.337215784737,25.0,33,efa10b4d-cbc9-4916-9ba8-a161ec9dd0f4,None,None,8,817,27,[],None,None
EXPLOIT_VULN,11175.337215784737,11184.073552265492,8.736336480755199,33,efa10b4d-cbc9-4916-9ba8-a161ec9dd0f4,None,None,8,817,27,[],None,None
EXPLOIT_VULN,11184.073552265492,11206.13586575086,22.062313485368577,33,efa10b4d-cbc9-4916-9ba8-a161ec9dd0f4,None,None,8,818,27,[],None,None
EXPLOIT_VULN,11206.13586575086,11225.868020212765,19.73215446190443,33,efa10b4d-cbc9-4916-9ba8-a161ec9dd0f4,None,None,8,819,27,[],None,None
EXPLOIT_VULN,11225.868020212765,11232.0750844994,6.207064286634704,33,efa10b4d-cbc9-4916-9ba8-a161ec9dd0f4,None,None,8,820,27,[],None,None
EXPLOIT_VULN,11232.0750844994,11241.690065669341,9.61498116994153,33,efa10b4d-cbc9-4916-9ba8-a161ec9dd0f4,None,None,8,821,27,[],None,None
EXPLOIT_VULN,11241.690065669341,11247.678585033325,5.988519363983869,33,efa10b4d-cbc9-4916-9ba8-a161ec9dd0f4,None,None,8,822,27,[],None,None
EXPLOIT_VULN,11247.678585033325,11254.145210282943,6.466625249617209,33,efa10b4d-cbc9-4916-9ba8-a161ec9dd0f4,None,None,8,823,27,[],None,None
EXPLOIT_VULN,11254.145210282943,11261.117462214484,6.972251931541905,33,efa10b4d-cbc9-4916-9ba8-a161ec9dd0f4,None,None,8,824,27,[],None,None
EXPLOIT_VULN,11261.117462214484,11268.861071384252,7.743609169767296,33,efa10b4d-cbc9-4916-9ba8-a161ec9dd0f4,None,None,8,825,27,[],None,None
EXPLOIT_VULN,11268.861071384252,11276.135358316626,7.274286932373798,33,efa10b4d-cbc9-4916-9ba8-a161ec9dd0f4,None,None,8,826,27,[],None,None
EXPLOIT_VULN,11276.135358316626,11298.283128260528,22.14776994390195,33,efa10b4d-cbc9-4916-9ba8-a161ec9dd0f4,None,None,8,827,27,[],None,None
EXPLOIT_VULN,11298.283128260528,11306.669027582784,8.385899322256591,33,efa10b4d-cbc9-4916-9ba8-a161ec9dd0f4,None,None,8,828,27,[],None,None
EXPLOIT_VULN,11306.669027582784,11314.68675395204,8.017726369256707,33,efa10b4d-cbc9-4916-9ba8-a161ec9dd0f4,None,None,8,829,27,[],None,None
EXPLOIT_VULN,11314.68675395204,11320.452857325026,5.766103372985526,33,efa10b4d-cbc9-4916-9ba8-a161ec9dd0f4,None,None,8,830,27,[],network,IPShuffle
SCAN_HOST,11340.484414217746,11345.484414217746,5.0,-1,-1,None,None,0,830,27,[],None,None
ENUM_HOST,11345.484414217746,11350.484414217746,5.0,-1,-1,None,None,0,830,27,[],None,None
SCAN_PORT,11350.484414217746,11375.484414217746,25.0,29,4ddaa79c-959b-4271-a344-b83a2fd65dd7,None,None,6,830,27,[],None,None
EXPLOIT_VULN,11375.484414217746,11384.885447575753,9.401033358006316,29,4ddaa79c-959b-4271-a344-b83a2fd65dd7,None,None,6,830,27,[],None,None
EXPLOIT_VULN,11384.885447575753,11389.743903091543,4.858455515790411,29,4ddaa79c-959b-4271-a344-b83a2fd65dd7,None,None,6,831,27,[],None,None
EXPLOIT_VULN,11389.743903091543,11396.020858713522,6.276955621979141,29,4ddaa79c-959b-4271-a344-b83a2fd65dd7,None,None,6,832,27,[],None,None
EXPLOIT_VULN,11396.020858713522,11402.123435409692,6.1025766961702175,29,4ddaa79c-959b-4271-a344-b83a2fd65dd7,None,None,6,833,27,[],None,None
EXPLOIT_VULN,11402.123435409692,11410.791140709884,8.667705300191301,29,4ddaa79c-959b-4271-a344-b83a2fd65dd7,None,None,6,834,27,[],None,None
EXPLOIT_VULN,11410.791140709884,11413.93041636442,3.139275654535595,29,4ddaa79c-959b-4271-a344-b83a2fd65dd7,None,None,6,835,27,[],None,None
EXPLOIT_VULN,11413.93041636442,11428.940194758123,15.009778393703527,29,4ddaa79c-959b-4271-a344-b83a2fd65dd7,None,None,6,836,27,[],None,None
EXPLOIT_VULN,11428.940194758123,11444.833969688829,15.893774930706059,29,4ddaa79c-959b-4271-a344-b83a2fd65dd7,None,None,6,837,27,[],None,None
EXPLOIT_VULN,11444.833969688829,11451.716599903604,6.882630214775418,29,4ddaa79c-959b-4271-a344-b83a2fd65dd7,None,None,6,838,27,[],None,None
EXPLOIT_VULN,11451.716599903604,11456.81971597801,5.103116074405989,29,4ddaa79c-959b-4271-a344-b83a2fd65dd7,None,None,6,839,27,[],None,None
EXPLOIT_VULN,11456.81971597801,11461.026428040474,4.206712062463339,29,4ddaa79c-959b-4271-a344-b83a2fd65dd7,None,None,6,840,27,[],None,None
EXPLOIT_VULN,11461.026428040474,11462.2784560241,1.252027983626249,29,4ddaa79c-959b-4271-a344-b83a2fd65dd7,None,None,6,841,27,[],None,None
EXPLOIT_VULN,11462.2784560241,11473.511141091762,11.232685067661805,29,4ddaa79c-959b-4271-a344-b83a2fd65dd7,None,None,6,842,27,[],None,None
EXPLOIT_VULN,11473.511141091762,11474.375465475861,0.8643243840997457,29,4ddaa79c-959b-4271-a344-b83a2fd65dd7,None,None,6,843,27,[],None,None
EXPLOIT_VULN,11474.375465475861,11478.017846830167,3.6423813543060533,29,4ddaa79c-959b-4271-a344-b83a2fd65dd7,None,None,6,844,27,[],None,None
EXPLOIT_VULN,11478.017846830167,11495.023716979715,17.005870149547263,29,4ddaa79c-959b-4271-a344-b83a2fd65dd7,None,None,6,845,27,[],None,None
EXPLOIT_VULN,11495.023716979715,11506.573571205081,11.549854225366289,29,4ddaa79c-959b-4271-a344-b83a2fd65dd7,None,None,6,846,27,[],None,None
EXPLOIT_VULN,11506.573571205081,11513.660321316464,7.086750111382571,29,4ddaa79c-959b-4271-a344-b83a2fd65dd7,None,None,6,847,27,[],None,None
EXPLOIT_VULN,11513.660321316464,11521.28823033081,7.627909014347097,29,4ddaa79c-959b-4271-a344-b83a2fd65dd7,None,None,6,848,27,[],network,IPShuffle
SCAN_HOST,11541.588307518678,11546.588307518678,5.0,-1,-1,None,None,0,848,27,[],None,None
ENUM_HOST,11546.588307518678,11551.588307518678,5.0,-1,-1,None,None,0,848,27,[],None,None
SCAN_PORT,11551.588307518678,11576.588307518678,25.0,29,4ddaa79c-959b-4271-a344-b83a2fd65dd7,None,None,7,848,27,[],None,None
EXPLOIT_VULN,11576.588307518678,11583.04257690007,6.454269381392805,29,4ddaa79c-959b-4271-a344-b83a2fd65dd7,None,None,7,848,27,[],None,None
EXPLOIT_VULN,11583.04257690007,11592.223865995084,9.181289095013199,29,4ddaa79c-959b-4271-a344-b83a2fd65dd7,None,None,7,849,27,[],None,None
EXPLOIT_VULN,11592.223865995084,11603.280145937944,11.056279942860783,29,4ddaa79c-959b-4271-a344-b83a2fd65dd7,None,None,7,850,27,[],None,None
EXPLOIT_VULN,11603.280145937944,11610.49667502304,7.216529085095317,29,4ddaa79c-959b-4271-a344-b83a2fd65dd7,None,None,7,851,27,[],None,None
EXPLOIT_VULN,11610.49667502304,11614.099105699834,3.602430676794029,29,4ddaa79c-959b-4271-a344-b83a2fd65dd7,None,None,7,852,27,[],None,None
EXPLOIT_VULN,11614.099105699834,11628.42276928788,14.323663588045747,29,4ddaa79c-959b-4271-a344-b83a2fd65dd7,None,None,7,853,27,[],None,None
EXPLOIT_VULN,11628.42276928788,11642.767231798478,14.344462510598532,29,4ddaa79c-959b-4271-a344-b83a2fd65dd7,None,None,7,854,27,[],None,None
EXPLOIT_VULN,11642.767231798478,11654.464104043813,11.696872245334816,29,4ddaa79c-959b-4271-a344-b83a2fd65dd7,None,None,7,855,27,[],None,None
EXPLOIT_VULN,11654.464104043813,11661.973031623114,7.508927579301599,29,4ddaa79c-959b-4271-a344-b83a2fd65dd7,None,None,7,856,27,[],None,None
EXPLOIT_VULN,11661.973031623114,11670.43233542395,8.459303800835187,29,4ddaa79c-959b-4271-a344-b83a2fd65dd7,None,None,7,857,27,[],None,None
EXPLOIT_VULN,11670.43233542395,11676.402414652557,5.970079228607574,29,4ddaa79c-959b-4271-a344-b83a2fd65dd7,None,None,7,858,27,[],None,None
EXPLOIT_VULN,11676.402414652557,11685.342861590487,8.940446937929664,29,4ddaa79c-959b-4271-a344-b83a2fd65dd7,None,None,7,859,27,[],None,None
EXPLOIT_VULN,11685.342861590487,11694.448841334714,9.105979744226715,29,4ddaa79c-959b-4271-a344-b83a2fd65dd7,None,None,7,860,27,[],None,None
EXPLOIT_VULN,11694.448841334714,11701.44044510772,6.991603773007228,29,4ddaa79c-959b-4271-a344-b83a2fd65dd7,None,None,7,861,27,[],None,None
EXPLOIT_VULN,11701.44044510772,11708.843745760732,7.403300653011684,29,4ddaa79c-959b-4271-a344-b83a2fd65dd7,None,None,7,862,27,[],None,None
EXPLOIT_VULN,11708.843745760732,11715.181746548384,6.338000787651254,29,4ddaa79c-959b-4271-a344-b83a2fd65dd7,None,None,7,863,27,[],None,None
EXPLOIT_VULN,11715.181746548384,11722.012914837258,6.8311682888743235,29,4ddaa79c-959b-4271-a344-b83a2fd65dd7,None,None,7,864,27,[],network,IPShuffle
SCAN_HOST,11742.385416034214,11747.385416034214,5.0,-1,-1,None,None,0,864,27,[],None,None
ENUM_HOST,11747.385416034214,11752.385416034214,5.0,-1,-1,None,None,0,864,27,[],None,None
SCAN_PORT,11752.385416034214,11777.385416034214,25.0,23,c5673048-8ad5-4ca7-a52b-c9049959d9ef,None,None,5,864,27,[],None,None
EXPLOIT_VULN,11777.385416034214,11777.385416034214,0.0,23,c5673048-8ad5-4ca7-a52b-c9049959d9ef,None,None,5,864,27,[],None,None
BRUTE_FORCE,11777.385416034214,11797.385416034214,20.0,23,c5673048-8ad5-4ca7-a52b-c9049959d9ef,None,None,5,864,27,[],None,None
ENUM_HOST,11797.385416034214,11802.385416034214,5.0,23,c5673048-8ad5-4ca7-a52b-c9049959d9ef,None,None,5,864,27,[],None,None
SCAN_PORT,11802.385416034214,11827.385416034214,25.0,43,a6e88081-5149-469e-9853-869579ea282e,None,None,7,864,27,[],None,None
EXPLOIT_VULN,11827.385416034214,11827.385416034214,0.0,43,a6e88081-5149-469e-9853-869579ea282e,None,None,7,864,27,[],None,None
BRUTE_FORCE,11827.385416034214,11847.385416034214,20.0,43,a6e88081-5149-469e-9853-869579ea282e,None,None,7,864,27,[],None,None
ENUM_HOST,11847.385416034214,11852.385416034214,5.0,43,a6e88081-5149-469e-9853-869579ea282e,None,None,7,864,27,[],None,None
SCAN_PORT,11852.385416034214,11877.385416034214,25.0,29,4ddaa79c-959b-4271-a344-b83a2fd65dd7,None,None,8,864,27,[],None,None
EXPLOIT_VULN,11877.385416034214,11885.785485126222,8.40006909200747,29,4ddaa79c-959b-4271-a344-b83a2fd65dd7,None,None,8,864,27,[],None,None
EXPLOIT_VULN,11885.785485126222,11893.706068832511,7.920583706289108,29,4ddaa79c-959b-4271-a344-b83a2fd65dd7,None,None,8,865,27,[],None,None
EXPLOIT_VULN,11893.706068832511,11897.888440288165,4.182371455653993,29,4ddaa79c-959b-4271-a344-b83a2fd65dd7,None,None,8,866,27,[],None,None
EXPLOIT_VULN,11897.888440288165,11912.044711509685,14.15627122152,29,4ddaa79c-959b-4271-a344-b83a2fd65dd7,None,None,8,867,27,[],None,None
EXPLOIT_VULN,11912.044711509685,11920.005417974733,7.960706465048133,29,4ddaa79c-959b-4271-a344-b83a2fd65dd7,None,None,8,868,27,[],None,None
EXPLOIT_VULN,11920.005417974733,11922.884586694243,2.8791687195098348,29,4ddaa79c-959b-4271-a344-b83a2fd65dd7,None,None,8,869,27,[],network,IPShuffle
SCAN_HOST,11943.201862736541,11948.201862736541,5.0,-1,-1,None,None,0,869,27,[],None,None
ENUM_HOST,11948.201862736541,11953.201862736541,5.0,-1,-1,None,None,0,869,27,[],None,None
SCAN_PORT,11953.201862736541,11978.201862736541,25.0,29,4ddaa79c-959b-4271-a344-b83a2fd65dd7,None,None,9,869,27,[],None,None
EXPLOIT_VULN,11978.201862736541,11985.692885510887,7.491022774345765,29,4ddaa79c-959b-4271-a344-b83a2fd65dd7,None,None,9,869,27,[],None,None
EXPLOIT_VULN,11985.692885510887,11994.100600992282,8.407715481394916,29,4ddaa79c-959b-4271-a344-b83a2fd65dd7,None,None,9,870,27,[],None,None
EXPLOIT_VULN,11994.100600992282,12000.244959126156,6.1443581338735385,29,4ddaa79c-959b-4271-a344-b83a2fd65dd7,None,None,9,871,27,[],None,None
EXPLOIT_VULN,12000.244959126156,12009.30424059059,9.059281464435117,29,4ddaa79c-959b-4271-a344-b83a2fd65dd7,None,None,9,872,27,[],None,None
EXPLOIT_VULN,12009.30424059059,12015.135939958924,5.83169936833292,29,4ddaa79c-959b-4271-a344-b83a2fd65dd7,None,None,9,873,27,[],None,None
EXPLOIT_VULN,12015.135939958924,12022.927694010272,7.791754051348107,29,4ddaa79c-959b-4271-a344-b83a2fd65dd7,None,None,9,874,27,[],None,None
EXPLOIT_VULN,12022.927694010272,12039.321577846084,16.39388383581172,29,4ddaa79c-959b-4271-a344-b83a2fd65dd7,None,None,9,875,27,[],None,None
EXPLOIT_VULN,12039.321577846084,12055.652866279255,16.33128843317172,29,4ddaa79c-959b-4271-a344-b83a2fd65dd7,None,None,9,876,27,[],None,None
EXPLOIT_VULN,12055.652866279255,12059.249413206304,3.596546927048621,29,4ddaa79c-959b-4271-a344-b83a2fd65dd7,None,None,9,877,27,[],None,None
EXPLOIT_VULN,12059.249413206304,12068.308483407774,9.059070201470604,29,4ddaa79c-959b-4271-a344-b83a2fd65dd7,None,None,9,878,27,[],None,None
EXPLOIT_VULN,12068.308483407774,12075.686876702859,7.3783932950846065,29,4ddaa79c-959b-4271-a344-b83a2fd65dd7,None,None,9,879,27,[],None,None
EXPLOIT_VULN,12075.686876702859,12097.120414909035,21.43353820617631,29,4ddaa79c-959b-4271-a344-b83a2fd65dd7,None,None,9,880,27,[],None,None
EXPLOIT_VULN,12097.120414909035,12102.450095911468,5.3296810024330625,29,4ddaa79c-959b-4271-a344-b83a2fd65dd7,None,None,9,881,27,[],None,None
EXPLOIT_VULN,12102.450095911468,12107.815184761388,5.36508884991963,29,4ddaa79c-959b-4271-a344-b83a2fd65dd7,None,None,9,882,27,[],None,None
EXPLOIT_VULN,12107.815184761388,12122.535454166373,14.72026940498472,29,4ddaa79c-959b-4271-a344-b83a2fd65dd7,None,None,9,883,27,[],network,IPShuffle
SCAN_HOST,12143.251503977906,12148.251503977906,5.0,-1,-1,None,None,0,883,27,[],None,None
ENUM_HOST,12148.251503977906,12153.251503977906,5.0,-1,-1,None,None,0,883,27,[],None,None
SCAN_PORT,12153.251503977906,12178.251503977906,25.0,29,4ddaa79c-959b-4271-a344-b83a2fd65dd7,None,None,10,883,27,[],None,None
EXPLOIT_VULN,12178.251503977906,12184.254416027194,6.002912049287261,29,4ddaa79c-959b-4271-a344-b83a2fd65dd7,None,None,10,883,27,[],None,None
EXPLOIT_VULN,12184.254416027194,12191.870472344106,7.616056316912363,29,4ddaa79c-959b-4271-a344-b83a2fd65dd7,None,None,10,884,27,[],None,None
EXPLOIT_VULN,12191.870472344106,12213.662374069963,21.791901725857315,29,4ddaa79c-959b-4271-a344-b83a2fd65dd7,None,None,10,885,27,[],None,None
EXPLOIT_VULN,12213.662374069963,12219.021272835871,5.358898765907725,29,4ddaa79c-959b-4271-a344-b83a2fd65dd7,None,None,10,886,27,[],None,None
EXPLOIT_VULN,12219.021272835871,12224.601017414614,5.579744578742975,29,4ddaa79c-959b-4271-a344-b83a2fd65dd7,None,None,10,887,27,[],None,None
EXPLOIT_VULN,12224.601017414614,12246.829302946118,22.228285531504298,29,4ddaa79c-959b-4271-a344-b83a2fd65dd7,None,None,10,888,27,[],None,None
EXPLOIT_VULN,12246.829302946118,12252.448045185232,5.618742239113999,29,4ddaa79c-959b-4271-a344-b83a2fd65dd7,None,None,10,889,27,[],None,None
EXPLOIT_VULN,12252.448045185232,12255.445558590021,2.9975134047890606,29,4ddaa79c-959b-4271-a344-b83a2fd65dd7,None,None,10,890,27,[],None,None
EXPLOIT_VULN,12255.445558590021,12257.870169377746,2.424610787724305,29,4ddaa79c-959b-4271-a344-b83a2fd65dd7,None,None,10,891,27,[],None,None
EXPLOIT_VULN,12257.870169377746,12263.585571275056,5.715401897310585,29,4ddaa79c-959b-4271-a344-b83a2fd65dd7,None,None,10,892,27,[],None,None
EXPLOIT_VULN,12263.585571275056,12281.05563849011,17.47006721505386,29,4ddaa79c-959b-4271-a344-b83a2fd65dd7,None,None,10,893,27,[],None,None
EXPLOIT_VULN,12281.05563849011,12288.415804049104,7.360165558993685,29,4ddaa79c-959b-4271-a344-b83a2fd65dd7,None,None,10,894,27,[],None,None
EXPLOIT_VULN,12288.415804049104,12292.357533907632,3.9417298585285607,29,4ddaa79c-959b-4271-a344-b83a2fd65dd7,None,None,10,895,27,[],None,None
EXPLOIT_VULN,12292.357533907632,12303.089413855025,10.731879947392372,29,4ddaa79c-959b-4271-a344-b83a2fd65dd7,None,None,10,896,27,[],None,None
EXPLOIT_VULN,12303.089413855025,12312.790306488041,9.700892633016338,29,4ddaa79c-959b-4271-a344-b83a2fd65dd7,None,None,10,897,27,[],None,None
EXPLOIT_VULN,12312.790306488041,12318.381940012507,5.591633524465578,29,4ddaa79c-959b-4271-a344-b83a2fd65dd7,None,None,10,898,27,[],None,None
EXPLOIT_VULN,12318.381940012507,12323.02058565102,4.638645638513481,29,4ddaa79c-959b-4271-a344-b83a2fd65dd7,None,None,10,899,27,[],network,IPShuffle
SCAN_HOST,12343.069136413294,12348.069136413294,5.0,-1,-1,None,None,0,899,27,[],None,None
ENUM_HOST,12348.069136413294,12353.069136413294,5.0,-1,-1,None,None,0,899,27,[],None,None
SCAN_PORT,12353.069136413294,12378.069136413294,25.0,43,a6e88081-5149-469e-9853-869579ea282e,None,None,8,899,27,[],None,None
EXPLOIT_VULN,12378.069136413294,12378.069136413294,0.0,43,a6e88081-5149-469e-9853-869579ea282e,None,None,8,899,27,[],None,None
BRUTE_FORCE,12378.069136413294,12398.069136413294,20.0,43,a6e88081-5149-469e-9853-869579ea282e,None,None,8,899,27,[],None,None
ENUM_HOST,12398.069136413294,12403.069136413294,5.0,43,a6e88081-5149-469e-9853-869579ea282e,None,None,8,899,27,[],None,None
SCAN_PORT,12403.069136413294,12428.069136413294,25.0,23,c5673048-8ad5-4ca7-a52b-c9049959d9ef,None,None,6,899,27,[],None,None
EXPLOIT_VULN,12428.069136413294,12428.069136413294,0.0,23,c5673048-8ad5-4ca7-a52b-c9049959d9ef,None,None,6,899,27,[],None,None
BRUTE_FORCE,12428.069136413294,12448.069136413294,20.0,23,c5673048-8ad5-4ca7-a52b-c9049959d9ef,None,None,6,899,27,[],None,None
ENUM_HOST,12448.069136413294,12453.069136413294,5.0,23,c5673048-8ad5-4ca7-a52b-c9049959d9ef,None,None,6,899,27,[],None,None
SCAN_PORT,12453.069136413294,12478.069136413294,25.0,44,2b0b8b60-420d-4fa2-ada4-12aefeba3eb5,44,2b0b8b60-420d-4fa2-ada4-12aefeba3eb5,1,899,27,[],None,None
SCAN_NEIGHBOR,12478.069136413294,12483.069136413294,5.0,44,2b0b8b60-420d-4fa2-ada4-12aefeba3eb5,None,None,1,899,28,[],None,None
ENUM_HOST,12483.069136413294,12488.069136413294,5.0,44,2b0b8b60-420d-4fa2-ada4-12aefeba3eb5,None,None,1,899,28,[],None,None
SCAN_PORT,12488.069136413294,12513.069136413294,25.0,48,2a75e0a1-447c-447c-a9e0-31ae9728d735,None,None,1,899,28,[],None,None
EXPLOIT_VULN,12513.069136413294,12513.814064753135,0.7449283398400439,48,2a75e0a1-447c-447c-a9e0-31ae9728d735,None,None,1,899,28,[],None,None
EXPLOIT_VULN,12513.814064753135,12514.406411046803,0.5923462936680153,48,2a75e0a1-447c-447c-a9e0-31ae9728d735,None,None,1,900,28,[],None,None
EXPLOIT_VULN,12514.406411046803,12514.965690957017,0.5592799102141726,48,2a75e0a1-447c-447c-a9e0-31ae9728d735,None,None,1,901,28,[],None,None
EXPLOIT_VULN,12514.965690957017,12520.235149587626,5.2694586306097335,48,2a75e0a1-447c-447c-a9e0-31ae9728d735,None,None,1,902,28,[],None,None
EXPLOIT_VULN,12520.235149587626,12523.218475492464,2.9833259048373293,48,2a75e0a1-447c-447c-a9e0-31ae9728d735,None,None,1,903,28,[],network,IPShuffle
SCAN_HOST,12544.032656922858,12549.032656922858,5.0,-1,-1,None,None,0,903,28,[],None,None
ENUM_HOST,12549.032656922858,12554.032656922858,5.0,-1,-1,None,None,0,903,28,[],None,None
SCAN_PORT,12554.032656922858,12579.032656922858,25.0,43,a6e88081-5149-469e-9853-869579ea282e,None,None,9,903,28,[],None,None
EXPLOIT_VULN,12579.032656922858,12579.032656922858,0.0,43,a6e88081-5149-469e-9853-869579ea282e,None,None,9,903,28,[],None,None
BRUTE_FORCE,12579.032656922858,12599.032656922858,20.0,43,a6e88081-5149-469e-9853-869579ea282e,None,None,9,903,28,[],None,None
ENUM_HOST,12599.032656922858,12604.032656922858,5.0,43,a6e88081-5149-469e-9853-869579ea282e,None,None,9,903,28,[],None,None
SCAN_PORT,12604.032656922858,12629.032656922858,25.0,48,2a75e0a1-447c-447c-a9e0-31ae9728d735,None,None,2,903,28,[],None,None
EXPLOIT_VULN,12629.032656922858,12631.617181911304,2.5845249884459918,48,2a75e0a1-447c-447c-a9e0-31ae9728d735,None,None,2,903,28,[],None,None
EXPLOIT_VULN,12631.617181911304,12633.764187847873,2.1470059365692578,48,2a75e0a1-447c-447c-a9e0-31ae9728d735,None,None,2,904,28,[],None,None
EXPLOIT_VULN,12633.764187847873,12635.174582649592,1.410394801718212,48,2a75e0a1-447c-447c-a9e0-31ae9728d735,None,None,2,905,28,[],None,None
EXPLOIT_VULN,12635.174582649592,12637.684943401715,2.5103607521232334,48,2a75e0a1-447c-447c-a9e0-31ae9728d735,None,None,2,906,28,[],None,None
EXPLOIT_VULN,12637.684943401715,12638.8184230604,1.1334796586852462,48,2a75e0a1-447c-447c-a9e0-31ae9728d735,None,None,2,907,28,[],None,None
EXPLOIT_VULN,12638.8184230604,12641.123244797784,2.304821737383463,48,2a75e0a1-447c-447c-a9e0-31ae9728d735,None,None,2,908,28,[],None,None
EXPLOIT_VULN,12641.123244797784,12643.33024412308,2.206999325297147,48,2a75e0a1-447c-447c-a9e0-31ae9728d735,None,None,2,909,28,[],None,None
EXPLOIT_VULN,12643.33024412308,12645.684226163876,2.3539820407950174,48,2a75e0a1-447c-447c-a9e0-31ae9728d735,None,None,2,910,28,[],None,None
EXPLOIT_VULN,12645.684226163876,12652.290420532512,6.606194368636352,48,2a75e0a1-447c-447c-a9e0-31ae9728d735,None,None,2,911,28,[],None,None
EXPLOIT_VULN,12652.290420532512,12655.26882718173,2.9784066492175043,48,2a75e0a1-447c-447c-a9e0-31ae9728d735,None,None,2,912,28,[],None,None
EXPLOIT_VULN,12655.26882718173,12656.071617531878,0.8027903501479159,48,2a75e0a1-447c-447c-a9e0-31ae9728d735,None,None,2,913,28,[],None,None
EXPLOIT_VULN,12656.071617531878,12659.409191616816,3.337574084938751,48,2a75e0a1-447c-447c-a9e0-31ae9728d735,None,None,2,914,28,[],None,None
EXPLOIT_VULN,12659.409191616816,12669.214408404856,9.805216788039615,48,2a75e0a1-447c-447c-a9e0-31ae9728d735,None,None,2,915,28,[],None,None
EXPLOIT_VULN,12669.214408404856,12673.58902865668,4.374620251823217,48,2a75e0a1-447c-447c-a9e0-31ae9728d735,None,None,2,916,28,[],None,None
EXPLOIT_VULN,12673.58902865668,12675.901003125451,2.3119744687719503,48,2a75e0a1-447c-447c-a9e0-31ae9728d735,None,None,2,917,28,[],None,None
EXPLOIT_VULN,12675.901003125451,12678.084516349973,2.183513224521448,48,2a75e0a1-447c-447c-a9e0-31ae9728d735,None,None,2,918,28,[],None,None
EXPLOIT_VULN,12678.084516349973,12681.903934102744,3.8194177527711872,48,2a75e0a1-447c-447c-a9e0-31ae9728d735,None,None,2,919,28,[],None,None
EXPLOIT_VULN,12681.903934102744,12685.037584474865,3.1336503721213376,48,2a75e0a1-447c-447c-a9e0-31ae9728d735,None,None,2,920,28,[],None,None
EXPLOIT_VULN,12685.037584474865,12690.502793160073,5.465208685207472,48,2a75e0a1-447c-447c-a9e0-31ae9728d735,None,None,2,921,28,[],None,None
EXPLOIT_VULN,12690.502793160073,12701.120847313345,10.618054153272169,48,2a75e0a1-447c-447c-a9e0-31ae9728d735,None,None,2,922,28,[],None,None
EXPLOIT_VULN,12701.120847313345,12706.004308872676,4.883461559331408,48,2a75e0a1-447c-447c-a9e0-31ae9728d735,None,None,2,923,28,[],None,None
EXPLOIT_VULN,12706.004308872676,12711.780852625183,5.776543752506768,48,2a75e0a1-447c-447c-a9e0-31ae9728d735,None,None,2,924,28,[],None,None
EXPLOIT_VULN,12711.780852625183,12722.769360200364,10.988507575180847,48,2a75e0a1-447c-447c-a9e0-31ae9728d735,None,None,2,925,28,[],None,None
EXPLOIT_VULN,12722.769360200364,12723.597306851854,0.8279466514904925,48,2a75e0a1-447c-447c-a9e0-31ae9728d735,None,None,2,926,28,[],network,IPShuffle
SCAN_HOST,12743.771690985934,12748.771690985934,5.0,-1,-1,None,None,0,926,28,[],None,None
ENUM_HOST,12748.771690985934,12753.771690985934,5.0,-1,-1,None,None,0,926,28,[],None,None
SCAN_PORT,12753.771690985934,12778.771690985934,25.0,43,a6e88081-5149-469e-9853-869579ea282e,None,None,10,926,28,[],None,None
EXPLOIT_VULN,12778.771690985934,12778.771690985934,0.0,43,a6e88081-5149-469e-9853-869579ea282e,None,None,10,926,28,[],None,None
BRUTE_FORCE,12778.771690985934,12798.771690985934,20.0,43,a6e88081-5149-469e-9853-869579ea282e,None,None,10,926,28,[],None,None
ENUM_HOST,12798.771690985934,12803.771690985934,5.0,43,a6e88081-5149-469e-9853-869579ea282e,None,None,10,926,28,[],None,None
SCAN_PORT,12803.771690985934,12828.771690985934,25.0,48,2a75e0a1-447c-447c-a9e0-31ae9728d735,None,None,3,926,28,[],None,None
EXPLOIT_VULN,12828.771690985934,12830.641938374876,1.8702473889425164,48,2a75e0a1-447c-447c-a9e0-31ae9728d735,None,None,3,926,28,[],None,None
EXPLOIT_VULN,12830.641938374876,12833.754501215846,3.1125628409699857,48,2a75e0a1-447c-447c-a9e0-31ae9728d735,None,None,3,927,28,[],None,None
EXPLOIT_VULN,12833.754501215846,12837.074246781052,3.3197455652061763,48,2a75e0a1-447c-447c-a9e0-31ae9728d735,None,None,3,928,28,[],None,None
EXPLOIT_VULN,12837.074246781052,12842.261974026118,5.187727245065616,48,2a75e0a1-447c-447c-a9e0-31ae9728d735,None,None,3,929,28,[],None,None
EXPLOIT_VULN,12842.261974026118,12847.710085865872,5.448111839754347,48,2a75e0a1-447c-447c-a9e0-31ae9728d735,None,None,3,930,28,[],None,None
EXPLOIT_VULN,12847.710085865872,12858.883489426205,11.1734035603331,48,2a75e0a1-447c-447c-a9e0-31ae9728d735,None,None,3,931,28,[],None,None
EXPLOIT_VULN,12858.883489426205,12866.597891561683,7.71440213547794,48,2a75e0a1-447c-447c-a9e0-31ae9728d735,None,None,3,932,28,[],None,None
EXPLOIT_VULN,12866.597891561683,12871.37693821739,4.779046655707134,48,2a75e0a1-447c-447c-a9e0-31ae9728d735,None,None,3,933,28,[],None,None
EXPLOIT_VULN,12871.37693821739,12877.30959494886,5.932656731469251,48,2a75e0a1-447c-447c-a9e0-31ae9728d735,None,None,3,934,28,[],None,None
EXPLOIT_VULN,12877.30959494886,12883.331402535054,6.021807586193972,48,2a75e0a1-447c-447c-a9e0-31ae9728d735,None,None,3,935,28,[],None,None
EXPLOIT_VULN,12883.331402535054,12886.682110653637,3.3507081185834977,48,2a75e0a1-447c-447c-a9e0-31ae9728d735,None,None,3,936,28,[],None,None
EXPLOIT_VULN,12886.682110653637,12891.964778278707,5.282667625069735,48,2a75e0a1-447c-447c-a9e0-31ae9728d735,None,None,3,937,28,[],None,None
EXPLOIT_VULN,12891.964778278707,12898.052311005857,6.087532727149664,48,2a75e0a1-447c-447c-a9e0-31ae9728d735,None,None,3,938,28,[],None,None
EXPLOIT_VULN,12898.052311005857,12900.374852648973,2.322541643115983,48,2a75e0a1-447c-447c-a9e0-31ae9728d735,None,None,3,939,28,[],None,None
EXPLOIT_VULN,12900.374852648973,12909.334207819904,8.959355170931303,48,2a75e0a1-447c-447c-a9e0-31ae9728d735,None,None,3,940,28,[],None,None
EXPLOIT_VULN,12909.334207819904,12914.16435520928,4.83014738937527,48,2a75e0a1-447c-447c-a9e0-31ae9728d735,None,None,3,941,28,[],None,None
EXPLOIT_VULN,12914.16435520928,12920.027064702068,5.862709492788781,48,2a75e0a1-447c-447c-a9e0-31ae9728d735,None,None,3,942,28,[],None,None
EXPLOIT_VULN,12920.027064702068,12923.869820487595,3.842755785526606,48,2a75e0a1-447c-447c-a9e0-31ae9728d735,None,None,3,943,28,[],network,IPShuffle
SCAN_HOST,12944.127802743908,12949.127802743908,5.0,-1,-1,None,None,0,943,28,[],None,None
ENUM_HOST,12949.127802743908,12954.127802743908,5.0,-1,-1,None,None,0,943,28,[],None,None
SCAN_PORT,12954.127802743908,12979.127802743908,25.0,23,c5673048-8ad5-4ca7-a52b-c9049959d9ef,None,None,7,943,28,[],None,None
EXPLOIT_VULN,12979.127802743908,12979.127802743908,0.0,23,c5673048-8ad5-4ca7-a52b-c9049959d9ef,None,None,7,943,28,[],None,None
BRUTE_FORCE,12979.127802743908,12999.127802743908,20.0,23,c5673048-8ad5-4ca7-a52b-c9049959d9ef,None,None,7,943,28,[],None,None
ENUM_HOST,12999.127802743908,13004.127802743908,5.0,23,c5673048-8ad5-4ca7-a52b-c9049959d9ef,None,None,7,943,28,[],None,None
SCAN_PORT,13004.127802743908,13029.127802743908,25.0,39,7709a421-d633-42c8-8912-7f13ca7ecf3b,None,None,2,943,28,[],None,None
EXPLOIT_VULN,13029.127802743908,13029.573002017923,0.4451992740159767,39,7709a421-d633-42c8-8912-7f13ca7ecf3b,None,None,2,943,28,[],None,None
EXPLOIT_VULN,13029.573002017923,13029.833954922984,0.2609529050605488,39,7709a421-d633-42c8-8912-7f13ca7ecf3b,None,None,2,944,28,[],None,None
EXPLOIT_VULN,13029.833954922984,13030.680762066111,0.84680714312708,39,7709a421-d633-42c8-8912-7f13ca7ecf3b,None,None,2,945,28,[],None,None
EXPLOIT_VULN,13030.680762066111,13031.862935288562,1.1821732224507286,39,7709a421-d633-42c8-8912-7f13ca7ecf3b,None,None,2,946,28,[],None,None
EXPLOIT_VULN,13031.862935288562,13033.19016368535,1.3272283967889962,39,7709a421-d633-42c8-8912-7f13ca7ecf3b,None,None,2,947,28,[],None,None
EXPLOIT_VULN,13033.19016368535,13038.290693813191,5.100530127840102,39,7709a421-d633-42c8-8912-7f13ca7ecf3b,None,None,2,948,28,[],None,None
EXPLOIT_VULN,13038.290693813191,13041.116505338778,2.825811525586687,39,7709a421-d633-42c8-8912-7f13ca7ecf3b,None,None,2,949,28,[],None,None
EXPLOIT_VULN,13041.116505338778,13047.819006108928,6.702500770150436,39,7709a421-d633-42c8-8912-7f13ca7ecf3b,None,None,2,950,28,[],None,None
EXPLOIT_VULN,13047.819006108928,13059.39493169373,11.575925584802462,39,7709a421-d633-42c8-8912-7f13ca7ecf3b,None,None,2,951,28,[],None,None
EXPLOIT_VULN,13059.39493169373,13067.588732876018,8.193801182287643,39,7709a421-d633-42c8-8912-7f13ca7ecf3b,None,None,2,952,28,[],None,None
EXPLOIT_VULN,13067.588732876018,13086.72505241976,19.136319543742502,39,7709a421-d633-42c8-8912-7f13ca7ecf3b,None,None,2,953,28,[],None,None
EXPLOIT_VULN,13086.72505241976,13088.965661068669,2.2406086489081645,39,7709a421-d633-42c8-8912-7f13ca7ecf3b,None,None,2,954,28,[],None,None
EXPLOIT_VULN,13088.965661068669,13096.15147094105,7.18580987238056,39,7709a421-d633-42c8-8912-7f13ca7ecf3b,None,None,2,955,28,[],None,None
EXPLOIT_VULN,13096.15147094105,13103.91123879792,7.759767856870894,39,7709a421-d633-42c8-8912-7f13ca7ecf3b,None,None,2,956,28,[],None,None
EXPLOIT_VULN,13103.91123879792,13121.172749795758,17.26151099783783,39,7709a421-d633-42c8-8912-7f13ca7ecf3b,None,None,2,957,28,[],None,None
EXPLOIT_VULN,13121.172749795758,13124.854444114788,3.6816943190297025,39,7709a421-d633-42c8-8912-7f13ca7ecf3b,None,None,2,958,28,[],network,IPShuffle
SCAN_HOST,13145.015052257084,13150.015052257084,5.0,-1,-1,None,None,0,958,28,[],None,None
ENUM_HOST,13150.015052257084,13155.015052257084,5.0,-1,-1,None,None,0,958,28,[],None,None
SCAN_PORT,13155.015052257084,13180.015052257084,25.0,33,efa10b4d-cbc9-4916-9ba8-a161ec9dd0f4,None,None,9,958,28,[],None,None
EXPLOIT_VULN,13180.015052257084,13201.523843338891,21.50879108180743,33,efa10b4d-cbc9-4916-9ba8-a161ec9dd0f4,None,None,9,958,28,[],None,None
EXPLOIT_VULN,13201.523843338891,13221.26169721777,19.737853878878013,33,efa10b4d-cbc9-4916-9ba8-a161ec9dd0f4,None,None,9,959,28,[],None,None
EXPLOIT_VULN,13221.26169721777,13228.213081432561,6.9513842147916876,33,efa10b4d-cbc9-4916-9ba8-a161ec9dd0f4,None,None,9,960,28,[],None,None
EXPLOIT_VULN,13228.213081432561,13236.594692069446,8.381610636884943,33,efa10b4d-cbc9-4916-9ba8-a161ec9dd0f4,None,None,9,961,28,[],None,None
EXPLOIT_VULN,13236.594692069446,13243.56513873251,6.970446663064649,33,efa10b4d-cbc9-4916-9ba8-a161ec9dd0f4,None,None,9,962,28,[],None,None
EXPLOIT_VULN,13243.56513873251,13251.94410333661,8.378964604098655,33,efa10b4d-cbc9-4916-9ba8-a161ec9dd0f4,None,None,9,963,28,[],None,None
EXPLOIT_VULN,13251.94410333661,13259.848057947764,7.903954611154404,33,efa10b4d-cbc9-4916-9ba8-a161ec9dd0f4,None,None,9,964,28,[],None,None
EXPLOIT_VULN,13259.848057947764,13272.712025545496,12.863967597731971,33,efa10b4d-cbc9-4916-9ba8-a161ec9dd0f4,None,None,9,965,28,[],None,None
EXPLOIT_VULN,13272.712025545496,13291.843576755107,19.131551209611644,33,efa10b4d-cbc9-4916-9ba8-a161ec9dd0f4,None,None,9,966,28,[],None,None
EXPLOIT_VULN,13291.843576755107,13297.11055257962,5.266975824511974,33,efa10b4d-cbc9-4916-9ba8-a161ec9dd0f4,33,efa10b4d-cbc9-4916-9ba8-a161ec9dd0f4,9,967,28,[],None,None
SCAN_NEIGHBOR,13297.11055257962,13302.11055257962,5.0,33,efa10b4d-cbc9-4916-9ba8-a161ec9dd0f4,None,None,9,968,29,[],None,None
ENUM_HOST,13302.11055257962,13307.11055257962,5.0,33,efa10b4d-cbc9-4916-9ba8-a161ec9dd0f4,None,None,9,968,29,[],None,None
ENUM_HOST,13307.11055257962,13312.11055257962,5.0,7,fd9364c5-6a05-4323-b555-46dd927e9bea,None,None,4,968,29,[],None,None
ENUM_HOST,13312.11055257962,13317.11055257962,5.0,12,59b42036-d1d0-4af9-9416-7937abf6b940,None,None,5,968,29,[],None,None
ENUM_HOST,13317.11055257962,13322.11055257962,5.0,24,e9bc77a2-2b34-4047-bde3-7181cf9dfd37,None,None,7,968,29,[],None,None
ENUM_HOST,13322.11055257962,13324.861738271873,2.7511856922537845,26,39be024e-1617-4936-85db-d192be03a098,None,None,2,968,29,[],network,IPShuffle
SCAN_HOST,13345.38850818659,13350.38850818659,5.0,-1,-1,None,None,0,968,29,[],None,None
ENUM_HOST,13350.38850818659,13355.38850818659,5.0,-1,-1,None,None,0,968,29,[],None,None
SCAN_PORT,13355.38850818659,13380.38850818659,25.0,23,c5673048-8ad5-4ca7-a52b-c9049959d9ef,None,None,8,968,29,[],None,None
EXPLOIT_VULN,13380.38850818659,13380.38850818659,0.0,23,c5673048-8ad5-4ca7-a52b-c9049959d9ef,None,None,8,968,29,[],None,None
BRUTE_FORCE,13380.38850818659,13400.38850818659,20.0,23,c5673048-8ad5-4ca7-a52b-c9049959d9ef,None,None,8,968,29,[],None,None
ENUM_HOST,13400.38850818659,13405.38850818659,5.0,23,c5673048-8ad5-4ca7-a52b-c9049959d9ef,None,None,8,968,29,[],None,None
SCAN_PORT,13405.38850818659,13430.38850818659,25.0,39,7709a421-d633-42c8-8912-7f13ca7ecf3b,None,None,3,968,29,[],None,None
EXPLOIT_VULN,13430.38850818659,13441.247814395654,10.859306209064016,39,7709a421-d633-42c8-8912-7f13ca7ecf3b,None,None,3,968,29,[],None,None
EXPLOIT_VULN,13441.247814395654,13444.751253869788,3.503439474134211,39,7709a421-d633-42c8-8912-7f13ca7ecf3b,None,None,3,969,29,[],None,None
EXPLOIT_VULN,13444.751253869788,13455.358318053404,10.607064183615876,39,7709a421-d633-42c8-8912-7f13ca7ecf3b,None,None,3,970,29,[],None,None
EXPLOIT_VULN,13455.358318053404,13463.84131916463,8.483001111226258,39,7709a421-d633-42c8-8912-7f13ca7ecf3b,None,None,3,971,29,[],None,None
EXPLOIT_VULN,13463.84131916463,13472.509592832796,8.668273668165057,39,7709a421-d633-42c8-8912-7f13ca7ecf3b,None,None,3,972,29,[],None,None
EXPLOIT_VULN,13472.509592832796,13494.579786671597,22.07019383880106,39,7709a421-d633-42c8-8912-7f13ca7ecf3b,None,None,3,973,29,[],None,None
EXPLOIT_VULN,13494.579786671597,13503.58983400704,9.010047335443232,39,7709a421-d633-42c8-8912-7f13ca7ecf3b,None,None,3,974,29,[],None,None
EXPLOIT_VULN,13503.58983400704,13524.233399607137,20.643565600097645,39,7709a421-d633-42c8-8912-7f13ca7ecf3b,None,None,3,975,29,[],None,None
EXPLOIT_VULN,13524.233399607137,13525.522729766572,1.28933015943403,39,7709a421-d633-42c8-8912-7f13ca7ecf3b,None,None,3,976,29,[],network,IPShuffle
SCAN_HOST,13545.52945261292,13550.52945261292,5.0,-1,-1,None,None,0,976,29,[],None,None
ENUM_HOST,13550.52945261292,13555.52945261292,5.0,-1,-1,None,None,0,976,29,[],None,None
SCAN_PORT,13555.52945261292,13580.52945261292,25.0,23,c5673048-8ad5-4ca7-a52b-c9049959d9ef,None,None,9,976,29,[],None,None
EXPLOIT_VULN,13580.52945261292,13580.52945261292,0.0,23,c5673048-8ad5-4ca7-a52b-c9049959d9ef,None,None,9,976,29,[],None,None
BRUTE_FORCE,13580.52945261292,13600.52945261292,20.0,23,c5673048-8ad5-4ca7-a52b-c9049959d9ef,None,None,9,976,29,[],None,None
ENUM_HOST,13600.52945261292,13605.52945261292,5.0,23,c5673048-8ad5-4ca7-a52b-c9049959d9ef,None,None,9,976,29,[],None,None
SCAN_PORT,13605.52945261292,13630.52945261292,25.0,39,7709a421-d633-42c8-8912-7f13ca7ecf3b,None,None,4,976,29,[],None,None
EXPLOIT_VULN,13630.52945261292,13641.49040410651,10.960951493589164,39,7709a421-d633-42c8-8912-7f13ca7ecf3b,None,None,4,976,29,[],None,None
EXPLOIT_VULN,13641.49040410651,13649.633323204775,8.142919098265338,39,7709a421-d633-42c8-8912-7f13ca7ecf3b,None,None,4,977,29,[],None,None
EXPLOIT_VULN,13649.633323204775,13657.405464502373,7.772141297598864,39,7709a421-d633-42c8-8912-7f13ca7ecf3b,None,None,4,978,29,[],None,None
EXPLOIT_VULN,13657.405464502373,13679.054114813345,21.64865031097179,39,7709a421-d633-42c8-8912-7f13ca7ecf3b,None,None,4,979,29,[],None,None
EXPLOIT_VULN,13679.054114813345,13687.187088148365,8.132973335019415,39,7709a421-d633-42c8-8912-7f13ca7ecf3b,None,None,4,980,29,[],None,None
EXPLOIT_VULN,13687.187088148365,13690.360368977115,3.1732808287506487,39,7709a421-d633-42c8-8912-7f13ca7ecf3b,None,None,4,981,29,[],None,None
EXPLOIT_VULN,13690.360368977115,13695.019737991031,4.659369013916148,39,7709a421-d633-42c8-8912-7f13ca7ecf3b,None,None,4,982,29,[],None,None
EXPLOIT_VULN,13695.019737991031,13699.350003714682,4.330265723650882,39,7709a421-d633-42c8-8912-7f13ca7ecf3b,39,7709a421-d633-42c8-8912-7f13ca7ecf3b,4,983,29,[],None,None
SCAN_NEIGHBOR,13699.350003714682,13704.350003714682,5.0,39,7709a421-d633-42c8-8912-7f13ca7ecf3b,None,None,4,984,30,[],None,None
ENUM_HOST,13704.350003714682,13709.350003714682,5.0,39,7709a421-d633-42c8-8912-7f13ca7ecf3b,None,None,4,984,30,[],None,None
SCAN_PORT,13709.350003714682,13726.02734930381,16.67734558912707,37,9d82a2b5-510a-43e0-b996-68b5204a464c,None,None,1,984,30,[],network,IPShuffle
SCAN_HOST,13746.82653972372,13751.82653972372,5.0,-1,-1,None,None,0,984,30,[],None,None
ENUM_HOST,13751.82653972372,13756.82653972372,5.0,-1,-1,None,None,0,984,30,[],None,None
SCAN_PORT,13756.82653972372,13781.82653972372,25.0,23,c5673048-8ad5-4ca7-a52b-c9049959d9ef,None,None,10,984,30,[],None,None
EXPLOIT_VULN,13781.82653972372,13781.82653972372,0.0,23,c5673048-8ad5-4ca7-a52b-c9049959d9ef,None,None,10,984,30,[],None,None
BRUTE_FORCE,13781.82653972372,13801.82653972372,20.0,23,c5673048-8ad5-4ca7-a52b-c9049959d9ef,None,None,10,984,30,[],None,None
ENUM_HOST,13801.82653972372,13806.82653972372,5.0,23,c5673048-8ad5-4ca7-a52b-c9049959d9ef,None,None,10,984,30,[],None,None
SCAN_PORT,13806.82653972372,13831.82653972372,25.0,46,ad9e8025-13e0-4ab6-97b8-8092804c4584,46,ad9e8025-13e0-4ab6-97b8-8092804c4584,1,984,30,[],None,None
SCAN_NEIGHBOR,13831.82653972372,13836.82653972372,5.0,46,ad9e8025-13e0-4ab6-97b8-8092804c4584,None,None,1,984,31,[],None,None
ENUM_HOST,13836.82653972372,13841.82653972372,5.0,46,ad9e8025-13e0-4ab6-97b8-8092804c4584,None,None,1,984,31,[],None,None
SCAN_PORT,13841.82653972372,13866.82653972372,25.0,38,bfac4675-c2a8-4de5-b418-8c2b1fe406ff,38,bfac4675-c2a8-4de5-b418-8c2b1fe406ff,1,984,31,['Korry'],None,None
SCAN_NEIGHBOR,13866.82653972372,13871.82653972372,5.0,38,bfac4675-c2a8-4de5-b418-8c2b1fe406ff,None,None,1,984,32,[],None,None
ENUM_HOST,13871.82653972372,13876.82653972372,5.0,38,bfac4675-c2a8-4de5-b418-8c2b1fe406ff,None,None,1,984,32,[],None,None
SCAN_PORT,13876.82653972372,13901.82653972372,25.0,45,70e3ff08-cbc9-4bce-9038-ccbab5be5c97,None,None,1,984,32,[],None,None
EXPLOIT_VULN,13901.82653972372,13902.110592558001,0.28405283428219263,45,70e3ff08-cbc9-4bce-9038-ccbab5be5c97,None,None,1,984,32,[],None,None
EXPLOIT_VULN,13902.110592558001,13903.49161287396,1.3810203159591765,45,70e3ff08-cbc9-4bce-9038-ccbab5be5c97,None,None,1,985,32,[],None,None
EXPLOIT_VULN,13903.49161287396,13904.043235146566,0.5516222726055275,45,70e3ff08-cbc9-4bce-9038-ccbab5be5c97,None,None,1,986,32,[],None,None
EXPLOIT_VULN,13904.043235146566,13905.068486111917,1.025250965351006,45,70e3ff08-cbc9-4bce-9038-ccbab5be5c97,None,None,1,987,32,[],None,None
EXPLOIT_VULN,13905.068486111917,13906.453609501683,1.3851233897657949,45,70e3ff08-cbc9-4bce-9038-ccbab5be5c97,None,None,1,988,32,[],None,None
EXPLOIT_VULN,13906.453609501683,13908.601900509551,2.1482910078684654,45,70e3ff08-cbc9-4bce-9038-ccbab5be5c97,None,None,1,989,32,[],None,None
EXPLOIT_VULN,13908.601900509551,13910.207401034162,1.6055005246107612,45,70e3ff08-cbc9-4bce-9038-ccbab5be5c97,None,None,1,990,32,[],None,None
EXPLOIT_VULN,13910.207401034162,13911.197970106514,0.9905690723517182,45,70e3ff08-cbc9-4bce-9038-ccbab5be5c97,None,None,1,991,32,[],None,None
EXPLOIT_VULN,13911.197970106514,13913.607080058115,2.40910995160084,45,70e3ff08-cbc9-4bce-9038-ccbab5be5c97,None,None,1,992,32,[],None,None
EXPLOIT_VULN,13913.607080058115,13915.300594432001,1.6935143738865008,45,70e3ff08-cbc9-4bce-9038-ccbab5be5c97,None,None,1,993,32,[],None,None
EXPLOIT_VULN,13915.300594432001,13918.20916875049,2.9085743184896273,45,70e3ff08-cbc9-4bce-9038-ccbab5be5c97,None,None,1,994,32,[],None,None
EXPLOIT_VULN,13918.20916875049,13919.978669656308,1.76950090581704,45,70e3ff08-cbc9-4bce-9038-ccbab5be5c97,None,None,1,995,32,[],None,None
EXPLOIT_VULN,13919.978669656308,13924.952641701018,4.973972044710536,45,70e3ff08-cbc9-4bce-9038-ccbab5be5c97,None,None,1,996,32,[],None,None
EXPLOIT_VULN,13924.952641701018,13926.308301984825,1.355660283807083,45,70e3ff08-cbc9-4bce-9038-ccbab5be5c97,None,None,1,997,32,[],network,IPShuffle
SCAN_HOST,13946.494018379017,13951.494018379017,5.0,-1,-1,None,None,0,997,32,[],None,None
ENUM_HOST,13951.494018379017,13956.494018379017,5.0,-1,-1,None,None,0,997,32,[],None,None
SCAN_PORT,13956.494018379017,13981.494018379017,25.0,37,9d82a2b5-510a-43e0-b996-68b5204a464c,None,None,2,997,32,[],None,None
EXPLOIT_VULN,13981.494018379017,13983.650893128475,2.1568747494584386,37,9d82a2b5-510a-43e0-b996-68b5204a464c,None,None,2,997,32,[],None,None
EXPLOIT_VULN,13983.650893128475,13985.955417849522,2.3045247210466187,37,9d82a2b5-510a-43e0-b996-68b5204a464c,None,None,2,998,32,[],None,None
EXPLOIT_VULN,13985.955417849522,13989.619110926415,3.6636930768927414,37,9d82a2b5-510a-43e0-b996-68b5204a464c,None,None,2,999,32,[],None,None
BRUTE_FORCE,13989.619110926415,14009.619110926415,20.0,37,9d82a2b5-510a-43e0-b996-68b5204a464c,None,None,2,1000,32,[],None,None
ENUM_HOST,14009.619110926415,14014.619110926415,5.0,37,9d82a2b5-510a-43e0-b996-68b5204a464c,None,None,2,1000,32,[],None,None
SCAN_PORT,14014.619110926415,14039.619110926415,25.0,40,09d9d70f-1515-4d25-b81e-d78899a7a7ca,None,None,1,1000,32,[],None,None
EXPLOIT_VULN,14039.619110926415,14045.04891326089,5.429802334474516,40,09d9d70f-1515-4d25-b81e-d78899a7a7ca,None,None,1,1000,32,[],None,None
EXPLOIT_VULN,14045.04891326089,14046.842578319493,1.7936650586034375,40,09d9d70f-1515-4d25-b81e-d78899a7a7ca,None,None,1,1001,32,[],None,None
EXPLOIT_VULN,14046.842578319493,14054.717385124652,7.874806805159096,40,09d9d70f-1515-4d25-b81e-d78899a7a7ca,None,None,1,1002,32,[],None,None
EXPLOIT_VULN,14054.717385124652,14057.735648281056,3.0182631564039184,40,09d9d70f-1515-4d25-b81e-d78899a7a7ca,None,None,1,1003,32,[],None,None
EXPLOIT_VULN,14057.735648281056,14060.172860586834,2.437212305778303,40,09d9d70f-1515-4d25-b81e-d78899a7a7ca,None,None,1,1004,32,[],None,None
EXPLOIT_VULN,14060.172860586834,14064.235153706915,4.062293120081449,40,09d9d70f-1515-4d25-b81e-d78899a7a7ca,None,None,1,1005,32,[],None,None
EXPLOIT_VULN,14064.235153706915,14068.346839126747,4.111685419831701,40,09d9d70f-1515-4d25-b81e-d78899a7a7ca,None,None,1,1006,32,[],None,None
EXPLOIT_VULN,14068.346839126747,14075.479450144943,7.132611018196258,40,09d9d70f-1515-4d25-b81e-d78899a7a7ca,None,None,1,1007,32,[],None,None
EXPLOIT_VULN,14075.479450144943,14083.52234809735,8.042897952405838,40,09d9d70f-1515-4d25-b81e-d78899a7a7ca,None,None,1,1008,32,[],None,None
EXPLOIT_VULN,14083.52234809735,14092.831725882552,9.309377785202742,40,09d9d70f-1515-4d25-b81e-d78899a7a7ca,None,None,1,1009,32,[],None,None
EXPLOIT_VULN,14092.831725882552,14098.032628111054,5.2009022285019455,40,09d9d70f-1515-4d25-b81e-d78899a7a7ca,None,None,1,1010,32,[],None,None
EXPLOIT_VULN,14098.032628111054,14119.135033192511,21.10240508145762,40,09d9d70f-1515-4d25-b81e-d78899a7a7ca,None,None,1,1011,32,[],None,None
EXPLOIT_VULN,14119.135033192511,14126.01665358842,6.881620395908612,40,09d9d70f-1515-4d25-b81e-d78899a7a7ca,None,None,1,1012,32,[],None,None
EXPLOIT_VULN,14126.01665358842,14126.979048360365,0.9623947719446733,40,09d9d70f-1515-4d25-b81e-d78899a7a7ca,None,None,1,1013,32,[],network,IPShuffle
SCAN_HOST,14147.108557284502,14152.108557284502,5.0,-1,-1,None,None,0,1013,32,[],None,None
ENUM_HOST,14152.108557284502,14157.108557284502,5.0,-1,-1,None,None,0,1013,32,[],None,None
SCAN_PORT,14157.108557284502,14182.108557284502,25.0,37,9d82a2b5-510a-43e0-b996-68b5204a464c,None,None,3,1013,32,[],None,None
EXPLOIT_VULN,14182.108557284502,14183.67056854514,1.5620112606375187,37,9d82a2b5-510a-43e0-b996-68b5204a464c,None,None,3,1013,32,[],None,None
BRUTE_FORCE,14183.67056854514,14203.67056854514,20.0,37,9d82a2b5-510a-43e0-b996-68b5204a464c,None,None,3,1014,32,[],None,None
ENUM_HOST,14203.67056854514,14208.67056854514,5.0,37,9d82a2b5-510a-43e0-b996-68b5204a464c,None,None,3,1014,32,[],None,None
SCAN_PORT,14208.67056854514,14233.67056854514,25.0,45,70e3ff08-cbc9-4bce-9038-ccbab5be5c97,None,None,2,1014,32,[],None,None
EXPLOIT_VULN,14233.67056854514,14236.9246021218,3.2540335766607313,45,70e3ff08-cbc9-4bce-9038-ccbab5be5c97,None,None,2,1014,32,[],None,None
EXPLOIT_VULN,14236.9246021218,14239.738551939048,2.8139498172477033,45,70e3ff08-cbc9-4bce-9038-ccbab5be5c97,None,None,2,1015,32,[],None,None
EXPLOIT_VULN,14239.738551939048,14242.178255222001,2.4397032829529053,45,70e3ff08-cbc9-4bce-9038-ccbab5be5c97,None,None,2,1016,32,[],None,None
EXPLOIT_VULN,14242.178255222001,14249.500828700875,7.322573478873892,45,70e3ff08-cbc9-4bce-9038-ccbab5be5c97,None,None,2,1017,32,[],None,None
EXPLOIT_VULN,14249.500828700875,14254.079248422508,4.578419721632599,45,70e3ff08-cbc9-4bce-9038-ccbab5be5c97,None,None,2,1018,32,[],None,None
EXPLOIT_VULN,14254.079248422508,14263.123765947978,9.044517525469928,45,70e3ff08-cbc9-4bce-9038-ccbab5be5c97,None,None,2,1019,32,[],None,None
EXPLOIT_VULN,14263.123765947978,14265.972891118972,2.849125170994739,45,70e3ff08-cbc9-4bce-9038-ccbab5be5c97,None,None,2,1020,32,[],None,None
EXPLOIT_VULN,14265.972891118972,14267.755975719734,1.7830846007618675,45,70e3ff08-cbc9-4bce-9038-ccbab5be5c97,None,None,2,1021,32,[],None,None
EXPLOIT_VULN,14267.755975719734,14271.465286653396,3.709310933661982,45,70e3ff08-cbc9-4bce-9038-ccbab5be5c97,None,None,2,1022,32,[],None,None
EXPLOIT_VULN,14271.465286653396,14273.248818547621,1.7835318942252343,45,70e3ff08-cbc9-4bce-9038-ccbab5be5c97,None,None,2,1023,32,[],None,None
EXPLOIT_VULN,14273.248818547621,14276.933665408074,3.6848468604530353,45,70e3ff08-cbc9-4bce-9038-ccbab5be5c97,None,None,2,1024,32,[],None,None
EXPLOIT_VULN,14276.933665408074,14287.609086645456,10.67542123738167,45,70e3ff08-cbc9-4bce-9038-ccbab5be5c97,None,None,2,1025,32,[],None,None
EXPLOIT_VULN,14287.609086645456,14291.751223315363,4.142136669906904,45,70e3ff08-cbc9-4bce-9038-ccbab5be5c97,None,None,2,1026,32,[],None,None
EXPLOIT_VULN,14291.751223315363,14297.565547716164,5.814324400800615,45,70e3ff08-cbc9-4bce-9038-ccbab5be5c97,None,None,2,1027,32,[],None,None
EXPLOIT_VULN,14297.565547716164,14311.400735832538,13.835188116374411,45,70e3ff08-cbc9-4bce-9038-ccbab5be5c97,None,None,2,1028,32,[],None,None
EXPLOIT_VULN,14311.400735832538,14321.412172198665,10.011436366126873,45,70e3ff08-cbc9-4bce-9038-ccbab5be5c97,None,None,2,1029,32,[],None,None
EXPLOIT_VULN,14321.412172198665,14327.506075965459,6.093903766794028,45,70e3ff08-cbc9-4bce-9038-ccbab5be5c97,None,None,2,1030,32,[],network,IPShuffle
SCAN_HOST,14348.305645069066,14353.305645069066,5.0,-1,-1,None,None,0,1030,32,[],None,None
ENUM_HOST,14353.305645069066,14358.305645069066,5.0,-1,-1,None,None,0,1030,32,[],None,None
SCAN_PORT,14358.305645069066,14383.305645069066,25.0,35,df67afeb-6f32-4213-a0e8-9b7c3f56a7ab,None,None,1,1030,32,[],None,None
EXPLOIT_VULN,14383.305645069066,14383.546156249715,0.24051118064926413,35,df67afeb-6f32-4213-a0e8-9b7c3f56a7ab,None,None,1,1030,32,[],None,None
EXPLOIT_VULN,14383.546156249715,14384.829340170054,1.28318392033907,35,df67afeb-6f32-4213-a0e8-9b7c3f56a7ab,None,None,1,1031,32,[],None,None
EXPLOIT_VULN,14384.829340170054,14386.536143813208,1.706803643153762,35,df67afeb-6f32-4213-a0e8-9b7c3f56a7ab,None,None,1,1032,32,[],None,None
EXPLOIT_VULN,14386.536143813208,14388.195356750452,1.6592129372438649,35,df67afeb-6f32-4213-a0e8-9b7c3f56a7ab,None,None,1,1033,32,[],None,None
EXPLOIT_VULN,14388.195356750452,14398.04897569257,9.853618942119283,35,df67afeb-6f32-4213-a0e8-9b7c3f56a7ab,None,None,1,1034,32,[],None,None
EXPLOIT_VULN,14398.04897569257,14408.83446205184,10.785486359269271,35,df67afeb-6f32-4213-a0e8-9b7c3f56a7ab,None,None,1,1035,32,[],None,None
EXPLOIT_VULN,14408.83446205184,14421.882929112096,13.048467060256371,35,df67afeb-6f32-4213-a0e8-9b7c3f56a7ab,None,None,1,1036,32,[],None,None
EXPLOIT_VULN,14421.882929112096,14437.717160155475,15.834231043378168,35,df67afeb-6f32-4213-a0e8-9b7c3f56a7ab,None,None,1,1037,32,[],None,None
EXPLOIT_VULN,14437.717160155475,14444.58789172963,6.870731574155798,35,df67afeb-6f32-4213-a0e8-9b7c3f56a7ab,None,None,1,1038,32,[],None,None
EXPLOIT_VULN,14444.58789172963,14453.437868683219,8.849976953588339,35,df67afeb-6f32-4213-a0e8-9b7c3f56a7ab,None,None,1,1039,32,[],None,None
EXPLOIT_VULN,14453.437868683219,14456.2550954115,2.8172267282807297,35,df67afeb-6f32-4213-a0e8-9b7c3f56a7ab,None,None,1,1040,32,[],None,None
EXPLOIT_VULN,14456.2550954115,14463.143555378023,6.888459966523442,35,df67afeb-6f32-4213-a0e8-9b7c3f56a7ab,None,None,1,1041,32,[],None,None
EXPLOIT_VULN,14463.143555378023,14471.558928602046,8.415373224022915,35,df67afeb-6f32-4213-a0e8-9b7c3f56a7ab,None,None,1,1042,32,[],None,None
BRUTE_FORCE,14471.558928602046,14491.558928602046,20.0,35,df67afeb-6f32-4213-a0e8-9b7c3f56a7ab,None,None,1,1043,32,[],None,None
ENUM_HOST,14491.558928602046,14496.558928602046,5.0,35,df67afeb-6f32-4213-a0e8-9b7c3f56a7ab,None,None,1,1043,32,[],None,None
SCAN_PORT,14496.558928602046,14521.558928602046,25.0,37,9d82a2b5-510a-43e0-b996-68b5204a464c,None,None,4,1043,32,[],None,None
EXPLOIT_VULN,14521.558928602046,14521.558928602046,0.0,37,9d82a2b5-510a-43e0-b996-68b5204a464c,None,None,4,1043,32,[],None,None
BRUTE_FORCE,14521.558928602046,14528.771532811217,7.212604209171332,37,9d82a2b5-510a-43e0-b996-68b5204a464c,None,None,4,1043,32,[],network,IPShuffle
SCAN_HOST,14548.80108491067,14553.80108491067,5.0,-1,-1,None,None,0,1043,32,[],None,None
ENUM_HOST,14553.80108491067,14558.80108491067,5.0,-1,-1,None,None,0,1043,32,[],None,None
SCAN_PORT,14558.80108491067,14583.80108491067,25.0,41,0aaeb494-0158-4883-af21-3bd83f7ba923,None,None,1,1043,32,[],None,None
EXPLOIT_VULN,14583.80108491067,14585.27835132447,1.4772664137999527,41,0aaeb494-0158-4883-af21-3bd83f7ba923,None,None,1,1043,32,[],None,None
EXPLOIT_VULN,14585.27835132447,14593.420785981492,8.142434657022022,41,0aaeb494-0158-4883-af21-3bd83f7ba923,None,None,1,1044,32,[],None,None
EXPLOIT_VULN,14593.420785981492,14598.767269303216,5.346483321724008,41,0aaeb494-0158-4883-af21-3bd83f7ba923,None,None,1,1045,32,[],None,None
EXPLOIT_VULN,14598.767269303216,14606.946560738046,8.179291434829793,41,0aaeb494-0158-4883-af21-3bd83f7ba923,None,None,1,1046,32,[],None,None
EXPLOIT_VULN,14606.946560738046,14614.134638119205,7.188077381159019,41,0aaeb494-0158-4883-af21-3bd83f7ba923,None,None,1,1047,32,[],None,None
EXPLOIT_VULN,14614.134638119205,14620.62361520248,6.4889770832742215,41,0aaeb494-0158-4883-af21-3bd83f7ba923,None,None,1,1048,32,[],None,None
EXPLOIT_VULN,14620.62361520248,14628.54548779181,7.921872589329723,41,0aaeb494-0158-4883-af21-3bd83f7ba923,None,None,1,1049,32,[],None,None
EXPLOIT_VULN,14628.54548779181,14637.610014168833,9.064526377023867,41,0aaeb494-0158-4883-af21-3bd83f7ba923,None,None,1,1050,32,[],None,None
EXPLOIT_VULN,14637.610014168833,14647.14587054143,9.535856372596754,41,0aaeb494-0158-4883-af21-3bd83f7ba923,None,None,1,1051,32,[],None,None
EXPLOIT_VULN,14647.14587054143,14649.906151293686,2.7602807522562216,41,0aaeb494-0158-4883-af21-3bd83f7ba923,None,None,1,1052,32,[],None,None
BRUTE_FORCE,14649.906151293686,14669.906151293686,20.0,41,0aaeb494-0158-4883-af21-3bd83f7ba923,None,None,1,1053,32,[],None,None
ENUM_HOST,14669.906151293686,14674.906151293686,5.0,41,0aaeb494-0158-4883-af21-3bd83f7ba923,None,None,1,1053,32,[],None,None
SCAN_PORT,14674.906151293686,14699.906151293686,25.0,40,09d9d70f-1515-4d25-b81e-d78899a7a7ca,None,None,2,1053,32,[],None,None
EXPLOIT_VULN,14699.906151293686,14705.676934413588,5.770783119902262,40,09d9d70f-1515-4d25-b81e-d78899a7a7ca,None,None,2,1053,32,[],None,None
EXPLOIT_VULN,14705.676934413588,14706.677261457777,1.0003270441884524,40,09d9d70f-1515-4d25-b81e-d78899a7a7ca,None,None,2,1054,32,[],None,None
EXPLOIT_VULN,14706.677261457777,14711.612380883758,4.935119425981611,40,09d9d70f-1515-4d25-b81e-d78899a7a7ca,None,None,2,1055,32,[],None,None
EXPLOIT_VULN,14711.612380883758,14715.90646282375,4.294081939991884,40,09d9d70f-1515-4d25-b81e-d78899a7a7ca,None,None,2,1056,32,[],None,None
EXPLOIT_VULN,14715.90646282375,14723.53092315436,7.624460330609509,40,09d9d70f-1515-4d25-b81e-d78899a7a7ca,None,None,2,1057,32,[],None,None
EXPLOIT_VULN,14723.53092315436,14729.062764076014,5.531840921654293,40,09d9d70f-1515-4d25-b81e-d78899a7a7ca,None,None,2,1058,32,[],network,IPShuffle
SCAN_HOST,14749.455233671426,14754.455233671426,5.0,-1,-1,None,None,0,1058,32,[],None,None
ENUM_HOST,14754.455233671426,14759.455233671426,5.0,-1,-1,None,None,0,1058,32,[],None,None
SCAN_PORT,14759.455233671426,14784.455233671426,25.0,47,5d7cda9f-4373-42b5-9543-5139a534fb75,None,None,1,1058,32,[],None,None
EXPLOIT_VULN,14784.455233671426,14785.397354207113,0.9421205356866267,47,5d7cda9f-4373-42b5-9543-5139a534fb75,None,None,1,1058,32,[],None,None
EXPLOIT_VULN,14785.397354207113,14785.698595952797,0.30124174568481976,47,5d7cda9f-4373-42b5-9543-5139a534fb75,None,None,1,1059,32,[],None,None
EXPLOIT_VULN,14785.698595952797,14788.899650472014,3.2010545192169957,47,5d7cda9f-4373-42b5-9543-5139a534fb75,None,None,1,1060,32,[],None,None
EXPLOIT_VULN,14788.899650472014,14789.690033974084,0.7903835020697443,47,5d7cda9f-4373-42b5-9543-5139a534fb75,None,None,1,1061,32,[],None,None
EXPLOIT_VULN,14789.690033974084,14795.086447391146,5.396413417061922,47,5d7cda9f-4373-42b5-9543-5139a534fb75,None,None,1,1062,32,[],None,None
EXPLOIT_VULN,14795.086447391146,14802.10936313878,7.022915747633306,47,5d7cda9f-4373-42b5-9543-5139a534fb75,None,None,1,1063,32,[],None,None
EXPLOIT_VULN,14802.10936313878,14804.945253854985,2.8358907162055402,47,5d7cda9f-4373-42b5-9543-5139a534fb75,None,None,1,1064,32,[],None,None
EXPLOIT_VULN,14804.945253854985,14809.415576468715,4.470322613729877,47,5d7cda9f-4373-42b5-9543-5139a534fb75,None,None,1,1065,32,[],None,None
EXPLOIT_VULN,14809.415576468715,14818.768152256685,9.352575787970636,47,5d7cda9f-4373-42b5-9543-5139a534fb75,None,None,1,1066,32,[],None,None
EXPLOIT_VULN,14818.768152256685,14823.004985905856,4.236833649170876,47,5d7cda9f-4373-42b5-9543-5139a534fb75,None,None,1,1067,32,[],None,None
EXPLOIT_VULN,14823.004985905856,14827.532730293657,4.52774438780034,47,5d7cda9f-4373-42b5-9543-5139a534fb75,None,None,1,1068,32,[],None,None
EXPLOIT_VULN,14827.532730293657,14833.133238084445,5.60050779078847,47,5d7cda9f-4373-42b5-9543-5139a534fb75,None,None,1,1069,32,[],None,None
EXPLOIT_VULN,14833.133238084445,14843.224384732808,10.091146648363065,47,5d7cda9f-4373-42b5-9543-5139a534fb75,None,None,1,1070,32,[],None,None
EXPLOIT_VULN,14843.224384732808,14853.53279413164,10.308409398830918,47,5d7cda9f-4373-42b5-9543-5139a534fb75,None,None,1,1071,32,[],None,None
EXPLOIT_VULN,14853.53279413164,14859.09420830633,5.561414174690071,47,5d7cda9f-4373-42b5-9543-5139a534fb75,None,None,1,1072,32,[],None,None
EXPLOIT_VULN,14859.09420830633,14864.059311698016,4.96510339168708,47,5d7cda9f-4373-42b5-9543-5139a534fb75,None,None,1,1073,32,[],None,None
EXPLOIT_VULN,14864.059311698016,14871.940578873679,7.881267175662288,47,5d7cda9f-4373-42b5-9543-5139a534fb75,None,None,1,1074,32,[],None,None
EXPLOIT_VULN,14871.940578873679,14878.962315035204,7.021736161525041,47,5d7cda9f-4373-42b5-9543-5139a534fb75,None,None,1,1075,32,[],None,None
EXPLOIT_VULN,14878.962315035204,14886.857454858227,7.895139823023783,47,5d7cda9f-4373-42b5-9543-5139a534fb75,None,None,1,1076,32,[],None,None
EXPLOIT_VULN,14886.857454858227,14894.88042970908,8.022974850851824,47,5d7cda9f-4373-42b5-9543-5139a534fb75,None,None,1,1077,32,[],None,None
EXPLOIT_VULN,14894.88042970908,14901.429616327949,6.5491866188694985,47,5d7cda9f-4373-42b5-9543-5139a534fb75,None,None,1,1078,32,[],None,None
EXPLOIT_VULN,14901.429616327949,14908.26621081074,6.8365944827910425,47,5d7cda9f-4373-42b5-9543-5139a534fb75,None,None,1,1079,32,[],None,None
EXPLOIT_VULN,14908.26621081074,14915.690388153109,7.424177342369148,47,5d7cda9f-4373-42b5-9543-5139a534fb75,None,None,1,1080,32,[],None,None
EXPLOIT_VULN,14915.690388153109,14922.560707807912,6.870319654803097,47,5d7cda9f-4373-42b5-9543-5139a534fb75,None,None,1,1081,32,[],None,None
EXPLOIT_VULN,14922.560707807912,14930.22658079817,7.665872990257412,47,5d7cda9f-4373-42b5-9543-5139a534fb75,None,None,1,1082,32,[],network,IPShuffle
SCAN_HOST,14950.643529390874,14955.643529390874,5.0,-1,-1,None,None,0,1082,32,[],None,None
ENUM_HOST,14955.643529390874,14960.643529390874,5.0,-1,-1,None,None,0,1082,32,[],None,None
SCAN_PORT,14960.643529390874,14985.643529390874,25.0,36,e5ccb476-1fc7-4029-82cd-9b628ea2099f,None,None,1,1082,32,[],None,None
EXPLOIT_VULN,14985.643529390874,14986.622073629382,0.9785442385073111,36,e5ccb476-1fc7-4029-82cd-9b628ea2099f,None,None,1,1082,32,[],None,None
EXPLOIT_VULN,14986.622073629382,14987.361414108926,0.7393404795438983,36,e5ccb476-1fc7-4029-82cd-9b628ea2099f,None,None,1,1083,32,[],None,None
EXPLOIT_VULN,14987.361414108926,14988.382832624358,1.0214185154327424,36,e5ccb476-1fc7-4029-82cd-9b628ea2099f,None,None,1,1084,32,[],None,None
EXPLOIT_VULN,14988.382832624358,14990.50742063615,2.1245880117912748,36,e5ccb476-1fc7-4029-82cd-9b628ea2099f,None,None,1,1085,32,[],None,None
EXPLOIT_VULN,14990.50742063615,14993.329705222164,2.8222845860145753,36,e5ccb476-1fc7-4029-82cd-9b628ea2099f,None,None,1,1086,32,[],None,None
EXPLOIT_VULN,14993.329705222164,14995.40039824979,2.0706930276264757,36,e5ccb476-1fc7-4029-82cd-9b628ea2099f,None,None,1,1087,32,[],None,None
EXPLOIT_VULN,14995.40039824979,14997.177216008242,1.776817758451216,36,e5ccb476-1fc7-4029-82cd-9b628ea2099f,None,None,1,1088,32,[],None,None
EXPLOIT_VULN,14997.177216008242,14999.040229433,1.8630134247578098,36,e5ccb476-1fc7-4029-82cd-9b628ea2099f,None,None,1,1089,32,[],None,None
