name,start_time,finish_time,duration,executed_at
IPShuffle,0.0,110.6156983150212,110.6156983150212,network
IPShuffle,200.7286087508594,311.3415955511646,110.61298680030518,network
IPShuffle,401.8889631780388,511.9332552173176,110.04429203927879,network
IPShuffle,602.2959370743297,713.1497478356847,110.85381076135502,network
IPShuffle,804.8191224216641,915.1125340694841,110.29341164782,network
IPShuffle,1005.4416882295559,1116.5069809009199,111.06529267136398,network
IPShuffle,1207.374229789682,1317.7015667284036,110.3273369387216,network
IPShuffle,1407.642394010009,1517.6724771181,110.03008310809105,network
IPShuffle,1607.8187062933207,1718.4080946532465,110.5893883599258,network
IPShuffle,1808.469308068871,1919.6388877292272,111.16957966035625,network
IPShuffle,2009.1064113771927,2119.196997545228,110.09058616803532,network
IPShuffle,2209.2165184561436,2320.316668482623,111.10015002647924,network
IPShuffle,2409.6017233967373,2519.8580657318803,110.25634233514302,network
IPShuffle,2612.6682217978823,2722.962433429827,110.29421163194456,network
IPShuffle,2813.0515991501184,2923.6102341013107,110.55863495119229,network
