{"0": [-0.33982267058015647, 0.0584073615380538], "1": [0.45622042132158785, 0.510348614817335], "2": [0.2835064379168138, -0.7130132488623808], "3": [0.7020956974621066, 0.04312019553952084], "4": [0.15775926031948206, -0.17674266947707462], "5": [0.22371970929861332, 0.8682695453881335], "6": [0.3685010568427186, 0.7352423698257754], "7": [0.08360866442057911, 0.9585271156589192], "8": [-0.037328957526775015, 0.9999999999999999], "9": [0.41567864174450675, 0.8618391413400882], "10": [0.452104378225391, 0.6307738154053584], "11": [0.31951675825036774, 0.5524641334759299], "12": [0.5394351839962113, 0.7351586175366519], "13": [0.2557805560140093, 0.3469108370132455], "14": [0.2860600000872186, 0.6790956014944404], "15": [0.1861681275632469, 0.4838384322232086], "16": [-0.6479379189234074, 0.15981488423109308], "17": [-0.5551776900317785, 0.07420461113935829], "18": [-0.22322835679365077, 0.03151070877392332], "19": [-0.32019606996342626, 0.11070934147201449], "20": [-0.746028284004835, 0.04452086011845884], "21": [-0.8838991694226871, 0.03123256016503447], "22": [-0.7403983432594504, 0.12220565230253216], "23": [-0.8705241143346822, 0.15932409045709012], "24": [-0.6676065457140613, 0.09991987956203573], "25": [0.370782525834251, 0.029107584805538326], "26": [0.5568483456268202, 0.0811778902715974], "27": [0.4567122794719798, -0.08140673955766839], "28": [0.3510860676856902, -0.08055177207481679], "29": [0.48942200199308733, 0.23071039147043515], "30": [0.1630675806064946, -0.031535649384147], "31": [0.2810659628442542, -0.08027091443940396], "32": [0.3013063106515546, -0.10530784076507999], "33": [0.3119387468650323, -0.0673980075900905], "34": [0.5075489287860155, 0.11100447215603167], "35": [0.268510907237551, 0.10510753709623052], "36": [0.37155185646558503, -0.6817090767425571], "37": [0.27736680403892866, -0.5961152302427114], "38": [0.25080429603612553, -0.312709568986777], "39": [0.3335806823201627, -0.7163455343804676], "40": [0.22701046998126942, -0.7709829449732557], "41": [0.19538317324601498, -0.8964443320650034], "42": [0.1951148297994953, 0.16107813025326304], "43": [0.21938041313836468, 0.0640761363318847], "44": [0.31896307408173946, 0.13908131623505626], "45": [0.27305012853147176, 0.1881464355863378], "46": [0.2120030522076141, 0.1496710621309345], "47": [0.13282004956800889, 0.1636339787779014], "48": [0.11713144411733052, 0.10304316284257053], "49": [0.20963326200557889, 0.1177477512348415], "50": [0.1857548229797032, 0.11980171161191555], "51": [0.2343310017294457, 0.12381195404831546], "52": [0.14673580745240522, 0.1286956571603233], "53": [0.1541354380120001, 0.11316395278671014], "54": [0.17160399649444938, 0.18651099531560864], "55": [0.26293313559225207, 0.14304727435434927], "56": [0.2092406106140777, 0.0009113976754703652], "57": [0.27900452726804154, 0.122961317057835], "58": [0.2269081306422413, 0.2041123823760112], "59": [0.15866719419166636, 0.16081736674329253], "60": [0.04690533283502375, 0.03763718579338985], "61": [0.24632107008205717, 0.08089995051710144], "62": [0.1008994283189572, 0.13126765496638565], "63": [0.20750659271355684, 0.2087134957965392], "64": [0.24595338325912836, 0.1942224126991632], "65": [0.14177670164943457, 0.22923513712557322], "66": [0.08369631333908513, 0.1987100362189108], "67": [0.15683073296830144, 0.07358520046220923], "68": [0.10677959066238026, 0.15577897032971585], "69": [0.15381102822202578, 0.20847629778719803], "70": [0.16928267825985704, 0.1354273638682476], "71": [0.2798113261381961, 0.1668767683211228], "72": [0.21217606804793673, 0.2665820037955458], "73": [0.12318527801646151, 0.06270374906184532], "74": [0.10782688837837157, 0.2219077479270498], "75": [0.18751845814720297, 0.25097053006226844], "76": [-0.43993593860592206, -0.34737754495152773], "77": [-0.4738752125471337, -0.40117755925643617], "78": [-0.3654026566697426, -0.33278142464699373], "79": [-0.5149704408421383, -0.3971894310234782], "80": [-0.5965995658219622, -0.317289793945766], "81": [-0.43663951957943964, -0.3673916004940497], "82": [-0.39590420956419903, -0.36620216183714166], "83": [-0.48104908442822264, -0.4315818858335745], "84": [-0.45158640385956306, -0.41715893649845176], "85": [-0.35647636233074337, -0.40038986792137693], "86": [-0.25988531631801715, -0.2312628406704708], "87": [-0.424839195680293, -0.4269008118552118], "88": [-0.43309949024145156, -0.292574402691284], "89": [-0.48512190658330845, -0.4576064195054212], "90": [-0.4281196469658164, -0.48960983359612537], "91": [-0.559096580909843, -0.4006083798750697], "92": [-0.39676358037584863, -0.45330719656038576], "93": [-0.5093984479914574, -0.4817817422307821], "94": [-0.39255830582364937, -0.399333608470957], "95": [-0.4475772270267078, -0.46850408920547293], "96": [-0.5497018758328732, -0.4515940694506862], "97": [-0.4653510291159954, -0.5287338796615776], "98": [-0.3238175911631023, -0.34978374263278694], "99": [-0.5019159137851863, -0.34717798017646534]}