name,start_time,finish_time,duration,current_host,current_host_uuid,compromise_host,compromise_host_uuid,current_host_attempt,cumulative_attempts,cumulative_compromised_hosts,compromise_users,interrupted_in,interrupted_by
SCAN_HOST,0.0,5.0,5.0,-1,-1,None,None,0,0,0,[],None,None
ENUM_HOST,5.0,10.0,5.0,-1,-1,None,None,0,0,0,[],None,None
SCAN_PORT,10.0,35.0,25.0,0,fded618b-755e-4916-a744-a5e3bae73235,None,None,1,0,0,[],None,None
EXPLOIT_VULN,35.0,37.42799910784203,2.4279991078420267,0,fded618b-755e-4916-a744-a5e3bae73235,None,None,1,0,0,[],None,None
EXPLOIT_VULN,37.42799910784203,42.1020483367589,4.674049228916871,0,fded618b-755e-4916-a744-a5e3bae73235,None,None,1,1,0,[],None,None
EXPLOIT_VULN,42.1020483367589,45.33518863021095,3.2331402934520526,0,fded618b-755e-4916-a744-a5e3bae73235,None,None,1,2,0,[],None,None
EXPLOIT_VULN,45.33518863021095,47.80240007945265,2.4672114492417023,0,fded618b-755e-4916-a744-a5e3bae73235,None,None,1,3,0,[],None,None
EXPLOIT_VULN,47.80240007945265,53.24362641561247,5.441226336159815,0,fded618b-755e-4916-a744-a5e3bae73235,None,None,1,4,0,[],None,None
EXPLOIT_VULN,53.24362641561247,54.2681880632188,1.0245616476063333,0,fded618b-755e-4916-a744-a5e3bae73235,None,None,1,5,0,[],None,None
EXPLOIT_VULN,54.2681880632188,62.01722308682578,7.749035023606979,0,fded618b-755e-4916-a744-a5e3bae73235,None,None,1,6,0,[],None,None
EXPLOIT_VULN,62.01722308682578,65.2340377764775,3.216814689651727,0,fded618b-755e-4916-a744-a5e3bae73235,None,None,1,7,0,[],None,None
EXPLOIT_VULN,65.2340377764775,69.54447775687075,4.310439980393241,0,fded618b-755e-4916-a744-a5e3bae73235,None,None,1,8,0,[],None,None
EXPLOIT_VULN,69.54447775687075,79.63326319115197,10.08878543428122,0,fded618b-755e-4916-a744-a5e3bae73235,None,None,1,9,0,[],None,None
EXPLOIT_VULN,79.63326319115197,80.6156983150212,0.9824351238692373,0,fded618b-755e-4916-a744-a5e3bae73235,None,None,1,10,0,[],application,OSDiversity
SCAN_PORT,101.88108505843014,126.88108505843014,25.0,0,fded618b-755e-4916-a744-a5e3bae73235,None,None,1,10,0,[],None,None
EXPLOIT_VULN,126.88108505843014,129.5684047827975,2.687319724367356,0,fded618b-755e-4916-a744-a5e3bae73235,None,None,1,10,0,[],None,None
EXPLOIT_VULN,129.5684047827975,133.98008971714466,4.411684934347164,0,fded618b-755e-4916-a744-a5e3bae73235,None,None,1,11,0,[],None,None
EXPLOIT_VULN,133.98008971714466,139.62013047651934,5.640040759374671,0,fded618b-755e-4916-a744-a5e3bae73235,None,None,1,12,0,[],None,None
EXPLOIT_VULN,139.62013047651934,143.33555316036447,3.7154226838451336,0,fded618b-755e-4916-a744-a5e3bae73235,None,None,1,13,0,[],None,None
EXPLOIT_VULN,143.33555316036447,152.18438636954772,8.848833209183255,0,fded618b-755e-4916-a744-a5e3bae73235,None,None,1,14,0,[],None,None
EXPLOIT_VULN,152.18438636954772,155.43550644895032,3.2511200794025967,0,fded618b-755e-4916-a744-a5e3bae73235,None,None,1,15,0,[],None,None
EXPLOIT_VULN,155.43550644895032,168.5485334335129,13.113026984562566,0,fded618b-755e-4916-a744-a5e3bae73235,None,None,1,16,0,[],None,None
EXPLOIT_VULN,168.5485334335129,179.6814515117315,11.132918078218609,0,fded618b-755e-4916-a744-a5e3bae73235,None,None,1,17,0,[],None,None
EXPLOIT_VULN,179.6814515117315,183.01864241480686,3.337190903075367,0,fded618b-755e-4916-a744-a5e3bae73235,None,None,1,18,0,[],None,None
EXPLOIT_VULN,183.01864241480686,190.26334716842052,7.244704753613661,0,fded618b-755e-4916-a744-a5e3bae73235,None,None,1,19,0,[],None,None
EXPLOIT_VULN,190.26334716842052,198.10115667512227,7.8378095067017455,0,fded618b-755e-4916-a744-a5e3bae73235,None,None,1,20,0,[],None,None
EXPLOIT_VULN,198.10115667512227,206.08024245296374,7.979085777841476,0,fded618b-755e-4916-a744-a5e3bae73235,None,None,1,21,0,[],None,None
EXPLOIT_VULN,206.08024245296374,208.66636645613352,2.586124003169772,0,fded618b-755e-4916-a744-a5e3bae73235,None,None,1,22,0,[],None,None
EXPLOIT_VULN,208.66636645613352,225.7281660623061,17.06179960617257,0,fded618b-755e-4916-a744-a5e3bae73235,None,None,1,23,0,[],None,None
EXPLOIT_VULN,225.7281660623061,230.75162605461182,5.023459992305732,0,fded618b-755e-4916-a744-a5e3bae73235,0,fded618b-755e-4916-a744-a5e3bae73235,1,24,0,"['Rosaline', 'Roshelle', 'Bert', 'Sibby', 'Blondy']",None,None
SCAN_NEIGHBOR,230.75162605461182,235.75162605461182,5.0,0,fded618b-755e-4916-a744-a5e3bae73235,None,None,1,25,1,[],None,None
ENUM_HOST,235.75162605461182,240.75162605461182,5.0,0,fded618b-755e-4916-a744-a5e3bae73235,None,None,1,25,1,[],None,None
SCAN_PORT,240.75162605461182,265.75162605461185,25.00000000000003,18,0e1965b7-58a3-4660-92a6-422c5c49cf70,None,None,1,25,1,[],None,None
EXPLOIT_VULN,265.75162605461185,267.4958934603092,1.7442674056973715,18,0e1965b7-58a3-4660-92a6-422c5c49cf70,None,None,1,25,1,[],None,None
EXPLOIT_VULN,267.4958934603092,271.67320656405906,4.177313103749839,18,0e1965b7-58a3-4660-92a6-422c5c49cf70,None,None,1,26,1,[],None,None
EXPLOIT_VULN,271.67320656405906,274.02793467049975,2.354728106440689,18,0e1965b7-58a3-4660-92a6-422c5c49cf70,None,None,1,27,1,[],None,None
EXPLOIT_VULN,274.02793467049975,279.3828495780587,5.354914907558964,18,0e1965b7-58a3-4660-92a6-422c5c49cf70,None,None,1,28,1,[],None,None
EXPLOIT_VULN,279.3828495780587,284.41463085592994,5.031781277871232,18,0e1965b7-58a3-4660-92a6-422c5c49cf70,None,None,1,29,1,[],None,None
EXPLOIT_VULN,284.41463085592994,295.38742388795134,10.9727930320214,18,0e1965b7-58a3-4660-92a6-422c5c49cf70,None,None,1,30,1,[],None,None
EXPLOIT_VULN,295.38742388795134,301.264426154305,5.8770022663536565,18,0e1965b7-58a3-4660-92a6-422c5c49cf70,None,None,1,31,1,[],network,IPShuffle
SCAN_HOST,321.45545683402725,326.45545683402725,5.0,-1,-1,None,None,0,31,1,[],None,None
ENUM_HOST,326.45545683402725,331.45545683402725,5.0,-1,-1,None,None,0,31,1,[],None,None
SCAN_PORT,331.45545683402725,356.45545683402725,25.0,18,0e1965b7-58a3-4660-92a6-422c5c49cf70,None,None,2,31,1,[],None,None
EXPLOIT_VULN,356.45545683402725,362.5339467202169,6.0784898861896295,18,0e1965b7-58a3-4660-92a6-422c5c49cf70,None,None,2,31,1,[],None,None
EXPLOIT_VULN,362.5339467202169,370.89574872122756,8.361802001010687,18,0e1965b7-58a3-4660-92a6-422c5c49cf70,None,None,2,32,1,[],None,None
EXPLOIT_VULN,370.89574872122756,380.40740066460387,9.511651943376307,18,0e1965b7-58a3-4660-92a6-422c5c49cf70,None,None,2,33,1,[],None,None
EXPLOIT_VULN,380.40740066460387,389.503848661337,9.096447996733104,18,0e1965b7-58a3-4660-92a6-422c5c49cf70,None,None,2,34,1,[],None,None
EXPLOIT_VULN,389.503848661337,397.1158637834803,7.612015122143305,18,0e1965b7-58a3-4660-92a6-422c5c49cf70,None,None,2,35,1,[],None,None
EXPLOIT_VULN,397.1158637834803,403.99742809384645,6.881564310366173,18,0e1965b7-58a3-4660-92a6-422c5c49cf70,None,None,2,36,1,[],None,None
EXPLOIT_VULN,403.99742809384645,412.65030798272346,8.65287988887701,18,0e1965b7-58a3-4660-92a6-422c5c49cf70,None,None,2,37,1,[],None,None
EXPLOIT_VULN,412.65030798272346,421.70708613897153,9.056778156248072,18,0e1965b7-58a3-4660-92a6-422c5c49cf70,None,None,2,38,1,[],None,None
EXPLOIT_VULN,421.70708613897153,423.0918465607905,1.384760421818953,18,0e1965b7-58a3-4660-92a6-422c5c49cf70,None,None,2,39,1,[],None,None
EXPLOIT_VULN,423.0918465607905,437.81076051077247,14.718913949981982,18,0e1965b7-58a3-4660-92a6-422c5c49cf70,None,None,2,40,1,[],None,None
EXPLOIT_VULN,437.81076051077247,445.57378730748644,7.763026796713973,18,0e1965b7-58a3-4660-92a6-422c5c49cf70,None,None,2,41,1,[],None,None
EXPLOIT_VULN,445.57378730748644,452.9334489406205,7.359661633134067,18,0e1965b7-58a3-4660-92a6-422c5c49cf70,None,None,2,42,1,[],None,None
EXPLOIT_VULN,452.9334489406205,474.31497389876245,21.381524958141938,18,0e1965b7-58a3-4660-92a6-422c5c49cf70,None,None,2,43,1,[],None,None
EXPLOIT_VULN,474.31497389876245,496.38763782517134,22.072663926408893,18,0e1965b7-58a3-4660-92a6-422c5c49cf70,None,None,2,44,1,[],None,None
EXPLOIT_VULN,496.38763782517134,503.0943262792791,6.706688454107734,18,0e1965b7-58a3-4660-92a6-422c5c49cf70,None,None,2,45,1,[],None,None
EXPLOIT_VULN,503.0943262792791,506.32413186467755,3.2298055853984806,18,0e1965b7-58a3-4660-92a6-422c5c49cf70,18,0e1965b7-58a3-4660-92a6-422c5c49cf70,2,46,1,"['Andria', 'Chad', 'Pearla', 'Dari']",None,None
SCAN_NEIGHBOR,506.32413186467755,511.32413186467755,5.0,18,0e1965b7-58a3-4660-92a6-422c5c49cf70,None,None,2,47,2,[],None,None
ENUM_HOST,511.32413186467755,511.5844894459253,0.2603575812477743,18,0e1965b7-58a3-4660-92a6-422c5c49cf70,None,None,2,47,2,[],network,CompleteTopologyShuffle
SCAN_HOST,532.3827781977192,537.3827781977192,5.0,-1,-1,None,None,0,47,2,[],None,None
ENUM_HOST,537.3827781977192,542.3827781977192,5.0,-1,-1,None,None,0,47,2,[],None,None
SCAN_PORT,542.3827781977192,567.3827781977192,25.0,9,ec92a6ad-2b42-4e29-93d4-5875f42d31f0,None,None,1,47,2,[],None,None
EXPLOIT_VULN,567.3827781977192,570.3750675431494,2.9922893454302084,9,ec92a6ad-2b42-4e29-93d4-5875f42d31f0,None,None,1,47,2,[],None,None
EXPLOIT_VULN,570.3750675431494,572.0407397812334,1.665672238083971,9,ec92a6ad-2b42-4e29-93d4-5875f42d31f0,None,None,1,48,2,[],None,None
EXPLOIT_VULN,572.0407397812334,575.8612457967166,3.820506015483261,9,ec92a6ad-2b42-4e29-93d4-5875f42d31f0,None,None,1,49,2,[],None,None
EXPLOIT_VULN,575.8612457967166,583.834839794617,7.973593997900366,9,ec92a6ad-2b42-4e29-93d4-5875f42d31f0,None,None,1,50,2,[],None,None
EXPLOIT_VULN,583.834839794617,585.938025010186,2.103185215569056,9,ec92a6ad-2b42-4e29-93d4-5875f42d31f0,None,None,1,51,2,[],None,None
EXPLOIT_VULN,585.938025010186,589.6152318239843,3.677206813798307,9,ec92a6ad-2b42-4e29-93d4-5875f42d31f0,None,None,1,52,2,[],None,None
EXPLOIT_VULN,589.6152318239843,592.771761046871,3.156529222886661,9,ec92a6ad-2b42-4e29-93d4-5875f42d31f0,None,None,1,53,2,[],None,None
EXPLOIT_VULN,592.771761046871,602.7953977080347,10.023636661163664,9,ec92a6ad-2b42-4e29-93d4-5875f42d31f0,None,None,1,54,2,[],None,None
EXPLOIT_VULN,602.7953977080347,609.4258966237794,6.630498915744738,9,ec92a6ad-2b42-4e29-93d4-5875f42d31f0,None,None,1,55,2,[],None,None
EXPLOIT_VULN,609.4258966237794,615.6308137134159,6.204917089636524,9,ec92a6ad-2b42-4e29-93d4-5875f42d31f0,None,None,1,56,2,[],None,None
EXPLOIT_VULN,615.6308137134159,622.6080382185685,6.977224505152549,9,ec92a6ad-2b42-4e29-93d4-5875f42d31f0,None,None,1,57,2,[],None,None
EXPLOIT_VULN,622.6080382185685,635.8881629706729,13.28012475210437,9,ec92a6ad-2b42-4e29-93d4-5875f42d31f0,None,None,1,58,2,[],None,None
EXPLOIT_VULN,635.8881629706729,651.7178803067865,15.829717336113617,9,ec92a6ad-2b42-4e29-93d4-5875f42d31f0,None,None,1,59,2,[],None,None
EXPLOIT_VULN,651.7178803067865,658.4015340832558,6.683653776469328,9,ec92a6ad-2b42-4e29-93d4-5875f42d31f0,None,None,1,60,2,[],None,None
EXPLOIT_VULN,658.4015340832558,667.6258126836155,9.224278600359753,9,ec92a6ad-2b42-4e29-93d4-5875f42d31f0,None,None,1,61,2,[],None,None
EXPLOIT_VULN,667.6258126836155,684.4907199774334,16.86490729381785,9,ec92a6ad-2b42-4e29-93d4-5875f42d31f0,None,None,1,62,2,[],None,None
EXPLOIT_VULN,684.4907199774334,694.1143579334323,9.623637955998902,9,ec92a6ad-2b42-4e29-93d4-5875f42d31f0,None,None,1,63,2,[],None,None
EXPLOIT_VULN,694.1143579334323,701.4548706116434,7.340512678211098,9,ec92a6ad-2b42-4e29-93d4-5875f42d31f0,None,None,1,64,2,[],network,IPShuffle
SCAN_HOST,721.4944801820318,726.4944801820318,5.0,-1,-1,None,None,0,64,2,[],None,None
ENUM_HOST,726.4944801820318,731.4944801820318,5.0,-1,-1,None,None,0,64,2,[],None,None
SCAN_PORT,731.4944801820318,756.4944801820318,25.0,9,ec92a6ad-2b42-4e29-93d4-5875f42d31f0,None,None,2,64,2,[],None,None
EXPLOIT_VULN,756.4944801820318,758.0054362592218,1.5109560771900306,9,ec92a6ad-2b42-4e29-93d4-5875f42d31f0,None,None,2,64,2,[],None,None
EXPLOIT_VULN,758.0054362592218,760.5452792101879,2.53984295096609,9,ec92a6ad-2b42-4e29-93d4-5875f42d31f0,None,None,2,65,2,[],None,None
EXPLOIT_VULN,760.5452792101879,763.9650390788807,3.419759868692836,9,ec92a6ad-2b42-4e29-93d4-5875f42d31f0,None,None,2,66,2,[],None,None
EXPLOIT_VULN,763.9650390788807,766.8629906169738,2.897951538093025,9,ec92a6ad-2b42-4e29-93d4-5875f42d31f0,None,None,2,67,2,[],None,None
EXPLOIT_VULN,766.8629906169738,774.3520261405313,7.489035523557504,9,ec92a6ad-2b42-4e29-93d4-5875f42d31f0,None,None,2,68,2,[],None,None
EXPLOIT_VULN,774.3520261405313,776.7920005336765,2.439974393145235,9,ec92a6ad-2b42-4e29-93d4-5875f42d31f0,None,None,2,69,2,[],None,None
EXPLOIT_VULN,776.7920005336765,779.3386758783562,2.54667534467967,9,ec92a6ad-2b42-4e29-93d4-5875f42d31f0,None,None,2,70,2,[],None,None
EXPLOIT_VULN,779.3386758783562,789.7274971889275,10.388821310571302,9,ec92a6ad-2b42-4e29-93d4-5875f42d31f0,None,None,2,71,2,[],None,None
EXPLOIT_VULN,789.7274971889275,796.0230881503539,6.295590961426456,9,ec92a6ad-2b42-4e29-93d4-5875f42d31f0,None,None,2,72,2,[],None,None
EXPLOIT_VULN,796.0230881503539,803.9671278040807,7.944039653726804,9,ec92a6ad-2b42-4e29-93d4-5875f42d31f0,None,None,2,73,2,[],None,None
EXPLOIT_VULN,803.9671278040807,817.4836881027911,13.516560298710374,9,ec92a6ad-2b42-4e29-93d4-5875f42d31f0,None,None,2,74,2,[],None,None
EXPLOIT_VULN,817.4836881027911,834.2215985461867,16.73791044339555,9,ec92a6ad-2b42-4e29-93d4-5875f42d31f0,None,None,2,75,2,[],None,None
EXPLOIT_VULN,834.2215985461867,852.1951657067092,17.97356716052252,9,ec92a6ad-2b42-4e29-93d4-5875f42d31f0,None,None,2,76,2,[],None,None
EXPLOIT_VULN,852.1951657067092,860.8179177298666,8.622752023157432,9,ec92a6ad-2b42-4e29-93d4-5875f42d31f0,None,None,2,77,2,[],None,None
EXPLOIT_VULN,860.8179177298666,869.5942125476965,8.776294817829921,9,ec92a6ad-2b42-4e29-93d4-5875f42d31f0,None,None,2,78,2,[],None,None
EXPLOIT_VULN,869.5942125476965,871.8729015560024,2.2786890083058324,9,ec92a6ad-2b42-4e29-93d4-5875f42d31f0,None,None,2,79,2,[],application,ServiceDiversity
SCAN_PORT,892.7363364662435,917.7363364662435,25.0,9,ec92a6ad-2b42-4e29-93d4-5875f42d31f0,None,None,2,79,2,[],None,None
EXPLOIT_VULN,917.7363364662435,919.6392466804658,1.9029102142222882,9,ec92a6ad-2b42-4e29-93d4-5875f42d31f0,None,None,2,79,2,[],None,None
EXPLOIT_VULN,919.6392466804658,920.5698691100648,0.9306224295989978,9,ec92a6ad-2b42-4e29-93d4-5875f42d31f0,None,None,2,80,2,[],None,None
EXPLOIT_VULN,920.5698691100648,922.9387268556019,2.3688577455370705,9,ec92a6ad-2b42-4e29-93d4-5875f42d31f0,None,None,2,81,2,[],None,None
EXPLOIT_VULN,922.9387268556019,926.0456195957089,3.106892740107014,9,ec92a6ad-2b42-4e29-93d4-5875f42d31f0,None,None,2,82,2,[],None,None
EXPLOIT_VULN,926.0456195957089,928.2939763070751,2.2483567113662275,9,ec92a6ad-2b42-4e29-93d4-5875f42d31f0,None,None,2,83,2,[],None,None
EXPLOIT_VULN,928.2939763070751,932.2558593977759,3.9618830907007805,9,ec92a6ad-2b42-4e29-93d4-5875f42d31f0,None,None,2,84,2,[],None,None
EXPLOIT_VULN,932.2558593977759,942.0034801891436,9.747620791367694,9,ec92a6ad-2b42-4e29-93d4-5875f42d31f0,None,None,2,85,2,[],None,None
EXPLOIT_VULN,942.0034801891436,951.4866221537079,9.483141964564311,9,ec92a6ad-2b42-4e29-93d4-5875f42d31f0,None,None,2,86,2,[],None,None
EXPLOIT_VULN,951.4866221537079,958.6340603578066,7.147438204098648,9,ec92a6ad-2b42-4e29-93d4-5875f42d31f0,None,None,2,87,2,[],None,None
EXPLOIT_VULN,958.6340603578066,971.8966936023279,13.26263324452134,9,ec92a6ad-2b42-4e29-93d4-5875f42d31f0,None,None,2,88,2,[],None,None
EXPLOIT_VULN,971.8966936023279,989.7882984675879,17.89160486525998,9,ec92a6ad-2b42-4e29-93d4-5875f42d31f0,None,None,2,89,2,[],None,None
EXPLOIT_VULN,989.7882984675879,995.6954135390871,5.90711507149922,9,ec92a6ad-2b42-4e29-93d4-5875f42d31f0,None,None,2,90,2,[],None,None
EXPLOIT_VULN,995.6954135390871,1002.9892013144706,7.293787775383521,9,ec92a6ad-2b42-4e29-93d4-5875f42d31f0,None,None,2,91,2,[],None,None
EXPLOIT_VULN,1002.9892013144706,1023.9677294956072,20.97852818113654,9,ec92a6ad-2b42-4e29-93d4-5875f42d31f0,None,None,2,92,2,[],None,None
EXPLOIT_VULN,1023.9677294956072,1039.6347453307158,15.6670158351086,9,ec92a6ad-2b42-4e29-93d4-5875f42d31f0,None,None,2,93,2,[],None,None
EXPLOIT_VULN,1039.6347453307158,1048.5958058420388,8.961060511323012,9,ec92a6ad-2b42-4e29-93d4-5875f42d31f0,None,None,2,94,2,[],None,None
EXPLOIT_VULN,1048.5958058420388,1057.7747789135155,9.178973071476776,9,ec92a6ad-2b42-4e29-93d4-5875f42d31f0,None,None,2,95,2,[],None,None
EXPLOIT_VULN,1057.7747789135155,1066.6273646189877,8.852585705472166,9,ec92a6ad-2b42-4e29-93d4-5875f42d31f0,None,None,2,96,2,[],None,None
EXPLOIT_VULN,1066.6273646189877,1071.9238553303903,5.296490711402612,9,ec92a6ad-2b42-4e29-93d4-5875f42d31f0,None,None,2,97,2,[],application,ServiceDiversity
SCAN_PORT,1092.4310710268135,1117.4310710268135,25.0,9,ec92a6ad-2b42-4e29-93d4-5875f42d31f0,None,None,2,97,2,[],None,None
EXPLOIT_VULN,1117.4310710268135,1118.6345960879055,1.203525061092023,9,ec92a6ad-2b42-4e29-93d4-5875f42d31f0,None,None,2,97,2,[],None,None
EXPLOIT_VULN,1118.6345960879055,1119.5889807335045,0.9543846455990206,9,ec92a6ad-2b42-4e29-93d4-5875f42d31f0,None,None,2,98,2,[],None,None
EXPLOIT_VULN,1119.5889807335045,1121.4278889783027,1.8389082447981764,9,ec92a6ad-2b42-4e29-93d4-5875f42d31f0,None,None,2,99,2,[],None,None
EXPLOIT_VULN,1121.4278889783027,1126.0791909322643,4.6513019539615925,9,ec92a6ad-2b42-4e29-93d4-5875f42d31f0,None,None,2,100,2,[],None,None
EXPLOIT_VULN,1126.0791909322643,1129.5669625643238,3.487771632059548,9,ec92a6ad-2b42-4e29-93d4-5875f42d31f0,None,None,2,101,2,[],None,None
EXPLOIT_VULN,1129.5669625643238,1136.5430282269822,6.976065662658357,9,ec92a6ad-2b42-4e29-93d4-5875f42d31f0,None,None,2,102,2,[],None,None
EXPLOIT_VULN,1136.5430282269822,1140.0602324697688,3.5172042427866472,9,ec92a6ad-2b42-4e29-93d4-5875f42d31f0,None,None,2,103,2,[],None,None
EXPLOIT_VULN,1140.0602324697688,1142.7767939911175,2.7165615213486944,9,ec92a6ad-2b42-4e29-93d4-5875f42d31f0,None,None,2,104,2,[],None,None
EXPLOIT_VULN,1142.7767939911175,1152.788225999926,10.01143200880847,9,ec92a6ad-2b42-4e29-93d4-5875f42d31f0,None,None,2,105,2,[],None,None
EXPLOIT_VULN,1152.788225999926,1163.1084785786015,10.320252578675536,9,ec92a6ad-2b42-4e29-93d4-5875f42d31f0,None,None,2,106,2,[],None,None
EXPLOIT_VULN,1163.1084785786015,1176.9469674694342,13.83848889083265,9,ec92a6ad-2b42-4e29-93d4-5875f42d31f0,None,None,2,107,2,[],None,None
EXPLOIT_VULN,1176.9469674694342,1190.4017368553357,13.4547693859015,9,ec92a6ad-2b42-4e29-93d4-5875f42d31f0,None,None,2,108,2,[],None,None
EXPLOIT_VULN,1190.4017368553357,1197.4489454129246,7.047208557588874,9,ec92a6ad-2b42-4e29-93d4-5875f42d31f0,None,None,2,109,2,[],None,None
EXPLOIT_VULN,1197.4489454129246,1207.0856417759956,9.636696363070996,9,ec92a6ad-2b42-4e29-93d4-5875f42d31f0,None,None,2,110,2,[],None,None
EXPLOIT_VULN,1207.0856417759956,1214.3229598374207,7.237318061425185,9,ec92a6ad-2b42-4e29-93d4-5875f42d31f0,None,None,2,111,2,[],None,None
EXPLOIT_VULN,1214.3229598374207,1220.840342970496,6.517383133075327,9,ec92a6ad-2b42-4e29-93d4-5875f42d31f0,None,None,2,112,2,[],None,None
EXPLOIT_VULN,1220.840342970496,1230.4906211255989,9.650278155102797,9,ec92a6ad-2b42-4e29-93d4-5875f42d31f0,None,None,2,113,2,[],None,None
EXPLOIT_VULN,1230.4906211255989,1234.8646471340637,4.374026008464853,9,ec92a6ad-2b42-4e29-93d4-5875f42d31f0,None,None,2,114,2,[],None,None
EXPLOIT_VULN,1234.8646471340637,1240.8868957482312,6.022248614167438,9,ec92a6ad-2b42-4e29-93d4-5875f42d31f0,None,None,2,115,2,[],None,None
EXPLOIT_VULN,1240.8868957482312,1247.9139546639515,7.027058915720318,9,ec92a6ad-2b42-4e29-93d4-5875f42d31f0,None,None,2,116,2,[],None,None
BRUTE_FORCE,1247.9139546639515,1267.9139546639515,20.0,9,ec92a6ad-2b42-4e29-93d4-5875f42d31f0,None,None,2,117,2,[],None,None
ENUM_HOST,1267.9139546639515,1272.9139546639515,5.0,9,ec92a6ad-2b42-4e29-93d4-5875f42d31f0,None,None,2,117,2,[],None,None
SCAN_PORT,1272.9139546639515,1297.9139546639515,25.0,1,7fb9112a-44c7-4dc3-9f20-1507951ee638,None,None,1,117,2,[],None,None
EXPLOIT_VULN,1297.9139546639515,1298.936775849993,1.022821186041483,1,7fb9112a-44c7-4dc3-9f20-1507951ee638,None,None,1,117,2,[],None,None
EXPLOIT_VULN,1298.936775849993,1299.8206269668506,0.8838511168576133,1,7fb9112a-44c7-4dc3-9f20-1507951ee638,None,None,1,118,2,[],None,None
EXPLOIT_VULN,1299.8206269668506,1302.7240141002526,2.9033871334020205,1,7fb9112a-44c7-4dc3-9f20-1507951ee638,None,None,1,119,2,[],None,None
EXPLOIT_VULN,1302.7240141002526,1305.7898547091586,3.065840608906001,1,7fb9112a-44c7-4dc3-9f20-1507951ee638,None,None,1,120,2,[],None,None
EXPLOIT_VULN,1305.7898547091586,1307.8538820121216,2.0640273029630407,1,7fb9112a-44c7-4dc3-9f20-1507951ee638,None,None,1,121,2,[],None,None
EXPLOIT_VULN,1307.8538820121216,1312.1822204138293,4.328338401707697,1,7fb9112a-44c7-4dc3-9f20-1507951ee638,None,None,1,122,2,[],network,CompleteTopologyShuffle
SCAN_HOST,1332.6805979075941,1337.6805979075941,5.0,-1,-1,None,None,0,122,2,[],None,None
ENUM_HOST,1337.6805979075941,1342.6805979075941,5.0,-1,-1,None,None,0,122,2,[],None,None
SCAN_PORT,1342.6805979075941,1367.6805979075941,25.0,12,59b42036-d1d0-4af9-9416-7937abf6b940,None,None,1,122,2,[],None,None
EXPLOIT_VULN,1367.6805979075941,1369.4897601554683,1.8091622478741556,12,59b42036-d1d0-4af9-9416-7937abf6b940,None,None,1,122,2,[],None,None
EXPLOIT_VULN,1369.4897601554683,1373.5909311648606,4.101171009392374,12,59b42036-d1d0-4af9-9416-7937abf6b940,None,None,1,123,2,[],None,None
EXPLOIT_VULN,1373.5909311648606,1378.4314535160888,4.840522351228174,12,59b42036-d1d0-4af9-9416-7937abf6b940,None,None,1,124,2,[],None,None
EXPLOIT_VULN,1378.4314535160888,1384.9958174527678,6.564363936679001,12,59b42036-d1d0-4af9-9416-7937abf6b940,None,None,1,125,2,[],None,None
EXPLOIT_VULN,1384.9958174527678,1401.7726793049094,16.776861852141565,12,59b42036-d1d0-4af9-9416-7937abf6b940,None,None,1,126,2,[],None,None
EXPLOIT_VULN,1401.7726793049094,1416.9815935802353,15.208914275325924,12,59b42036-d1d0-4af9-9416-7937abf6b940,None,None,1,127,2,[],None,None
EXPLOIT_VULN,1416.9815935802353,1426.3295771900723,9.347983609837001,12,59b42036-d1d0-4af9-9416-7937abf6b940,None,None,1,128,2,[],None,None
EXPLOIT_VULN,1426.3295771900723,1434.4823223326841,8.15274514261182,12,59b42036-d1d0-4af9-9416-7937abf6b940,None,None,1,129,2,[],None,None
EXPLOIT_VULN,1434.4823223326841,1437.4033994871163,2.9210771544321688,12,59b42036-d1d0-4af9-9416-7937abf6b940,None,None,1,130,2,[],None,None
BRUTE_FORCE,1437.4033994871163,1457.4033994871163,20.0,12,59b42036-d1d0-4af9-9416-7937abf6b940,None,None,1,131,2,[],None,None
ENUM_HOST,1457.4033994871163,1462.4033994871163,5.0,12,59b42036-d1d0-4af9-9416-7937abf6b940,None,None,1,131,2,[],None,None
SCAN_PORT,1462.4033994871163,1482.190796885909,19.78739739879279,1,7fb9112a-44c7-4dc3-9f20-1507951ee638,None,None,2,131,2,[],application,OSDiversity
SCAN_PORT,1502.3856707253246,1527.3856707253246,25.0,1,7fb9112a-44c7-4dc3-9f20-1507951ee638,None,None,2,131,2,[],None,None
EXPLOIT_VULN,1527.3856707253246,1528.4600808880425,1.074410162717868,1,7fb9112a-44c7-4dc3-9f20-1507951ee638,None,None,2,131,2,[],None,None
EXPLOIT_VULN,1528.4600808880425,1531.361275828655,2.901194940612413,1,7fb9112a-44c7-4dc3-9f20-1507951ee638,None,None,2,132,2,[],None,None
EXPLOIT_VULN,1531.361275828655,1540.3079641560296,8.946688327374659,1,7fb9112a-44c7-4dc3-9f20-1507951ee638,None,None,2,133,2,[],None,None
EXPLOIT_VULN,1540.3079641560296,1546.0800371309363,5.772072974906678,1,7fb9112a-44c7-4dc3-9f20-1507951ee638,None,None,2,134,2,[],None,None
EXPLOIT_VULN,1546.0800371309363,1550.0416544679579,3.9616173370216075,1,7fb9112a-44c7-4dc3-9f20-1507951ee638,None,None,2,135,2,[],None,None
EXPLOIT_VULN,1550.0416544679579,1558.8516165094434,8.809962041485505,1,7fb9112a-44c7-4dc3-9f20-1507951ee638,None,None,2,136,2,[],None,None
EXPLOIT_VULN,1558.8516165094434,1561.0454136032429,2.1937970937995033,1,7fb9112a-44c7-4dc3-9f20-1507951ee638,None,None,2,137,2,[],None,None
EXPLOIT_VULN,1561.0454136032429,1563.9920648116113,2.946651208368394,1,7fb9112a-44c7-4dc3-9f20-1507951ee638,None,None,2,138,2,[],None,None
EXPLOIT_VULN,1563.9920648116113,1570.2363548720728,6.244290060461481,1,7fb9112a-44c7-4dc3-9f20-1507951ee638,None,None,2,139,2,[],None,None
EXPLOIT_VULN,1570.2363548720728,1576.214902605172,5.978547733099276,1,7fb9112a-44c7-4dc3-9f20-1507951ee638,None,None,2,140,2,[],None,None
EXPLOIT_VULN,1576.214902605172,1584.4761054455657,8.261202840393707,1,7fb9112a-44c7-4dc3-9f20-1507951ee638,None,None,2,141,2,[],None,None
EXPLOIT_VULN,1584.4761054455657,1590.4339419294224,5.957836483856681,1,7fb9112a-44c7-4dc3-9f20-1507951ee638,None,None,2,142,2,[],None,None
BRUTE_FORCE,1590.4339419294224,1610.4339419294224,20.0,1,7fb9112a-44c7-4dc3-9f20-1507951ee638,None,None,2,143,2,[],None,None
ENUM_HOST,1610.4339419294224,1615.4339419294224,5.0,1,7fb9112a-44c7-4dc3-9f20-1507951ee638,None,None,2,143,2,[],None,None
SCAN_PORT,1615.4339419294224,1640.4339419294224,25.0,2,fc9746b1-979d-43ad-b52a-a9c47dada09f,None,None,1,143,2,[],None,None
EXPLOIT_VULN,1640.4339419294224,1640.7579917309008,0.32404980147839524,2,fc9746b1-979d-43ad-b52a-a9c47dada09f,None,None,1,143,2,[],None,None
EXPLOIT_VULN,1640.7579917309008,1642.2393457457847,1.481354014883891,2,fc9746b1-979d-43ad-b52a-a9c47dada09f,None,None,1,144,2,[],None,None
EXPLOIT_VULN,1642.2393457457847,1645.9898620314086,3.7505162856239167,2,fc9746b1-979d-43ad-b52a-a9c47dada09f,None,None,1,145,2,[],None,None
EXPLOIT_VULN,1645.9898620314086,1652.872806475163,6.882944443754468,2,fc9746b1-979d-43ad-b52a-a9c47dada09f,None,None,1,146,2,[],None,None
EXPLOIT_VULN,1652.872806475163,1659.9689866137767,7.09618013861359,2,fc9746b1-979d-43ad-b52a-a9c47dada09f,None,None,1,147,2,[],None,None
EXPLOIT_VULN,1659.9689866137767,1665.7567495438989,5.787762930122199,2,fc9746b1-979d-43ad-b52a-a9c47dada09f,None,None,1,148,2,[],None,None
EXPLOIT_VULN,1665.7567495438989,1673.307747194008,7.550997650109139,2,fc9746b1-979d-43ad-b52a-a9c47dada09f,None,None,1,149,2,[],None,None
EXPLOIT_VULN,1673.307747194008,1675.195731717128,1.8879845231199397,2,fc9746b1-979d-43ad-b52a-a9c47dada09f,None,None,1,150,2,[],None,None
EXPLOIT_VULN,1675.195731717128,1688.8250876225532,13.6293559054252,2,fc9746b1-979d-43ad-b52a-a9c47dada09f,None,None,1,151,2,[],None,None
EXPLOIT_VULN,1688.8250876225532,1702.838335011636,14.013247389082835,2,fc9746b1-979d-43ad-b52a-a9c47dada09f,None,None,1,152,2,[],network,IPShuffle
SCAN_HOST,1723.5690139686405,1728.5690139686405,5.0,-1,-1,None,None,0,152,2,[],None,None
ENUM_HOST,1728.5690139686405,1733.5690139686405,5.0,-1,-1,None,None,0,152,2,[],None,None
SCAN_PORT,1733.5690139686405,1758.5690139686405,25.0,12,59b42036-d1d0-4af9-9416-7937abf6b940,None,None,2,152,2,[],None,None
EXPLOIT_VULN,1758.5690139686405,1759.617114707166,1.0481007385253633,12,59b42036-d1d0-4af9-9416-7937abf6b940,None,None,2,152,2,[],None,None
EXPLOIT_VULN,1759.617114707166,1762.323996035362,2.7068813281960047,12,59b42036-d1d0-4af9-9416-7937abf6b940,None,None,2,153,2,[],None,None
EXPLOIT_VULN,1762.323996035362,1780.1836723216466,17.85967628628464,12,59b42036-d1d0-4af9-9416-7937abf6b940,None,None,2,154,2,[],None,None
EXPLOIT_VULN,1780.1836723216466,1797.4609588112369,17.277286489590324,12,59b42036-d1d0-4af9-9416-7937abf6b940,None,None,2,155,2,[],None,None
EXPLOIT_VULN,1797.4609588112369,1812.0801695279558,14.619210716718953,12,59b42036-d1d0-4af9-9416-7937abf6b940,None,None,2,156,2,[],None,None
EXPLOIT_VULN,1812.0801695279558,1820.9104550897655,8.83028556180966,12,59b42036-d1d0-4af9-9416-7937abf6b940,None,None,2,157,2,[],None,None
EXPLOIT_VULN,1820.9104550897655,1826.964967253562,6.054512163796517,12,59b42036-d1d0-4af9-9416-7937abf6b940,None,None,2,158,2,[],None,None
EXPLOIT_VULN,1826.964967253562,1834.8933787151877,7.928411461625728,12,59b42036-d1d0-4af9-9416-7937abf6b940,12,59b42036-d1d0-4af9-9416-7937abf6b940,2,159,2,"['Jemie', 'Annamaria', 'Mina', 'Lezlie', 'Clemmie']",None,None
SCAN_NEIGHBOR,1834.8933787151877,1839.8933787151877,5.0,12,59b42036-d1d0-4af9-9416-7937abf6b940,None,None,2,160,3,[],None,None
ENUM_HOST,1839.8933787151877,1844.8933787151877,5.0,12,59b42036-d1d0-4af9-9416-7937abf6b940,None,None,2,160,3,[],None,None
SCAN_PORT,1844.8933787151877,1869.8933787151877,25.0,8,024a49ed-aa41-48c9-86e9-79d40e6b5fd2,None,None,1,160,3,[],None,None
EXPLOIT_VULN,1869.8933787151877,1871.5868060171697,1.6934273019819557,8,024a49ed-aa41-48c9-86e9-79d40e6b5fd2,None,None,1,160,3,[],None,None
EXPLOIT_VULN,1871.5868060171697,1872.6931368687444,1.1063308515747394,8,024a49ed-aa41-48c9-86e9-79d40e6b5fd2,None,None,1,161,3,[],None,None
EXPLOIT_VULN,1872.6931368687444,1873.3899457563316,0.6968088875871672,8,024a49ed-aa41-48c9-86e9-79d40e6b5fd2,None,None,1,162,3,[],None,None
EXPLOIT_VULN,1873.3899457563316,1874.4565753402499,1.0666295839182567,8,024a49ed-aa41-48c9-86e9-79d40e6b5fd2,None,None,1,163,3,[],None,None
EXPLOIT_VULN,1874.4565753402499,1874.5827486833555,0.12617334310562,8,024a49ed-aa41-48c9-86e9-79d40e6b5fd2,None,None,1,164,3,[],application,ServiceDiversity
SCAN_PORT,1895.258908788763,1920.258908788763,25.0,8,024a49ed-aa41-48c9-86e9-79d40e6b5fd2,None,None,1,164,3,[],None,None
EXPLOIT_VULN,1920.258908788763,1921.1202338585013,0.8613250697383137,8,024a49ed-aa41-48c9-86e9-79d40e6b5fd2,None,None,1,164,3,[],None,None
EXPLOIT_VULN,1921.1202338585013,1925.7384875716573,4.618253713156037,8,024a49ed-aa41-48c9-86e9-79d40e6b5fd2,None,None,1,165,3,[],None,None
EXPLOIT_VULN,1925.7384875716573,1934.5822667153793,8.843779143722031,8,024a49ed-aa41-48c9-86e9-79d40e6b5fd2,None,None,1,166,3,[],None,None
EXPLOIT_VULN,1934.5822667153793,1937.5133289381213,2.931062222741957,8,024a49ed-aa41-48c9-86e9-79d40e6b5fd2,None,None,1,167,3,[],None,None
EXPLOIT_VULN,1937.5133289381213,1939.6077849097196,2.094455971598336,8,024a49ed-aa41-48c9-86e9-79d40e6b5fd2,None,None,1,168,3,[],None,None
EXPLOIT_VULN,1939.6077849097196,1945.636186945041,6.028402035321278,8,024a49ed-aa41-48c9-86e9-79d40e6b5fd2,None,None,1,169,3,[],None,None
EXPLOIT_VULN,1945.636186945041,1952.326376667093,6.690189722052082,8,024a49ed-aa41-48c9-86e9-79d40e6b5fd2,None,None,1,170,3,[],None,None
EXPLOIT_VULN,1952.326376667093,1958.4150144085734,6.088637741480397,8,024a49ed-aa41-48c9-86e9-79d40e6b5fd2,None,None,1,171,3,[],None,None
EXPLOIT_VULN,1958.4150144085734,1978.5533250637995,20.138310655226178,8,024a49ed-aa41-48c9-86e9-79d40e6b5fd2,None,None,1,172,3,[],None,None
EXPLOIT_VULN,1978.5533250637995,1987.388611399962,8.835286336162426,8,024a49ed-aa41-48c9-86e9-79d40e6b5fd2,None,None,1,173,3,[],None,None
EXPLOIT_VULN,1987.388611399962,1991.689728527684,4.3011171277221365,8,024a49ed-aa41-48c9-86e9-79d40e6b5fd2,None,None,1,174,3,[],None,None
BRUTE_FORCE,1991.689728527684,2011.689728527684,20.0,8,024a49ed-aa41-48c9-86e9-79d40e6b5fd2,None,None,1,175,3,[],None,None
ENUM_HOST,2011.689728527684,2016.689728527684,5.0,8,024a49ed-aa41-48c9-86e9-79d40e6b5fd2,None,None,1,175,3,[],None,None
ENUM_HOST,2016.689728527684,2021.689728527684,5.0,0,fded618b-755e-4916-a744-a5e3bae73235,None,None,2,175,3,[],None,None
SCAN_PORT,2021.689728527684,2046.689728527684,25.0,1,7fb9112a-44c7-4dc3-9f20-1507951ee638,None,None,3,175,3,[],None,None
EXPLOIT_VULN,2046.689728527684,2047.6962374133839,1.006508885699759,1,7fb9112a-44c7-4dc3-9f20-1507951ee638,None,None,3,175,3,[],None,None
EXPLOIT_VULN,2047.6962374133839,2050.455262949547,2.759025536163108,1,7fb9112a-44c7-4dc3-9f20-1507951ee638,None,None,3,176,3,[],None,None
EXPLOIT_VULN,2050.455262949547,2052.881961237372,2.42669828782482,1,7fb9112a-44c7-4dc3-9f20-1507951ee638,None,None,3,177,3,[],None,None
EXPLOIT_VULN,2052.881961237372,2055.2732306913463,2.3912694539744734,1,7fb9112a-44c7-4dc3-9f20-1507951ee638,None,None,3,178,3,[],None,None
EXPLOIT_VULN,2055.2732306913463,2063.521097207021,8.24786651567456,1,7fb9112a-44c7-4dc3-9f20-1507951ee638,None,None,3,179,3,[],None,None
EXPLOIT_VULN,2063.521097207021,2067.4451000501,3.9240028430790517,1,7fb9112a-44c7-4dc3-9f20-1507951ee638,None,None,3,180,3,[],None,None
EXPLOIT_VULN,2067.4451000501,2074.9400358949474,7.494935844847532,1,7fb9112a-44c7-4dc3-9f20-1507951ee638,None,None,3,181,3,[],application,ServiceDiversity
SCAN_PORT,2095.0443746641918,2120.0443746641918,25.0,1,7fb9112a-44c7-4dc3-9f20-1507951ee638,None,None,3,181,3,[],None,None
EXPLOIT_VULN,2120.0443746641918,2121.3546025662154,1.3102279020235983,1,7fb9112a-44c7-4dc3-9f20-1507951ee638,None,None,3,181,3,[],None,None
EXPLOIT_VULN,2121.3546025662154,2125.2229990198975,3.8683964536821804,1,7fb9112a-44c7-4dc3-9f20-1507951ee638,None,None,3,182,3,[],None,None
EXPLOIT_VULN,2125.2229990198975,2133.876021935143,8.653022915245401,1,7fb9112a-44c7-4dc3-9f20-1507951ee638,None,None,3,183,3,[],None,None
EXPLOIT_VULN,2133.876021935143,2136.466278389693,2.5902564545499445,1,7fb9112a-44c7-4dc3-9f20-1507951ee638,None,None,3,184,3,[],None,None
EXPLOIT_VULN,2136.466278389693,2144.9955898941,8.529311504406905,1,7fb9112a-44c7-4dc3-9f20-1507951ee638,None,None,3,185,3,[],None,None
EXPLOIT_VULN,2144.9955898941,2152.8340221338103,7.838432239710528,1,7fb9112a-44c7-4dc3-9f20-1507951ee638,None,None,3,186,3,[],None,None
EXPLOIT_VULN,2152.8340221338103,2159.2891772996627,6.455155165852375,1,7fb9112a-44c7-4dc3-9f20-1507951ee638,None,None,3,187,3,[],None,None
BRUTE_FORCE,2159.2891772996627,2179.2891772996627,20.0,1,7fb9112a-44c7-4dc3-9f20-1507951ee638,None,None,3,188,3,[],None,None
ENUM_HOST,2179.2891772996627,2184.2891772996627,5.0,1,7fb9112a-44c7-4dc3-9f20-1507951ee638,None,None,3,188,3,[],None,None
SCAN_PORT,2184.2891772996627,2209.2891772996627,25.0,2,fc9746b1-979d-43ad-b52a-a9c47dada09f,None,None,2,188,3,[],None,None
EXPLOIT_VULN,2209.2891772996627,2216.529246617368,7.2400693177050925,2,fc9746b1-979d-43ad-b52a-a9c47dada09f,None,None,2,188,3,[],None,None
EXPLOIT_VULN,2216.529246617368,2229.6486601540387,13.11941353667089,2,fc9746b1-979d-43ad-b52a-a9c47dada09f,None,None,2,189,3,[],None,None
EXPLOIT_VULN,2229.6486601540387,2237.6484061845704,7.999746030531696,2,fc9746b1-979d-43ad-b52a-a9c47dada09f,None,None,2,190,3,[],None,None
EXPLOIT_VULN,2237.6484061845704,2255.0415386611903,17.39313247661994,2,fc9746b1-979d-43ad-b52a-a9c47dada09f,None,None,2,191,3,[],None,None
EXPLOIT_VULN,2255.0415386611903,2260.3711413034453,5.32960264225494,2,fc9746b1-979d-43ad-b52a-a9c47dada09f,None,None,2,192,3,[],None,None
EXPLOIT_VULN,2260.3711413034453,2268.5278585637507,8.156717260305413,2,fc9746b1-979d-43ad-b52a-a9c47dada09f,None,None,2,193,3,[],None,None
EXPLOIT_VULN,2268.5278585637507,2272.720633938801,4.192775375050132,2,fc9746b1-979d-43ad-b52a-a9c47dada09f,None,None,2,194,3,[],None,None
EXPLOIT_VULN,2272.720633938801,2279.0074846566845,6.286850717883681,2,fc9746b1-979d-43ad-b52a-a9c47dada09f,None,None,2,195,3,[],None,None
EXPLOIT_VULN,2279.0074846566845,2285.971623480194,6.964138823509529,2,fc9746b1-979d-43ad-b52a-a9c47dada09f,None,None,2,196,3,[],None,None
EXPLOIT_VULN,2285.971623480194,2299.878618252161,13.906994771966765,2,fc9746b1-979d-43ad-b52a-a9c47dada09f,None,None,2,197,3,[],None,None
EXPLOIT_VULN,2299.878618252161,2307.4232558084605,7.544637556299676,2,fc9746b1-979d-43ad-b52a-a9c47dada09f,None,None,2,198,3,[],None,None
EXPLOIT_VULN,2307.4232558084605,2315.8386035633393,8.415347754878894,2,fc9746b1-979d-43ad-b52a-a9c47dada09f,None,None,2,199,3,[],network,CompleteTopologyShuffle
SCAN_HOST,2335.9702193706366,2340.9702193706366,5.0,-1,-1,None,None,0,199,3,[],None,None
ENUM_HOST,2340.9702193706366,2345.9702193706366,5.0,-1,-1,None,None,0,199,3,[],None,None
SCAN_PORT,2345.9702193706366,2370.9702193706366,25.0,15,0c4aa51a-0b8c-4175-b9e6-46cfe860e67b,None,None,1,199,3,[],None,None
EXPLOIT_VULN,2370.9702193706366,2373.452103650164,2.4818842795275486,15,0c4aa51a-0b8c-4175-b9e6-46cfe860e67b,None,None,1,199,3,[],None,None
EXPLOIT_VULN,2373.452103650164,2375.777760736308,2.3256570861440196,15,0c4aa51a-0b8c-4175-b9e6-46cfe860e67b,None,None,1,200,3,[],None,None
EXPLOIT_VULN,2375.777760736308,2379.622674586334,3.8449138500259323,15,0c4aa51a-0b8c-4175-b9e6-46cfe860e67b,None,None,1,201,3,[],None,None
EXPLOIT_VULN,2379.622674586334,2380.7713821481234,1.1487075617892515,15,0c4aa51a-0b8c-4175-b9e6-46cfe860e67b,None,None,1,202,3,[],None,None
EXPLOIT_VULN,2380.7713821481234,2384.5664884404487,3.795106292325272,15,0c4aa51a-0b8c-4175-b9e6-46cfe860e67b,None,None,1,203,3,[],None,None
EXPLOIT_VULN,2384.5664884404487,2388.665372807042,4.098884366593211,15,0c4aa51a-0b8c-4175-b9e6-46cfe860e67b,None,None,1,204,3,[],None,None
EXPLOIT_VULN,2388.665372807042,2392.010230253618,3.344857446576043,15,0c4aa51a-0b8c-4175-b9e6-46cfe860e67b,None,None,1,205,3,[],None,None
EXPLOIT_VULN,2392.010230253618,2403.1873962437235,11.17716599010555,15,0c4aa51a-0b8c-4175-b9e6-46cfe860e67b,None,None,1,206,3,[],None,None
EXPLOIT_VULN,2403.1873962437235,2407.802202458885,4.6148062151614795,15,0c4aa51a-0b8c-4175-b9e6-46cfe860e67b,None,None,1,207,3,[],None,None
EXPLOIT_VULN,2407.802202458885,2412.981177500838,5.178975041952981,15,0c4aa51a-0b8c-4175-b9e6-46cfe860e67b,None,None,1,208,3,[],None,None
EXPLOIT_VULN,2412.981177500838,2419.164896932115,6.183719431277041,15,0c4aa51a-0b8c-4175-b9e6-46cfe860e67b,None,None,1,209,3,[],None,None
EXPLOIT_VULN,2419.164896932115,2425.2828445727714,6.117947640656439,15,0c4aa51a-0b8c-4175-b9e6-46cfe860e67b,None,None,1,210,3,[],None,None
EXPLOIT_VULN,2425.2828445727714,2430.26126587225,4.9784212994786685,15,0c4aa51a-0b8c-4175-b9e6-46cfe860e67b,None,None,1,211,3,[],None,None
EXPLOIT_VULN,2430.26126587225,2436.9238858626372,6.662619990387157,15,0c4aa51a-0b8c-4175-b9e6-46cfe860e67b,None,None,1,212,3,[],None,None
EXPLOIT_VULN,2436.9238858626372,2444.7726982274153,7.848812364778041,15,0c4aa51a-0b8c-4175-b9e6-46cfe860e67b,None,None,1,213,3,[],None,None
EXPLOIT_VULN,2444.7726982274153,2451.5714140896325,6.79871586221725,15,0c4aa51a-0b8c-4175-b9e6-46cfe860e67b,None,None,1,214,3,[],None,None
EXPLOIT_VULN,2451.5714140896325,2457.2386325619536,5.66721847232111,15,0c4aa51a-0b8c-4175-b9e6-46cfe860e67b,None,None,1,215,3,[],None,None
EXPLOIT_VULN,2457.2386325619536,2462.7509796143927,5.512347052439054,15,0c4aa51a-0b8c-4175-b9e6-46cfe860e67b,None,None,1,216,3,[],None,None
EXPLOIT_VULN,2462.7509796143927,2482.3740869922535,19.623107377860833,15,0c4aa51a-0b8c-4175-b9e6-46cfe860e67b,None,None,1,217,3,[],None,None
EXPLOIT_VULN,2482.3740869922535,2485.469442492919,3.0953555006653914,15,0c4aa51a-0b8c-4175-b9e6-46cfe860e67b,None,None,1,218,3,[],application,OSDiversity
SCAN_PORT,2505.940313995981,2530.940313995981,25.0,15,0c4aa51a-0b8c-4175-b9e6-46cfe860e67b,None,None,1,218,3,[],None,None
EXPLOIT_VULN,2530.940313995981,2532.228531783498,1.2882177875171692,15,0c4aa51a-0b8c-4175-b9e6-46cfe860e67b,None,None,1,218,3,[],None,None
EXPLOIT_VULN,2532.228531783498,2533.1699815876245,0.9414498041264778,15,0c4aa51a-0b8c-4175-b9e6-46cfe860e67b,None,None,1,219,3,[],None,None
EXPLOIT_VULN,2533.1699815876245,2537.8577313163564,4.6877497287318874,15,0c4aa51a-0b8c-4175-b9e6-46cfe860e67b,None,None,1,220,3,[],None,None
EXPLOIT_VULN,2537.8577313163564,2540.695270848963,2.83753953260657,15,0c4aa51a-0b8c-4175-b9e6-46cfe860e67b,None,None,1,221,3,[],None,None
EXPLOIT_VULN,2540.695270848963,2550.4461517860223,9.750880937059264,15,0c4aa51a-0b8c-4175-b9e6-46cfe860e67b,None,None,1,222,3,[],None,None
EXPLOIT_VULN,2550.4461517860223,2561.6117674809207,11.165615694898406,15,0c4aa51a-0b8c-4175-b9e6-46cfe860e67b,None,None,1,223,3,[],None,None
EXPLOIT_VULN,2561.6117674809207,2568.9135359370202,7.30176845609958,15,0c4aa51a-0b8c-4175-b9e6-46cfe860e67b,None,None,1,224,3,[],None,None
EXPLOIT_VULN,2568.9135359370202,2573.8504572248835,4.9369212878632425,15,0c4aa51a-0b8c-4175-b9e6-46cfe860e67b,None,None,1,225,3,[],None,None
EXPLOIT_VULN,2573.8504572248835,2591.171999806607,17.321542581723406,15,0c4aa51a-0b8c-4175-b9e6-46cfe860e67b,None,None,1,226,3,[],None,None
EXPLOIT_VULN,2591.171999806607,2594.828206186068,3.6562063794613096,15,0c4aa51a-0b8c-4175-b9e6-46cfe860e67b,None,None,1,227,3,[],None,None
EXPLOIT_VULN,2594.828206186068,2602.4035472627243,7.575341076656059,15,0c4aa51a-0b8c-4175-b9e6-46cfe860e67b,None,None,1,228,3,[],None,None
EXPLOIT_VULN,2602.4035472627243,2616.9711457432277,14.56759848050342,15,0c4aa51a-0b8c-4175-b9e6-46cfe860e67b,None,None,1,229,3,[],None,None
EXPLOIT_VULN,2616.9711457432277,2619.047856505537,2.076710762309176,15,0c4aa51a-0b8c-4175-b9e6-46cfe860e67b,None,None,1,230,3,[],None,None
EXPLOIT_VULN,2619.047856505537,2639.660035055616,20.61217855007908,15,0c4aa51a-0b8c-4175-b9e6-46cfe860e67b,None,None,1,231,3,[],None,None
EXPLOIT_VULN,2639.660035055616,2642.7475894128747,3.087554357258796,15,0c4aa51a-0b8c-4175-b9e6-46cfe860e67b,None,None,1,232,3,[],None,None
EXPLOIT_VULN,2642.7475894128747,2651.575436502114,8.827847089239185,15,0c4aa51a-0b8c-4175-b9e6-46cfe860e67b,None,None,1,233,3,[],None,None
EXPLOIT_VULN,2651.575436502114,2660.390788847778,8.815352345663996,15,0c4aa51a-0b8c-4175-b9e6-46cfe860e67b,None,None,1,234,3,[],None,None
EXPLOIT_VULN,2660.390788847778,2675.7689531648502,15.378164317072333,15,0c4aa51a-0b8c-4175-b9e6-46cfe860e67b,None,None,1,235,3,[],application,ServiceDiversity
SCAN_PORT,2696.032097430238,2721.032097430238,25.0,15,0c4aa51a-0b8c-4175-b9e6-46cfe860e67b,None,None,1,235,3,[],None,None
EXPLOIT_VULN,2721.032097430238,2721.7430598510878,0.7109624208496825,15,0c4aa51a-0b8c-4175-b9e6-46cfe860e67b,None,None,1,235,3,[],None,None
EXPLOIT_VULN,2721.7430598510878,2722.5012222889354,0.758162437847659,15,0c4aa51a-0b8c-4175-b9e6-46cfe860e67b,None,None,1,236,3,[],None,None
EXPLOIT_VULN,2722.5012222889354,2724.0214345859595,1.5202122970240453,15,0c4aa51a-0b8c-4175-b9e6-46cfe860e67b,None,None,1,237,3,[],None,None
EXPLOIT_VULN,2724.0214345859595,2729.120541436115,5.099106850155749,15,0c4aa51a-0b8c-4175-b9e6-46cfe860e67b,None,None,1,238,3,[],None,None
EXPLOIT_VULN,2729.120541436115,2732.084475607749,2.9639341716338095,15,0c4aa51a-0b8c-4175-b9e6-46cfe860e67b,None,None,1,239,3,[],None,None
EXPLOIT_VULN,2732.084475607749,2734.9349109707546,2.850435363005545,15,0c4aa51a-0b8c-4175-b9e6-46cfe860e67b,None,None,1,240,3,[],None,None
EXPLOIT_VULN,2734.9349109707546,2738.905081683773,3.970170713018433,15,0c4aa51a-0b8c-4175-b9e6-46cfe860e67b,None,None,1,241,3,[],None,None
EXPLOIT_VULN,2738.905081683773,2742.6071296536456,3.7020479698726376,15,0c4aa51a-0b8c-4175-b9e6-46cfe860e67b,None,None,1,242,3,[],None,None
EXPLOIT_VULN,2742.6071296536456,2745.0872530036563,2.480123350010672,15,0c4aa51a-0b8c-4175-b9e6-46cfe860e67b,None,None,1,243,3,[],None,None
EXPLOIT_VULN,2745.0872530036563,2754.384023620435,9.296770616778758,15,0c4aa51a-0b8c-4175-b9e6-46cfe860e67b,None,None,1,244,3,[],None,None
EXPLOIT_VULN,2754.384023620435,2759.487239172345,5.103215551910125,15,0c4aa51a-0b8c-4175-b9e6-46cfe860e67b,None,None,1,245,3,[],None,None
EXPLOIT_VULN,2759.487239172345,2775.2746810603185,15.787441887973273,15,0c4aa51a-0b8c-4175-b9e6-46cfe860e67b,None,None,1,246,3,[],None,None
EXPLOIT_VULN,2775.2746810603185,2782.088745290113,6.81406422979444,15,0c4aa51a-0b8c-4175-b9e6-46cfe860e67b,None,None,1,247,3,[],None,None
EXPLOIT_VULN,2782.088745290113,2788.082521043384,5.993775753271166,15,0c4aa51a-0b8c-4175-b9e6-46cfe860e67b,None,None,1,248,3,[],None,None
EXPLOIT_VULN,2788.082521043384,2802.8387362260332,14.756215182649157,15,0c4aa51a-0b8c-4175-b9e6-46cfe860e67b,None,None,1,249,3,[],None,None
EXPLOIT_VULN,2802.8387362260332,2804.8058323712658,1.9670961452325173,15,0c4aa51a-0b8c-4175-b9e6-46cfe860e67b,None,None,1,250,3,[],None,None
EXPLOIT_VULN,2804.8058323712658,2810.2610338293503,5.4552014580845025,15,0c4aa51a-0b8c-4175-b9e6-46cfe860e67b,None,None,1,251,3,[],None,None
EXPLOIT_VULN,2810.2610338293503,2816.138513928388,5.877480099037712,15,0c4aa51a-0b8c-4175-b9e6-46cfe860e67b,None,None,1,252,3,[],None,None
EXPLOIT_VULN,2816.138513928388,2824.9014798908875,8.762965962499493,15,0c4aa51a-0b8c-4175-b9e6-46cfe860e67b,None,None,1,253,3,[],None,None
EXPLOIT_VULN,2824.9014798908875,2833.7372331402726,8.835753249385107,15,0c4aa51a-0b8c-4175-b9e6-46cfe860e67b,None,None,1,254,3,[],None,None
EXPLOIT_VULN,2833.7372331402726,2850.46354229749,16.726309157217656,15,0c4aa51a-0b8c-4175-b9e6-46cfe860e67b,None,None,1,255,3,[],None,None
EXPLOIT_VULN,2850.46354229749,2866.712965557216,16.249423259725972,15,0c4aa51a-0b8c-4175-b9e6-46cfe860e67b,None,None,1,256,3,[],None,None
EXPLOIT_VULN,2866.712965557216,2877.0025482598235,10.289582702607277,15,0c4aa51a-0b8c-4175-b9e6-46cfe860e67b,None,None,1,257,3,[],application,ServiceDiversity
SCAN_PORT,2897.1437623672814,2922.1437623672814,25.0,15,0c4aa51a-0b8c-4175-b9e6-46cfe860e67b,None,None,1,257,3,[],None,None
EXPLOIT_VULN,2922.1437623672814,2922.2681809786964,0.12441861141496702,15,0c4aa51a-0b8c-4175-b9e6-46cfe860e67b,None,None,1,257,3,[],None,None
EXPLOIT_VULN,2922.2681809786964,2923.3396153260683,1.0714343473719055,15,0c4aa51a-0b8c-4175-b9e6-46cfe860e67b,None,None,1,258,3,[],None,None
EXPLOIT_VULN,2923.3396153260683,2924.6097196543196,1.2701043282513638,15,0c4aa51a-0b8c-4175-b9e6-46cfe860e67b,None,None,1,259,3,[],None,None
EXPLOIT_VULN,2924.6097196543196,2926.48968201794,1.879962363620507,15,0c4aa51a-0b8c-4175-b9e6-46cfe860e67b,None,None,1,260,3,[],None,None
EXPLOIT_VULN,2926.48968201794,2928.65848850611,2.1688064881700484,15,0c4aa51a-0b8c-4175-b9e6-46cfe860e67b,None,None,1,261,3,[],None,None
EXPLOIT_VULN,2928.65848850611,2933.2632701253674,4.60478161925721,15,0c4aa51a-0b8c-4175-b9e6-46cfe860e67b,None,None,1,262,3,[],None,None
EXPLOIT_VULN,2933.2632701253674,2934.8544581165634,1.5911879911959659,15,0c4aa51a-0b8c-4175-b9e6-46cfe860e67b,None,None,1,263,3,[],None,None
EXPLOIT_VULN,2934.8544581165634,2936.4865463918877,1.6320882753243495,15,0c4aa51a-0b8c-4175-b9e6-46cfe860e67b,None,None,1,264,3,[],None,None
EXPLOIT_VULN,2936.4865463918877,2938.809588303516,2.3230419116284793,15,0c4aa51a-0b8c-4175-b9e6-46cfe860e67b,None,None,1,265,3,[],None,None
EXPLOIT_VULN,2938.809588303516,2942.2505136324035,3.4409253288872605,15,0c4aa51a-0b8c-4175-b9e6-46cfe860e67b,None,None,1,266,3,[],None,None
EXPLOIT_VULN,2942.2505136324035,2952.3674023214576,10.116888689054122,15,0c4aa51a-0b8c-4175-b9e6-46cfe860e67b,None,None,1,267,3,[],None,None
EXPLOIT_VULN,2952.3674023214576,2954.8938691340195,2.526466812561921,15,0c4aa51a-0b8c-4175-b9e6-46cfe860e67b,None,None,1,268,3,[],None,None
EXPLOIT_VULN,2954.8938691340195,2958.788348570541,3.8944794365215785,15,0c4aa51a-0b8c-4175-b9e6-46cfe860e67b,None,None,1,269,3,[],None,None
EXPLOIT_VULN,2958.788348570541,2969.893726762925,11.105378192383796,15,0c4aa51a-0b8c-4175-b9e6-46cfe860e67b,None,None,1,270,3,[],None,None
EXPLOIT_VULN,2969.893726762925,2980.2874376387745,10.393710875849592,15,0c4aa51a-0b8c-4175-b9e6-46cfe860e67b,None,None,1,271,3,[],None,None
EXPLOIT_VULN,2980.2874376387745,2991.344342052822,11.056904414047494,15,0c4aa51a-0b8c-4175-b9e6-46cfe860e67b,None,None,1,272,3,[],None,None
EXPLOIT_VULN,2991.344342052822,2995.353459472011,4.009117419188897,15,0c4aa51a-0b8c-4175-b9e6-46cfe860e67b,None,None,1,273,3,[],None,None
EXPLOIT_VULN,2995.353459472011,2997.176048543664,1.8225890716530557,15,0c4aa51a-0b8c-4175-b9e6-46cfe860e67b,None,None,1,274,3,[],None,None
EXPLOIT_VULN,2997.176048543664,3000.0807463415454,2.904697797881454,15,0c4aa51a-0b8c-4175-b9e6-46cfe860e67b,None,None,1,275,3,[],None,None
EXPLOIT_VULN,3000.0807463415454,3008.0992954771286,8.018549135583271,15,0c4aa51a-0b8c-4175-b9e6-46cfe860e67b,None,None,1,276,3,[],None,None
EXPLOIT_VULN,3008.0992954771286,3021.1219359846887,13.022640507560027,15,0c4aa51a-0b8c-4175-b9e6-46cfe860e67b,None,None,1,277,3,[],None,None
EXPLOIT_VULN,3021.1219359846887,3028.0850655954755,6.963129610786837,15,0c4aa51a-0b8c-4175-b9e6-46cfe860e67b,None,None,1,278,3,[],None,None
EXPLOIT_VULN,3028.0850655954755,3033.9384506032393,5.853385007763791,15,0c4aa51a-0b8c-4175-b9e6-46cfe860e67b,None,None,1,279,3,[],None,None
EXPLOIT_VULN,3033.9384506032393,3041.6807040993267,7.7422534960874145,15,0c4aa51a-0b8c-4175-b9e6-46cfe860e67b,None,None,1,280,3,[],None,None
EXPLOIT_VULN,3041.6807040993267,3048.3271733742513,6.646469274924584,15,0c4aa51a-0b8c-4175-b9e6-46cfe860e67b,None,None,1,281,3,[],None,None
EXPLOIT_VULN,3048.3271733742513,3055.0638712364585,6.736697862207166,15,0c4aa51a-0b8c-4175-b9e6-46cfe860e67b,None,None,1,282,3,[],None,None
EXPLOIT_VULN,3055.0638712364585,3060.7937172284305,5.72984599197207,15,0c4aa51a-0b8c-4175-b9e6-46cfe860e67b,None,None,1,283,3,[],None,None
EXPLOIT_VULN,3060.7937172284305,3069.9791357876943,9.18541855926378,15,0c4aa51a-0b8c-4175-b9e6-46cfe860e67b,None,None,1,284,3,[],None,None
EXPLOIT_VULN,3069.9791357876943,3076.4907631802985,6.511627392604169,15,0c4aa51a-0b8c-4175-b9e6-46cfe860e67b,None,None,1,285,3,[],application,ServiceDiversity
SCAN_PORT,3097.352329583058,3122.352329583058,25.0,15,0c4aa51a-0b8c-4175-b9e6-46cfe860e67b,None,None,1,285,3,[],None,None
EXPLOIT_VULN,3122.352329583058,3124.3843001979285,2.0319706148707155,15,0c4aa51a-0b8c-4175-b9e6-46cfe860e67b,None,None,1,285,3,[],None,None
EXPLOIT_VULN,3124.3843001979285,3127.3734888381105,2.9891886401819647,15,0c4aa51a-0b8c-4175-b9e6-46cfe860e67b,None,None,1,286,3,[],None,None
EXPLOIT_VULN,3127.3734888381105,3128.8744182205423,1.5009293824318775,15,0c4aa51a-0b8c-4175-b9e6-46cfe860e67b,None,None,1,287,3,[],None,None
EXPLOIT_VULN,3128.8744182205423,3134.296690671252,5.422272450709443,15,0c4aa51a-0b8c-4175-b9e6-46cfe860e67b,None,None,1,288,3,[],None,None
EXPLOIT_VULN,3134.296690671252,3143.541049101626,9.244358430374177,15,0c4aa51a-0b8c-4175-b9e6-46cfe860e67b,None,None,1,289,3,[],None,None
EXPLOIT_VULN,3143.541049101626,3146.460222573683,2.919173472057082,15,0c4aa51a-0b8c-4175-b9e6-46cfe860e67b,None,None,1,290,3,[],None,None
EXPLOIT_VULN,3146.460222573683,3149.393466137154,2.9332435634710237,15,0c4aa51a-0b8c-4175-b9e6-46cfe860e67b,None,None,1,291,3,[],None,None
EXPLOIT_VULN,3149.393466137154,3153.0179682742137,3.6245021370596078,15,0c4aa51a-0b8c-4175-b9e6-46cfe860e67b,None,None,1,292,3,[],None,None
EXPLOIT_VULN,3153.0179682742137,3154.0031321296588,0.9851638554450801,15,0c4aa51a-0b8c-4175-b9e6-46cfe860e67b,None,None,1,293,3,[],None,None
EXPLOIT_VULN,3154.0031321296588,3170.9180748430454,16.91494271338661,15,0c4aa51a-0b8c-4175-b9e6-46cfe860e67b,None,None,1,294,3,[],None,None
EXPLOIT_VULN,3170.9180748430454,3178.827400156678,7.9093253136325075,15,0c4aa51a-0b8c-4175-b9e6-46cfe860e67b,None,None,1,295,3,[],None,None
EXPLOIT_VULN,3178.827400156678,3183.378030598521,4.550630441843168,15,0c4aa51a-0b8c-4175-b9e6-46cfe860e67b,None,None,1,296,3,[],None,None
EXPLOIT_VULN,3183.378030598521,3187.971051561948,4.5930209634270796,15,0c4aa51a-0b8c-4175-b9e6-46cfe860e67b,None,None,1,297,3,[],None,None
EXPLOIT_VULN,3187.971051561948,3192.9466400511333,4.9755884891851565,15,0c4aa51a-0b8c-4175-b9e6-46cfe860e67b,None,None,1,298,3,[],None,None
EXPLOIT_VULN,3192.9466400511333,3197.561434830338,4.614794779204658,15,0c4aa51a-0b8c-4175-b9e6-46cfe860e67b,None,None,1,299,3,[],None,None
EXPLOIT_VULN,3197.561434830338,3208.390436253903,10.829001423564932,15,0c4aa51a-0b8c-4175-b9e6-46cfe860e67b,None,None,1,300,3,[],None,None
EXPLOIT_VULN,3208.390436253903,3220.645818247746,12.255381993843002,15,0c4aa51a-0b8c-4175-b9e6-46cfe860e67b,None,None,1,301,3,[],None,None
EXPLOIT_VULN,3220.645818247746,3229.52403177968,8.878213531934307,15,0c4aa51a-0b8c-4175-b9e6-46cfe860e67b,None,None,1,302,3,[],None,None
EXPLOIT_VULN,3229.52403177968,3239.441368696921,9.917336917240846,15,0c4aa51a-0b8c-4175-b9e6-46cfe860e67b,None,None,1,303,3,[],None,None
EXPLOIT_VULN,3239.441368696921,3243.5326445973337,4.091275900412711,15,0c4aa51a-0b8c-4175-b9e6-46cfe860e67b,None,None,1,304,3,[],None,None
EXPLOIT_VULN,3243.5326445973337,3248.0288361359108,4.496191538577023,15,0c4aa51a-0b8c-4175-b9e6-46cfe860e67b,None,None,1,305,3,[],None,None
EXPLOIT_VULN,3248.0288361359108,3251.895883364645,3.8670472287344637,15,0c4aa51a-0b8c-4175-b9e6-46cfe860e67b,None,None,1,306,3,[],None,None
EXPLOIT_VULN,3251.895883364645,3257.135992708053,5.240109343407767,15,0c4aa51a-0b8c-4175-b9e6-46cfe860e67b,None,None,1,307,3,[],None,None
EXPLOIT_VULN,3257.135992708053,3266.1625341880167,9.026541479963726,15,0c4aa51a-0b8c-4175-b9e6-46cfe860e67b,None,None,1,308,3,[],None,None
EXPLOIT_VULN,3266.1625341880167,3275.0064798529493,8.843945664932562,15,0c4aa51a-0b8c-4175-b9e6-46cfe860e67b,None,None,1,309,3,[],None,None
EXPLOIT_VULN,3275.0064798529493,3277.272757716218,2.266277863268897,15,0c4aa51a-0b8c-4175-b9e6-46cfe860e67b,None,None,1,310,3,[],application,ServiceDiversity
SCAN_PORT,3298.506257612495,3323.506257612495,25.0,15,0c4aa51a-0b8c-4175-b9e6-46cfe860e67b,None,None,1,310,3,[],None,None
EXPLOIT_VULN,3323.506257612495,3323.9890292805867,0.4827716680915728,15,0c4aa51a-0b8c-4175-b9e6-46cfe860e67b,None,None,1,310,3,[],None,None
EXPLOIT_VULN,3323.9890292805867,3325.029504489928,1.0404752093413663,15,0c4aa51a-0b8c-4175-b9e6-46cfe860e67b,None,None,1,311,3,[],None,None
EXPLOIT_VULN,3325.029504489928,3326.531867685329,1.5023631954009034,15,0c4aa51a-0b8c-4175-b9e6-46cfe860e67b,None,None,1,312,3,[],None,None
EXPLOIT_VULN,3326.531867685329,3327.7499790585143,1.2181113731853657,15,0c4aa51a-0b8c-4175-b9e6-46cfe860e67b,None,None,1,313,3,[],None,None
EXPLOIT_VULN,3327.7499790585143,3331.098018380832,3.348039322317618,15,0c4aa51a-0b8c-4175-b9e6-46cfe860e67b,None,None,1,314,3,[],None,None
EXPLOIT_VULN,3331.098018380832,3332.8490829781094,1.751064597277491,15,0c4aa51a-0b8c-4175-b9e6-46cfe860e67b,None,None,1,315,3,[],None,None
EXPLOIT_VULN,3332.8490829781094,3336.5277752914417,3.678692313332249,15,0c4aa51a-0b8c-4175-b9e6-46cfe860e67b,None,None,1,316,3,[],None,None
EXPLOIT_VULN,3336.5277752914417,3340.9474659528046,4.419690661362893,15,0c4aa51a-0b8c-4175-b9e6-46cfe860e67b,None,None,1,317,3,[],None,None
EXPLOIT_VULN,3340.9474659528046,3344.242476398723,3.295010445918251,15,0c4aa51a-0b8c-4175-b9e6-46cfe860e67b,None,None,1,318,3,[],None,None
EXPLOIT_VULN,3344.242476398723,3354.3379720237976,10.095495625074818,15,0c4aa51a-0b8c-4175-b9e6-46cfe860e67b,None,None,1,319,3,[],None,None
EXPLOIT_VULN,3354.3379720237976,3358.93304748098,4.595075457182247,15,0c4aa51a-0b8c-4175-b9e6-46cfe860e67b,None,None,1,320,3,[],None,None
EXPLOIT_VULN,3358.93304748098,3363.8451849875737,4.912137506593808,15,0c4aa51a-0b8c-4175-b9e6-46cfe860e67b,None,None,1,321,3,[],None,None
EXPLOIT_VULN,3363.8451849875737,3375.13232770285,11.287142715276332,15,0c4aa51a-0b8c-4175-b9e6-46cfe860e67b,None,None,1,322,3,[],None,None
EXPLOIT_VULN,3375.13232770285,3381.728163108839,6.595835405988964,15,0c4aa51a-0b8c-4175-b9e6-46cfe860e67b,None,None,1,323,3,[],None,None
EXPLOIT_VULN,3381.728163108839,3396.489750163149,14.761587054309985,15,0c4aa51a-0b8c-4175-b9e6-46cfe860e67b,None,None,1,324,3,[],None,None
EXPLOIT_VULN,3396.489750163149,3403.590703613899,7.100953450750239,15,0c4aa51a-0b8c-4175-b9e6-46cfe860e67b,None,None,1,325,3,[],None,None
EXPLOIT_VULN,3403.590703613899,3418.9622625675665,15.371558953667318,15,0c4aa51a-0b8c-4175-b9e6-46cfe860e67b,None,None,1,326,3,[],None,None
EXPLOIT_VULN,3418.9622625675665,3425.1300361816934,6.167773614126872,15,0c4aa51a-0b8c-4175-b9e6-46cfe860e67b,None,None,1,327,3,[],None,None
EXPLOIT_VULN,3425.1300361816934,3430.3102077097237,5.180171528030314,15,0c4aa51a-0b8c-4175-b9e6-46cfe860e67b,None,None,1,328,3,[],None,None
EXPLOIT_VULN,3430.3102077097237,3438.0364222266753,7.726214516951586,15,0c4aa51a-0b8c-4175-b9e6-46cfe860e67b,None,None,1,329,3,[],None,None
EXPLOIT_VULN,3438.0364222266753,3459.641879906957,21.60545768028169,15,0c4aa51a-0b8c-4175-b9e6-46cfe860e67b,None,None,1,330,3,[],None,None
EXPLOIT_VULN,3459.641879906957,3467.0296953088923,7.387815401935313,15,0c4aa51a-0b8c-4175-b9e6-46cfe860e67b,None,None,1,331,3,[],None,None
EXPLOIT_VULN,3467.0296953088923,3479.787726216652,12.758030907759803,15,0c4aa51a-0b8c-4175-b9e6-46cfe860e67b,None,None,1,332,3,[],application,ServiceDiversity
SCAN_PORT,3499.9115027276157,3524.9115027276157,25.0,15,0c4aa51a-0b8c-4175-b9e6-46cfe860e67b,None,None,1,332,3,[],None,None
EXPLOIT_VULN,3524.9115027276157,3526.240534140711,1.3290314130954357,15,0c4aa51a-0b8c-4175-b9e6-46cfe860e67b,None,None,1,332,3,[],None,None
EXPLOIT_VULN,3526.240534140711,3526.8915217658778,0.6509876251666356,15,0c4aa51a-0b8c-4175-b9e6-46cfe860e67b,None,None,1,333,3,[],None,None
EXPLOIT_VULN,3526.8915217658778,3527.385788219934,0.49426645405628733,15,0c4aa51a-0b8c-4175-b9e6-46cfe860e67b,None,None,1,334,3,[],None,None
EXPLOIT_VULN,3527.385788219934,3528.017987575885,0.6321993559508883,15,0c4aa51a-0b8c-4175-b9e6-46cfe860e67b,None,None,1,335,3,[],None,None
EXPLOIT_VULN,3528.017987575885,3529.189409197846,1.1714216219611444,15,0c4aa51a-0b8c-4175-b9e6-46cfe860e67b,None,None,1,336,3,[],None,None
EXPLOIT_VULN,3529.189409197846,3529.3566673620326,0.1672581641864781,15,0c4aa51a-0b8c-4175-b9e6-46cfe860e67b,None,None,1,337,3,[],None,None
EXPLOIT_VULN,3529.3566673620326,3530.237398048086,0.8807306860535391,15,0c4aa51a-0b8c-4175-b9e6-46cfe860e67b,None,None,1,338,3,[],None,None
EXPLOIT_VULN,3530.237398048086,3533.5214043569836,3.2840063088974603,15,0c4aa51a-0b8c-4175-b9e6-46cfe860e67b,None,None,1,339,3,[],None,None
EXPLOIT_VULN,3533.5214043569836,3538.52137640787,4.999972050886299,15,0c4aa51a-0b8c-4175-b9e6-46cfe860e67b,None,None,1,340,3,[],None,None
EXPLOIT_VULN,3538.52137640787,3541.6226007500427,3.101224342172827,15,0c4aa51a-0b8c-4175-b9e6-46cfe860e67b,None,None,1,341,3,[],None,None
EXPLOIT_VULN,3541.6226007500427,3547.244362967912,5.621762217869218,15,0c4aa51a-0b8c-4175-b9e6-46cfe860e67b,None,None,1,342,3,[],None,None
EXPLOIT_VULN,3547.244362967912,3549.0404559851695,1.79609301725759,15,0c4aa51a-0b8c-4175-b9e6-46cfe860e67b,None,None,1,343,3,[],None,None
EXPLOIT_VULN,3549.0404559851695,3552.012503605192,2.9720476200222947,15,0c4aa51a-0b8c-4175-b9e6-46cfe860e67b,None,None,1,344,3,[],None,None
EXPLOIT_VULN,3552.012503605192,3555.7794376163833,3.7669340111915517,15,0c4aa51a-0b8c-4175-b9e6-46cfe860e67b,None,None,1,345,3,[],None,None
EXPLOIT_VULN,3555.7794376163833,3559.5047410445163,3.7253034281329747,15,0c4aa51a-0b8c-4175-b9e6-46cfe860e67b,None,None,1,346,3,[],None,None
EXPLOIT_VULN,3559.5047410445163,3566.9664342975293,7.461693253012982,15,0c4aa51a-0b8c-4175-b9e6-46cfe860e67b,None,None,1,347,3,[],None,None
EXPLOIT_VULN,3566.9664342975293,3579.096874311123,12.13044001359367,15,0c4aa51a-0b8c-4175-b9e6-46cfe860e67b,None,None,1,348,3,[],None,None
EXPLOIT_VULN,3579.096874311123,3582.294745965697,3.197871654574101,15,0c4aa51a-0b8c-4175-b9e6-46cfe860e67b,None,None,1,349,3,[],None,None
EXPLOIT_VULN,3582.294745965697,3585.424275993799,3.129530028101726,15,0c4aa51a-0b8c-4175-b9e6-46cfe860e67b,None,None,1,350,3,[],None,None
EXPLOIT_VULN,3585.424275993799,3589.150902881986,3.726626888187184,15,0c4aa51a-0b8c-4175-b9e6-46cfe860e67b,None,None,1,351,3,[],None,None
EXPLOIT_VULN,3589.150902881986,3595.0334106172486,5.882507735262607,15,0c4aa51a-0b8c-4175-b9e6-46cfe860e67b,None,None,1,352,3,[],None,None
EXPLOIT_VULN,3595.0334106172486,3597.793768566235,2.7603579489864387,15,0c4aa51a-0b8c-4175-b9e6-46cfe860e67b,None,None,1,353,3,[],None,None
EXPLOIT_VULN,3597.793768566235,3600.8447086932424,3.0509401270073795,15,0c4aa51a-0b8c-4175-b9e6-46cfe860e67b,None,None,1,354,3,[],None,None
EXPLOIT_VULN,3600.8447086932424,3610.764240400201,9.919531706958423,15,0c4aa51a-0b8c-4175-b9e6-46cfe860e67b,None,None,1,355,3,[],None,None
EXPLOIT_VULN,3610.764240400201,3626.7057448646833,15.941504464482477,15,0c4aa51a-0b8c-4175-b9e6-46cfe860e67b,None,None,1,356,3,[],None,None
EXPLOIT_VULN,3626.7057448646833,3635.0342241770554,8.32847931237211,15,0c4aa51a-0b8c-4175-b9e6-46cfe860e67b,None,None,1,357,3,[],None,None
EXPLOIT_VULN,3635.0342241770554,3643.627374584247,8.593150407191388,15,0c4aa51a-0b8c-4175-b9e6-46cfe860e67b,None,None,1,358,3,[],None,None
EXPLOIT_VULN,3643.627374584247,3665.113932167195,21.48655758294808,15,0c4aa51a-0b8c-4175-b9e6-46cfe860e67b,None,None,1,359,3,[],None,None
EXPLOIT_VULN,3665.113932167195,3671.6163316583416,6.502399491146662,15,0c4aa51a-0b8c-4175-b9e6-46cfe860e67b,None,None,1,360,3,[],None,None
EXPLOIT_VULN,3671.6163316583416,3679.4326371813627,7.8163055230211285,15,0c4aa51a-0b8c-4175-b9e6-46cfe860e67b,None,None,1,361,3,[],None,None
EXPLOIT_VULN,3679.4326371813627,3687.0311410548334,7.5985038734706905,15,0c4aa51a-0b8c-4175-b9e6-46cfe860e67b,None,None,1,362,3,[],None,None
EXPLOIT_VULN,3687.0311410548334,3695.35563876602,8.324497711186723,15,0c4aa51a-0b8c-4175-b9e6-46cfe860e67b,None,None,1,363,3,[],None,None
EXPLOIT_VULN,3695.35563876602,3703.0934835194053,7.737844753385161,15,0c4aa51a-0b8c-4175-b9e6-46cfe860e67b,None,None,1,364,3,[],None,None
EXPLOIT_VULN,3703.0934835194053,3705.8479068867414,2.7544233673361305,15,0c4aa51a-0b8c-4175-b9e6-46cfe860e67b,None,None,1,365,3,[],None,None
EXPLOIT_VULN,3705.8479068867414,3720.1459291441406,14.298022257399225,15,0c4aa51a-0b8c-4175-b9e6-46cfe860e67b,None,None,1,366,3,[],network,CompleteTopologyShuffle
SCAN_HOST,3740.3196641789673,3745.3196641789673,5.0,-1,-1,None,None,0,366,3,[],None,None
ENUM_HOST,3745.3196641789673,3750.3196641789673,5.0,-1,-1,None,None,0,366,3,[],None,None
SCAN_PORT,3750.3196641789673,3775.3196641789673,25.0,24,e9bc77a2-2b34-4047-bde3-7181cf9dfd37,None,None,1,366,3,[],None,None
EXPLOIT_VULN,3775.3196641789673,3775.595158502725,0.2754943237578118,24,e9bc77a2-2b34-4047-bde3-7181cf9dfd37,None,None,1,366,3,[],None,None
EXPLOIT_VULN,3775.595158502725,3777.2732089300025,1.6780504272774124,24,e9bc77a2-2b34-4047-bde3-7181cf9dfd37,None,None,1,367,3,[],None,None
EXPLOIT_VULN,3777.2732089300025,3778.4582771867476,1.1850682567451258,24,e9bc77a2-2b34-4047-bde3-7181cf9dfd37,None,None,1,368,3,[],None,None
EXPLOIT_VULN,3778.4582771867476,3781.776855145561,3.318577958813421,24,e9bc77a2-2b34-4047-bde3-7181cf9dfd37,None,None,1,369,3,[],None,None
EXPLOIT_VULN,3781.776855145561,3786.1047288653863,4.32787371982522,24,e9bc77a2-2b34-4047-bde3-7181cf9dfd37,None,None,1,370,3,[],None,None
EXPLOIT_VULN,3786.1047288653863,3789.103410024077,2.9986811586909425,24,e9bc77a2-2b34-4047-bde3-7181cf9dfd37,None,None,1,371,3,[],None,None
EXPLOIT_VULN,3789.103410024077,3792.952483233195,3.849073209117705,24,e9bc77a2-2b34-4047-bde3-7181cf9dfd37,None,None,1,372,3,[],None,None
EXPLOIT_VULN,3792.952483233195,3798.035517904751,5.083034671556106,24,e9bc77a2-2b34-4047-bde3-7181cf9dfd37,None,None,1,373,3,[],None,None
EXPLOIT_VULN,3798.035517904751,3803.0704261932706,5.034908288519546,24,e9bc77a2-2b34-4047-bde3-7181cf9dfd37,None,None,1,374,3,[],None,None
EXPLOIT_VULN,3803.0704261932706,3808.516947553201,5.446521359930557,24,e9bc77a2-2b34-4047-bde3-7181cf9dfd37,None,None,1,375,3,[],None,None
EXPLOIT_VULN,3808.516947553201,3816.3083919070104,7.791444353809311,24,e9bc77a2-2b34-4047-bde3-7181cf9dfd37,None,None,1,376,3,[],None,None
EXPLOIT_VULN,3816.3083919070104,3821.699478249583,5.391086342572635,24,e9bc77a2-2b34-4047-bde3-7181cf9dfd37,None,None,1,377,3,[],None,None
EXPLOIT_VULN,3821.699478249583,3843.8942270315843,22.19474878200117,24,e9bc77a2-2b34-4047-bde3-7181cf9dfd37,None,None,1,378,3,[],None,None
EXPLOIT_VULN,3843.8942270315843,3852.1751589094065,8.28093187782224,24,e9bc77a2-2b34-4047-bde3-7181cf9dfd37,None,None,1,379,3,[],None,None
EXPLOIT_VULN,3852.1751589094065,3874.0904109368767,21.91525202747016,24,e9bc77a2-2b34-4047-bde3-7181cf9dfd37,None,None,1,380,3,[],None,None
EXPLOIT_VULN,3874.0904109368767,3878.9684947020087,4.878083765132033,24,e9bc77a2-2b34-4047-bde3-7181cf9dfd37,None,None,1,381,3,[],None,None
EXPLOIT_VULN,3878.9684947020087,3890.2182331316335,11.249738429624813,24,e9bc77a2-2b34-4047-bde3-7181cf9dfd37,None,None,1,382,3,[],application,OSDiversity
SCAN_PORT,3911.575440566884,3936.575440566884,25.0,24,e9bc77a2-2b34-4047-bde3-7181cf9dfd37,None,None,1,382,3,[],None,None
EXPLOIT_VULN,3936.575440566884,3936.7974500597134,0.22200949282932925,24,e9bc77a2-2b34-4047-bde3-7181cf9dfd37,None,None,1,382,3,[],None,None
EXPLOIT_VULN,3936.7974500597134,3939.477817127183,2.680367067469433,24,e9bc77a2-2b34-4047-bde3-7181cf9dfd37,None,None,1,383,3,[],None,None
EXPLOIT_VULN,3939.477817127183,3941.538882115538,2.061064988355156,24,e9bc77a2-2b34-4047-bde3-7181cf9dfd37,None,None,1,384,3,[],None,None
EXPLOIT_VULN,3941.538882115538,3943.6961884697603,2.157306354222328,24,e9bc77a2-2b34-4047-bde3-7181cf9dfd37,None,None,1,385,3,[],None,None
EXPLOIT_VULN,3943.6961884697603,3947.467374949294,3.7711864795337533,24,e9bc77a2-2b34-4047-bde3-7181cf9dfd37,None,None,1,386,3,[],None,None
EXPLOIT_VULN,3947.467374949294,3949.8935922713717,2.4262173220777186,24,e9bc77a2-2b34-4047-bde3-7181cf9dfd37,None,None,1,387,3,[],None,None
EXPLOIT_VULN,3949.8935922713717,3955.4799553897124,5.586363118340614,24,e9bc77a2-2b34-4047-bde3-7181cf9dfd37,None,None,1,388,3,[],None,None
EXPLOIT_VULN,3955.4799553897124,3957.623201368536,2.1432459788234155,24,e9bc77a2-2b34-4047-bde3-7181cf9dfd37,None,None,1,389,3,[],None,None
EXPLOIT_VULN,3957.623201368536,3963.151825370954,5.528624002418383,24,e9bc77a2-2b34-4047-bde3-7181cf9dfd37,None,None,1,390,3,[],None,None
EXPLOIT_VULN,3963.151825370954,3968.788916180772,5.637090809817892,24,e9bc77a2-2b34-4047-bde3-7181cf9dfd37,None,None,1,391,3,[],None,None
EXPLOIT_VULN,3968.788916180772,3973.991906360313,5.202990179540848,24,e9bc77a2-2b34-4047-bde3-7181cf9dfd37,None,None,1,392,3,[],None,None
EXPLOIT_VULN,3973.991906360313,3984.2909945542915,10.299088193978605,24,e9bc77a2-2b34-4047-bde3-7181cf9dfd37,None,None,1,393,3,[],None,None
EXPLOIT_VULN,3984.2909945542915,3998.1832698533917,13.89227529910022,24,e9bc77a2-2b34-4047-bde3-7181cf9dfd37,None,None,1,394,3,[],None,None
EXPLOIT_VULN,3998.1832698533917,4004.164770141392,5.981500288000461,24,e9bc77a2-2b34-4047-bde3-7181cf9dfd37,None,None,1,395,3,[],None,None
EXPLOIT_VULN,4004.164770141392,4026.3659596287976,22.201189487405372,24,e9bc77a2-2b34-4047-bde3-7181cf9dfd37,None,None,1,396,3,[],None,None
EXPLOIT_VULN,4026.3659596287976,4035.5917534070372,9.225793778239677,24,e9bc77a2-2b34-4047-bde3-7181cf9dfd37,None,None,1,397,3,[],None,None
EXPLOIT_VULN,4035.5917534070372,4055.7462178304972,20.154464423460013,24,e9bc77a2-2b34-4047-bde3-7181cf9dfd37,None,None,1,398,3,[],None,None
EXPLOIT_VULN,4055.7462178304972,4063.9671290423075,8.22091121181029,24,e9bc77a2-2b34-4047-bde3-7181cf9dfd37,None,None,1,399,3,[],None,None
EXPLOIT_VULN,4063.9671290423075,4071.4906155218277,7.523486479520216,24,e9bc77a2-2b34-4047-bde3-7181cf9dfd37,None,None,1,400,3,[],None,None
EXPLOIT_VULN,4071.4906155218277,4078.5259275637454,7.035312041917678,24,e9bc77a2-2b34-4047-bde3-7181cf9dfd37,None,None,1,401,3,[],None,None
EXPLOIT_VULN,4078.5259275637454,4085.125491177585,6.599563613839564,24,e9bc77a2-2b34-4047-bde3-7181cf9dfd37,None,None,1,402,3,[],None,None
EXPLOIT_VULN,4085.125491177585,4090.292599676316,5.167108498731068,24,e9bc77a2-2b34-4047-bde3-7181cf9dfd37,None,None,1,403,3,[],application,OSDiversity
SCAN_PORT,4110.566784381608,4135.566784381608,25.0,24,e9bc77a2-2b34-4047-bde3-7181cf9dfd37,None,None,1,403,3,[],None,None
EXPLOIT_VULN,4135.566784381608,4136.621820143235,1.055035761626641,24,e9bc77a2-2b34-4047-bde3-7181cf9dfd37,None,None,1,403,3,[],None,None
EXPLOIT_VULN,4136.621820143235,4138.941335517935,2.3195153747001314,24,e9bc77a2-2b34-4047-bde3-7181cf9dfd37,None,None,1,404,3,[],None,None
EXPLOIT_VULN,4138.941335517935,4151.70488846663,12.763552948695178,24,e9bc77a2-2b34-4047-bde3-7181cf9dfd37,None,None,1,405,3,[],None,None
EXPLOIT_VULN,4151.70488846663,4155.834287895569,4.129399428938996,24,e9bc77a2-2b34-4047-bde3-7181cf9dfd37,None,None,1,406,3,[],None,None
EXPLOIT_VULN,4155.834287895569,4169.885150969393,14.050863073824075,24,e9bc77a2-2b34-4047-bde3-7181cf9dfd37,None,None,1,407,3,[],None,None
EXPLOIT_VULN,4169.885150969393,4192.0387473855135,22.15359641612031,24,e9bc77a2-2b34-4047-bde3-7181cf9dfd37,None,None,1,408,3,[],None,None
EXPLOIT_VULN,4192.0387473855135,4209.179767125687,17.14101974017376,24,e9bc77a2-2b34-4047-bde3-7181cf9dfd37,None,None,1,409,3,[],None,None
EXPLOIT_VULN,4209.179767125687,4228.751769963017,19.57200283732982,24,e9bc77a2-2b34-4047-bde3-7181cf9dfd37,None,None,1,410,3,[],None,None
EXPLOIT_VULN,4228.751769963017,4234.060806865836,5.3090369028186615,24,e9bc77a2-2b34-4047-bde3-7181cf9dfd37,None,None,1,411,3,[],None,None
EXPLOIT_VULN,4234.060806865836,4242.446907659834,8.386100793998594,24,e9bc77a2-2b34-4047-bde3-7181cf9dfd37,None,None,1,412,3,[],None,None
EXPLOIT_VULN,4242.446907659834,4256.32808562556,13.881177965725328,24,e9bc77a2-2b34-4047-bde3-7181cf9dfd37,None,None,1,413,3,[],None,None
EXPLOIT_VULN,4256.32808562556,4264.881049940537,8.552964314977544,24,e9bc77a2-2b34-4047-bde3-7181cf9dfd37,None,None,1,414,3,[],None,None
EXPLOIT_VULN,4264.881049940537,4284.859999139857,19.978949199319686,24,e9bc77a2-2b34-4047-bde3-7181cf9dfd37,None,None,1,415,3,[],None,None
EXPLOIT_VULN,4284.859999139857,4306.753268532306,21.89326939244893,24,e9bc77a2-2b34-4047-bde3-7181cf9dfd37,None,None,1,416,3,[],None,None
EXPLOIT_VULN,4306.753268532306,4310.5430355561175,3.7897670238116916,24,e9bc77a2-2b34-4047-bde3-7181cf9dfd37,None,None,1,417,3,[],network,IPShuffle
SCAN_HOST,4330.905185413535,4335.905185413535,5.0,-1,-1,None,None,0,417,3,[],None,None
ENUM_HOST,4335.905185413535,4340.905185413535,5.0,-1,-1,None,None,0,417,3,[],None,None
SCAN_PORT,4340.905185413535,4365.905185413535,25.0,17,464c921a-4723-4171-a9ab-c807ce9b91c6,None,None,1,417,3,[],None,None
EXPLOIT_VULN,4365.905185413535,4367.14606229217,1.2408768786353903,17,464c921a-4723-4171-a9ab-c807ce9b91c6,None,None,1,417,3,[],None,None
EXPLOIT_VULN,4367.14606229217,4368.712421968565,1.5663596763943133,17,464c921a-4723-4171-a9ab-c807ce9b91c6,None,None,1,418,3,[],None,None
EXPLOIT_VULN,4368.712421968565,4370.021434113041,1.3090121444765828,17,464c921a-4723-4171-a9ab-c807ce9b91c6,None,None,1,419,3,[],None,None
EXPLOIT_VULN,4370.021434113041,4373.483879923046,3.462445810004283,17,464c921a-4723-4171-a9ab-c807ce9b91c6,None,None,1,420,3,[],None,None
EXPLOIT_VULN,4373.483879923046,4378.067872268707,4.5839923456615,17,464c921a-4723-4171-a9ab-c807ce9b91c6,None,None,1,421,3,[],None,None
EXPLOIT_VULN,4378.067872268707,4381.907098856048,3.839226587340818,17,464c921a-4723-4171-a9ab-c807ce9b91c6,None,None,1,422,3,[],None,None
EXPLOIT_VULN,4381.907098856048,4387.445206903277,5.538108047228889,17,464c921a-4723-4171-a9ab-c807ce9b91c6,None,None,1,423,3,[],None,None
EXPLOIT_VULN,4387.445206903277,4397.197465991898,9.752259088621031,17,464c921a-4723-4171-a9ab-c807ce9b91c6,None,None,1,424,3,[],None,None
EXPLOIT_VULN,4397.197465991898,4401.021211685576,3.8237456936785748,17,464c921a-4723-4171-a9ab-c807ce9b91c6,None,None,1,425,3,[],None,None
EXPLOIT_VULN,4401.021211685576,4408.928355269851,7.9071435842743085,17,464c921a-4723-4171-a9ab-c807ce9b91c6,None,None,1,426,3,[],None,None
EXPLOIT_VULN,4408.928355269851,4411.852947523432,2.924592253581068,17,464c921a-4723-4171-a9ab-c807ce9b91c6,None,None,1,427,3,[],None,None
EXPLOIT_VULN,4411.852947523432,4425.123480003613,13.270532480180918,17,464c921a-4723-4171-a9ab-c807ce9b91c6,None,None,1,428,3,[],None,None
EXPLOIT_VULN,4425.123480003613,4438.893919233845,13.770439230232114,17,464c921a-4723-4171-a9ab-c807ce9b91c6,None,None,1,429,3,[],None,None
EXPLOIT_VULN,4438.893919233845,4452.681607282414,13.78768804856918,17,464c921a-4723-4171-a9ab-c807ce9b91c6,None,None,1,430,3,[],None,None
EXPLOIT_VULN,4452.681607282414,4462.074315918226,9.392708635811687,17,464c921a-4723-4171-a9ab-c807ce9b91c6,None,None,1,431,3,[],None,None
EXPLOIT_VULN,4462.074315918226,4471.760355517594,9.686039599368087,17,464c921a-4723-4171-a9ab-c807ce9b91c6,None,None,1,432,3,[],None,None
EXPLOIT_VULN,4471.760355517594,4475.741429651743,3.981074134148912,17,464c921a-4723-4171-a9ab-c807ce9b91c6,None,None,1,433,3,[],None,None
EXPLOIT_VULN,4475.741429651743,4479.829446797686,4.088017145943013,17,464c921a-4723-4171-a9ab-c807ce9b91c6,None,None,1,434,3,[],None,None
EXPLOIT_VULN,4479.829446797686,4482.6873668977705,2.8579201000848116,17,464c921a-4723-4171-a9ab-c807ce9b91c6,None,None,1,435,3,[],None,None
EXPLOIT_VULN,4482.6873668977705,4490.63126790158,7.943901003809515,17,464c921a-4723-4171-a9ab-c807ce9b91c6,None,None,1,436,3,[],application,OSDiversity
SCAN_PORT,4511.926270691017,4536.926270691017,25.0,17,464c921a-4723-4171-a9ab-c807ce9b91c6,None,None,1,436,3,[],None,None
EXPLOIT_VULN,4536.926270691017,4540.453101704334,3.5268310133169507,17,464c921a-4723-4171-a9ab-c807ce9b91c6,None,None,1,436,3,[],None,None
EXPLOIT_VULN,4540.453101704334,4546.772139240513,6.319037536179167,17,464c921a-4723-4171-a9ab-c807ce9b91c6,None,None,1,437,3,[],None,None
EXPLOIT_VULN,4546.772139240513,4550.689666017514,3.9175267770015125,17,464c921a-4723-4171-a9ab-c807ce9b91c6,None,None,1,438,3,[],None,None
EXPLOIT_VULN,4550.689666017514,4556.119074071157,5.429408053642874,17,464c921a-4723-4171-a9ab-c807ce9b91c6,None,None,1,439,3,[],None,None
EXPLOIT_VULN,4556.119074071157,4566.074443588729,9.955369517571853,17,464c921a-4723-4171-a9ab-c807ce9b91c6,None,None,1,440,3,[],None,None
EXPLOIT_VULN,4566.074443588729,4574.132086786067,8.057643197337711,17,464c921a-4723-4171-a9ab-c807ce9b91c6,None,None,1,441,3,[],None,None
EXPLOIT_VULN,4574.132086786067,4586.7876892914255,12.655602505358729,17,464c921a-4723-4171-a9ab-c807ce9b91c6,None,None,1,442,3,[],None,None
EXPLOIT_VULN,4586.7876892914255,4601.063230785228,14.275541493802848,17,464c921a-4723-4171-a9ab-c807ce9b91c6,None,None,1,443,3,[],None,None
EXPLOIT_VULN,4601.063230785228,4614.877661699308,13.814430914079821,17,464c921a-4723-4171-a9ab-c807ce9b91c6,None,None,1,444,3,[],None,None
EXPLOIT_VULN,4614.877661699308,4624.321774591999,9.44411289269101,17,464c921a-4723-4171-a9ab-c807ce9b91c6,None,None,1,445,3,[],None,None
EXPLOIT_VULN,4624.321774591999,4633.725895563853,9.404120971853445,17,464c921a-4723-4171-a9ab-c807ce9b91c6,None,None,1,446,3,[],None,None
EXPLOIT_VULN,4633.725895563853,4646.676106494476,12.950210930623143,17,464c921a-4723-4171-a9ab-c807ce9b91c6,None,None,1,447,3,[],None,None
EXPLOIT_VULN,4646.676106494476,4652.958134729918,6.28202823544234,17,464c921a-4723-4171-a9ab-c807ce9b91c6,None,None,1,448,3,[],None,None
EXPLOIT_VULN,4652.958134729918,4660.04519502786,7.0870602979421164,17,464c921a-4723-4171-a9ab-c807ce9b91c6,None,None,1,449,3,[],None,None
EXPLOIT_VULN,4660.04519502786,4676.96261218144,16.917417153579663,17,464c921a-4723-4171-a9ab-c807ce9b91c6,None,None,1,450,3,[],None,None
EXPLOIT_VULN,4676.96261218144,4694.397704315377,17.43509213393736,17,464c921a-4723-4171-a9ab-c807ce9b91c6,None,None,1,451,3,[],None,None
EXPLOIT_VULN,4694.397704315377,4712.836072252596,18.438367937218572,17,464c921a-4723-4171-a9ab-c807ce9b91c6,None,None,1,452,3,[],network,IPShuffle
SCAN_HOST,4734.623817473011,4739.623817473011,5.0,-1,-1,None,None,0,452,3,[],None,None
ENUM_HOST,4739.623817473011,4744.623817473011,5.0,-1,-1,None,None,0,452,3,[],None,None
SCAN_PORT,4744.623817473011,4769.623817473011,25.0,17,464c921a-4723-4171-a9ab-c807ce9b91c6,None,None,2,452,3,[],None,None
EXPLOIT_VULN,4769.623817473011,4773.846140032149,4.2223225591387745,17,464c921a-4723-4171-a9ab-c807ce9b91c6,None,None,2,452,3,[],None,None
EXPLOIT_VULN,4773.846140032149,4778.889447052958,5.043307020808243,17,464c921a-4723-4171-a9ab-c807ce9b91c6,None,None,2,453,3,[],None,None
EXPLOIT_VULN,4778.889447052958,4783.733815863815,4.844368810857304,17,464c921a-4723-4171-a9ab-c807ce9b91c6,None,None,2,454,3,[],None,None
EXPLOIT_VULN,4783.733815863815,4789.413848603708,5.6800327398932495,17,464c921a-4723-4171-a9ab-c807ce9b91c6,None,None,2,455,3,[],None,None
EXPLOIT_VULN,4789.413848603708,4799.3847730618745,9.970924458166337,17,464c921a-4723-4171-a9ab-c807ce9b91c6,None,None,2,456,3,[],None,None
EXPLOIT_VULN,4799.3847730618745,4807.652119767351,8.267346705476484,17,464c921a-4723-4171-a9ab-c807ce9b91c6,None,None,2,457,3,[],None,None
EXPLOIT_VULN,4807.652119767351,4820.390523759614,12.738403992262647,17,464c921a-4723-4171-a9ab-c807ce9b91c6,None,None,2,458,3,[],None,None
EXPLOIT_VULN,4820.390523759614,4834.918118913143,14.527595153529546,17,464c921a-4723-4171-a9ab-c807ce9b91c6,None,None,2,459,3,[],None,None
EXPLOIT_VULN,4834.918118913143,4848.786147270296,13.86802835715298,17,464c921a-4723-4171-a9ab-c807ce9b91c6,None,None,2,460,3,[],None,None
EXPLOIT_VULN,4848.786147270296,4858.844778315643,10.058631045347283,17,464c921a-4723-4171-a9ab-c807ce9b91c6,None,None,2,461,3,[],None,None
EXPLOIT_VULN,4858.844778315643,4868.520483054548,9.675704738904642,17,464c921a-4723-4171-a9ab-c807ce9b91c6,None,None,2,462,3,[],None,None
EXPLOIT_VULN,4868.520483054548,4881.697897199629,13.177414145080547,17,464c921a-4723-4171-a9ab-c807ce9b91c6,None,None,2,463,3,[],None,None
EXPLOIT_VULN,4881.697897199629,4891.46226593058,9.764368730950991,17,464c921a-4723-4171-a9ab-c807ce9b91c6,None,None,2,464,3,[],application,OSDiversity
SCAN_PORT,4911.543949483103,4936.543949483103,25.0,17,464c921a-4723-4171-a9ab-c807ce9b91c6,None,None,2,464,3,[],None,None
EXPLOIT_VULN,4936.543949483103,4939.7643883440605,3.2204388609579837,17,464c921a-4723-4171-a9ab-c807ce9b91c6,None,None,2,464,3,[],None,None
EXPLOIT_VULN,4939.7643883440605,4944.550528059631,4.786139715570243,17,464c921a-4723-4171-a9ab-c807ce9b91c6,None,None,2,465,3,[],None,None
EXPLOIT_VULN,4944.550528059631,4948.4622726185835,3.911744558952705,17,464c921a-4723-4171-a9ab-c807ce9b91c6,None,None,2,466,3,[],None,None
EXPLOIT_VULN,4948.4622726185835,4955.332969027711,6.870696409127959,17,464c921a-4723-4171-a9ab-c807ce9b91c6,None,None,2,467,3,[],None,None
EXPLOIT_VULN,4955.332969027711,4965.163506103094,9.83053707538238,17,464c921a-4723-4171-a9ab-c807ce9b91c6,None,None,2,468,3,[],None,None
EXPLOIT_VULN,4965.163506103094,4972.903246035717,7.739739932622797,17,464c921a-4723-4171-a9ab-c807ce9b91c6,None,None,2,469,3,[],None,None
EXPLOIT_VULN,4972.903246035717,4986.94868651542,14.045440479703757,17,464c921a-4723-4171-a9ab-c807ce9b91c6,None,None,2,470,3,[],None,None
EXPLOIT_VULN,4986.94868651542,5001.665808463991,14.71712194857082,17,464c921a-4723-4171-a9ab-c807ce9b91c6,None,None,2,471,3,[],None,None
EXPLOIT_VULN,5001.665808463991,5015.423544231456,13.75773576746451,17,464c921a-4723-4171-a9ab-c807ce9b91c6,None,None,2,472,3,[],None,None
EXPLOIT_VULN,5015.423544231456,5024.871104307461,9.447560076005175,17,464c921a-4723-4171-a9ab-c807ce9b91c6,None,None,2,473,3,[],None,None
EXPLOIT_VULN,5024.871104307461,5034.665509647666,9.79440534020523,17,464c921a-4723-4171-a9ab-c807ce9b91c6,None,None,2,474,3,[],None,None
EXPLOIT_VULN,5034.665509647666,5047.9054066329745,13.239896985308405,17,464c921a-4723-4171-a9ab-c807ce9b91c6,None,None,2,475,3,[],None,None
EXPLOIT_VULN,5047.9054066329745,5064.509365603455,16.603958970480562,17,464c921a-4723-4171-a9ab-c807ce9b91c6,None,None,2,476,3,[],None,None
EXPLOIT_VULN,5064.509365603455,5081.208208933535,16.698843330080308,17,464c921a-4723-4171-a9ab-c807ce9b91c6,None,None,2,477,3,[],None,None
EXPLOIT_VULN,5081.208208933535,5092.568677340663,11.360468407127883,17,464c921a-4723-4171-a9ab-c807ce9b91c6,None,None,2,478,3,[],application,OSDiversity
SCAN_PORT,5113.740399646316,5138.740399646316,25.0,17,464c921a-4723-4171-a9ab-c807ce9b91c6,None,None,2,478,3,[],None,None
EXPLOIT_VULN,5138.740399646316,5142.531132971705,3.7907333253888282,17,464c921a-4723-4171-a9ab-c807ce9b91c6,None,None,2,478,3,[],None,None
EXPLOIT_VULN,5142.531132971705,5147.607499443423,5.076366471717847,17,464c921a-4723-4171-a9ab-c807ce9b91c6,None,None,2,479,3,[],None,None
EXPLOIT_VULN,5147.607499443423,5149.2649887717025,1.6574893282795529,17,464c921a-4723-4171-a9ab-c807ce9b91c6,None,None,2,480,3,[],None,None
EXPLOIT_VULN,5149.2649887717025,5153.254074447315,3.9890856756128414,17,464c921a-4723-4171-a9ab-c807ce9b91c6,None,None,2,481,3,[],None,None
EXPLOIT_VULN,5153.254074447315,5163.5100558218965,10.255981374581097,17,464c921a-4723-4171-a9ab-c807ce9b91c6,None,None,2,482,3,[],None,None
EXPLOIT_VULN,5163.5100558218965,5166.925117176963,3.4150613550664275,17,464c921a-4723-4171-a9ab-c807ce9b91c6,None,None,2,483,3,[],None,None
EXPLOIT_VULN,5166.925117176963,5179.695749370682,12.770632193719393,17,464c921a-4723-4171-a9ab-c807ce9b91c6,None,None,2,484,3,[],None,None
EXPLOIT_VULN,5179.695749370682,5193.501860229845,13.8061108591628,17,464c921a-4723-4171-a9ab-c807ce9b91c6,None,None,2,485,3,[],None,None
EXPLOIT_VULN,5193.501860229845,5209.0352655432935,15.533405313448384,17,464c921a-4723-4171-a9ab-c807ce9b91c6,None,None,2,486,3,[],None,None
EXPLOIT_VULN,5209.0352655432935,5212.944877172448,3.909611629154824,17,464c921a-4723-4171-a9ab-c807ce9b91c6,None,None,2,487,3,[],None,None
EXPLOIT_VULN,5212.944877172448,5217.4094316206665,4.464554448218223,17,464c921a-4723-4171-a9ab-c807ce9b91c6,None,None,2,488,3,[],None,None
EXPLOIT_VULN,5217.4094316206665,5231.773705674612,14.364274053945337,17,464c921a-4723-4171-a9ab-c807ce9b91c6,None,None,2,489,3,[],None,None
EXPLOIT_VULN,5231.773705674612,5248.542654714189,16.76894903957691,17,464c921a-4723-4171-a9ab-c807ce9b91c6,None,None,2,490,3,[],None,None
EXPLOIT_VULN,5248.542654714189,5265.7548402090015,17.21218549481273,17,464c921a-4723-4171-a9ab-c807ce9b91c6,None,None,2,491,3,[],None,None
EXPLOIT_VULN,5265.7548402090015,5286.86100321221,21.106163003208167,17,464c921a-4723-4171-a9ab-c807ce9b91c6,None,None,2,492,3,[],None,None
EXPLOIT_VULN,5286.86100321221,5294.134854304885,7.2738510926756135,17,464c921a-4723-4171-a9ab-c807ce9b91c6,None,None,2,493,3,[],None,None
EXPLOIT_VULN,5294.134854304885,5302.139093732877,8.004239427991706,17,464c921a-4723-4171-a9ab-c807ce9b91c6,None,None,2,494,3,[],None,None
EXPLOIT_VULN,5302.139093732877,5311.868220073137,9.729126340260336,17,464c921a-4723-4171-a9ab-c807ce9b91c6,None,None,2,495,3,[],network,IPShuffle
SCAN_HOST,5331.881497037888,5336.881497037888,5.0,-1,-1,None,None,0,495,3,[],None,None
ENUM_HOST,5336.881497037888,5341.881497037888,5.0,-1,-1,None,None,0,495,3,[],None,None
SCAN_PORT,5341.881497037888,5366.881497037888,25.0,17,464c921a-4723-4171-a9ab-c807ce9b91c6,None,None,3,495,3,[],None,None
EXPLOIT_VULN,5366.881497037888,5370.378913335327,3.4974162974385763,17,464c921a-4723-4171-a9ab-c807ce9b91c6,None,None,3,495,3,[],None,None
EXPLOIT_VULN,5370.378913335327,5375.300031381218,4.92111804589149,17,464c921a-4723-4171-a9ab-c807ce9b91c6,None,None,3,496,3,[],None,None
EXPLOIT_VULN,5375.300031381218,5385.061665281354,9.761633900136076,17,464c921a-4723-4171-a9ab-c807ce9b91c6,None,None,3,497,3,[],None,None
EXPLOIT_VULN,5385.061665281354,5397.635552828543,12.57388754718886,17,464c921a-4723-4171-a9ab-c807ce9b91c6,None,None,3,498,3,[],None,None
EXPLOIT_VULN,5397.635552828543,5411.675901796823,14.040348968280341,17,464c921a-4723-4171-a9ab-c807ce9b91c6,None,None,3,499,3,[],None,None
EXPLOIT_VULN,5411.675901796823,5425.772374623283,14.09647282645983,17,464c921a-4723-4171-a9ab-c807ce9b91c6,None,None,3,500,3,[],None,None
EXPLOIT_VULN,5425.772374623283,5438.8247895203685,13.052414897085328,17,464c921a-4723-4171-a9ab-c807ce9b91c6,None,None,3,501,3,[],None,None
EXPLOIT_VULN,5438.8247895203685,5455.250480772233,16.42569125186401,17,464c921a-4723-4171-a9ab-c807ce9b91c6,None,None,3,502,3,[],None,None
EXPLOIT_VULN,5455.250480772233,5472.047660947604,16.797180175371068,17,464c921a-4723-4171-a9ab-c807ce9b91c6,None,None,3,503,3,[],None,None
EXPLOIT_VULN,5472.047660947604,5492.98439852128,20.93673757367651,17,464c921a-4723-4171-a9ab-c807ce9b91c6,None,None,3,504,3,[],None,None
EXPLOIT_VULN,5492.98439852128,5501.063688020139,8.079289498858998,17,464c921a-4723-4171-a9ab-c807ce9b91c6,None,None,3,505,3,[],None,None
EXPLOIT_VULN,5501.063688020139,5509.123405599606,8.05971757946645,17,464c921a-4723-4171-a9ab-c807ce9b91c6,None,None,3,506,3,[],None,None
EXPLOIT_VULN,5509.123405599606,5512.7161083907395,3.5927027911338882,17,464c921a-4723-4171-a9ab-c807ce9b91c6,None,None,3,507,3,[],network,IPShuffle
SCAN_HOST,5532.749091141097,5537.749091141097,5.0,-1,-1,None,None,0,507,3,[],None,None
ENUM_HOST,5537.749091141097,5542.749091141097,5.0,-1,-1,None,None,0,507,3,[],None,None
SCAN_PORT,5542.749091141097,5567.749091141097,25.0,17,464c921a-4723-4171-a9ab-c807ce9b91c6,None,None,4,507,3,[],None,None
EXPLOIT_VULN,5567.749091141097,5571.17755412975,3.4284629886533367,17,464c921a-4723-4171-a9ab-c807ce9b91c6,None,None,4,507,3,[],None,None
EXPLOIT_VULN,5571.17755412975,5576.335307733948,5.157753604197751,17,464c921a-4723-4171-a9ab-c807ce9b91c6,None,None,4,508,3,[],None,None
EXPLOIT_VULN,5576.335307733948,5586.603808135504,10.268500401555684,17,464c921a-4723-4171-a9ab-c807ce9b91c6,None,None,4,509,3,[],None,None
EXPLOIT_VULN,5586.603808135504,5599.284335109659,12.680526974155327,17,464c921a-4723-4171-a9ab-c807ce9b91c6,None,None,4,510,3,[],None,None
EXPLOIT_VULN,5599.284335109659,5613.7025092997055,14.418174190046557,17,464c921a-4723-4171-a9ab-c807ce9b91c6,None,None,4,511,3,[],None,None
EXPLOIT_VULN,5613.7025092997055,5627.7281532903235,14.025643990617937,17,464c921a-4723-4171-a9ab-c807ce9b91c6,None,None,4,512,3,[],None,None
EXPLOIT_VULN,5627.7281532903235,5640.654874628332,12.926721338008974,17,464c921a-4723-4171-a9ab-c807ce9b91c6,None,None,4,513,3,[],None,None
EXPLOIT_VULN,5640.654874628332,5657.429650868827,16.774776240494248,17,464c921a-4723-4171-a9ab-c807ce9b91c6,None,None,4,514,3,[],None,None
EXPLOIT_VULN,5657.429650868827,5674.679435209228,17.249784340401675,17,464c921a-4723-4171-a9ab-c807ce9b91c6,None,None,4,515,3,[],None,None
EXPLOIT_VULN,5674.679435209228,5695.646551202958,20.96711599372975,17,464c921a-4723-4171-a9ab-c807ce9b91c6,None,None,4,516,3,[],None,None
EXPLOIT_VULN,5695.646551202958,5703.63705981304,7.990508610081633,17,464c921a-4723-4171-a9ab-c807ce9b91c6,None,None,4,517,3,[],None,None
EXPLOIT_VULN,5703.63705981304,5722.2560103096985,18.618950496658726,17,464c921a-4723-4171-a9ab-c807ce9b91c6,None,None,4,518,3,[],network,CompleteTopologyShuffle
SCAN_HOST,5742.304561071973,5747.304561071973,5.0,-1,-1,None,None,0,518,3,[],None,None
ENUM_HOST,5747.304561071973,5752.304561071973,5.0,-1,-1,None,None,0,518,3,[],None,None
SCAN_PORT,5752.304561071973,5777.304561071973,25.0,10,d79c0963-4a36-42b2-9ec4-1e466a44227f,None,None,1,518,3,[],None,None
EXPLOIT_VULN,5777.304561071973,5782.2450240058815,4.940462933908748,10,d79c0963-4a36-42b2-9ec4-1e466a44227f,None,None,1,518,3,[],None,None
EXPLOIT_VULN,5782.2450240058815,5783.92921111761,1.6841871117285336,10,d79c0963-4a36-42b2-9ec4-1e466a44227f,None,None,1,519,3,[],None,None
EXPLOIT_VULN,5783.92921111761,5790.040320297835,6.1111091802249575,10,d79c0963-4a36-42b2-9ec4-1e466a44227f,None,None,1,520,3,[],None,None
EXPLOIT_VULN,5790.040320297835,5806.773978871303,16.733658573468347,10,d79c0963-4a36-42b2-9ec4-1e466a44227f,None,None,1,521,3,[],None,None
EXPLOIT_VULN,5806.773978871303,5819.950529229742,13.176550358438362,10,d79c0963-4a36-42b2-9ec4-1e466a44227f,None,None,1,522,3,[],None,None
EXPLOIT_VULN,5819.950529229742,5824.9355303204175,4.985001090675723,10,d79c0963-4a36-42b2-9ec4-1e466a44227f,None,None,1,523,3,[],None,None
EXPLOIT_VULN,5824.9355303204175,5842.234109907289,17.29857958687171,10,d79c0963-4a36-42b2-9ec4-1e466a44227f,None,None,1,524,3,[],None,None
EXPLOIT_VULN,5842.234109907289,5862.665028966417,20.43091905912752,10,d79c0963-4a36-42b2-9ec4-1e466a44227f,None,None,1,525,3,[],None,None
BRUTE_FORCE,5862.665028966417,5882.665028966417,20.0,10,d79c0963-4a36-42b2-9ec4-1e466a44227f,None,None,1,526,3,[],None,None
ENUM_HOST,5882.665028966417,5887.665028966417,5.0,10,d79c0963-4a36-42b2-9ec4-1e466a44227f,None,None,1,526,3,[],None,None
SCAN_PORT,5887.665028966417,5912.665028966417,25.0,14,5806c1d4-c777-495b-9548-7ff2a79d09b0,14,5806c1d4-c777-495b-9548-7ff2a79d09b0,1,526,3,"['Justine', 'Audry', 'Alfy']",None,None
SCAN_NEIGHBOR,5912.665028966417,5917.665028966417,5.0,14,5806c1d4-c777-495b-9548-7ff2a79d09b0,None,None,1,526,4,[],None,None
ENUM_HOST,5917.665028966417,5922.665028966417,5.0,14,5806c1d4-c777-495b-9548-7ff2a79d09b0,None,None,1,526,4,[],None,None
ENUM_HOST,5922.665028966417,5927.665028966417,5.0,18,0e1965b7-58a3-4660-92a6-422c5c49cf70,None,None,3,526,4,[],None,None
SCAN_PORT,5927.665028966417,5952.665028966417,25.0,37,9d82a2b5-510a-43e0-b996-68b5204a464c,None,None,1,526,4,[],None,None
EXPLOIT_VULN,5952.665028966417,5955.162059654238,2.4970306878212796,37,9d82a2b5-510a-43e0-b996-68b5204a464c,None,None,1,526,4,[],None,None
EXPLOIT_VULN,5955.162059654238,5959.392975934261,4.230916280022939,37,9d82a2b5-510a-43e0-b996-68b5204a464c,None,None,1,527,4,[],None,None
EXPLOIT_VULN,5959.392975934261,5964.495463597467,5.102487663206375,37,9d82a2b5-510a-43e0-b996-68b5204a464c,None,None,1,528,4,[],None,None
EXPLOIT_VULN,5964.495463597467,5970.554780221317,6.059316623849554,37,9d82a2b5-510a-43e0-b996-68b5204a464c,None,None,1,529,4,[],None,None
EXPLOIT_VULN,5970.554780221317,5976.222799263159,5.668019041841944,37,9d82a2b5-510a-43e0-b996-68b5204a464c,None,None,1,530,4,[],None,None
EXPLOIT_VULN,5976.222799263159,5997.220480717597,20.997681454437952,37,9d82a2b5-510a-43e0-b996-68b5204a464c,None,None,1,531,4,[],None,None
EXPLOIT_VULN,5997.220480717597,6006.458689466479,9.238208748882244,37,9d82a2b5-510a-43e0-b996-68b5204a464c,None,None,1,532,4,[],None,None
EXPLOIT_VULN,6006.458689466479,6024.3391748115355,17.880485345056513,37,9d82a2b5-510a-43e0-b996-68b5204a464c,None,None,1,533,4,[],None,None
EXPLOIT_VULN,6024.3391748115355,6030.511934253297,6.172759441761627,37,9d82a2b5-510a-43e0-b996-68b5204a464c,None,None,1,534,4,[],None,None
BRUTE_FORCE,6030.511934253297,6050.511934253297,20.0,37,9d82a2b5-510a-43e0-b996-68b5204a464c,None,None,1,535,4,[],None,None
ENUM_HOST,6050.511934253297,6055.511934253297,5.0,37,9d82a2b5-510a-43e0-b996-68b5204a464c,None,None,1,535,4,[],None,None
ENUM_HOST,6055.511934253297,6060.511934253297,5.0,12,59b42036-d1d0-4af9-9416-7937abf6b940,None,None,3,535,4,[],None,None
SCAN_PORT,6060.511934253297,6085.511934253297,25.0,13,01a01711-040d-452c-a030-4b7ed8cd1de4,13,01a01711-040d-452c-a030-4b7ed8cd1de4,1,535,4,"['Vonnie', 'Annis', 'Adara', 'Wally']",None,None
SCAN_NEIGHBOR,6085.511934253297,6090.511934253297,5.0,13,01a01711-040d-452c-a030-4b7ed8cd1de4,None,None,1,535,5,[],None,None
ENUM_HOST,6090.511934253297,6095.511934253297,5.0,13,01a01711-040d-452c-a030-4b7ed8cd1de4,None,None,1,535,5,[],None,None
SCAN_PORT,6095.511934253297,6120.511934253297,25.0,15,0c4aa51a-0b8c-4175-b9e6-46cfe860e67b,None,None,2,535,5,[],None,None
EXPLOIT_VULN,6120.511934253297,6120.991279944138,0.47934569084100076,15,0c4aa51a-0b8c-4175-b9e6-46cfe860e67b,None,None,2,535,5,[],None,None
EXPLOIT_VULN,6120.991279944138,6121.875357667234,0.8840777230961976,15,0c4aa51a-0b8c-4175-b9e6-46cfe860e67b,None,None,2,536,5,[],None,None
EXPLOIT_VULN,6121.875357667234,6122.915585155312,1.040227488078017,15,0c4aa51a-0b8c-4175-b9e6-46cfe860e67b,None,None,2,537,5,[],None,None
EXPLOIT_VULN,6122.915585155312,6124.775524818455,1.8599396631425407,15,0c4aa51a-0b8c-4175-b9e6-46cfe860e67b,None,None,2,538,5,[],None,None
EXPLOIT_VULN,6124.775524818455,6126.060442285815,1.2849174673601738,15,0c4aa51a-0b8c-4175-b9e6-46cfe860e67b,None,None,2,539,5,[],None,None
EXPLOIT_VULN,6126.060442285815,6126.809086148576,0.7486438627611278,15,0c4aa51a-0b8c-4175-b9e6-46cfe860e67b,None,None,2,540,5,[],network,CompleteTopologyShuffle
SCAN_HOST,6146.994802542768,6151.994802542768,5.0,-1,-1,None,None,0,540,5,[],None,None
ENUM_HOST,6151.994802542768,6156.994802542768,5.0,-1,-1,None,None,0,540,5,[],None,None
SCAN_PORT,6156.994802542768,6181.994802542768,25.0,15,0c4aa51a-0b8c-4175-b9e6-46cfe860e67b,None,None,3,540,5,[],None,None
EXPLOIT_VULN,6181.994802542768,6184.20878220527,2.213979662501515,15,0c4aa51a-0b8c-4175-b9e6-46cfe860e67b,None,None,3,540,5,[],None,None
EXPLOIT_VULN,6184.20878220527,6186.499971953187,2.2911897479170875,15,0c4aa51a-0b8c-4175-b9e6-46cfe860e67b,None,None,3,541,5,[],None,None
EXPLOIT_VULN,6186.499971953187,6188.923770171466,2.4237982182785345,15,0c4aa51a-0b8c-4175-b9e6-46cfe860e67b,None,None,3,542,5,[],None,None
EXPLOIT_VULN,6188.923770171466,6191.206333337486,2.2825631660207364,15,0c4aa51a-0b8c-4175-b9e6-46cfe860e67b,None,None,3,543,5,[],None,None
EXPLOIT_VULN,6191.206333337486,6194.286150827115,3.079817489629022,15,0c4aa51a-0b8c-4175-b9e6-46cfe860e67b,None,None,3,544,5,[],None,None
EXPLOIT_VULN,6194.286150827115,6197.821283979777,3.5351331526617287,15,0c4aa51a-0b8c-4175-b9e6-46cfe860e67b,None,None,3,545,5,[],None,None
EXPLOIT_VULN,6197.821283979777,6201.196487789404,3.375203809627237,15,0c4aa51a-0b8c-4175-b9e6-46cfe860e67b,None,None,3,546,5,[],None,None
EXPLOIT_VULN,6201.196487789404,6204.752560082413,3.556072293008583,15,0c4aa51a-0b8c-4175-b9e6-46cfe860e67b,None,None,3,547,5,[],None,None
EXPLOIT_VULN,6204.752560082413,6216.872921406436,12.120361324023179,15,0c4aa51a-0b8c-4175-b9e6-46cfe860e67b,None,None,3,548,5,[],None,None
EXPLOIT_VULN,6216.872921406436,6227.451469424919,10.578548018483161,15,0c4aa51a-0b8c-4175-b9e6-46cfe860e67b,None,None,3,549,5,[],None,None
EXPLOIT_VULN,6227.451469424919,6229.564099632676,2.1126302077564105,15,0c4aa51a-0b8c-4175-b9e6-46cfe860e67b,None,None,3,550,5,[],None,None
EXPLOIT_VULN,6229.564099632676,6233.349399775212,3.785300142536471,15,0c4aa51a-0b8c-4175-b9e6-46cfe860e67b,None,None,3,551,5,[],None,None
EXPLOIT_VULN,6233.349399775212,6240.781088425616,7.431688650403885,15,0c4aa51a-0b8c-4175-b9e6-46cfe860e67b,None,None,3,552,5,[],None,None
EXPLOIT_VULN,6240.781088425616,6246.282168272799,5.501079847183064,15,0c4aa51a-0b8c-4175-b9e6-46cfe860e67b,None,None,3,553,5,[],None,None
EXPLOIT_VULN,6246.282168272799,6253.543779633213,7.2616113604135535,15,0c4aa51a-0b8c-4175-b9e6-46cfe860e67b,None,None,3,554,5,[],None,None
EXPLOIT_VULN,6253.543779633213,6260.48752476225,6.943745129037779,15,0c4aa51a-0b8c-4175-b9e6-46cfe860e67b,None,None,3,555,5,[],None,None
EXPLOIT_VULN,6260.48752476225,6267.275045588732,6.787520826481341,15,0c4aa51a-0b8c-4175-b9e6-46cfe860e67b,None,None,3,556,5,[],None,None
EXPLOIT_VULN,6267.275045588732,6271.398675633325,4.123630044593483,15,0c4aa51a-0b8c-4175-b9e6-46cfe860e67b,None,None,3,557,5,[],None,None
EXPLOIT_VULN,6271.398675633325,6278.775407734311,7.376732100985464,15,0c4aa51a-0b8c-4175-b9e6-46cfe860e67b,None,None,3,558,5,[],None,None
EXPLOIT_VULN,6278.775407734311,6286.855142018743,8.079734284432561,15,0c4aa51a-0b8c-4175-b9e6-46cfe860e67b,None,None,3,559,5,[],None,None
EXPLOIT_VULN,6286.855142018743,6304.830406622269,17.97526460352583,15,0c4aa51a-0b8c-4175-b9e6-46cfe860e67b,None,None,3,560,5,[],None,None
EXPLOIT_VULN,6304.830406622269,6310.973578838124,6.143172215854975,15,0c4aa51a-0b8c-4175-b9e6-46cfe860e67b,None,None,3,561,5,[],None,None
EXPLOIT_VULN,6310.973578838124,6316.971266614399,5.997687776274688,15,0c4aa51a-0b8c-4175-b9e6-46cfe860e67b,None,None,3,562,5,[],None,None
EXPLOIT_VULN,6316.971266614399,6323.807331519976,6.836064905577587,15,0c4aa51a-0b8c-4175-b9e6-46cfe860e67b,None,None,3,563,5,[],None,None
EXPLOIT_VULN,6323.807331519976,6327.019115130086,3.2117836101097055,15,0c4aa51a-0b8c-4175-b9e6-46cfe860e67b,None,None,3,564,5,[],network,CompleteTopologyShuffle
SCAN_HOST,6347.03038720918,6352.03038720918,5.0,-1,-1,None,None,0,564,5,[],None,None
ENUM_HOST,6352.03038720918,6357.03038720918,5.0,-1,-1,None,None,0,564,5,[],None,None
SCAN_PORT,6357.03038720918,6382.03038720918,25.0,23,c5673048-8ad5-4ca7-a52b-c9049959d9ef,None,None,1,564,5,[],None,None
EXPLOIT_VULN,6382.03038720918,6382.803341599678,0.7729543904979437,23,c5673048-8ad5-4ca7-a52b-c9049959d9ef,None,None,1,564,5,[],None,None
EXPLOIT_VULN,6382.803341599678,6386.09043503818,3.28709343850187,23,c5673048-8ad5-4ca7-a52b-c9049959d9ef,None,None,1,565,5,[],None,None
EXPLOIT_VULN,6386.09043503818,6388.30645484911,2.2160198109304474,23,c5673048-8ad5-4ca7-a52b-c9049959d9ef,None,None,1,566,5,[],None,None
EXPLOIT_VULN,6388.30645484911,6391.831648580111,3.5251937310003996,23,c5673048-8ad5-4ca7-a52b-c9049959d9ef,None,None,1,567,5,[],None,None
EXPLOIT_VULN,6391.831648580111,6394.681392333615,2.849743753504299,23,c5673048-8ad5-4ca7-a52b-c9049959d9ef,None,None,1,568,5,[],None,None
EXPLOIT_VULN,6394.681392333615,6400.675176927497,5.993784593882083,23,c5673048-8ad5-4ca7-a52b-c9049959d9ef,None,None,1,569,5,[],None,None
EXPLOIT_VULN,6400.675176927497,6404.406587042926,3.7314101154288437,23,c5673048-8ad5-4ca7-a52b-c9049959d9ef,None,None,1,570,5,[],None,None
EXPLOIT_VULN,6404.406587042926,6414.50071462589,10.094127582964575,23,c5673048-8ad5-4ca7-a52b-c9049959d9ef,None,None,1,571,5,[],None,None
EXPLOIT_VULN,6414.50071462589,6419.993544092023,5.492829466132207,23,c5673048-8ad5-4ca7-a52b-c9049959d9ef,None,None,1,572,5,[],None,None
EXPLOIT_VULN,6419.993544092023,6427.200521142382,7.2069770503594555,23,c5673048-8ad5-4ca7-a52b-c9049959d9ef,None,None,1,573,5,[],None,None
EXPLOIT_VULN,6427.200521142382,6441.870936234915,14.670415092532494,23,c5673048-8ad5-4ca7-a52b-c9049959d9ef,None,None,1,574,5,[],None,None
EXPLOIT_VULN,6441.870936234915,6458.271013782935,16.400077548020818,23,c5673048-8ad5-4ca7-a52b-c9049959d9ef,None,None,1,575,5,[],None,None
EXPLOIT_VULN,6458.271013782935,6465.125406640278,6.854392857342646,23,c5673048-8ad5-4ca7-a52b-c9049959d9ef,None,None,1,576,5,[],None,None
EXPLOIT_VULN,6465.125406640278,6471.9074563801105,6.782049739832473,23,c5673048-8ad5-4ca7-a52b-c9049959d9ef,None,None,1,577,5,[],None,None
EXPLOIT_VULN,6471.9074563801105,6478.488609240325,6.581152860214388,23,c5673048-8ad5-4ca7-a52b-c9049959d9ef,None,None,1,578,5,[],None,None
EXPLOIT_VULN,6478.488609240325,6497.175007653994,18.68639841366894,23,c5673048-8ad5-4ca7-a52b-c9049959d9ef,None,None,1,579,5,[],application,OSDiversity
SCAN_PORT,6517.6717644206,6542.6717644206,25.0,23,c5673048-8ad5-4ca7-a52b-c9049959d9ef,None,None,1,579,5,[],None,None
EXPLOIT_VULN,6542.6717644206,6544.985317599385,2.3135531787847867,23,c5673048-8ad5-4ca7-a52b-c9049959d9ef,None,None,1,579,5,[],None,None
EXPLOIT_VULN,6544.985317599385,6546.766517287359,1.7811996879745493,23,c5673048-8ad5-4ca7-a52b-c9049959d9ef,None,None,1,580,5,[],None,None
EXPLOIT_VULN,6546.766517287359,6548.743706970566,1.977189683206234,23,c5673048-8ad5-4ca7-a52b-c9049959d9ef,None,None,1,581,5,[],None,None
EXPLOIT_VULN,6548.743706970566,6558.544161892669,9.8004549221032,23,c5673048-8ad5-4ca7-a52b-c9049959d9ef,None,None,1,582,5,[],None,None
EXPLOIT_VULN,6558.544161892669,6569.6052479885575,11.06108609588864,23,c5673048-8ad5-4ca7-a52b-c9049959d9ef,None,None,1,583,5,[],None,None
EXPLOIT_VULN,6569.6052479885575,6577.088805979412,7.4835579908549335,23,c5673048-8ad5-4ca7-a52b-c9049959d9ef,None,None,1,584,5,[],None,None
EXPLOIT_VULN,6577.088805979412,6598.134206892404,21.04540091299168,23,c5673048-8ad5-4ca7-a52b-c9049959d9ef,None,None,1,585,5,[],None,None
EXPLOIT_VULN,6598.134206892404,6604.322432693707,6.188225801302906,23,c5673048-8ad5-4ca7-a52b-c9049959d9ef,None,None,1,586,5,[],None,None
EXPLOIT_VULN,6604.322432693707,6610.649777123684,6.32734442997662,23,c5673048-8ad5-4ca7-a52b-c9049959d9ef,None,None,1,587,5,[],None,None
EXPLOIT_VULN,6610.649777123684,6613.674242693006,3.024465569322274,23,c5673048-8ad5-4ca7-a52b-c9049959d9ef,None,None,1,588,5,[],None,None
EXPLOIT_VULN,6613.674242693006,6622.314175052804,8.639932359797967,23,c5673048-8ad5-4ca7-a52b-c9049959d9ef,None,None,1,589,5,[],None,None
EXPLOIT_VULN,6622.314175052804,6642.985476646876,20.671301594072247,23,c5673048-8ad5-4ca7-a52b-c9049959d9ef,None,None,1,590,5,[],None,None
EXPLOIT_VULN,6642.985476646876,6647.7612225801295,4.775745933253347,23,c5673048-8ad5-4ca7-a52b-c9049959d9ef,None,None,1,591,5,[],None,None
EXPLOIT_VULN,6647.7612225801295,6655.586047722158,7.824825142028203,23,c5673048-8ad5-4ca7-a52b-c9049959d9ef,None,None,1,592,5,[],None,None
EXPLOIT_VULN,6655.586047722158,6663.11791846716,7.531870745002379,23,c5673048-8ad5-4ca7-a52b-c9049959d9ef,23,c5673048-8ad5-4ca7-a52b-c9049959d9ef,1,593,5,"['Dorree', 'Korry', 'Ealasaid']",None,None
SCAN_NEIGHBOR,6663.11791846716,6668.11791846716,5.0,23,c5673048-8ad5-4ca7-a52b-c9049959d9ef,None,None,1,594,6,[],None,None
ENUM_HOST,6668.11791846716,6673.11791846716,5.0,23,c5673048-8ad5-4ca7-a52b-c9049959d9ef,None,None,1,594,6,[],None,None
ENUM_HOST,6673.11791846716,6678.11791846716,5.0,18,0e1965b7-58a3-4660-92a6-422c5c49cf70,None,None,4,594,6,[],None,None
SCAN_PORT,6678.11791846716,6687.317466740512,9.199548273351866,26,39be024e-1617-4936-85db-d192be03a098,None,None,1,594,6,[],application,ServiceDiversity
SCAN_PORT,6707.736370415614,6732.736370415614,25.0,26,39be024e-1617-4936-85db-d192be03a098,26,39be024e-1617-4936-85db-d192be03a098,1,594,6,"['Bel', 'Zelma']",None,None
SCAN_NEIGHBOR,6732.736370415614,6737.736370415614,5.0,26,39be024e-1617-4936-85db-d192be03a098,None,None,1,594,7,[],None,None
ENUM_HOST,6737.736370415614,6742.736370415614,5.0,26,39be024e-1617-4936-85db-d192be03a098,None,None,1,594,7,[],None,None
SCAN_PORT,6742.736370415614,6767.736370415614,25.0,29,4ddaa79c-959b-4271-a344-b83a2fd65dd7,None,None,1,594,7,[],None,None
EXPLOIT_VULN,6767.736370415614,6768.40879193709,0.6724215214762808,29,4ddaa79c-959b-4271-a344-b83a2fd65dd7,None,None,1,594,7,[],None,None
EXPLOIT_VULN,6768.40879193709,6769.163044101727,0.7542521646364548,29,4ddaa79c-959b-4271-a344-b83a2fd65dd7,None,None,1,595,7,[],None,None
EXPLOIT_VULN,6769.163044101727,6771.079597795673,1.9165536939462982,29,4ddaa79c-959b-4271-a344-b83a2fd65dd7,None,None,1,596,7,[],None,None
EXPLOIT_VULN,6771.079597795673,6773.2291670832565,2.14956928758329,29,4ddaa79c-959b-4271-a344-b83a2fd65dd7,None,None,1,597,7,[],None,None
EXPLOIT_VULN,6773.2291670832565,6777.1076338825105,3.8784667992540562,29,4ddaa79c-959b-4271-a344-b83a2fd65dd7,None,None,1,598,7,[],None,None
EXPLOIT_VULN,6777.1076338825105,6778.84115803365,1.733524151139136,29,4ddaa79c-959b-4271-a344-b83a2fd65dd7,None,None,1,599,7,[],None,None
EXPLOIT_VULN,6778.84115803365,6781.757592636309,2.9164346026591375,29,4ddaa79c-959b-4271-a344-b83a2fd65dd7,None,None,1,600,7,[],None,None
EXPLOIT_VULN,6781.757592636309,6783.678812793917,1.9212201576083316,29,4ddaa79c-959b-4271-a344-b83a2fd65dd7,None,None,1,601,7,[],None,None
EXPLOIT_VULN,6783.678812793917,6786.528822039339,2.850009245421461,29,4ddaa79c-959b-4271-a344-b83a2fd65dd7,None,None,1,602,7,[],None,None
EXPLOIT_VULN,6786.528822039339,6788.6384235637415,2.109601524402933,29,4ddaa79c-959b-4271-a344-b83a2fd65dd7,None,None,1,603,7,[],None,None
EXPLOIT_VULN,6788.6384235637415,6791.088652398987,2.4502288352450705,29,4ddaa79c-959b-4271-a344-b83a2fd65dd7,None,None,1,604,7,[],None,None
EXPLOIT_VULN,6791.088652398987,6791.7243715274535,0.635719128466917,29,4ddaa79c-959b-4271-a344-b83a2fd65dd7,None,None,1,605,7,[],None,None
EXPLOIT_VULN,6791.7243715274535,6794.949755803698,3.2253842762447675,29,4ddaa79c-959b-4271-a344-b83a2fd65dd7,None,None,1,606,7,[],None,None
EXPLOIT_VULN,6794.949755803698,6796.998348530931,2.048592727232972,29,4ddaa79c-959b-4271-a344-b83a2fd65dd7,None,None,1,607,7,[],None,None
EXPLOIT_VULN,6796.998348530931,6800.536718590675,3.538370059744011,29,4ddaa79c-959b-4271-a344-b83a2fd65dd7,None,None,1,608,7,[],None,None
EXPLOIT_VULN,6800.536718590675,6803.110504914864,2.5737863241884043,29,4ddaa79c-959b-4271-a344-b83a2fd65dd7,None,None,1,609,7,[],None,None
EXPLOIT_VULN,6803.110504914864,6804.935377102979,1.824872188115478,29,4ddaa79c-959b-4271-a344-b83a2fd65dd7,None,None,1,610,7,[],None,None
EXPLOIT_VULN,6804.935377102979,6809.185245684581,4.249868581601731,29,4ddaa79c-959b-4271-a344-b83a2fd65dd7,None,None,1,611,7,[],None,None
EXPLOIT_VULN,6809.185245684581,6810.983852539586,1.798606855005346,29,4ddaa79c-959b-4271-a344-b83a2fd65dd7,None,None,1,612,7,[],None,None
EXPLOIT_VULN,6810.983852539586,6813.225338539131,2.241485999545148,29,4ddaa79c-959b-4271-a344-b83a2fd65dd7,None,None,1,613,7,[],None,None
EXPLOIT_VULN,6813.225338539131,6817.255342191087,4.030003651955667,29,4ddaa79c-959b-4271-a344-b83a2fd65dd7,None,None,1,614,7,[],None,None
EXPLOIT_VULN,6817.255342191087,6820.363181219339,3.107839028251874,29,4ddaa79c-959b-4271-a344-b83a2fd65dd7,None,None,1,615,7,[],None,None
EXPLOIT_VULN,6820.363181219339,6826.471874134219,6.108692914880521,29,4ddaa79c-959b-4271-a344-b83a2fd65dd7,None,None,1,616,7,[],None,None
EXPLOIT_VULN,6826.471874134219,6840.555429199707,14.083555065487417,29,4ddaa79c-959b-4271-a344-b83a2fd65dd7,None,None,1,617,7,[],None,None
EXPLOIT_VULN,6840.555429199707,6855.94329634081,15.387867141103015,29,4ddaa79c-959b-4271-a344-b83a2fd65dd7,None,None,1,618,7,[],None,None
EXPLOIT_VULN,6855.94329634081,6861.016197949847,5.072901609037217,29,4ddaa79c-959b-4271-a344-b83a2fd65dd7,None,None,1,619,7,[],None,None
EXPLOIT_VULN,6861.016197949847,6864.652518362133,3.6363204122862953,29,4ddaa79c-959b-4271-a344-b83a2fd65dd7,None,None,1,620,7,[],None,None
EXPLOIT_VULN,6864.652518362133,6869.429473515265,4.776955153131894,29,4ddaa79c-959b-4271-a344-b83a2fd65dd7,None,None,1,621,7,[],None,None
EXPLOIT_VULN,6869.429473515265,6876.263281639166,6.833808123900781,29,4ddaa79c-959b-4271-a344-b83a2fd65dd7,None,None,1,622,7,[],None,None
EXPLOIT_VULN,6876.263281639166,6884.060159771442,7.796878132276106,29,4ddaa79c-959b-4271-a344-b83a2fd65dd7,None,None,1,623,7,[],None,None
EXPLOIT_VULN,6884.060159771442,6894.643769877864,10.583610106421474,29,4ddaa79c-959b-4271-a344-b83a2fd65dd7,None,None,1,624,7,[],None,None
EXPLOIT_VULN,6894.643769877864,6897.991269780363,3.347499902499294,29,4ddaa79c-959b-4271-a344-b83a2fd65dd7,None,None,1,625,7,[],None,None
EXPLOIT_VULN,6897.991269780363,6900.490022105572,2.4987523252093524,29,4ddaa79c-959b-4271-a344-b83a2fd65dd7,None,None,1,626,7,[],None,None
EXPLOIT_VULN,6900.490022105572,6915.18808994283,14.69806783725744,29,4ddaa79c-959b-4271-a344-b83a2fd65dd7,None,None,1,627,7,[],None,None
EXPLOIT_VULN,6915.18808994283,6927.31244463835,12.124354695520196,29,4ddaa79c-959b-4271-a344-b83a2fd65dd7,None,None,1,628,7,[],network,CompleteTopologyShuffle
SCAN_HOST,6947.378024377157,6952.378024377157,5.0,-1,-1,None,None,0,628,7,[],None,None
ENUM_HOST,6952.378024377157,6957.378024377157,5.0,-1,-1,None,None,0,628,7,[],None,None
SCAN_PORT,6957.378024377157,6982.378024377157,25.0,6,62721611-be02-4151-883b-83d394161d97,None,None,1,628,7,[],None,None
EXPLOIT_VULN,6982.378024377157,6983.712958449537,1.3349340723798377,6,62721611-be02-4151-883b-83d394161d97,None,None,1,628,7,[],None,None
EXPLOIT_VULN,6983.712958449537,6985.030450863091,1.3174924135537367,6,62721611-be02-4151-883b-83d394161d97,None,None,1,629,7,[],None,None
EXPLOIT_VULN,6985.030450863091,6988.184513808772,3.1540629456812894,6,62721611-be02-4151-883b-83d394161d97,None,None,1,630,7,[],None,None
EXPLOIT_VULN,6988.184513808772,6991.152857916285,2.968344107513076,6,62721611-be02-4151-883b-83d394161d97,None,None,1,631,7,[],None,None
EXPLOIT_VULN,6991.152857916285,6995.567820162806,4.4149622465211,6,62721611-be02-4151-883b-83d394161d97,None,None,1,632,7,[],None,None
EXPLOIT_VULN,6995.567820162806,6998.558250633669,2.9904304708625205,6,62721611-be02-4151-883b-83d394161d97,None,None,1,633,7,[],None,None
EXPLOIT_VULN,6998.558250633669,7007.888612363119,9.330361729450487,6,62721611-be02-4151-883b-83d394161d97,None,None,1,634,7,[],None,None
EXPLOIT_VULN,7007.888612363119,7011.347210766403,3.4585984032837587,6,62721611-be02-4151-883b-83d394161d97,None,None,1,635,7,[],None,None
EXPLOIT_VULN,7011.347210766403,7013.985400806879,2.63819004047582,6,62721611-be02-4151-883b-83d394161d97,None,None,1,636,7,[],None,None
EXPLOIT_VULN,7013.985400806879,7016.649512678752,2.6641118718735015,6,62721611-be02-4151-883b-83d394161d97,None,None,1,637,7,[],None,None
EXPLOIT_VULN,7016.649512678752,7024.167774946141,7.518262267389218,6,62721611-be02-4151-883b-83d394161d97,None,None,1,638,7,[],None,None
EXPLOIT_VULN,7024.167774946141,7037.52370926083,13.355934314688966,6,62721611-be02-4151-883b-83d394161d97,None,None,1,639,7,[],None,None
EXPLOIT_VULN,7037.52370926083,7040.617605387993,3.0938961271622247,6,62721611-be02-4151-883b-83d394161d97,None,None,1,640,7,[],None,None
EXPLOIT_VULN,7040.617605387993,7044.3952485897635,3.777643201770843,6,62721611-be02-4151-883b-83d394161d97,None,None,1,641,7,[],None,None
EXPLOIT_VULN,7044.3952485897635,7054.620083515437,10.224834925673349,6,62721611-be02-4151-883b-83d394161d97,None,None,1,642,7,[],None,None
EXPLOIT_VULN,7054.620083515437,7068.071940448941,13.451856933504132,6,62721611-be02-4151-883b-83d394161d97,None,None,1,643,7,[],None,None
EXPLOIT_VULN,7068.071940448941,7074.101515009003,6.029574560062429,6,62721611-be02-4151-883b-83d394161d97,None,None,1,644,7,[],None,None
EXPLOIT_VULN,7074.101515009003,7076.413227741077,2.311712732073829,6,62721611-be02-4151-883b-83d394161d97,None,None,1,645,7,[],None,None
EXPLOIT_VULN,7076.413227741077,7093.095782232628,16.682554491550945,6,62721611-be02-4151-883b-83d394161d97,None,None,1,646,7,[],None,None
EXPLOIT_VULN,7093.095782232628,7097.809459669667,4.713677437039223,6,62721611-be02-4151-883b-83d394161d97,None,None,1,647,7,[],application,OSDiversity
SCAN_PORT,7118.738070876148,7143.738070876148,25.0,6,62721611-be02-4151-883b-83d394161d97,None,None,1,647,7,[],None,None
EXPLOIT_VULN,7143.738070876148,7145.085314984355,1.3472441082067235,6,62721611-be02-4151-883b-83d394161d97,None,None,1,647,7,[],None,None
EXPLOIT_VULN,7145.085314984355,7148.675175056858,3.589860072503143,6,62721611-be02-4151-883b-83d394161d97,None,None,1,648,7,[],None,None
EXPLOIT_VULN,7148.675175056858,7150.936238435081,2.2610633782223886,6,62721611-be02-4151-883b-83d394161d97,None,None,1,649,7,[],None,None
EXPLOIT_VULN,7150.936238435081,7154.861716200262,3.925477765181313,6,62721611-be02-4151-883b-83d394161d97,None,None,1,650,7,[],None,None
EXPLOIT_VULN,7154.861716200262,7164.563743580291,9.702027380028994,6,62721611-be02-4151-883b-83d394161d97,None,None,1,651,7,[],None,None
EXPLOIT_VULN,7164.563743580291,7172.172487424936,7.608743844644778,6,62721611-be02-4151-883b-83d394161d97,None,None,1,652,7,[],None,None
EXPLOIT_VULN,7172.172487424936,7185.260652459953,13.088165035017482,6,62721611-be02-4151-883b-83d394161d97,None,None,1,653,7,[],None,None
EXPLOIT_VULN,7185.260652459953,7200.826282201884,15.565629741930934,6,62721611-be02-4151-883b-83d394161d97,None,None,1,654,7,[],None,None
EXPLOIT_VULN,7200.826282201884,7207.848166766059,7.021884564174798,6,62721611-be02-4151-883b-83d394161d97,None,None,1,655,7,[],None,None
EXPLOIT_VULN,7207.848166766059,7218.593451298413,10.745284532354162,6,62721611-be02-4151-883b-83d394161d97,None,None,1,656,7,[],None,None
EXPLOIT_VULN,7218.593451298413,7231.707216393752,13.11376509533875,6,62721611-be02-4151-883b-83d394161d97,None,None,1,657,7,[],None,None
EXPLOIT_VULN,7231.707216393752,7238.630832262644,6.9236158688918295,6,62721611-be02-4151-883b-83d394161d97,None,None,1,658,7,[],None,None
EXPLOIT_VULN,7238.630832262644,7242.004772988432,3.3739407257880885,6,62721611-be02-4151-883b-83d394161d97,None,None,1,659,7,[],None,None
EXPLOIT_VULN,7242.004772988432,7258.430970133429,16.426197144996877,6,62721611-be02-4151-883b-83d394161d97,None,None,1,660,7,[],None,None
EXPLOIT_VULN,7258.430970133429,7275.149529032037,16.718558898608535,6,62721611-be02-4151-883b-83d394161d97,None,None,1,661,7,[],None,None
EXPLOIT_VULN,7275.149529032037,7283.546245129028,8.39671609699053,6,62721611-be02-4151-883b-83d394161d97,None,None,1,662,7,[],None,None
EXPLOIT_VULN,7283.546245129028,7303.782297775584,20.236052646556345,6,62721611-be02-4151-883b-83d394161d97,None,None,1,663,7,[],None,None
EXPLOIT_VULN,7303.782297775584,7311.366487440069,7.584189664485166,6,62721611-be02-4151-883b-83d394161d97,None,None,1,664,7,[],None,None
EXPLOIT_VULN,7311.366487440069,7319.523547206845,8.157059766776001,6,62721611-be02-4151-883b-83d394161d97,None,None,1,665,7,[],None,None
EXPLOIT_VULN,7319.523547206845,7327.5267016087,8.003154401854772,6,62721611-be02-4151-883b-83d394161d97,None,None,1,666,7,[],network,CompleteTopologyShuffle
SCAN_HOST,7348.508948487716,7353.508948487716,5.0,-1,-1,None,None,0,666,7,[],None,None
ENUM_HOST,7353.508948487716,7358.508948487716,5.0,-1,-1,None,None,0,666,7,[],None,None
SCAN_PORT,7358.508948487716,7383.508948487716,25.0,11,1c46076f-ea2d-4800-9a61-c6d6398aa328,None,None,1,666,7,[],None,None
EXPLOIT_VULN,7383.508948487716,7383.771223764551,0.2622752768347709,11,1c46076f-ea2d-4800-9a61-c6d6398aa328,None,None,1,666,7,[],None,None
EXPLOIT_VULN,7383.771223764551,7384.3045819269555,0.533358162404511,11,1c46076f-ea2d-4800-9a61-c6d6398aa328,None,None,1,667,7,[],None,None
EXPLOIT_VULN,7384.3045819269555,7394.606088214394,10.301506287438315,11,1c46076f-ea2d-4800-9a61-c6d6398aa328,None,None,1,668,7,[],None,None
EXPLOIT_VULN,7394.606088214394,7411.690220471217,17.084132256823068,11,1c46076f-ea2d-4800-9a61-c6d6398aa328,None,None,1,669,7,[],None,None
EXPLOIT_VULN,7411.690220471217,7419.558504836704,7.868284365486943,11,1c46076f-ea2d-4800-9a61-c6d6398aa328,None,None,1,670,7,[],None,None
EXPLOIT_VULN,7419.558504836704,7430.322429481353,10.763924644648796,11,1c46076f-ea2d-4800-9a61-c6d6398aa328,None,None,1,671,7,[],None,None
BRUTE_FORCE,7430.322429481353,7450.322429481353,20.0,11,1c46076f-ea2d-4800-9a61-c6d6398aa328,None,None,1,672,7,[],None,None
ENUM_HOST,7450.322429481353,7455.322429481353,5.0,11,1c46076f-ea2d-4800-9a61-c6d6398aa328,None,None,1,672,7,[],None,None
SCAN_PORT,7455.322429481353,7480.322429481353,25.0,21,9a4e2b3a-b3b0-4046-8409-c616777e42f8,None,None,1,672,7,[],None,None
EXPLOIT_VULN,7480.322429481353,7482.841190955997,2.5187614746446343,21,9a4e2b3a-b3b0-4046-8409-c616777e42f8,None,None,1,672,7,[],None,None
EXPLOIT_VULN,7482.841190955997,7485.796431358858,2.955240402860909,21,9a4e2b3a-b3b0-4046-8409-c616777e42f8,None,None,1,673,7,[],None,None
EXPLOIT_VULN,7485.796431358858,7496.939610081781,11.14317872292304,21,9a4e2b3a-b3b0-4046-8409-c616777e42f8,None,None,1,674,7,[],None,None
EXPLOIT_VULN,7496.939610081781,7504.100445403514,7.16083532173252,21,9a4e2b3a-b3b0-4046-8409-c616777e42f8,None,None,1,675,7,[],None,None
EXPLOIT_VULN,7504.100445403514,7508.674470305771,4.574024902257406,21,9a4e2b3a-b3b0-4046-8409-c616777e42f8,None,None,1,676,7,[],None,None
EXPLOIT_VULN,7508.674470305771,7515.433237740644,6.758767434872425,21,9a4e2b3a-b3b0-4046-8409-c616777e42f8,None,None,1,677,7,[],None,None
EXPLOIT_VULN,7515.433237740644,7517.806254986565,2.373017245921801,21,9a4e2b3a-b3b0-4046-8409-c616777e42f8,None,None,1,678,7,[],network,IPShuffle
SCAN_HOST,7539.544848590448,7544.544848590448,5.0,-1,-1,None,None,0,678,7,[],None,None
ENUM_HOST,7544.544848590448,7549.544848590448,5.0,-1,-1,None,None,0,678,7,[],None,None
SCAN_PORT,7549.544848590448,7574.544848590448,25.0,11,1c46076f-ea2d-4800-9a61-c6d6398aa328,None,None,2,678,7,[],None,None
EXPLOIT_VULN,7574.544848590448,7575.482815177823,0.9379665873748309,11,1c46076f-ea2d-4800-9a61-c6d6398aa328,None,None,2,678,7,[],None,None
EXPLOIT_VULN,7575.482815177823,7586.813569337438,11.330754159615026,11,1c46076f-ea2d-4800-9a61-c6d6398aa328,None,None,2,679,7,[],None,None
EXPLOIT_VULN,7586.813569337438,7591.819686528206,5.0061171907682365,11,1c46076f-ea2d-4800-9a61-c6d6398aa328,None,None,2,680,7,[],None,None
EXPLOIT_VULN,7591.819686528206,7609.687652822868,17.867966294661528,11,1c46076f-ea2d-4800-9a61-c6d6398aa328,None,None,2,681,7,[],None,None
EXPLOIT_VULN,7609.687652822868,7618.085434544413,8.39778172154547,11,1c46076f-ea2d-4800-9a61-c6d6398aa328,None,None,2,682,7,[],None,None
EXPLOIT_VULN,7618.085434544413,7625.953630747226,7.868196202813124,11,1c46076f-ea2d-4800-9a61-c6d6398aa328,None,None,2,683,7,[],None,None
EXPLOIT_VULN,7625.953630747226,7635.946201453472,9.992570706245715,11,1c46076f-ea2d-4800-9a61-c6d6398aa328,None,None,2,684,7,[],None,None
BRUTE_FORCE,7635.946201453472,7655.946201453472,20.0,11,1c46076f-ea2d-4800-9a61-c6d6398aa328,None,None,2,685,7,[],None,None
ENUM_HOST,7655.946201453472,7660.946201453472,5.0,11,1c46076f-ea2d-4800-9a61-c6d6398aa328,None,None,2,685,7,[],None,None
SCAN_PORT,7660.946201453472,7685.946201453472,25.0,21,9a4e2b3a-b3b0-4046-8409-c616777e42f8,None,None,2,685,7,[],None,None
EXPLOIT_VULN,7685.946201453472,7686.198859490481,0.2526580370085867,21,9a4e2b3a-b3b0-4046-8409-c616777e42f8,None,None,2,685,7,[],None,None
EXPLOIT_VULN,7686.198859490481,7695.873129330894,9.674269840413217,21,9a4e2b3a-b3b0-4046-8409-c616777e42f8,None,None,2,686,7,[],None,None
EXPLOIT_VULN,7695.873129330894,7700.467448710197,4.59431937930276,21,9a4e2b3a-b3b0-4046-8409-c616777e42f8,None,None,2,687,7,[],None,None
EXPLOIT_VULN,7700.467448710197,7716.8072108362185,16.339762126021924,21,9a4e2b3a-b3b0-4046-8409-c616777e42f8,None,None,2,688,7,[],None,None
EXPLOIT_VULN,7716.8072108362185,7728.019490317221,11.212279481002952,21,9a4e2b3a-b3b0-4046-8409-c616777e42f8,None,None,2,689,7,[],network,CompleteTopologyShuffle
SCAN_HOST,7748.294383036321,7753.294383036321,5.0,-1,-1,None,None,0,689,7,[],None,None
ENUM_HOST,7753.294383036321,7758.294383036321,5.0,-1,-1,None,None,0,689,7,[],None,None
SCAN_PORT,7758.294383036321,7783.294383036321,25.0,15,0c4aa51a-0b8c-4175-b9e6-46cfe860e67b,None,None,4,689,7,[],None,None
EXPLOIT_VULN,7783.294383036321,7783.602135930253,0.3077528939320473,15,0c4aa51a-0b8c-4175-b9e6-46cfe860e67b,None,None,4,689,7,[],None,None
EXPLOIT_VULN,7783.602135930253,7784.159429309822,0.5572933795692734,15,0c4aa51a-0b8c-4175-b9e6-46cfe860e67b,None,None,4,690,7,[],None,None
EXPLOIT_VULN,7784.159429309822,7784.408063789906,0.24863448008363775,15,0c4aa51a-0b8c-4175-b9e6-46cfe860e67b,None,None,4,691,7,[],None,None
EXPLOIT_VULN,7784.408063789906,7787.836286451477,3.428222661570544,15,0c4aa51a-0b8c-4175-b9e6-46cfe860e67b,None,None,4,692,7,[],None,None
EXPLOIT_VULN,7787.836286451477,7790.145464165351,2.3091777138743055,15,0c4aa51a-0b8c-4175-b9e6-46cfe860e67b,None,None,4,693,7,[],None,None
EXPLOIT_VULN,7790.145464165351,7792.721440332299,2.5759761669478394,15,0c4aa51a-0b8c-4175-b9e6-46cfe860e67b,None,None,4,694,7,[],None,None
EXPLOIT_VULN,7792.721440332299,7795.776091272697,3.05465094039846,15,0c4aa51a-0b8c-4175-b9e6-46cfe860e67b,None,None,4,695,7,[],None,None
EXPLOIT_VULN,7795.776091272697,7800.377842656033,4.601751383335795,15,0c4aa51a-0b8c-4175-b9e6-46cfe860e67b,None,None,4,696,7,[],None,None
EXPLOIT_VULN,7800.377842656033,7805.004547570412,4.626704914378934,15,0c4aa51a-0b8c-4175-b9e6-46cfe860e67b,None,None,4,697,7,[],None,None
EXPLOIT_VULN,7805.004547570412,7806.885647049254,1.8810994788418611,15,0c4aa51a-0b8c-4175-b9e6-46cfe860e67b,None,None,4,698,7,[],None,None
EXPLOIT_VULN,7806.885647049254,7808.458038514989,1.5723914657355635,15,0c4aa51a-0b8c-4175-b9e6-46cfe860e67b,None,None,4,699,7,[],None,None
EXPLOIT_VULN,7808.458038514989,7811.545591916024,3.087553401034711,15,0c4aa51a-0b8c-4175-b9e6-46cfe860e67b,None,None,4,700,7,[],None,None
EXPLOIT_VULN,7811.545591916024,7813.866338707801,2.32074679177731,15,0c4aa51a-0b8c-4175-b9e6-46cfe860e67b,None,None,4,701,7,[],None,None
EXPLOIT_VULN,7813.866338707801,7818.412860202845,4.546521495043635,15,0c4aa51a-0b8c-4175-b9e6-46cfe860e67b,None,None,4,702,7,[],None,None
EXPLOIT_VULN,7818.412860202845,7822.839302998774,4.426442795928779,15,0c4aa51a-0b8c-4175-b9e6-46cfe860e67b,None,None,4,703,7,[],None,None
EXPLOIT_VULN,7822.839302998774,7833.130305731207,10.291002732433299,15,0c4aa51a-0b8c-4175-b9e6-46cfe860e67b,None,None,4,704,7,[],None,None
EXPLOIT_VULN,7833.130305731207,7842.976782994931,9.84647726372441,15,0c4aa51a-0b8c-4175-b9e6-46cfe860e67b,None,None,4,705,7,[],None,None
EXPLOIT_VULN,7842.976782994931,7845.231114269127,2.254331274195465,15,0c4aa51a-0b8c-4175-b9e6-46cfe860e67b,None,None,4,706,7,[],None,None
EXPLOIT_VULN,7845.231114269127,7847.056814793737,1.825700524610511,15,0c4aa51a-0b8c-4175-b9e6-46cfe860e67b,None,None,4,707,7,[],None,None
EXPLOIT_VULN,7847.056814793737,7851.631769154032,4.574954360294214,15,0c4aa51a-0b8c-4175-b9e6-46cfe860e67b,None,None,4,708,7,[],None,None
EXPLOIT_VULN,7851.631769154032,7857.486741800381,5.854972646349779,15,0c4aa51a-0b8c-4175-b9e6-46cfe860e67b,None,None,4,709,7,[],None,None
EXPLOIT_VULN,7857.486741800381,7859.440539162403,1.95379736202176,15,0c4aa51a-0b8c-4175-b9e6-46cfe860e67b,None,None,4,710,7,[],None,None
EXPLOIT_VULN,7859.440539162403,7861.85728879827,2.416749635866836,15,0c4aa51a-0b8c-4175-b9e6-46cfe860e67b,None,None,4,711,7,[],None,None
EXPLOIT_VULN,7861.85728879827,7872.5788381501125,10.721549351842441,15,0c4aa51a-0b8c-4175-b9e6-46cfe860e67b,None,None,4,712,7,[],None,None
EXPLOIT_VULN,7872.5788381501125,7878.073255253421,5.4944171033084785,15,0c4aa51a-0b8c-4175-b9e6-46cfe860e67b,None,None,4,713,7,[],None,None
EXPLOIT_VULN,7878.073255253421,7882.9520770865465,4.878821833125585,15,0c4aa51a-0b8c-4175-b9e6-46cfe860e67b,None,None,4,714,7,[],None,None
EXPLOIT_VULN,7882.9520770865465,7888.574181855677,5.622104769130601,15,0c4aa51a-0b8c-4175-b9e6-46cfe860e67b,None,None,4,715,7,[],None,None
EXPLOIT_VULN,7888.574181855677,7895.419220017113,6.845038161435696,15,0c4aa51a-0b8c-4175-b9e6-46cfe860e67b,None,None,4,716,7,[],None,None
EXPLOIT_VULN,7895.419220017113,7909.300900451129,13.881680434015834,15,0c4aa51a-0b8c-4175-b9e6-46cfe860e67b,None,None,4,717,7,[],None,None
EXPLOIT_VULN,7909.300900451129,7916.017709387551,6.71680893642224,15,0c4aa51a-0b8c-4175-b9e6-46cfe860e67b,None,None,4,718,7,[],None,None
EXPLOIT_VULN,7916.017709387551,7921.1828622701,5.165152882548682,15,0c4aa51a-0b8c-4175-b9e6-46cfe860e67b,None,None,4,719,7,[],network,IPShuffle
SCAN_HOST,7942.387260108645,7947.387260108645,5.0,-1,-1,None,None,0,719,7,[],None,None
ENUM_HOST,7947.387260108645,7952.387260108645,5.0,-1,-1,None,None,0,719,7,[],None,None
SCAN_PORT,7952.387260108645,7977.387260108645,25.0,25,bd9066ae-7596-4663-a93e-44b743ab3b1a,25,bd9066ae-7596-4663-a93e-44b743ab3b1a,1,719,7,['Sibella'],None,None
SCAN_NEIGHBOR,7977.387260108645,7982.387260108645,5.0,25,bd9066ae-7596-4663-a93e-44b743ab3b1a,None,None,1,719,8,[],None,None
ENUM_HOST,7982.387260108645,7987.387260108645,5.0,25,bd9066ae-7596-4663-a93e-44b743ab3b1a,None,None,1,719,8,[],None,None
SCAN_PORT,7987.387260108645,8012.387260108645,25.0,27,0e42f9d3-ba46-4638-93a4-668443581650,None,None,1,719,8,[],None,None
EXPLOIT_VULN,8012.387260108645,8013.824346996853,1.4370868882078867,27,0e42f9d3-ba46-4638-93a4-668443581650,None,None,1,719,8,[],None,None
EXPLOIT_VULN,8013.824346996853,8018.023468249743,4.199121252890109,27,0e42f9d3-ba46-4638-93a4-668443581650,None,None,1,720,8,[],None,None
EXPLOIT_VULN,8018.023468249743,8028.6604140057025,10.63694575595946,27,0e42f9d3-ba46-4638-93a4-668443581650,None,None,1,721,8,[],None,None
EXPLOIT_VULN,8028.6604140057025,8036.004153738147,7.343739732444192,27,0e42f9d3-ba46-4638-93a4-668443581650,None,None,1,722,8,[],None,None
EXPLOIT_VULN,8036.004153738147,8043.651734171076,7.647580432929317,27,0e42f9d3-ba46-4638-93a4-668443581650,None,None,1,723,8,[],None,None
EXPLOIT_VULN,8043.651734171076,8050.711482046908,7.0597478758318175,27,0e42f9d3-ba46-4638-93a4-668443581650,None,None,1,724,8,[],None,None
EXPLOIT_VULN,8050.711482046908,8053.572315223185,2.860833176277083,27,0e42f9d3-ba46-4638-93a4-668443581650,None,None,1,725,8,[],None,None
EXPLOIT_VULN,8053.572315223185,8061.251234771432,7.678919548246995,27,0e42f9d3-ba46-4638-93a4-668443581650,None,None,1,726,8,[],None,None
EXPLOIT_VULN,8061.251234771432,8070.846715579117,9.595480807684908,27,0e42f9d3-ba46-4638-93a4-668443581650,None,None,1,727,8,[],None,None
EXPLOIT_VULN,8070.846715579117,8078.784759537816,7.938043958699382,27,0e42f9d3-ba46-4638-93a4-668443581650,None,None,1,728,8,[],None,None
EXPLOIT_VULN,8078.784759537816,8082.780123638861,3.9953641010451975,27,0e42f9d3-ba46-4638-93a4-668443581650,27,0e42f9d3-ba46-4638-93a4-668443581650,1,729,8,['Bernetta'],None,None
SCAN_NEIGHBOR,8082.780123638861,8087.780123638861,5.0,27,0e42f9d3-ba46-4638-93a4-668443581650,None,None,1,730,9,[],None,None
ENUM_HOST,8087.780123638861,8092.780123638861,5.0,27,0e42f9d3-ba46-4638-93a4-668443581650,None,None,1,730,9,[],None,None
ENUM_HOST,8092.780123638861,8097.780123638861,5.0,13,01a01711-040d-452c-a030-4b7ed8cd1de4,None,None,2,730,9,[],None,None
SCAN_PORT,8097.780123638861,8122.780123638861,25.0,15,0c4aa51a-0b8c-4175-b9e6-46cfe860e67b,None,None,5,730,9,[],None,None
EXPLOIT_VULN,8122.780123638861,8124.5469142915035,1.7667906526421575,15,0c4aa51a-0b8c-4175-b9e6-46cfe860e67b,None,None,5,730,9,[],None,None
EXPLOIT_VULN,8124.5469142915035,8128.603103885735,4.05618959423191,15,0c4aa51a-0b8c-4175-b9e6-46cfe860e67b,None,None,5,731,9,[],None,None
EXPLOIT_VULN,8128.603103885735,8131.149215902274,2.5461120165382454,15,0c4aa51a-0b8c-4175-b9e6-46cfe860e67b,None,None,5,732,9,[],network,CompleteTopologyShuffle
SCAN_HOST,8152.17609602974,8157.17609602974,5.0,-1,-1,None,None,0,732,9,[],None,None
ENUM_HOST,8157.17609602974,8162.17609602974,5.0,-1,-1,None,None,0,732,9,[],None,None
SCAN_PORT,8162.17609602974,8187.17609602974,25.0,16,5e0c6288-6ce0-49e3-8e0e-a9f8a7238ebf,None,None,1,732,9,[],None,None
EXPLOIT_VULN,8187.17609602974,8190.392997785269,3.216901755528852,16,5e0c6288-6ce0-49e3-8e0e-a9f8a7238ebf,None,None,1,732,9,[],None,None
EXPLOIT_VULN,8190.392997785269,8192.085323995276,1.6923262100071952,16,5e0c6288-6ce0-49e3-8e0e-a9f8a7238ebf,None,None,1,733,9,[],None,None
EXPLOIT_VULN,8192.085323995276,8198.771745324375,6.686421329099176,16,5e0c6288-6ce0-49e3-8e0e-a9f8a7238ebf,None,None,1,734,9,[],None,None
EXPLOIT_VULN,8198.771745324375,8205.817899860926,7.046154536550603,16,5e0c6288-6ce0-49e3-8e0e-a9f8a7238ebf,None,None,1,735,9,[],None,None
EXPLOIT_VULN,8205.817899860926,8211.187465173327,5.369565312401392,16,5e0c6288-6ce0-49e3-8e0e-a9f8a7238ebf,None,None,1,736,9,[],None,None
EXPLOIT_VULN,8211.187465173327,8218.224159628298,7.036694454971439,16,5e0c6288-6ce0-49e3-8e0e-a9f8a7238ebf,None,None,1,737,9,[],None,None
EXPLOIT_VULN,8218.224159628298,8227.24227992853,9.018120300232113,16,5e0c6288-6ce0-49e3-8e0e-a9f8a7238ebf,None,None,1,738,9,[],None,None
BRUTE_FORCE,8227.24227992853,8247.24227992853,20.0,16,5e0c6288-6ce0-49e3-8e0e-a9f8a7238ebf,None,None,1,739,9,[],None,None
ENUM_HOST,8247.24227992853,8252.24227992853,5.0,16,5e0c6288-6ce0-49e3-8e0e-a9f8a7238ebf,None,None,1,739,9,[],None,None
SCAN_PORT,8252.24227992853,8277.24227992853,25.0,11,1c46076f-ea2d-4800-9a61-c6d6398aa328,None,None,3,739,9,[],None,None
EXPLOIT_VULN,8277.24227992853,8277.949911003325,0.7076310747943353,11,1c46076f-ea2d-4800-9a61-c6d6398aa328,None,None,3,739,9,[],None,None
EXPLOIT_VULN,8277.949911003325,8288.177672007407,10.227761004081913,11,1c46076f-ea2d-4800-9a61-c6d6398aa328,None,None,3,740,9,[],None,None
EXPLOIT_VULN,8288.177672007407,8302.821911589408,14.644239582001319,11,1c46076f-ea2d-4800-9a61-c6d6398aa328,None,None,3,741,9,[],application,OSDiversity
SCAN_PORT,8323.202467140854,8348.202467140854,25.0,11,1c46076f-ea2d-4800-9a61-c6d6398aa328,None,None,3,741,9,[],None,None
EXPLOIT_VULN,8348.202467140854,8349.492124569291,1.2896574284368398,11,1c46076f-ea2d-4800-9a61-c6d6398aa328,None,None,3,741,9,[],None,None
EXPLOIT_VULN,8349.492124569291,8360.195937251501,10.7038126822099,11,1c46076f-ea2d-4800-9a61-c6d6398aa328,None,None,3,742,9,[],None,None
EXPLOIT_VULN,8360.195937251501,8371.44010624366,11.244168992157938,11,1c46076f-ea2d-4800-9a61-c6d6398aa328,None,None,3,743,9,[],None,None
EXPLOIT_VULN,8371.44010624366,8377.881020605484,6.44091436182498,11,1c46076f-ea2d-4800-9a61-c6d6398aa328,None,None,3,744,9,[],None,None
EXPLOIT_VULN,8377.881020605484,8385.064666930468,7.183646324983783,11,1c46076f-ea2d-4800-9a61-c6d6398aa328,None,None,3,745,9,[],None,None
EXPLOIT_VULN,8385.064666930468,8393.198663952762,8.133997022294352,11,1c46076f-ea2d-4800-9a61-c6d6398aa328,None,None,3,746,9,[],None,None
EXPLOIT_VULN,8393.198663952762,8397.156132754724,3.9574688019620226,11,1c46076f-ea2d-4800-9a61-c6d6398aa328,None,None,3,747,9,[],None,None
BRUTE_FORCE,8397.156132754724,8417.156132754724,20.0,11,1c46076f-ea2d-4800-9a61-c6d6398aa328,None,None,3,748,9,[],None,None
ENUM_HOST,8417.156132754724,8422.156132754724,5.0,11,1c46076f-ea2d-4800-9a61-c6d6398aa328,None,None,3,748,9,[],None,None
SCAN_PORT,8422.156132754724,8447.156132754724,25.0,15,0c4aa51a-0b8c-4175-b9e6-46cfe860e67b,None,None,6,748,9,[],None,None
EXPLOIT_VULN,8447.156132754724,8448.821196515883,1.665063761158308,15,0c4aa51a-0b8c-4175-b9e6-46cfe860e67b,None,None,6,748,9,[],None,None
EXPLOIT_VULN,8448.821196515883,8451.338260986591,2.5170644707086467,15,0c4aa51a-0b8c-4175-b9e6-46cfe860e67b,None,None,6,749,9,[],None,None
EXPLOIT_VULN,8451.338260986591,8453.900070408336,2.5618094217443286,15,0c4aa51a-0b8c-4175-b9e6-46cfe860e67b,None,None,6,750,9,[],None,None
EXPLOIT_VULN,8453.900070408336,8457.537668193501,3.637597785165781,15,0c4aa51a-0b8c-4175-b9e6-46cfe860e67b,None,None,6,751,9,[],None,None
EXPLOIT_VULN,8457.537668193501,8462.25318875664,4.715520563138853,15,0c4aa51a-0b8c-4175-b9e6-46cfe860e67b,None,None,6,752,9,[],None,None
EXPLOIT_VULN,8462.25318875664,8463.67364723373,1.4204584770905058,15,0c4aa51a-0b8c-4175-b9e6-46cfe860e67b,None,None,6,753,9,[],None,None
EXPLOIT_VULN,8463.67364723373,8465.001224529573,1.327577295842275,15,0c4aa51a-0b8c-4175-b9e6-46cfe860e67b,None,None,6,754,9,[],None,None
EXPLOIT_VULN,8465.001224529573,8468.106211569004,3.1049870394308527,15,0c4aa51a-0b8c-4175-b9e6-46cfe860e67b,None,None,6,755,9,[],None,None
EXPLOIT_VULN,8468.106211569004,8469.571299449231,1.4650878802276566,15,0c4aa51a-0b8c-4175-b9e6-46cfe860e67b,None,None,6,756,9,[],None,None
EXPLOIT_VULN,8469.571299449231,8473.860301289014,4.289001839782941,15,0c4aa51a-0b8c-4175-b9e6-46cfe860e67b,None,None,6,757,9,[],None,None
EXPLOIT_VULN,8473.860301289014,8483.094060601625,9.233759312610346,15,0c4aa51a-0b8c-4175-b9e6-46cfe860e67b,None,None,6,758,9,[],None,None
EXPLOIT_VULN,8483.094060601625,8489.01959835425,5.925537752626042,15,0c4aa51a-0b8c-4175-b9e6-46cfe860e67b,None,None,6,759,9,[],None,None
EXPLOIT_VULN,8489.01959835425,8498.275624967775,9.256026613524227,15,0c4aa51a-0b8c-4175-b9e6-46cfe860e67b,None,None,6,760,9,[],None,None
EXPLOIT_VULN,8498.275624967775,8500.373658272158,2.098033304382625,15,0c4aa51a-0b8c-4175-b9e6-46cfe860e67b,None,None,6,761,9,[],None,None
EXPLOIT_VULN,8500.373658272158,8504.010002229787,3.636343957628924,15,0c4aa51a-0b8c-4175-b9e6-46cfe860e67b,None,None,6,762,9,[],application,OSDiversity
SCAN_PORT,8524.126837734637,8549.126837734637,25.0,15,0c4aa51a-0b8c-4175-b9e6-46cfe860e67b,None,None,6,762,9,[],None,None
EXPLOIT_VULN,8549.126837734637,8550.764275580064,1.6374378454274847,15,0c4aa51a-0b8c-4175-b9e6-46cfe860e67b,None,None,6,762,9,[],None,None
EXPLOIT_VULN,8550.764275580064,8551.770914249311,1.0066386692469678,15,0c4aa51a-0b8c-4175-b9e6-46cfe860e67b,None,None,6,763,9,[],None,None
EXPLOIT_VULN,8551.770914249311,8553.036484311251,1.2655700619397976,15,0c4aa51a-0b8c-4175-b9e6-46cfe860e67b,None,None,6,764,9,[],None,None
EXPLOIT_VULN,8553.036484311251,8555.557165520153,2.520681208901806,15,0c4aa51a-0b8c-4175-b9e6-46cfe860e67b,None,None,6,765,9,[],None,None
EXPLOIT_VULN,8555.557165520153,8559.597440868038,4.040275347884744,15,0c4aa51a-0b8c-4175-b9e6-46cfe860e67b,None,None,6,766,9,[],None,None
EXPLOIT_VULN,8559.597440868038,8569.255968933165,9.65852806512703,15,0c4aa51a-0b8c-4175-b9e6-46cfe860e67b,None,None,6,767,9,[],None,None
EXPLOIT_VULN,8569.255968933165,8579.568406900838,10.312437967673759,15,0c4aa51a-0b8c-4175-b9e6-46cfe860e67b,None,None,6,768,9,[],None,None
EXPLOIT_VULN,8579.568406900838,8583.438424567254,3.8700176664151513,15,0c4aa51a-0b8c-4175-b9e6-46cfe860e67b,None,None,6,769,9,[],None,None
EXPLOIT_VULN,8583.438424567254,8594.058506213016,10.620081645762184,15,0c4aa51a-0b8c-4175-b9e6-46cfe860e67b,None,None,6,770,9,[],None,None
EXPLOIT_VULN,8594.058506213016,8601.149800015806,7.09129380279046,15,0c4aa51a-0b8c-4175-b9e6-46cfe860e67b,None,None,6,771,9,[],None,None
EXPLOIT_VULN,8601.149800015806,8602.223342502311,1.0735424865051755,15,0c4aa51a-0b8c-4175-b9e6-46cfe860e67b,None,None,6,772,9,[],None,None
EXPLOIT_VULN,8602.223342502311,8612.923411434911,10.700068932599606,15,0c4aa51a-0b8c-4175-b9e6-46cfe860e67b,None,None,6,773,9,[],None,None
EXPLOIT_VULN,8612.923411434911,8619.283384622027,6.3599731871163385,15,0c4aa51a-0b8c-4175-b9e6-46cfe860e67b,None,None,6,774,9,[],None,None
EXPLOIT_VULN,8619.283384622027,8623.740155169955,4.45677054792759,15,0c4aa51a-0b8c-4175-b9e6-46cfe860e67b,None,None,6,775,9,[],None,None
EXPLOIT_VULN,8623.740155169955,8637.852934731374,14.112779561419302,15,0c4aa51a-0b8c-4175-b9e6-46cfe860e67b,None,None,6,776,9,[],None,None
EXPLOIT_VULN,8637.852934731374,8645.601420441739,7.748485710364548,15,0c4aa51a-0b8c-4175-b9e6-46cfe860e67b,None,None,6,777,9,[],None,None
EXPLOIT_VULN,8645.601420441739,8659.42910487942,13.827684437681455,15,0c4aa51a-0b8c-4175-b9e6-46cfe860e67b,None,None,6,778,9,[],None,None
EXPLOIT_VULN,8659.42910487942,8663.84509621163,4.41599133220916,15,0c4aa51a-0b8c-4175-b9e6-46cfe860e67b,None,None,6,779,9,[],None,None
EXPLOIT_VULN,8663.84509621163,8669.422387635737,5.577291424107898,15,0c4aa51a-0b8c-4175-b9e6-46cfe860e67b,None,None,6,780,9,[],None,None
EXPLOIT_VULN,8669.422387635737,8676.332209299124,6.909821663386538,15,0c4aa51a-0b8c-4175-b9e6-46cfe860e67b,None,None,6,781,9,[],None,None
EXPLOIT_VULN,8676.332209299124,8690.851367248448,14.519157949323926,15,0c4aa51a-0b8c-4175-b9e6-46cfe860e67b,None,None,6,782,9,[],None,None
EXPLOIT_VULN,8690.851367248448,8698.960527445837,8.109160197389429,15,0c4aa51a-0b8c-4175-b9e6-46cfe860e67b,None,None,6,783,9,[],None,None
EXPLOIT_VULN,8698.960527445837,8704.406807012436,5.446279566598605,15,0c4aa51a-0b8c-4175-b9e6-46cfe860e67b,None,None,6,784,9,[],application,OSDiversity
SCAN_PORT,8725.318608046566,8750.318608046566,25.0,15,0c4aa51a-0b8c-4175-b9e6-46cfe860e67b,None,None,6,784,9,[],None,None
EXPLOIT_VULN,8750.318608046566,8751.968528438132,1.6499203915664111,15,0c4aa51a-0b8c-4175-b9e6-46cfe860e67b,None,None,6,784,9,[],None,None
EXPLOIT_VULN,8751.968528438132,8755.781229744112,3.8127013059802266,15,0c4aa51a-0b8c-4175-b9e6-46cfe860e67b,None,None,6,785,9,[],None,None
EXPLOIT_VULN,8755.781229744112,8760.245127365002,4.463897620889838,15,0c4aa51a-0b8c-4175-b9e6-46cfe860e67b,None,None,6,786,9,[],None,None
EXPLOIT_VULN,8760.245127365002,8769.46256138875,9.217434023747046,15,0c4aa51a-0b8c-4175-b9e6-46cfe860e67b,None,None,6,787,9,[],None,None
EXPLOIT_VULN,8769.46256138875,8773.64335624524,4.1807948564910475,15,0c4aa51a-0b8c-4175-b9e6-46cfe860e67b,None,None,6,788,9,[],None,None
EXPLOIT_VULN,8773.64335624524,8777.350780901577,3.7074246563370252,15,0c4aa51a-0b8c-4175-b9e6-46cfe860e67b,None,None,6,789,9,[],None,None
EXPLOIT_VULN,8777.350780901577,8790.653162511979,13.302381610401426,15,0c4aa51a-0b8c-4175-b9e6-46cfe860e67b,None,None,6,790,9,[],None,None
EXPLOIT_VULN,8790.653162511979,8798.027566154804,7.3744036428252,15,0c4aa51a-0b8c-4175-b9e6-46cfe860e67b,None,None,6,791,9,[],None,None
EXPLOIT_VULN,8798.027566154804,8809.15020462829,11.122638473485495,15,0c4aa51a-0b8c-4175-b9e6-46cfe860e67b,None,None,6,792,9,[],None,None
EXPLOIT_VULN,8809.15020462829,8815.28264978205,6.132445153760273,15,0c4aa51a-0b8c-4175-b9e6-46cfe860e67b,None,None,6,793,9,[],None,None
EXPLOIT_VULN,8815.28264978205,8830.645199868582,15.362550086532792,15,0c4aa51a-0b8c-4175-b9e6-46cfe860e67b,None,None,6,794,9,[],None,None
EXPLOIT_VULN,8830.645199868582,8838.143045356659,7.497845488076564,15,0c4aa51a-0b8c-4175-b9e6-46cfe860e67b,None,None,6,795,9,[],None,None
EXPLOIT_VULN,8838.143045356659,8855.72824002047,17.585194663810398,15,0c4aa51a-0b8c-4175-b9e6-46cfe860e67b,None,None,6,796,9,[],None,None
EXPLOIT_VULN,8855.72824002047,8871.65042989389,15.922189873421303,15,0c4aa51a-0b8c-4175-b9e6-46cfe860e67b,None,None,6,797,9,[],None,None
EXPLOIT_VULN,8871.65042989389,8879.526449024652,7.876019130761051,15,0c4aa51a-0b8c-4175-b9e6-46cfe860e67b,None,None,6,798,9,[],None,None
EXPLOIT_VULN,8879.526449024652,8888.694318891341,9.167869866689216,15,0c4aa51a-0b8c-4175-b9e6-46cfe860e67b,None,None,6,799,9,[],None,None
EXPLOIT_VULN,8888.694318891341,8904.744415052779,16.050096161437978,15,0c4aa51a-0b8c-4175-b9e6-46cfe860e67b,None,None,6,800,9,[],application,OSDiversity
SCAN_PORT,8925.474187105992,8950.474187105992,25.0,15,0c4aa51a-0b8c-4175-b9e6-46cfe860e67b,None,None,6,800,9,[],None,None
EXPLOIT_VULN,8950.474187105992,8952.40298654652,1.928799440527655,15,0c4aa51a-0b8c-4175-b9e6-46cfe860e67b,None,None,6,800,9,[],None,None
EXPLOIT_VULN,8952.40298654652,8953.685028980533,1.2820424340134196,15,0c4aa51a-0b8c-4175-b9e6-46cfe860e67b,None,None,6,801,9,[],None,None
EXPLOIT_VULN,8953.685028980533,8955.59345148347,1.908422502936446,15,0c4aa51a-0b8c-4175-b9e6-46cfe860e67b,None,None,6,802,9,[],None,None
EXPLOIT_VULN,8955.59345148347,8959.272804910694,3.6793534272237594,15,0c4aa51a-0b8c-4175-b9e6-46cfe860e67b,None,None,6,803,9,[],None,None
EXPLOIT_VULN,8959.272804910694,8960.95470536395,1.6819004532571853,15,0c4aa51a-0b8c-4175-b9e6-46cfe860e67b,None,None,6,804,9,[],None,None
EXPLOIT_VULN,8960.95470536395,8971.603681005758,10.648975641806828,15,0c4aa51a-0b8c-4175-b9e6-46cfe860e67b,None,None,6,805,9,[],None,None
EXPLOIT_VULN,8971.603681005758,8974.757736286669,3.1540552809110523,15,0c4aa51a-0b8c-4175-b9e6-46cfe860e67b,None,None,6,806,9,[],None,None
EXPLOIT_VULN,8974.757736286669,8979.222478730417,4.464742443748037,15,0c4aa51a-0b8c-4175-b9e6-46cfe860e67b,None,None,6,807,9,[],None,None
EXPLOIT_VULN,8979.222478730417,8993.30481693801,14.082338207594148,15,0c4aa51a-0b8c-4175-b9e6-46cfe860e67b,None,None,6,808,9,[],None,None
EXPLOIT_VULN,8993.30481693801,9000.866834150494,7.5620172124836245,15,0c4aa51a-0b8c-4175-b9e6-46cfe860e67b,None,None,6,809,9,[],None,None
EXPLOIT_VULN,9000.866834150494,9007.123702791421,6.256868640926768,15,0c4aa51a-0b8c-4175-b9e6-46cfe860e67b,None,None,6,810,9,[],None,None
EXPLOIT_VULN,9007.123702791421,9015.42901049421,8.305307702788923,15,0c4aa51a-0b8c-4175-b9e6-46cfe860e67b,None,None,6,811,9,[],None,None
EXPLOIT_VULN,9015.42901049421,9036.500052998612,21.071042504401703,15,0c4aa51a-0b8c-4175-b9e6-46cfe860e67b,None,None,6,812,9,[],None,None
EXPLOIT_VULN,9036.500052998612,9059.185561331855,22.68550833324298,15,0c4aa51a-0b8c-4175-b9e6-46cfe860e67b,None,None,6,813,9,[],None,None
EXPLOIT_VULN,9059.185561331855,9067.274068579703,8.08850724784861,15,0c4aa51a-0b8c-4175-b9e6-46cfe860e67b,None,None,6,814,9,[],None,None
EXPLOIT_VULN,9067.274068579703,9076.115813035603,8.84174445589997,15,0c4aa51a-0b8c-4175-b9e6-46cfe860e67b,None,None,6,815,9,[],None,None
EXPLOIT_VULN,9076.115813035603,9093.546675787396,17.43086275179303,15,0c4aa51a-0b8c-4175-b9e6-46cfe860e67b,None,None,6,816,9,[],None,None
EXPLOIT_VULN,9093.546675787396,9097.24771491608,3.7010391286839877,15,0c4aa51a-0b8c-4175-b9e6-46cfe860e67b,None,None,6,817,9,[],None,None
EXPLOIT_VULN,9097.24771491608,9119.106236547235,21.858521631154872,15,0c4aa51a-0b8c-4175-b9e6-46cfe860e67b,None,None,6,818,9,[],None,None
EXPLOIT_VULN,9119.106236547235,9128.941161096966,9.834924549730204,15,0c4aa51a-0b8c-4175-b9e6-46cfe860e67b,None,None,6,819,9,[],None,None
EXPLOIT_VULN,9128.941161096966,9136.448749797193,7.507588700227643,15,0c4aa51a-0b8c-4175-b9e6-46cfe860e67b,None,None,6,820,9,[],network,CompleteTopologyShuffle
SCAN_HOST,9156.669973961136,9161.669973961136,5.0,-1,-1,None,None,0,820,9,[],None,None
ENUM_HOST,9161.669973961136,9166.669973961136,5.0,-1,-1,None,None,0,820,9,[],None,None
SCAN_PORT,9166.669973961136,9191.669973961136,25.0,10,d79c0963-4a36-42b2-9ec4-1e466a44227f,None,None,2,820,9,[],None,None
EXPLOIT_VULN,9191.669973961136,9191.892387939051,0.2224139779154939,10,d79c0963-4a36-42b2-9ec4-1e466a44227f,None,None,2,820,9,[],None,None
EXPLOIT_VULN,9191.892387939051,9195.609899304302,3.717511365250175,10,d79c0963-4a36-42b2-9ec4-1e466a44227f,None,None,2,821,9,[],None,None
EXPLOIT_VULN,9195.609899304302,9202.61791754441,7.008018240108868,10,d79c0963-4a36-42b2-9ec4-1e466a44227f,None,None,2,822,9,[],None,None
EXPLOIT_VULN,9202.61791754441,9210.712519326218,8.094601781807796,10,d79c0963-4a36-42b2-9ec4-1e466a44227f,None,None,2,823,9,[],None,None
EXPLOIT_VULN,9210.712519326218,9218.284111583358,7.571592257139855,10,d79c0963-4a36-42b2-9ec4-1e466a44227f,None,None,2,824,9,[],None,None
BRUTE_FORCE,9218.284111583358,9238.284111583358,20.0,10,d79c0963-4a36-42b2-9ec4-1e466a44227f,None,None,2,825,9,[],None,None
ENUM_HOST,9238.284111583358,9243.284111583358,5.0,10,d79c0963-4a36-42b2-9ec4-1e466a44227f,None,None,2,825,9,[],None,None
SCAN_PORT,9243.284111583358,9268.284111583358,25.0,16,5e0c6288-6ce0-49e3-8e0e-a9f8a7238ebf,None,None,2,825,9,[],None,None
EXPLOIT_VULN,9268.284111583358,9271.370933642831,3.086822059472979,16,5e0c6288-6ce0-49e3-8e0e-a9f8a7238ebf,None,None,2,825,9,[],None,None
EXPLOIT_VULN,9271.370933642831,9277.597484634658,6.226550991827025,16,5e0c6288-6ce0-49e3-8e0e-a9f8a7238ebf,None,None,2,826,9,[],None,None
EXPLOIT_VULN,9277.597484634658,9282.609432125935,5.011947491277169,16,5e0c6288-6ce0-49e3-8e0e-a9f8a7238ebf,None,None,2,827,9,[],None,None
EXPLOIT_VULN,9282.609432125935,9289.506622698353,6.897190572417458,16,5e0c6288-6ce0-49e3-8e0e-a9f8a7238ebf,None,None,2,828,9,[],None,None
EXPLOIT_VULN,9289.506622698353,9297.894571463356,8.387948765002875,16,5e0c6288-6ce0-49e3-8e0e-a9f8a7238ebf,None,None,2,829,9,[],None,None
EXPLOIT_VULN,9297.894571463356,9315.32802371248,17.433452249124457,16,5e0c6288-6ce0-49e3-8e0e-a9f8a7238ebf,None,None,2,830,9,[],None,None
BRUTE_FORCE,9315.32802371248,9335.32802371248,20.0,16,5e0c6288-6ce0-49e3-8e0e-a9f8a7238ebf,None,None,2,831,9,[],None,None
ENUM_HOST,9335.32802371248,9336.086820963175,0.758797250695352,16,5e0c6288-6ce0-49e3-8e0e-a9f8a7238ebf,None,None,2,831,9,[],network,CompleteTopologyShuffle
SCAN_HOST,9356.782017223512,9361.782017223512,5.0,-1,-1,None,None,0,831,9,[],None,None
ENUM_HOST,9361.782017223512,9366.782017223512,5.0,-1,-1,None,None,0,831,9,[],None,None
SCAN_PORT,9366.782017223512,9391.782017223512,25.0,21,9a4e2b3a-b3b0-4046-8409-c616777e42f8,None,None,3,831,9,[],None,None
EXPLOIT_VULN,9391.782017223512,9393.022480861879,1.240463638367146,21,9a4e2b3a-b3b0-4046-8409-c616777e42f8,None,None,3,831,9,[],None,None
EXPLOIT_VULN,9393.022480861879,9403.021719566053,9.999238704174786,21,9a4e2b3a-b3b0-4046-8409-c616777e42f8,None,None,3,832,9,[],None,None
EXPLOIT_VULN,9403.021719566053,9419.46513183914,16.443412273087233,21,9a4e2b3a-b3b0-4046-8409-c616777e42f8,None,None,3,833,9,[],None,None
EXPLOIT_VULN,9419.46513183914,9429.534731604,10.069599764859959,21,9a4e2b3a-b3b0-4046-8409-c616777e42f8,None,None,3,834,9,[],None,None
EXPLOIT_VULN,9429.534731604,9443.70618493814,14.171453334140097,21,9a4e2b3a-b3b0-4046-8409-c616777e42f8,None,None,3,835,9,[],None,None
EXPLOIT_VULN,9443.70618493814,9464.453834198031,20.74764925989075,21,9a4e2b3a-b3b0-4046-8409-c616777e42f8,None,None,3,836,9,[],None,None
EXPLOIT_VULN,9464.453834198031,9478.2093764893,13.755542291268284,21,9a4e2b3a-b3b0-4046-8409-c616777e42f8,None,None,3,837,9,[],None,None
EXPLOIT_VULN,9478.2093764893,9495.092138127773,16.882761638473312,21,9a4e2b3a-b3b0-4046-8409-c616777e42f8,None,None,3,838,9,[],None,None
EXPLOIT_VULN,9495.092138127773,9505.652264400745,10.560126272972411,21,9a4e2b3a-b3b0-4046-8409-c616777e42f8,None,None,3,839,9,[],application,OSDiversity
SCAN_PORT,9525.661926134333,9550.661926134333,25.0,21,9a4e2b3a-b3b0-4046-8409-c616777e42f8,None,None,3,839,9,[],None,None
EXPLOIT_VULN,9550.661926134333,9560.81294980075,10.151023666416222,21,9a4e2b3a-b3b0-4046-8409-c616777e42f8,None,None,3,839,9,[],None,None
EXPLOIT_VULN,9560.81294980075,9577.119756958973,16.30680715822382,21,9a4e2b3a-b3b0-4046-8409-c616777e42f8,None,None,3,840,9,[],None,None
EXPLOIT_VULN,9577.119756958973,9581.640348927702,4.520591968728695,21,9a4e2b3a-b3b0-4046-8409-c616777e42f8,None,None,3,841,9,[],None,None
EXPLOIT_VULN,9581.640348927702,9587.584496403219,5.944147475516729,21,9a4e2b3a-b3b0-4046-8409-c616777e42f8,None,None,3,842,9,[],None,None
EXPLOIT_VULN,9587.584496403219,9596.255208915509,8.670712512290265,21,9a4e2b3a-b3b0-4046-8409-c616777e42f8,None,None,3,843,9,[],None,None
EXPLOIT_VULN,9596.255208915509,9601.538724562173,5.283515646664455,21,9a4e2b3a-b3b0-4046-8409-c616777e42f8,None,None,3,844,9,[],None,None
EXPLOIT_VULN,9601.538724562173,9618.414522583485,16.87579802131222,21,9a4e2b3a-b3b0-4046-8409-c616777e42f8,None,None,3,845,9,[],None,None
EXPLOIT_VULN,9618.414522583485,9626.539650067307,8.125127483821416,21,9a4e2b3a-b3b0-4046-8409-c616777e42f8,None,None,3,846,9,[],None,None
EXPLOIT_VULN,9626.539650067307,9633.476662981315,6.937012914007937,21,9a4e2b3a-b3b0-4046-8409-c616777e42f8,None,None,3,847,9,[],None,None
EXPLOIT_VULN,9633.476662981315,9641.782965612394,8.306302631079234,21,9a4e2b3a-b3b0-4046-8409-c616777e42f8,None,None,3,848,9,[],None,None
EXPLOIT_VULN,9641.782965612394,9657.910481505885,16.127515893491363,21,9a4e2b3a-b3b0-4046-8409-c616777e42f8,None,None,3,849,9,[],None,None
EXPLOIT_VULN,9657.910481505885,9666.588341452334,8.677859946448734,21,9a4e2b3a-b3b0-4046-8409-c616777e42f8,None,None,3,850,9,[],None,None
EXPLOIT_VULN,9666.588341452334,9669.079021634832,2.4906801824981812,21,9a4e2b3a-b3b0-4046-8409-c616777e42f8,None,None,3,851,9,[],None,None
EXPLOIT_VULN,9669.079021634832,9676.98047828309,7.901456648258318,21,9a4e2b3a-b3b0-4046-8409-c616777e42f8,None,None,3,852,9,[],None,None
EXPLOIT_VULN,9676.98047828309,9681.445830969305,4.465352686214828,21,9a4e2b3a-b3b0-4046-8409-c616777e42f8,None,None,3,853,9,[],None,None
EXPLOIT_VULN,9681.445830969305,9704.943840871902,23.498009902596095,21,9a4e2b3a-b3b0-4046-8409-c616777e42f8,None,None,3,854,9,[],None,None
EXPLOIT_VULN,9704.943840871902,9711.163833098502,6.21999222660088,21,9a4e2b3a-b3b0-4046-8409-c616777e42f8,None,None,3,855,9,[],None,None
BRUTE_FORCE,9711.163833098502,9731.163833098502,20.0,21,9a4e2b3a-b3b0-4046-8409-c616777e42f8,None,None,3,856,9,[],None,None
ENUM_HOST,9731.163833098502,9736.163833098502,5.0,21,9a4e2b3a-b3b0-4046-8409-c616777e42f8,None,None,3,856,9,[],None,None
SCAN_PORT,9736.163833098502,9736.317252581277,0.1534194827745523,20,00a645e3-8243-4b4a-95ac-b3b9b3997402,None,None,1,856,9,[],network,CompleteTopologyShuffle
SCAN_HOST,9756.387467062501,9761.387467062501,5.0,-1,-1,None,None,0,856,9,[],None,None
ENUM_HOST,9761.387467062501,9766.387467062501,5.0,-1,-1,None,None,0,856,9,[],None,None
SCAN_PORT,9766.387467062501,9791.387467062501,25.0,15,0c4aa51a-0b8c-4175-b9e6-46cfe860e67b,None,None,7,856,9,[],None,None
EXPLOIT_VULN,9791.387467062501,9793.914625576821,2.5271585143200355,15,0c4aa51a-0b8c-4175-b9e6-46cfe860e67b,None,None,7,856,9,[],None,None
EXPLOIT_VULN,9793.914625576821,9798.238358782372,4.323733205550525,15,0c4aa51a-0b8c-4175-b9e6-46cfe860e67b,None,None,7,857,9,[],None,None
EXPLOIT_VULN,9798.238358782372,9804.009069584885,5.770710802513349,15,0c4aa51a-0b8c-4175-b9e6-46cfe860e67b,None,None,7,858,9,[],None,None
EXPLOIT_VULN,9804.009069584885,9823.27872888873,19.2696593038454,15,0c4aa51a-0b8c-4175-b9e6-46cfe860e67b,None,None,7,859,9,[],None,None
EXPLOIT_VULN,9823.27872888873,9844.082459859033,20.80373097030315,15,0c4aa51a-0b8c-4175-b9e6-46cfe860e67b,None,None,7,860,9,[],None,None
EXPLOIT_VULN,9844.082459859033,9853.599498285155,9.517038426121871,15,0c4aa51a-0b8c-4175-b9e6-46cfe860e67b,None,None,7,861,9,[],None,None
EXPLOIT_VULN,9853.599498285155,9871.840021852811,18.240523567656055,15,0c4aa51a-0b8c-4175-b9e6-46cfe860e67b,None,None,7,862,9,[],None,None
EXPLOIT_VULN,9871.840021852811,9880.683541798535,8.843519945723529,15,0c4aa51a-0b8c-4175-b9e6-46cfe860e67b,None,None,7,863,9,[],None,None
EXPLOIT_VULN,9880.683541798535,9896.105986105827,15.422444307292608,15,0c4aa51a-0b8c-4175-b9e6-46cfe860e67b,None,None,7,864,9,[],application,ServiceDiversity
SCAN_PORT,9917.505004334074,9942.505004334074,25.0,15,0c4aa51a-0b8c-4175-b9e6-46cfe860e67b,None,None,7,864,9,[],None,None
EXPLOIT_VULN,9942.505004334074,9942.652299846075,0.14729551200071,15,0c4aa51a-0b8c-4175-b9e6-46cfe860e67b,None,None,7,864,9,[],None,None
EXPLOIT_VULN,9942.652299846075,9943.000951885788,0.3486520397127606,15,0c4aa51a-0b8c-4175-b9e6-46cfe860e67b,None,None,7,865,9,[],None,None
EXPLOIT_VULN,9943.000951885788,9943.32984981521,0.3288979294229648,15,0c4aa51a-0b8c-4175-b9e6-46cfe860e67b,None,None,7,866,9,[],None,None
EXPLOIT_VULN,9943.32984981521,9944.32256164109,0.9927118258783594,15,0c4aa51a-0b8c-4175-b9e6-46cfe860e67b,None,None,7,867,9,[],None,None
EXPLOIT_VULN,9944.32256164109,9945.26333323043,0.9407715893412387,15,0c4aa51a-0b8c-4175-b9e6-46cfe860e67b,None,None,7,868,9,[],None,None
EXPLOIT_VULN,9945.26333323043,9947.133374301515,1.8700410710844153,15,0c4aa51a-0b8c-4175-b9e6-46cfe860e67b,None,None,7,869,9,[],None,None
EXPLOIT_VULN,9947.133374301515,9948.695103451731,1.5617291502167063,15,0c4aa51a-0b8c-4175-b9e6-46cfe860e67b,None,None,7,870,9,[],None,None
EXPLOIT_VULN,9948.695103451731,9949.90550248604,1.2103990343093756,15,0c4aa51a-0b8c-4175-b9e6-46cfe860e67b,None,None,7,871,9,[],None,None
EXPLOIT_VULN,9949.90550248604,9950.948001049544,1.0424985635036137,15,0c4aa51a-0b8c-4175-b9e6-46cfe860e67b,None,None,7,872,9,[],None,None
EXPLOIT_VULN,9950.948001049544,9951.976677645422,1.0286765958771866,15,0c4aa51a-0b8c-4175-b9e6-46cfe860e67b,None,None,7,873,9,[],None,None
EXPLOIT_VULN,9951.976677645422,9953.216366306062,1.2396886606402404,15,0c4aa51a-0b8c-4175-b9e6-46cfe860e67b,None,None,7,874,9,[],None,None
EXPLOIT_VULN,9953.216366306062,9958.195024774765,4.978658468702633,15,0c4aa51a-0b8c-4175-b9e6-46cfe860e67b,None,None,7,875,9,[],None,None
EXPLOIT_VULN,9958.195024774765,9959.697086678492,1.5020619037277356,15,0c4aa51a-0b8c-4175-b9e6-46cfe860e67b,None,None,7,876,9,[],None,None
EXPLOIT_VULN,9959.697086678492,9962.997163129201,3.3000764507087297,15,0c4aa51a-0b8c-4175-b9e6-46cfe860e67b,None,None,7,877,9,[],None,None
EXPLOIT_VULN,9962.997163129201,9971.120013583852,8.122850454650688,15,0c4aa51a-0b8c-4175-b9e6-46cfe860e67b,None,None,7,878,9,[],None,None
EXPLOIT_VULN,9971.120013583852,9975.359008204727,4.238994620875019,15,0c4aa51a-0b8c-4175-b9e6-46cfe860e67b,None,None,7,879,9,[],None,None
EXPLOIT_VULN,9975.359008204727,9976.325042511182,0.9660343064551853,15,0c4aa51a-0b8c-4175-b9e6-46cfe860e67b,None,None,7,880,9,[],None,None
EXPLOIT_VULN,9976.325042511182,9982.059054845344,5.734012334161889,15,0c4aa51a-0b8c-4175-b9e6-46cfe860e67b,None,None,7,881,9,[],None,None
EXPLOIT_VULN,9982.059054845344,9987.351254441926,5.292199596582577,15,0c4aa51a-0b8c-4175-b9e6-46cfe860e67b,None,None,7,882,9,[],None,None
EXPLOIT_VULN,9987.351254441926,9993.978930637595,6.627676195668755,15,0c4aa51a-0b8c-4175-b9e6-46cfe860e67b,None,None,7,883,9,[],None,None
EXPLOIT_VULN,9993.978930637595,10002.099249215373,8.120318577777653,15,0c4aa51a-0b8c-4175-b9e6-46cfe860e67b,None,None,7,884,9,[],None,None
EXPLOIT_VULN,10002.099249215373,10007.897877439877,5.798628224503773,15,0c4aa51a-0b8c-4175-b9e6-46cfe860e67b,None,None,7,885,9,[],None,None
EXPLOIT_VULN,10007.897877439877,10013.174688281486,5.276810841609404,15,0c4aa51a-0b8c-4175-b9e6-46cfe860e67b,None,None,7,886,9,[],None,None
EXPLOIT_VULN,10013.174688281486,10018.364867399536,5.190179118049855,15,0c4aa51a-0b8c-4175-b9e6-46cfe860e67b,None,None,7,887,9,[],None,None
EXPLOIT_VULN,10018.364867399536,10020.47496129424,2.110093894703823,15,0c4aa51a-0b8c-4175-b9e6-46cfe860e67b,None,None,7,888,9,[],None,None
EXPLOIT_VULN,10020.47496129424,10031.984530749756,11.509569455516612,15,0c4aa51a-0b8c-4175-b9e6-46cfe860e67b,None,None,7,889,9,[],None,None
EXPLOIT_VULN,10031.984530749756,10039.433827640978,7.44929689122182,15,0c4aa51a-0b8c-4175-b9e6-46cfe860e67b,None,None,7,890,9,[],None,None
EXPLOIT_VULN,10039.433827640978,10043.66021713277,4.226389491792361,15,0c4aa51a-0b8c-4175-b9e6-46cfe860e67b,None,None,7,891,9,[],None,None
EXPLOIT_VULN,10043.66021713277,10047.3714359555,3.711218822729279,15,0c4aa51a-0b8c-4175-b9e6-46cfe860e67b,None,None,7,892,9,[],None,None
EXPLOIT_VULN,10047.3714359555,10052.835596167622,5.464160212122806,15,0c4aa51a-0b8c-4175-b9e6-46cfe860e67b,None,None,7,893,9,[],None,None
EXPLOIT_VULN,10052.835596167622,10058.488458044058,5.652861876435054,15,0c4aa51a-0b8c-4175-b9e6-46cfe860e67b,None,None,7,894,9,[],None,None
EXPLOIT_VULN,10058.488458044058,10067.266116505056,8.777658460998282,15,0c4aa51a-0b8c-4175-b9e6-46cfe860e67b,None,None,7,895,9,[],None,None
EXPLOIT_VULN,10067.266116505056,10076.434763231668,9.168646726611769,15,0c4aa51a-0b8c-4175-b9e6-46cfe860e67b,None,None,7,896,9,[],None,None
EXPLOIT_VULN,10076.434763231668,10079.560796975285,3.1260337436178816,15,0c4aa51a-0b8c-4175-b9e6-46cfe860e67b,None,None,7,897,9,[],None,None
EXPLOIT_VULN,10079.560796975285,10086.540499015806,6.979702040520351,15,0c4aa51a-0b8c-4175-b9e6-46cfe860e67b,None,None,7,898,9,[],None,None
EXPLOIT_VULN,10086.540499015806,10090.989203840381,4.448704824575543,15,0c4aa51a-0b8c-4175-b9e6-46cfe860e67b,None,None,7,899,9,[],None,None
EXPLOIT_VULN,10090.989203840381,10096.40231886211,5.413115021729027,15,0c4aa51a-0b8c-4175-b9e6-46cfe860e67b,None,None,7,900,9,[],None,None
EXPLOIT_VULN,10096.40231886211,10105.052609872597,8.650291010486399,15,0c4aa51a-0b8c-4175-b9e6-46cfe860e67b,None,None,7,901,9,[],None,None
BRUTE_FORCE,10105.052609872597,10125.052609872597,20.0,15,0c4aa51a-0b8c-4175-b9e6-46cfe860e67b,None,None,7,902,9,[],None,None
ENUM_HOST,10125.052609872597,10126.821453104909,1.768843232312065,15,0c4aa51a-0b8c-4175-b9e6-46cfe860e67b,None,None,7,902,9,[],network,IPShuffle
SCAN_HOST,10146.921645878007,10151.921645878007,5.0,-1,-1,None,None,0,902,9,[],None,None
ENUM_HOST,10151.921645878007,10156.921645878007,5.0,-1,-1,None,None,0,902,9,[],None,None
SCAN_PORT,10156.921645878007,10181.921645878007,25.0,15,0c4aa51a-0b8c-4175-b9e6-46cfe860e67b,None,None,8,902,9,[],None,None
EXPLOIT_VULN,10181.921645878007,10183.925421000358,2.003775122351726,15,0c4aa51a-0b8c-4175-b9e6-46cfe860e67b,None,None,8,902,9,[],None,None
EXPLOIT_VULN,10183.925421000358,10186.400113550646,2.4746925502877275,15,0c4aa51a-0b8c-4175-b9e6-46cfe860e67b,None,None,8,903,9,[],None,None
EXPLOIT_VULN,10186.400113550646,10187.536241131884,1.1361275812378153,15,0c4aa51a-0b8c-4175-b9e6-46cfe860e67b,None,None,8,904,9,[],None,None
EXPLOIT_VULN,10187.536241131884,10191.57860654279,4.042365410905404,15,0c4aa51a-0b8c-4175-b9e6-46cfe860e67b,None,None,8,905,9,[],None,None
EXPLOIT_VULN,10191.57860654279,10195.55328174639,3.974675203600782,15,0c4aa51a-0b8c-4175-b9e6-46cfe860e67b,None,None,8,906,9,[],None,None
EXPLOIT_VULN,10195.55328174639,10203.69106485022,8.137783103829861,15,0c4aa51a-0b8c-4175-b9e6-46cfe860e67b,None,None,8,907,9,[],None,None
EXPLOIT_VULN,10203.69106485022,10207.926562226921,4.23549737670146,15,0c4aa51a-0b8c-4175-b9e6-46cfe860e67b,None,None,8,908,9,[],None,None
EXPLOIT_VULN,10207.926562226921,10213.91214787457,5.985585647647895,15,0c4aa51a-0b8c-4175-b9e6-46cfe860e67b,None,None,8,909,9,[],None,None
EXPLOIT_VULN,10213.91214787457,10218.877514054833,4.965366180264027,15,0c4aa51a-0b8c-4175-b9e6-46cfe860e67b,None,None,8,910,9,[],None,None
EXPLOIT_VULN,10218.877514054833,10224.038695632154,5.161181577321258,15,0c4aa51a-0b8c-4175-b9e6-46cfe860e67b,None,None,8,911,9,[],None,None
EXPLOIT_VULN,10224.038695632154,10230.199612020695,6.1609163885405,15,0c4aa51a-0b8c-4175-b9e6-46cfe860e67b,None,None,8,912,9,[],None,None
EXPLOIT_VULN,10230.199612020695,10235.852992370297,5.65338034960223,15,0c4aa51a-0b8c-4175-b9e6-46cfe860e67b,None,None,8,913,9,[],None,None
EXPLOIT_VULN,10235.852992370297,10239.757430709113,3.904438338815453,15,0c4aa51a-0b8c-4175-b9e6-46cfe860e67b,None,None,8,914,9,[],None,None
EXPLOIT_VULN,10239.757430709113,10243.205245278905,3.447814569792172,15,0c4aa51a-0b8c-4175-b9e6-46cfe860e67b,None,None,8,915,9,[],None,None
EXPLOIT_VULN,10243.205245278905,10249.309010075098,6.103764796192991,15,0c4aa51a-0b8c-4175-b9e6-46cfe860e67b,None,None,8,916,9,[],None,None
EXPLOIT_VULN,10249.309010075098,10255.226385941134,5.917375866036309,15,0c4aa51a-0b8c-4175-b9e6-46cfe860e67b,None,None,8,917,9,[],None,None
EXPLOIT_VULN,10255.226385941134,10259.670897332733,4.444511391599008,15,0c4aa51a-0b8c-4175-b9e6-46cfe860e67b,None,None,8,918,9,[],None,None
EXPLOIT_VULN,10259.670897332733,10265.849397707636,6.1785003749027965,15,0c4aa51a-0b8c-4175-b9e6-46cfe860e67b,None,None,8,919,9,[],None,None
EXPLOIT_VULN,10265.849397707636,10271.964816248901,6.115418541265171,15,0c4aa51a-0b8c-4175-b9e6-46cfe860e67b,None,None,8,920,9,[],None,None
EXPLOIT_VULN,10271.964816248901,10283.443368675247,11.478552426346141,15,0c4aa51a-0b8c-4175-b9e6-46cfe860e67b,None,None,8,921,9,[],None,None
EXPLOIT_VULN,10283.443368675247,10287.028536696647,3.5851680214000226,15,0c4aa51a-0b8c-4175-b9e6-46cfe860e67b,None,None,8,922,9,[],None,None
EXPLOIT_VULN,10287.028536696647,10295.640128643483,8.611591946835688,15,0c4aa51a-0b8c-4175-b9e6-46cfe860e67b,None,None,8,923,9,[],None,None
EXPLOIT_VULN,10295.640128643483,10316.668614345483,21.02848570199967,15,0c4aa51a-0b8c-4175-b9e6-46cfe860e67b,None,None,8,924,9,[],None,None
EXPLOIT_VULN,10316.668614345483,10325.037572267314,8.36895792183168,15,0c4aa51a-0b8c-4175-b9e6-46cfe860e67b,None,None,8,925,9,[],None,None
EXPLOIT_VULN,10325.037572267314,10327.317213427023,2.2796411597082624,15,0c4aa51a-0b8c-4175-b9e6-46cfe860e67b,None,None,8,926,9,[],network,IPShuffle
SCAN_HOST,10347.798808176334,10352.798808176334,5.0,-1,-1,None,None,0,926,9,[],None,None
ENUM_HOST,10352.798808176334,10357.798808176334,5.0,-1,-1,None,None,0,926,9,[],None,None
SCAN_PORT,10357.798808176334,10382.798808176334,25.0,15,0c4aa51a-0b8c-4175-b9e6-46cfe860e67b,None,None,9,926,9,[],None,None
EXPLOIT_VULN,10382.798808176334,10384.86556207138,2.066753895045622,15,0c4aa51a-0b8c-4175-b9e6-46cfe860e67b,None,None,9,926,9,[],None,None
EXPLOIT_VULN,10384.86556207138,10386.65974956131,1.7941874899297545,15,0c4aa51a-0b8c-4175-b9e6-46cfe860e67b,None,None,9,927,9,[],None,None
EXPLOIT_VULN,10386.65974956131,10392.465015238437,5.805265677126954,15,0c4aa51a-0b8c-4175-b9e6-46cfe860e67b,None,None,9,928,9,[],None,None
EXPLOIT_VULN,10392.465015238437,10400.797775713709,8.332760475272153,15,0c4aa51a-0b8c-4175-b9e6-46cfe860e67b,None,None,9,929,9,[],None,None
EXPLOIT_VULN,10400.797775713709,10407.085939980889,6.288164267180036,15,0c4aa51a-0b8c-4175-b9e6-46cfe860e67b,None,None,9,930,9,[],None,None
EXPLOIT_VULN,10407.085939980889,10414.093095069557,7.007155088667787,15,0c4aa51a-0b8c-4175-b9e6-46cfe860e67b,None,None,9,931,9,[],None,None
EXPLOIT_VULN,10414.093095069557,10420.228442878022,6.135347808465667,15,0c4aa51a-0b8c-4175-b9e6-46cfe860e67b,None,None,9,932,9,[],None,None
EXPLOIT_VULN,10420.228442878022,10426.14993254848,5.921489670457959,15,0c4aa51a-0b8c-4175-b9e6-46cfe860e67b,None,None,9,933,9,[],None,None
EXPLOIT_VULN,10426.14993254848,10431.050348545194,4.900415996713491,15,0c4aa51a-0b8c-4175-b9e6-46cfe860e67b,None,None,9,934,9,[],None,None
EXPLOIT_VULN,10431.050348545194,10442.458030462283,11.407681917089576,15,0c4aa51a-0b8c-4175-b9e6-46cfe860e67b,None,None,9,935,9,[],None,None
EXPLOIT_VULN,10442.458030462283,10449.233545184088,6.775514721804939,15,0c4aa51a-0b8c-4175-b9e6-46cfe860e67b,None,None,9,936,9,[],None,None
EXPLOIT_VULN,10449.233545184088,10455.994123459162,6.760578275074295,15,0c4aa51a-0b8c-4175-b9e6-46cfe860e67b,None,None,9,937,9,[],None,None
EXPLOIT_VULN,10455.994123459162,10479.632803542847,23.63868008368445,15,0c4aa51a-0b8c-4175-b9e6-46cfe860e67b,None,None,9,938,9,[],None,None
EXPLOIT_VULN,10479.632803542847,10487.382004948471,7.749201405624262,15,0c4aa51a-0b8c-4175-b9e6-46cfe860e67b,None,None,9,939,9,[],None,None
EXPLOIT_VULN,10487.382004948471,10496.053148282544,8.67114333407335,15,0c4aa51a-0b8c-4175-b9e6-46cfe860e67b,None,None,9,940,9,[],None,None
EXPLOIT_VULN,10496.053148282544,10499.616242096241,3.5630938136964687,15,0c4aa51a-0b8c-4175-b9e6-46cfe860e67b,None,None,9,941,9,[],None,None
EXPLOIT_VULN,10499.616242096241,10505.290241880753,5.673999784512489,15,0c4aa51a-0b8c-4175-b9e6-46cfe860e67b,None,None,9,942,9,[],None,None
EXPLOIT_VULN,10505.290241880753,10508.811423983447,3.521182102693274,15,0c4aa51a-0b8c-4175-b9e6-46cfe860e67b,None,None,9,943,9,[],None,None
EXPLOIT_VULN,10508.811423983447,10515.394775051469,6.583351068022239,15,0c4aa51a-0b8c-4175-b9e6-46cfe860e67b,None,None,9,944,9,[],None,None
EXPLOIT_VULN,10515.394775051469,10522.074646250121,6.679871198652108,15,0c4aa51a-0b8c-4175-b9e6-46cfe860e67b,None,None,9,945,9,[],None,None
EXPLOIT_VULN,10522.074646250121,10526.326979510612,4.252333260490559,15,0c4aa51a-0b8c-4175-b9e6-46cfe860e67b,None,None,9,946,9,[],None,None
EXPLOIT_VULN,10526.326979510612,10531.048933226684,4.721953716072676,15,0c4aa51a-0b8c-4175-b9e6-46cfe860e67b,None,None,9,947,9,[],None,None
EXPLOIT_VULN,10531.048933226684,10538.393726881422,7.344793654738169,15,0c4aa51a-0b8c-4175-b9e6-46cfe860e67b,None,None,9,948,9,[],network,CompleteTopologyShuffle
SCAN_HOST,10558.524585369583,10563.524585369583,5.0,-1,-1,None,None,0,948,9,[],None,None
ENUM_HOST,10563.524585369583,10568.524585369583,5.0,-1,-1,None,None,0,948,9,[],None,None
SCAN_PORT,10568.524585369583,10593.524585369583,25.0,5,a47f754e-28a2-442b-ac11-33ff7dc1ad7f,None,None,1,948,9,[],None,None
EXPLOIT_VULN,10593.524585369583,10595.6354784155,2.110893045915873,5,a47f754e-28a2-442b-ac11-33ff7dc1ad7f,None,None,1,948,9,[],None,None
EXPLOIT_VULN,10595.6354784155,10597.47749237621,1.8420139607114834,5,a47f754e-28a2-442b-ac11-33ff7dc1ad7f,None,None,1,949,9,[],None,None
EXPLOIT_VULN,10597.47749237621,10604.161367534733,6.683875158521914,5,a47f754e-28a2-442b-ac11-33ff7dc1ad7f,None,None,1,950,9,[],None,None
EXPLOIT_VULN,10604.161367534733,10606.020314471814,1.8589469370817824,5,a47f754e-28a2-442b-ac11-33ff7dc1ad7f,None,None,1,951,9,[],None,None
EXPLOIT_VULN,10606.020314471814,10615.339147878576,9.318833406761769,5,a47f754e-28a2-442b-ac11-33ff7dc1ad7f,None,None,1,952,9,[],None,None
EXPLOIT_VULN,10615.339147878576,10617.758488240572,2.419340361995637,5,a47f754e-28a2-442b-ac11-33ff7dc1ad7f,None,None,1,953,9,[],None,None
EXPLOIT_VULN,10617.758488240572,10622.23448234277,4.475994102198456,5,a47f754e-28a2-442b-ac11-33ff7dc1ad7f,None,None,1,954,9,[],None,None
EXPLOIT_VULN,10622.23448234277,10626.018021259102,3.7835389163319633,5,a47f754e-28a2-442b-ac11-33ff7dc1ad7f,None,None,1,955,9,[],None,None
EXPLOIT_VULN,10626.018021259102,10631.931889217181,5.913867958079209,5,a47f754e-28a2-442b-ac11-33ff7dc1ad7f,None,None,1,956,9,[],None,None
EXPLOIT_VULN,10631.931889217181,10646.207802507122,14.275913289940945,5,a47f754e-28a2-442b-ac11-33ff7dc1ad7f,None,None,1,957,9,[],None,None
EXPLOIT_VULN,10646.207802507122,10657.136616762047,10.928814254924873,5,a47f754e-28a2-442b-ac11-33ff7dc1ad7f,None,None,1,958,9,[],None,None
EXPLOIT_VULN,10657.136616762047,10664.154006156858,7.01738939481038,5,a47f754e-28a2-442b-ac11-33ff7dc1ad7f,None,None,1,959,9,[],None,None
EXPLOIT_VULN,10664.154006156858,10669.628733926807,5.474727769949823,5,a47f754e-28a2-442b-ac11-33ff7dc1ad7f,None,None,1,960,9,[],None,None
EXPLOIT_VULN,10669.628733926807,10675.58703323607,5.958299309262657,5,a47f754e-28a2-442b-ac11-33ff7dc1ad7f,None,None,1,961,9,[],None,None
EXPLOIT_VULN,10675.58703323607,10679.934217364329,4.347184128258959,5,a47f754e-28a2-442b-ac11-33ff7dc1ad7f,None,None,1,962,9,[],None,None
EXPLOIT_VULN,10679.934217364329,10684.233800928549,4.299583564219574,5,a47f754e-28a2-442b-ac11-33ff7dc1ad7f,None,None,1,963,9,[],None,None
EXPLOIT_VULN,10684.233800928549,10693.108908190152,8.875107261603262,5,a47f754e-28a2-442b-ac11-33ff7dc1ad7f,None,None,1,964,9,[],None,None
BRUTE_FORCE,10693.108908190152,10713.108908190152,20.0,5,a47f754e-28a2-442b-ac11-33ff7dc1ad7f,None,None,1,965,9,[],None,None
ENUM_HOST,10713.108908190152,10718.108908190152,5.0,5,a47f754e-28a2-442b-ac11-33ff7dc1ad7f,None,None,1,965,9,[],None,None
SCAN_PORT,10718.108908190152,10728.076612369894,9.967704179742213,11,1c46076f-ea2d-4800-9a61-c6d6398aa328,None,None,4,965,9,[],network,IPShuffle
SCAN_HOST,10748.100887658738,10753.100887658738,5.0,-1,-1,None,None,0,965,9,[],None,None
ENUM_HOST,10753.100887658738,10758.100887658738,5.0,-1,-1,None,None,0,965,9,[],None,None
SCAN_PORT,10758.100887658738,10783.100887658738,25.0,5,a47f754e-28a2-442b-ac11-33ff7dc1ad7f,None,None,2,965,9,[],None,None
EXPLOIT_VULN,10783.100887658738,10783.755644294835,0.6547566360968631,5,a47f754e-28a2-442b-ac11-33ff7dc1ad7f,None,None,2,965,9,[],None,None
EXPLOIT_VULN,10783.755644294835,10787.688997133944,3.9333528391089203,5,a47f754e-28a2-442b-ac11-33ff7dc1ad7f,None,None,2,966,9,[],None,None
EXPLOIT_VULN,10787.688997133944,10794.90916169951,7.220164565565938,5,a47f754e-28a2-442b-ac11-33ff7dc1ad7f,None,None,2,967,9,[],None,None
EXPLOIT_VULN,10794.90916169951,10803.872967946389,8.963806246878448,5,a47f754e-28a2-442b-ac11-33ff7dc1ad7f,None,None,2,968,9,[],None,None
EXPLOIT_VULN,10803.872967946389,10807.26693694222,3.3939689958315284,5,a47f754e-28a2-442b-ac11-33ff7dc1ad7f,None,None,2,969,9,[],None,None
EXPLOIT_VULN,10807.26693694222,10821.540680553531,14.273743611311147,5,a47f754e-28a2-442b-ac11-33ff7dc1ad7f,None,None,2,970,9,[],None,None
EXPLOIT_VULN,10821.540680553531,10832.684508743449,11.143828189917258,5,a47f754e-28a2-442b-ac11-33ff7dc1ad7f,None,None,2,971,9,[],None,None
EXPLOIT_VULN,10832.684508743449,10842.464075078815,9.779566335366326,5,a47f754e-28a2-442b-ac11-33ff7dc1ad7f,None,None,2,972,9,[],None,None
EXPLOIT_VULN,10842.464075078815,10850.352118212131,7.888043133316387,5,a47f754e-28a2-442b-ac11-33ff7dc1ad7f,None,None,2,973,9,[],None,None
EXPLOIT_VULN,10850.352118212131,10854.985950155222,4.633831943090627,5,a47f754e-28a2-442b-ac11-33ff7dc1ad7f,None,None,2,974,9,[],None,None
EXPLOIT_VULN,10854.985950155222,10868.26050854998,13.27455839475806,5,a47f754e-28a2-442b-ac11-33ff7dc1ad7f,None,None,2,975,9,[],None,None
EXPLOIT_VULN,10868.26050854998,10885.811238057411,17.550729507431242,5,a47f754e-28a2-442b-ac11-33ff7dc1ad7f,None,None,2,976,9,[],None,None
EXPLOIT_VULN,10885.811238057411,10899.051103725962,13.23986566855092,5,a47f754e-28a2-442b-ac11-33ff7dc1ad7f,None,None,2,977,9,[],application,ServiceDiversity
SCAN_PORT,10920.798069081575,10945.798069081575,25.0,5,a47f754e-28a2-442b-ac11-33ff7dc1ad7f,None,None,2,977,9,[],None,None
EXPLOIT_VULN,10945.798069081575,10946.599917807232,0.8018487256576918,5,a47f754e-28a2-442b-ac11-33ff7dc1ad7f,None,None,2,977,9,[],None,None
EXPLOIT_VULN,10946.599917807232,10949.857091282971,3.2571734757384547,5,a47f754e-28a2-442b-ac11-33ff7dc1ad7f,None,None,2,978,9,[],None,None
EXPLOIT_VULN,10949.857091282971,10959.076721050411,9.219629767439983,5,a47f754e-28a2-442b-ac11-33ff7dc1ad7f,None,None,2,979,9,[],None,None
EXPLOIT_VULN,10959.076721050411,10962.82401987946,3.7472988290483045,5,a47f754e-28a2-442b-ac11-33ff7dc1ad7f,None,None,2,980,9,[],None,None
EXPLOIT_VULN,10962.82401987946,10966.61451432894,3.7904944494803203,5,a47f754e-28a2-442b-ac11-33ff7dc1ad7f,None,None,2,981,9,[],None,None
EXPLOIT_VULN,10966.61451432894,10971.926600626583,5.3120862976429635,5,a47f754e-28a2-442b-ac11-33ff7dc1ad7f,None,None,2,982,9,[],None,None
EXPLOIT_VULN,10971.926600626583,10984.631038052372,12.704437425789365,5,a47f754e-28a2-442b-ac11-33ff7dc1ad7f,None,None,2,983,9,[],None,None
EXPLOIT_VULN,10984.631038052372,10998.446053061787,13.81501500941522,5,a47f754e-28a2-442b-ac11-33ff7dc1ad7f,None,None,2,984,9,[],None,None
EXPLOIT_VULN,10998.446053061787,11004.67326445316,6.227211391373203,5,a47f754e-28a2-442b-ac11-33ff7dc1ad7f,None,None,2,985,9,[],None,None
EXPLOIT_VULN,11004.67326445316,11014.093302851532,9.420038398371616,5,a47f754e-28a2-442b-ac11-33ff7dc1ad7f,None,None,2,986,9,[],None,None
EXPLOIT_VULN,11014.093302851532,11019.375090374735,5.281787523203093,5,a47f754e-28a2-442b-ac11-33ff7dc1ad7f,None,None,2,987,9,[],None,None
EXPLOIT_VULN,11019.375090374735,11025.889133987905,6.514043613169633,5,a47f754e-28a2-442b-ac11-33ff7dc1ad7f,None,None,2,988,9,[],None,None
EXPLOIT_VULN,11025.889133987905,11042.924965489487,17.035831501581924,5,a47f754e-28a2-442b-ac11-33ff7dc1ad7f,None,None,2,989,9,[],None,None
EXPLOIT_VULN,11042.924965489487,11061.703314148544,18.778348659057883,5,a47f754e-28a2-442b-ac11-33ff7dc1ad7f,None,None,2,990,9,[],None,None
EXPLOIT_VULN,11061.703314148544,11083.78930079561,22.08598664706551,5,a47f754e-28a2-442b-ac11-33ff7dc1ad7f,None,None,2,991,9,[],None,None
EXPLOIT_VULN,11083.78930079561,11092.996282287197,9.206981491586703,5,a47f754e-28a2-442b-ac11-33ff7dc1ad7f,None,None,2,992,9,[],None,None
EXPLOIT_VULN,11092.996282287197,11099.39224407161,6.395961784413885,5,a47f754e-28a2-442b-ac11-33ff7dc1ad7f,None,None,2,993,9,[],application,ServiceDiversity
SCAN_PORT,11119.793687101223,11144.793687101223,25.0,5,a47f754e-28a2-442b-ac11-33ff7dc1ad7f,None,None,2,993,9,[],None,None
EXPLOIT_VULN,11144.793687101223,11145.310262345949,0.5165752447264822,5,a47f754e-28a2-442b-ac11-33ff7dc1ad7f,None,None,2,993,9,[],None,None
EXPLOIT_VULN,11145.310262345949,11146.128213523822,0.817951177872601,5,a47f754e-28a2-442b-ac11-33ff7dc1ad7f,None,None,2,994,9,[],None,None
EXPLOIT_VULN,11146.128213523822,11151.560062227663,5.431848703841752,5,a47f754e-28a2-442b-ac11-33ff7dc1ad7f,None,None,2,995,9,[],None,None
EXPLOIT_VULN,11151.560062227663,11156.315749478095,4.755687250431947,5,a47f754e-28a2-442b-ac11-33ff7dc1ad7f,None,None,2,996,9,[],None,None
EXPLOIT_VULN,11156.315749478095,11159.696815252857,3.381065774761737,5,a47f754e-28a2-442b-ac11-33ff7dc1ad7f,None,None,2,997,9,[],None,None
EXPLOIT_VULN,11159.696815252857,11165.2544542631,5.557639010243292,5,a47f754e-28a2-442b-ac11-33ff7dc1ad7f,None,None,2,998,9,[],None,None
EXPLOIT_VULN,11165.2544542631,11175.128098481382,9.873644218281697,5,a47f754e-28a2-442b-ac11-33ff7dc1ad7f,None,None,2,999,9,[],None,None
EXPLOIT_VULN,11175.128098481382,11176.754968721485,1.6268702401030168,5,a47f754e-28a2-442b-ac11-33ff7dc1ad7f,None,None,2,1000,9,[],None,None
EXPLOIT_VULN,11176.754968721485,11183.981433627006,7.226464905521425,5,a47f754e-28a2-442b-ac11-33ff7dc1ad7f,None,None,2,1001,9,[],None,None
EXPLOIT_VULN,11183.981433627006,11187.778940835204,3.797507208197203,5,a47f754e-28a2-442b-ac11-33ff7dc1ad7f,None,None,2,1002,9,[],None,None
EXPLOIT_VULN,11187.778940835204,11194.912391424567,7.1334505893628375,5,a47f754e-28a2-442b-ac11-33ff7dc1ad7f,None,None,2,1003,9,[],None,None
EXPLOIT_VULN,11194.912391424567,11202.988240714461,8.075849289894904,5,a47f754e-28a2-442b-ac11-33ff7dc1ad7f,None,None,2,1004,9,[],None,None
EXPLOIT_VULN,11202.988240714461,11208.734025082147,5.745784367685701,5,a47f754e-28a2-442b-ac11-33ff7dc1ad7f,None,None,2,1005,9,[],None,None
EXPLOIT_VULN,11208.734025082147,11217.29254028229,8.55851520014221,5,a47f754e-28a2-442b-ac11-33ff7dc1ad7f,None,None,2,1006,9,[],None,None
EXPLOIT_VULN,11217.29254028229,11233.891362596278,16.59882231398842,5,a47f754e-28a2-442b-ac11-33ff7dc1ad7f,None,None,2,1007,9,[],None,None
EXPLOIT_VULN,11233.891362596278,11241.857487709953,7.966125113674934,5,a47f754e-28a2-442b-ac11-33ff7dc1ad7f,None,None,2,1008,9,[],None,None
EXPLOIT_VULN,11241.857487709953,11258.973350496024,17.115862786071375,5,a47f754e-28a2-442b-ac11-33ff7dc1ad7f,None,None,2,1009,9,[],None,None
EXPLOIT_VULN,11258.973350496024,11279.611447917983,20.638097421959174,5,a47f754e-28a2-442b-ac11-33ff7dc1ad7f,None,None,2,1010,9,[],None,None
EXPLOIT_VULN,11279.611447917983,11300.854411105525,21.242963187542045,5,a47f754e-28a2-442b-ac11-33ff7dc1ad7f,None,None,2,1011,9,[],None,None
BRUTE_FORCE,11300.854411105525,11320.854411105525,20.0,5,a47f754e-28a2-442b-ac11-33ff7dc1ad7f,None,None,2,1012,9,[],None,None
ENUM_HOST,11320.854411105525,11325.854411105525,5.0,5,a47f754e-28a2-442b-ac11-33ff7dc1ad7f,None,None,2,1012,9,[],None,None
SCAN_PORT,11325.854411105525,11339.747895026776,13.893483921250663,11,1c46076f-ea2d-4800-9a61-c6d6398aa328,None,None,5,1012,9,[],network,CompleteTopologyShuffle
SCAN_HOST,11359.93727526877,11364.93727526877,5.0,-1,-1,None,None,0,1012,9,[],None,None
ENUM_HOST,11364.93727526877,11369.93727526877,5.0,-1,-1,None,None,0,1012,9,[],None,None
SCAN_PORT,11369.93727526877,11394.93727526877,25.0,5,a47f754e-28a2-442b-ac11-33ff7dc1ad7f,None,None,3,1012,9,[],None,None
EXPLOIT_VULN,11394.93727526877,11395.302826799907,0.3655515311365889,5,a47f754e-28a2-442b-ac11-33ff7dc1ad7f,None,None,3,1012,9,[],None,None
EXPLOIT_VULN,11395.302826799907,11400.326117230205,5.023290430297493,5,a47f754e-28a2-442b-ac11-33ff7dc1ad7f,None,None,3,1013,9,[],None,None
EXPLOIT_VULN,11400.326117230205,11405.214996547404,4.888879317199098,5,a47f754e-28a2-442b-ac11-33ff7dc1ad7f,None,None,3,1014,9,[],None,None
EXPLOIT_VULN,11405.214996547404,11409.019405416404,3.8044088690003264,5,a47f754e-28a2-442b-ac11-33ff7dc1ad7f,None,None,3,1015,9,[],None,None
EXPLOIT_VULN,11409.019405416404,11412.766293701769,3.746888285364548,5,a47f754e-28a2-442b-ac11-33ff7dc1ad7f,None,None,3,1016,9,[],None,None
EXPLOIT_VULN,11412.766293701769,11418.485145966744,5.718852264975794,5,a47f754e-28a2-442b-ac11-33ff7dc1ad7f,None,None,3,1017,9,[],None,None
EXPLOIT_VULN,11418.485145966744,11427.553553623713,9.068407656968702,5,a47f754e-28a2-442b-ac11-33ff7dc1ad7f,None,None,3,1018,9,[],None,None
EXPLOIT_VULN,11427.553553623713,11437.898799333107,10.345245709393566,5,a47f754e-28a2-442b-ac11-33ff7dc1ad7f,None,None,3,1019,9,[],None,None
EXPLOIT_VULN,11437.898799333107,11445.72101114833,7.822211815222545,5,a47f754e-28a2-442b-ac11-33ff7dc1ad7f,None,None,3,1020,9,[],None,None
EXPLOIT_VULN,11445.72101114833,11450.764312474483,5.043301326153596,5,a47f754e-28a2-442b-ac11-33ff7dc1ad7f,None,None,3,1021,9,[],None,None
EXPLOIT_VULN,11450.764312474483,11456.80774300532,6.043430530837213,5,a47f754e-28a2-442b-ac11-33ff7dc1ad7f,None,None,3,1022,9,[],None,None
EXPLOIT_VULN,11456.80774300532,11473.02330372942,16.215560724100214,5,a47f754e-28a2-442b-ac11-33ff7dc1ad7f,None,None,3,1023,9,[],None,None
EXPLOIT_VULN,11473.02330372942,11494.303869890831,21.280566161411116,5,a47f754e-28a2-442b-ac11-33ff7dc1ad7f,None,None,3,1024,9,[],None,None
EXPLOIT_VULN,11494.303869890831,11502.145200917661,7.841331026829721,5,a47f754e-28a2-442b-ac11-33ff7dc1ad7f,None,None,3,1025,9,[],None,None
EXPLOIT_VULN,11502.145200917661,11519.445156967851,17.299956050190303,5,a47f754e-28a2-442b-ac11-33ff7dc1ad7f,None,None,3,1026,9,[],None,None
EXPLOIT_VULN,11519.445156967851,11536.788874252838,17.34371728498627,5,a47f754e-28a2-442b-ac11-33ff7dc1ad7f,None,None,3,1027,9,[],None,None
EXPLOIT_VULN,11536.788874252838,11541.05575997776,4.2668857249227585,5,a47f754e-28a2-442b-ac11-33ff7dc1ad7f,None,None,3,1028,9,[],network,CompleteTopologyShuffle
SCAN_HOST,11562.146335107527,11567.146335107527,5.0,-1,-1,None,None,0,1028,9,[],None,None
ENUM_HOST,11567.146335107527,11572.146335107527,5.0,-1,-1,None,None,0,1028,9,[],None,None
SCAN_PORT,11572.146335107527,11597.146335107527,25.0,6,62721611-be02-4151-883b-83d394161d97,None,None,2,1028,9,[],None,None
EXPLOIT_VULN,11597.146335107527,11597.272364775119,0.1260296675918653,6,62721611-be02-4151-883b-83d394161d97,None,None,2,1028,9,[],None,None
EXPLOIT_VULN,11597.272364775119,11597.763865949626,0.49150117450699327,6,62721611-be02-4151-883b-83d394161d97,None,None,2,1029,9,[],None,None
EXPLOIT_VULN,11597.763865949626,11598.869427364032,1.105561414406111,6,62721611-be02-4151-883b-83d394161d97,None,None,2,1030,9,[],None,None
EXPLOIT_VULN,11598.869427364032,11599.129944527256,0.26051716322399443,6,62721611-be02-4151-883b-83d394161d97,None,None,2,1031,9,[],None,None
EXPLOIT_VULN,11599.129944527256,11600.373402488907,1.2434579616510746,6,62721611-be02-4151-883b-83d394161d97,None,None,2,1032,9,[],None,None
EXPLOIT_VULN,11600.373402488907,11601.70287927663,1.3294767877232516,6,62721611-be02-4151-883b-83d394161d97,None,None,2,1033,9,[],None,None
EXPLOIT_VULN,11601.70287927663,11606.318791999089,4.6159127224582335,6,62721611-be02-4151-883b-83d394161d97,None,None,2,1034,9,[],None,None
EXPLOIT_VULN,11606.318791999089,11609.320654151521,3.0018621524322953,6,62721611-be02-4151-883b-83d394161d97,None,None,2,1035,9,[],None,None
EXPLOIT_VULN,11609.320654151521,11612.657772856384,3.3371187048633146,6,62721611-be02-4151-883b-83d394161d97,None,None,2,1036,9,[],None,None
EXPLOIT_VULN,11612.657772856384,11615.979535064529,3.321762208144719,6,62721611-be02-4151-883b-83d394161d97,None,None,2,1037,9,[],None,None
EXPLOIT_VULN,11615.979535064529,11619.027156525548,3.0476214610189345,6,62721611-be02-4151-883b-83d394161d97,None,None,2,1038,9,[],None,None
EXPLOIT_VULN,11619.027156525548,11621.945705816423,2.91854929087458,6,62721611-be02-4151-883b-83d394161d97,None,None,2,1039,9,[],None,None
EXPLOIT_VULN,11621.945705816423,11631.370195512445,9.424489696022647,6,62721611-be02-4151-883b-83d394161d97,None,None,2,1040,9,[],None,None
EXPLOIT_VULN,11631.370195512445,11635.935737679642,4.565542167196327,6,62721611-be02-4151-883b-83d394161d97,None,None,2,1041,9,[],None,None
EXPLOIT_VULN,11635.935737679642,11645.842426096518,9.906688416876932,6,62721611-be02-4151-883b-83d394161d97,None,None,2,1042,9,[],None,None
EXPLOIT_VULN,11645.842426096518,11655.859232177398,10.016806080879178,6,62721611-be02-4151-883b-83d394161d97,None,None,2,1043,9,[],None,None
EXPLOIT_VULN,11655.859232177398,11657.306218504564,1.446986327166087,6,62721611-be02-4151-883b-83d394161d97,None,None,2,1044,9,[],None,None
EXPLOIT_VULN,11657.306218504564,11659.373142097615,2.0669235930508876,6,62721611-be02-4151-883b-83d394161d97,None,None,2,1045,9,[],None,None
EXPLOIT_VULN,11659.373142097615,11663.48945672744,4.116314629825865,6,62721611-be02-4151-883b-83d394161d97,None,None,2,1046,9,[],None,None
EXPLOIT_VULN,11663.48945672744,11674.422182345936,10.93272561849517,6,62721611-be02-4151-883b-83d394161d97,None,None,2,1047,9,[],None,None
EXPLOIT_VULN,11674.422182345936,11678.757525790625,4.335343444688988,6,62721611-be02-4151-883b-83d394161d97,None,None,2,1048,9,[],None,None
EXPLOIT_VULN,11678.757525790625,11682.951663545977,4.194137755352131,6,62721611-be02-4151-883b-83d394161d97,None,None,2,1049,9,[],None,None
EXPLOIT_VULN,11682.951663545977,11686.759251269972,3.8075877239953115,6,62721611-be02-4151-883b-83d394161d97,None,None,2,1050,9,[],None,None
EXPLOIT_VULN,11686.759251269972,11694.057418773673,7.2981675037008245,6,62721611-be02-4151-883b-83d394161d97,None,None,2,1051,9,[],None,None
EXPLOIT_VULN,11694.057418773673,11699.933867146048,5.876448372375307,6,62721611-be02-4151-883b-83d394161d97,None,None,2,1052,9,[],None,None
EXPLOIT_VULN,11699.933867146048,11700.227114033958,0.2932468879098451,6,62721611-be02-4151-883b-83d394161d97,None,None,2,1053,9,[],application,ServiceDiversity
SCAN_PORT,11720.387344906772,11745.387344906772,25.0,6,62721611-be02-4151-883b-83d394161d97,None,None,2,1053,9,[],None,None
EXPLOIT_VULN,11745.387344906772,11746.560370208283,1.173025301510279,6,62721611-be02-4151-883b-83d394161d97,None,None,2,1053,9,[],None,None
EXPLOIT_VULN,11746.560370208283,11746.79041678138,0.23004657309684262,6,62721611-be02-4151-883b-83d394161d97,None,None,2,1054,9,[],None,None
EXPLOIT_VULN,11746.79041678138,11747.667661500034,0.8772447186547652,6,62721611-be02-4151-883b-83d394161d97,None,None,2,1055,9,[],None,None
EXPLOIT_VULN,11747.667661500034,11749.761452238661,2.0937907386269217,6,62721611-be02-4151-883b-83d394161d97,None,None,2,1056,9,[],None,None
EXPLOIT_VULN,11749.761452238661,11753.907052325078,4.14560008641638,6,62721611-be02-4151-883b-83d394161d97,None,None,2,1057,9,[],None,None
EXPLOIT_VULN,11753.907052325078,11756.459236934154,2.5521846090759936,6,62721611-be02-4151-883b-83d394161d97,None,None,2,1058,9,[],None,None
EXPLOIT_VULN,11756.459236934154,11758.261607370183,1.8023704360293777,6,62721611-be02-4151-883b-83d394161d97,None,None,2,1059,9,[],None,None
EXPLOIT_VULN,11758.261607370183,11766.995412862989,8.733805492805914,6,62721611-be02-4151-883b-83d394161d97,None,None,2,1060,9,[],None,None
EXPLOIT_VULN,11766.995412862989,11776.195211800761,9.199798937772357,6,62721611-be02-4151-883b-83d394161d97,None,None,2,1061,9,[],None,None
EXPLOIT_VULN,11776.195211800761,11783.322876761613,7.127664960851689,6,62721611-be02-4151-883b-83d394161d97,None,None,2,1062,9,[],None,None
EXPLOIT_VULN,11783.322876761613,11788.583701051515,5.2608242899023026,6,62721611-be02-4151-883b-83d394161d97,None,None,2,1063,9,[],None,None
EXPLOIT_VULN,11788.583701051515,11799.611762765413,11.028061713897841,6,62721611-be02-4151-883b-83d394161d97,None,None,2,1064,9,[],None,None
EXPLOIT_VULN,11799.611762765413,11818.013441771385,18.401679005972255,6,62721611-be02-4151-883b-83d394161d97,None,None,2,1065,9,[],None,None
EXPLOIT_VULN,11818.013441771385,11825.400466552748,7.387024781362925,6,62721611-be02-4151-883b-83d394161d97,None,None,2,1066,9,[],None,None
EXPLOIT_VULN,11825.400466552748,11829.377182453416,3.976715900667841,6,62721611-be02-4151-883b-83d394161d97,None,None,2,1067,9,[],None,None
EXPLOIT_VULN,11829.377182453416,11835.422206110796,6.045023657379716,6,62721611-be02-4151-883b-83d394161d97,None,None,2,1068,9,[],None,None
EXPLOIT_VULN,11835.422206110796,11837.70857278422,2.286366673424709,6,62721611-be02-4151-883b-83d394161d97,None,None,2,1069,9,[],None,None
EXPLOIT_VULN,11837.70857278422,11843.117824142499,5.409251358278198,6,62721611-be02-4151-883b-83d394161d97,None,None,2,1070,9,[],None,None
EXPLOIT_VULN,11843.117824142499,11848.693832963825,5.576008821326468,6,62721611-be02-4151-883b-83d394161d97,None,None,2,1071,9,[],None,None
EXPLOIT_VULN,11848.693832963825,11857.684959983691,8.991127019866326,6,62721611-be02-4151-883b-83d394161d97,None,None,2,1072,9,[],None,None
EXPLOIT_VULN,11857.684959983691,11866.527980777226,8.843020793534379,6,62721611-be02-4151-883b-83d394161d97,None,None,2,1073,9,[],None,None
EXPLOIT_VULN,11866.527980777226,11884.763276927535,18.235296150309296,6,62721611-be02-4151-883b-83d394161d97,None,None,2,1074,9,[],None,None
EXPLOIT_VULN,11884.763276927535,11904.172839891606,19.409562964070574,6,62721611-be02-4151-883b-83d394161d97,None,None,2,1075,9,[],None,None
EXPLOIT_VULN,11904.172839891606,11912.009802526818,7.8369626352123305,6,62721611-be02-4151-883b-83d394161d97,None,None,2,1076,9,[],None,None
EXPLOIT_VULN,11912.009802526818,11918.555078664496,6.545276137678229,6,62721611-be02-4151-883b-83d394161d97,None,None,2,1077,9,[],None,None
EXPLOIT_VULN,11918.555078664496,11925.87368964343,7.318610978933066,6,62721611-be02-4151-883b-83d394161d97,None,None,2,1078,9,[],None,None
EXPLOIT_VULN,11925.87368964343,11930.793538945836,4.919849302406874,6,62721611-be02-4151-883b-83d394161d97,None,None,2,1079,9,[],network,IPShuffle
SCAN_HOST,11952.017562718278,11957.017562718278,5.0,-1,-1,None,None,0,1079,9,[],None,None
ENUM_HOST,11957.017562718278,11962.017562718278,5.0,-1,-1,None,None,0,1079,9,[],None,None
SCAN_PORT,11962.017562718278,11987.017562718278,25.0,6,62721611-be02-4151-883b-83d394161d97,None,None,3,1079,9,[],None,None
EXPLOIT_VULN,11987.017562718278,11988.059766368975,1.0422036506970471,6,62721611-be02-4151-883b-83d394161d97,None,None,3,1079,9,[],None,None
EXPLOIT_VULN,11988.059766368975,11989.31909300616,1.259326637184131,6,62721611-be02-4151-883b-83d394161d97,None,None,3,1080,9,[],None,None
EXPLOIT_VULN,11989.31909300616,11994.028569934064,4.709476927904689,6,62721611-be02-4151-883b-83d394161d97,None,None,3,1081,9,[],None,None
EXPLOIT_VULN,11994.028569934064,11997.764526496525,3.7359565624610696,6,62721611-be02-4151-883b-83d394161d97,None,None,3,1082,9,[],None,None
EXPLOIT_VULN,11997.764526496525,12000.702228447035,2.937701950510018,6,62721611-be02-4151-883b-83d394161d97,None,None,3,1083,9,[],None,None
EXPLOIT_VULN,12000.702228447035,12003.359297151452,2.6570687044168153,6,62721611-be02-4151-883b-83d394161d97,None,None,3,1084,9,[],None,None
EXPLOIT_VULN,12003.359297151452,12006.836975328852,3.4776781773998664,6,62721611-be02-4151-883b-83d394161d97,None,None,3,1085,9,[],None,None
EXPLOIT_VULN,12006.836975328852,12009.883619976503,3.046644647651192,6,62721611-be02-4151-883b-83d394161d97,None,None,3,1086,9,[],None,None
EXPLOIT_VULN,12009.883619976503,12011.37103930726,1.487419330756893,6,62721611-be02-4151-883b-83d394161d97,None,None,3,1087,9,[],None,None
EXPLOIT_VULN,12011.37103930726,12020.91871603492,9.547676727659564,6,62721611-be02-4151-883b-83d394161d97,None,None,3,1088,9,[],None,None
EXPLOIT_VULN,12020.91871603492,12030.304728392473,9.386012357554137,6,62721611-be02-4151-883b-83d394161d97,None,None,3,1089,9,[],None,None
EXPLOIT_VULN,12030.304728392473,12033.726809268765,3.4220808762911474,6,62721611-be02-4151-883b-83d394161d97,None,None,3,1090,9,[],None,None
EXPLOIT_VULN,12033.726809268765,12038.910670024005,5.183860755239948,6,62721611-be02-4151-883b-83d394161d97,None,None,3,1091,9,[],None,None
EXPLOIT_VULN,12038.910670024005,12046.795197208008,7.884527184003673,6,62721611-be02-4151-883b-83d394161d97,None,None,3,1092,9,[],None,None
EXPLOIT_VULN,12046.795197208008,12057.948532163238,11.153334955230093,6,62721611-be02-4151-883b-83d394161d97,None,None,3,1093,9,[],None,None
EXPLOIT_VULN,12057.948532163238,12075.187945815567,17.23941365232895,6,62721611-be02-4151-883b-83d394161d97,None,None,3,1094,9,[],None,None
EXPLOIT_VULN,12075.187945815567,12082.7791722358,7.591226420232488,6,62721611-be02-4151-883b-83d394161d97,None,None,3,1095,9,[],None,None
EXPLOIT_VULN,12082.7791722358,12086.790333736322,4.011161500522576,6,62721611-be02-4151-883b-83d394161d97,None,None,3,1096,9,[],None,None
EXPLOIT_VULN,12086.790333736322,12092.709061394738,5.918727658416174,6,62721611-be02-4151-883b-83d394161d97,None,None,3,1097,9,[],None,None
EXPLOIT_VULN,12092.709061394738,12097.963598958137,5.254537563398117,6,62721611-be02-4151-883b-83d394161d97,None,None,3,1098,9,[],None,None
EXPLOIT_VULN,12097.963598958137,12107.021316582652,9.057717624515135,6,62721611-be02-4151-883b-83d394161d97,None,None,3,1099,9,[],None,None
EXPLOIT_VULN,12107.021316582652,12115.7392504319,8.717933849247856,6,62721611-be02-4151-883b-83d394161d97,None,None,3,1100,9,[],None,None
EXPLOIT_VULN,12115.7392504319,12133.478832337947,17.739581906047533,6,62721611-be02-4151-883b-83d394161d97,None,None,3,1101,9,[],None,None
EXPLOIT_VULN,12133.478832337947,12140.697744757095,7.218912419148182,6,62721611-be02-4151-883b-83d394161d97,None,None,3,1102,9,[],network,CompleteTopologyShuffle
SCAN_HOST,12161.340909558514,12166.340909558514,5.0,-1,-1,None,None,0,1102,9,[],None,None
ENUM_HOST,12166.340909558514,12171.340909558514,5.0,-1,-1,None,None,0,1102,9,[],None,None
SCAN_PORT,12171.340909558514,12196.340909558514,25.0,17,464c921a-4723-4171-a9ab-c807ce9b91c6,None,None,5,1102,9,[],None,None
EXPLOIT_VULN,12196.340909558514,12196.962960531217,0.6220509727027093,17,464c921a-4723-4171-a9ab-c807ce9b91c6,None,None,5,1102,9,[],None,None
EXPLOIT_VULN,12196.962960531217,12197.270538204759,0.30757767354225507,17,464c921a-4723-4171-a9ab-c807ce9b91c6,None,None,5,1103,9,[],None,None
EXPLOIT_VULN,12197.270538204759,12198.29615689023,1.0256186854712723,17,464c921a-4723-4171-a9ab-c807ce9b91c6,None,None,5,1104,9,[],None,None
EXPLOIT_VULN,12198.29615689023,12199.662240952115,1.366084061884976,17,464c921a-4723-4171-a9ab-c807ce9b91c6,None,None,5,1105,9,[],None,None
EXPLOIT_VULN,12199.662240952115,12201.582375128068,1.9201341759526258,17,464c921a-4723-4171-a9ab-c807ce9b91c6,None,None,5,1106,9,[],None,None
EXPLOIT_VULN,12201.582375128068,12205.857833956403,4.275458828335104,17,464c921a-4723-4171-a9ab-c807ce9b91c6,None,None,5,1107,9,[],None,None
EXPLOIT_VULN,12205.857833956403,12208.229898049482,2.372064093078734,17,464c921a-4723-4171-a9ab-c807ce9b91c6,None,None,5,1108,9,[],None,None
EXPLOIT_VULN,12208.229898049482,12211.603110544778,3.373212495296684,17,464c921a-4723-4171-a9ab-c807ce9b91c6,None,None,5,1109,9,[],None,None
EXPLOIT_VULN,12211.603110544778,12214.010000974375,2.4068904295963875,17,464c921a-4723-4171-a9ab-c807ce9b91c6,None,None,5,1110,9,[],None,None
EXPLOIT_VULN,12214.010000974375,12216.937158177736,2.9271572033612756,17,464c921a-4723-4171-a9ab-c807ce9b91c6,None,None,5,1111,9,[],None,None
EXPLOIT_VULN,12216.937158177736,12218.770918244047,1.8337600663107878,17,464c921a-4723-4171-a9ab-c807ce9b91c6,None,None,5,1112,9,[],None,None
EXPLOIT_VULN,12218.770918244047,12220.18843568386,1.4175174398133095,17,464c921a-4723-4171-a9ab-c807ce9b91c6,None,None,5,1113,9,[],None,None
EXPLOIT_VULN,12220.18843568386,12222.80897823261,2.620542548749654,17,464c921a-4723-4171-a9ab-c807ce9b91c6,None,None,5,1114,9,[],None,None
EXPLOIT_VULN,12222.80897823261,12224.795359228961,1.986380996351727,17,464c921a-4723-4171-a9ab-c807ce9b91c6,None,None,5,1115,9,[],None,None
EXPLOIT_VULN,12224.795359228961,12227.49758782638,2.7022285974180704,17,464c921a-4723-4171-a9ab-c807ce9b91c6,None,None,5,1116,9,[],None,None
EXPLOIT_VULN,12227.49758782638,12232.743305373953,5.245717547573804,17,464c921a-4723-4171-a9ab-c807ce9b91c6,None,None,5,1117,9,[],None,None
EXPLOIT_VULN,12232.743305373953,12236.011946161356,3.2686407874025463,17,464c921a-4723-4171-a9ab-c807ce9b91c6,None,None,5,1118,9,[],None,None
EXPLOIT_VULN,12236.011946161356,12237.18426546436,1.1723193030047696,17,464c921a-4723-4171-a9ab-c807ce9b91c6,None,None,5,1119,9,[],None,None
EXPLOIT_VULN,12237.18426546436,12239.93274069513,2.7484752307700546,17,464c921a-4723-4171-a9ab-c807ce9b91c6,None,None,5,1120,9,[],None,None
EXPLOIT_VULN,12239.93274069513,12253.132775729553,13.200035034422399,17,464c921a-4723-4171-a9ab-c807ce9b91c6,None,None,5,1121,9,[],None,None
EXPLOIT_VULN,12253.132775729553,12255.191270010117,2.0584942805635364,17,464c921a-4723-4171-a9ab-c807ce9b91c6,None,None,5,1122,9,[],None,None
EXPLOIT_VULN,12255.191270010117,12259.237842446772,4.046572436654969,17,464c921a-4723-4171-a9ab-c807ce9b91c6,None,None,5,1123,9,[],None,None
EXPLOIT_VULN,12259.237842446772,12263.688771610283,4.450929163511319,17,464c921a-4723-4171-a9ab-c807ce9b91c6,None,None,5,1124,9,[],None,None
EXPLOIT_VULN,12263.688771610283,12270.053398134442,6.364626524158666,17,464c921a-4723-4171-a9ab-c807ce9b91c6,None,None,5,1125,9,[],None,None
EXPLOIT_VULN,12270.053398134442,12283.721094609715,13.66769647527326,17,464c921a-4723-4171-a9ab-c807ce9b91c6,None,None,5,1126,9,[],None,None
EXPLOIT_VULN,12283.721094609715,12288.254548642315,4.533454032600275,17,464c921a-4723-4171-a9ab-c807ce9b91c6,None,None,5,1127,9,[],None,None
EXPLOIT_VULN,12288.254548642315,12303.728436818345,15.473888176029504,17,464c921a-4723-4171-a9ab-c807ce9b91c6,None,None,5,1128,9,[],application,ServiceDiversity
SCAN_PORT,12323.79671912209,12348.79671912209,25.0,17,464c921a-4723-4171-a9ab-c807ce9b91c6,None,None,5,1128,9,[],None,None
EXPLOIT_VULN,12348.79671912209,12349.594333661542,0.7976145394513878,17,464c921a-4723-4171-a9ab-c807ce9b91c6,None,None,5,1128,9,[],None,None
EXPLOIT_VULN,12349.594333661542,12350.719956595694,1.1256229341524886,17,464c921a-4723-4171-a9ab-c807ce9b91c6,None,None,5,1129,9,[],None,None
EXPLOIT_VULN,12350.719956595694,12351.573022564358,0.853065968663941,17,464c921a-4723-4171-a9ab-c807ce9b91c6,None,None,5,1130,9,[],None,None
EXPLOIT_VULN,12351.573022564358,12353.130143455648,1.5571208912897418,17,464c921a-4723-4171-a9ab-c807ce9b91c6,None,None,5,1131,9,[],None,None
EXPLOIT_VULN,12353.130143455648,12354.131940313277,1.0017968576285057,17,464c921a-4723-4171-a9ab-c807ce9b91c6,None,None,5,1132,9,[],None,None
EXPLOIT_VULN,12354.131940313277,12355.677047788266,1.5451074749889813,17,464c921a-4723-4171-a9ab-c807ce9b91c6,None,None,5,1133,9,[],None,None
EXPLOIT_VULN,12355.677047788266,12357.2351114292,1.5580636409340514,17,464c921a-4723-4171-a9ab-c807ce9b91c6,None,None,5,1134,9,[],None,None
EXPLOIT_VULN,12357.2351114292,12359.695315703937,2.460204274737407,17,464c921a-4723-4171-a9ab-c807ce9b91c6,None,None,5,1135,9,[],None,None
EXPLOIT_VULN,12359.695315703937,12363.33180381882,3.636488114883832,17,464c921a-4723-4171-a9ab-c807ce9b91c6,None,None,5,1136,9,[],None,None
EXPLOIT_VULN,12363.33180381882,12364.967523061969,1.6357192431478325,17,464c921a-4723-4171-a9ab-c807ce9b91c6,None,None,5,1137,9,[],None,None
EXPLOIT_VULN,12364.967523061969,12366.531960165355,1.5644371033868083,17,464c921a-4723-4171-a9ab-c807ce9b91c6,None,None,5,1138,9,[],None,None
EXPLOIT_VULN,12366.531960165355,12367.617836422496,1.085876257140626,17,464c921a-4723-4171-a9ab-c807ce9b91c6,None,None,5,1139,9,[],None,None
EXPLOIT_VULN,12367.617836422496,12370.65335870216,3.035522279664292,17,464c921a-4723-4171-a9ab-c807ce9b91c6,None,None,5,1140,9,[],None,None
EXPLOIT_VULN,12370.65335870216,12373.056305744545,2.402947042384767,17,464c921a-4723-4171-a9ab-c807ce9b91c6,None,None,5,1141,9,[],None,None
EXPLOIT_VULN,12373.056305744545,12374.00538214319,0.9490763986450474,17,464c921a-4723-4171-a9ab-c807ce9b91c6,None,None,5,1142,9,[],None,None
EXPLOIT_VULN,12374.00538214319,12377.28706809936,3.281685956169895,17,464c921a-4723-4171-a9ab-c807ce9b91c6,None,None,5,1143,9,[],None,None
EXPLOIT_VULN,12377.28706809936,12378.385950860007,1.0988827606470295,17,464c921a-4723-4171-a9ab-c807ce9b91c6,None,None,5,1144,9,[],None,None
EXPLOIT_VULN,12378.385950860007,12379.613059807285,1.227108947277884,17,464c921a-4723-4171-a9ab-c807ce9b91c6,None,None,5,1145,9,[],None,None
EXPLOIT_VULN,12379.613059807285,12385.465241809865,5.852182002579866,17,464c921a-4723-4171-a9ab-c807ce9b91c6,None,None,5,1146,9,[],None,None
EXPLOIT_VULN,12385.465241809865,12394.431232376515,8.965990566650362,17,464c921a-4723-4171-a9ab-c807ce9b91c6,None,None,5,1147,9,[],None,None
EXPLOIT_VULN,12394.431232376515,12404.355905292357,9.924672915842166,17,464c921a-4723-4171-a9ab-c807ce9b91c6,None,None,5,1148,9,[],None,None
EXPLOIT_VULN,12404.355905292357,12409.824901900272,5.46899660791496,17,464c921a-4723-4171-a9ab-c807ce9b91c6,None,None,5,1149,9,[],None,None
EXPLOIT_VULN,12409.824901900272,12414.05450405322,4.229602152947336,17,464c921a-4723-4171-a9ab-c807ce9b91c6,None,None,5,1150,9,[],None,None
EXPLOIT_VULN,12414.05450405322,12419.187070306913,5.132566253692858,17,464c921a-4723-4171-a9ab-c807ce9b91c6,None,None,5,1151,9,[],None,None
EXPLOIT_VULN,12419.187070306913,12421.743316458786,2.5562461518729833,17,464c921a-4723-4171-a9ab-c807ce9b91c6,None,None,5,1152,9,[],None,None
EXPLOIT_VULN,12421.743316458786,12431.733865718006,9.990549259220643,17,464c921a-4723-4171-a9ab-c807ce9b91c6,None,None,5,1153,9,[],None,None
EXPLOIT_VULN,12431.733865718006,12435.688954497718,3.9550887797122414,17,464c921a-4723-4171-a9ab-c807ce9b91c6,None,None,5,1154,9,[],None,None
EXPLOIT_VULN,12435.688954497718,12448.029573140182,12.340618642463596,17,464c921a-4723-4171-a9ab-c807ce9b91c6,None,None,5,1155,9,[],None,None
EXPLOIT_VULN,12448.029573140182,12462.120071661411,14.090498521229165,17,464c921a-4723-4171-a9ab-c807ce9b91c6,None,None,5,1156,9,[],None,None
EXPLOIT_VULN,12462.120071661411,12469.074673401215,6.954601739804275,17,464c921a-4723-4171-a9ab-c807ce9b91c6,None,None,5,1157,9,[],None,None
EXPLOIT_VULN,12469.074673401215,12476.299583962187,7.2249105609716935,17,464c921a-4723-4171-a9ab-c807ce9b91c6,None,None,5,1158,9,[],None,None
EXPLOIT_VULN,12476.299583962187,12480.54546827225,4.2458843100630475,17,464c921a-4723-4171-a9ab-c807ce9b91c6,None,None,5,1159,9,[],None,None
EXPLOIT_VULN,12480.54546827225,12487.427536033805,6.882067761554936,17,464c921a-4723-4171-a9ab-c807ce9b91c6,None,None,5,1160,9,[],None,None
EXPLOIT_VULN,12487.427536033805,12493.066707444492,5.639171410686686,17,464c921a-4723-4171-a9ab-c807ce9b91c6,None,None,5,1161,9,[],None,None
EXPLOIT_VULN,12493.066707444492,12501.16773875111,8.101031306618097,17,464c921a-4723-4171-a9ab-c807ce9b91c6,None,None,5,1162,9,[],None,None
EXPLOIT_VULN,12501.16773875111,12506.41161123221,5.24387248109997,17,464c921a-4723-4171-a9ab-c807ce9b91c6,None,None,5,1163,9,[],None,None
EXPLOIT_VULN,12506.41161123221,12515.27939491187,8.867783679659624,17,464c921a-4723-4171-a9ab-c807ce9b91c6,None,None,5,1164,9,[],None,None
EXPLOIT_VULN,12515.27939491187,12523.642888837529,8.363493925658986,17,464c921a-4723-4171-a9ab-c807ce9b91c6,17,464c921a-4723-4171-a9ab-c807ce9b91c6,5,1165,9,['Deina'],None,None
SCAN_NEIGHBOR,12523.642888837529,12528.642888837529,5.0,17,464c921a-4723-4171-a9ab-c807ce9b91c6,None,None,5,1166,10,[],None,None
ENUM_HOST,12528.642888837529,12532.225415858053,3.5825270205241395,17,464c921a-4723-4171-a9ab-c807ce9b91c6,None,None,5,1166,10,[],network,IPShuffle
SCAN_HOST,12553.509742603756,12558.509742603756,5.0,-1,-1,None,None,0,1166,10,[],None,None
ENUM_HOST,12558.509742603756,12563.509742603756,5.0,-1,-1,None,None,0,1166,10,[],None,None
SCAN_PORT,12563.509742603756,12588.509742603756,25.0,5,a47f754e-28a2-442b-ac11-33ff7dc1ad7f,None,None,4,1166,10,[],None,None
EXPLOIT_VULN,12588.509742603756,12590.171703242213,1.6619606384574581,5,a47f754e-28a2-442b-ac11-33ff7dc1ad7f,None,None,4,1166,10,[],None,None
EXPLOIT_VULN,12590.171703242213,12591.301855306803,1.13015206459022,5,a47f754e-28a2-442b-ac11-33ff7dc1ad7f,None,None,4,1167,10,[],None,None
EXPLOIT_VULN,12591.301855306803,12595.00473627127,3.702880964467113,5,a47f754e-28a2-442b-ac11-33ff7dc1ad7f,None,None,4,1168,10,[],None,None
EXPLOIT_VULN,12595.00473627127,12600.007784845453,5.003048574182685,5,a47f754e-28a2-442b-ac11-33ff7dc1ad7f,None,None,4,1169,10,[],None,None
EXPLOIT_VULN,12600.007784845453,12603.94402083716,3.9362359917067806,5,a47f754e-28a2-442b-ac11-33ff7dc1ad7f,None,None,4,1170,10,[],None,None
EXPLOIT_VULN,12603.94402083716,12607.600577253066,3.6565564159063797,5,a47f754e-28a2-442b-ac11-33ff7dc1ad7f,None,None,4,1171,10,[],None,None
EXPLOIT_VULN,12607.600577253066,12612.441041809205,4.840464556138613,5,a47f754e-28a2-442b-ac11-33ff7dc1ad7f,None,None,4,1172,10,[],None,None
EXPLOIT_VULN,12612.441041809205,12616.589666795968,4.148624986763025,5,a47f754e-28a2-442b-ac11-33ff7dc1ad7f,None,None,4,1173,10,[],None,None
EXPLOIT_VULN,12616.589666795968,12620.309209854073,3.719543058105046,5,a47f754e-28a2-442b-ac11-33ff7dc1ad7f,None,None,4,1174,10,[],None,None
EXPLOIT_VULN,12620.309209854073,12621.727769139707,1.418559285633819,5,a47f754e-28a2-442b-ac11-33ff7dc1ad7f,None,None,4,1175,10,[],None,None
EXPLOIT_VULN,12621.727769139707,12628.072863225587,6.345094085880191,5,a47f754e-28a2-442b-ac11-33ff7dc1ad7f,None,None,4,1176,10,[],None,None
EXPLOIT_VULN,12628.072863225587,12631.156334836034,3.0834716104473046,5,a47f754e-28a2-442b-ac11-33ff7dc1ad7f,None,None,4,1177,10,[],None,None
EXPLOIT_VULN,12631.156334836034,12636.922924486687,5.766589650653259,5,a47f754e-28a2-442b-ac11-33ff7dc1ad7f,None,None,4,1178,10,[],None,None
EXPLOIT_VULN,12636.922924486687,12643.180119218514,6.25719473182653,5,a47f754e-28a2-442b-ac11-33ff7dc1ad7f,None,None,4,1179,10,[],None,None
EXPLOIT_VULN,12643.180119218514,12649.113910878652,5.933791660138013,5,a47f754e-28a2-442b-ac11-33ff7dc1ad7f,None,None,4,1180,10,[],None,None
EXPLOIT_VULN,12649.113910878652,12658.35574183781,9.241830959157596,5,a47f754e-28a2-442b-ac11-33ff7dc1ad7f,None,None,4,1181,10,[],None,None
EXPLOIT_VULN,12658.35574183781,12665.463920275772,7.108178437962124,5,a47f754e-28a2-442b-ac11-33ff7dc1ad7f,None,None,4,1182,10,[],None,None
EXPLOIT_VULN,12665.463920275772,12669.20293353004,3.7390132542677748,5,a47f754e-28a2-442b-ac11-33ff7dc1ad7f,None,None,4,1183,10,[],None,None
EXPLOIT_VULN,12669.20293353004,12672.327645978115,3.124712448076025,5,a47f754e-28a2-442b-ac11-33ff7dc1ad7f,None,None,4,1184,10,[],None,None
EXPLOIT_VULN,12672.327645978115,12681.024650353655,8.697004375539109,5,a47f754e-28a2-442b-ac11-33ff7dc1ad7f,None,None,4,1185,10,[],None,None
BRUTE_FORCE,12681.024650353655,12701.024650353655,20.0,5,a47f754e-28a2-442b-ac11-33ff7dc1ad7f,None,None,4,1186,10,[],None,None
ENUM_HOST,12701.024650353655,12706.024650353655,5.0,5,a47f754e-28a2-442b-ac11-33ff7dc1ad7f,None,None,4,1186,10,[],None,None
SCAN_PORT,12706.024650353655,12731.024650353655,25.0,20,00a645e3-8243-4b4a-95ac-b3b9b3997402,None,None,2,1186,10,[],None,None
EXPLOIT_VULN,12731.024650353655,12733.192364176482,2.1677138228278636,20,00a645e3-8243-4b4a-95ac-b3b9b3997402,None,None,2,1186,10,[],None,None
EXPLOIT_VULN,12733.192364176482,12747.475539825307,14.283175648824908,20,00a645e3-8243-4b4a-95ac-b3b9b3997402,None,None,2,1187,10,[],None,None
EXPLOIT_VULN,12747.475539825307,12754.567918970315,7.092379145007726,20,00a645e3-8243-4b4a-95ac-b3b9b3997402,None,None,2,1188,10,[],None,None
EXPLOIT_VULN,12754.567918970315,12761.541484655998,6.973565685682843,20,00a645e3-8243-4b4a-95ac-b3b9b3997402,None,None,2,1189,10,[],None,None
EXPLOIT_VULN,12761.541484655998,12768.904085430788,7.362600774789826,20,00a645e3-8243-4b4a-95ac-b3b9b3997402,None,None,2,1190,10,[],None,None
EXPLOIT_VULN,12768.904085430788,12775.55833197006,6.654246539272208,20,00a645e3-8243-4b4a-95ac-b3b9b3997402,None,None,2,1191,10,[],None,None
BRUTE_FORCE,12775.55833197006,12795.55833197006,20.0,20,00a645e3-8243-4b4a-95ac-b3b9b3997402,None,None,2,1192,10,[],None,None
ENUM_HOST,12795.55833197006,12800.55833197006,5.0,20,00a645e3-8243-4b4a-95ac-b3b9b3997402,None,None,2,1192,10,[],None,None
SCAN_PORT,12800.55833197006,12825.55833197006,25.0,37,9d82a2b5-510a-43e0-b996-68b5204a464c,None,None,2,1192,10,[],None,None
EXPLOIT_VULN,12825.55833197006,12825.898899187334,0.3405672172739287,37,9d82a2b5-510a-43e0-b996-68b5204a464c,None,None,2,1192,10,[],None,None
EXPLOIT_VULN,12825.898899187334,12845.77401796998,19.875118782645586,37,9d82a2b5-510a-43e0-b996-68b5204a464c,None,None,2,1193,10,[],None,None
EXPLOIT_VULN,12845.77401796998,12854.084285085997,8.310267116017712,37,9d82a2b5-510a-43e0-b996-68b5204a464c,None,None,2,1194,10,[],None,None
EXPLOIT_VULN,12854.084285085997,12860.90752410909,6.823239023093265,37,9d82a2b5-510a-43e0-b996-68b5204a464c,None,None,2,1195,10,[],None,None
BRUTE_FORCE,12860.90752410909,12880.90752410909,20.0,37,9d82a2b5-510a-43e0-b996-68b5204a464c,None,None,2,1196,10,[],None,None
ENUM_HOST,12880.90752410909,12885.90752410909,5.0,37,9d82a2b5-510a-43e0-b996-68b5204a464c,None,None,2,1196,10,[],None,None
SCAN_PORT,12885.90752410909,12902.422456106977,16.51493199788638,19,eea481d8-8c5c-4850-a73c-b4bde9c39251,None,None,1,1196,10,[],application,ServiceDiversity
SCAN_PORT,12922.54286913225,12947.54286913225,25.0,19,eea481d8-8c5c-4850-a73c-b4bde9c39251,None,None,1,1196,10,[],None,None
EXPLOIT_VULN,12947.54286913225,12950.129511625933,2.58664249368303,19,eea481d8-8c5c-4850-a73c-b4bde9c39251,None,None,1,1196,10,[],None,None
EXPLOIT_VULN,12950.129511625933,12956.78467143326,6.655159807327436,19,eea481d8-8c5c-4850-a73c-b4bde9c39251,None,None,1,1197,10,[],None,None
EXPLOIT_VULN,12956.78467143326,12957.192279151132,0.40760771787063277,19,eea481d8-8c5c-4850-a73c-b4bde9c39251,None,None,1,1198,10,[],None,None
EXPLOIT_VULN,12957.192279151132,12961.315072938749,4.122793787617411,19,eea481d8-8c5c-4850-a73c-b4bde9c39251,None,None,1,1199,10,[],None,None
EXPLOIT_VULN,12961.315072938749,12966.272747281535,4.957674342786049,19,eea481d8-8c5c-4850-a73c-b4bde9c39251,None,None,1,1200,10,[],None,None
EXPLOIT_VULN,12966.272747281535,12971.40098572951,5.1282384479745815,19,eea481d8-8c5c-4850-a73c-b4bde9c39251,None,None,1,1201,10,[],None,None
EXPLOIT_VULN,12971.40098572951,12976.130320296048,4.729334566538455,19,eea481d8-8c5c-4850-a73c-b4bde9c39251,None,None,1,1202,10,[],None,None
EXPLOIT_VULN,12976.130320296048,12983.95071520341,7.820394907361333,19,eea481d8-8c5c-4850-a73c-b4bde9c39251,None,None,1,1203,10,[],None,None
EXPLOIT_VULN,12983.95071520341,12989.374602704045,5.4238875006358285,19,eea481d8-8c5c-4850-a73c-b4bde9c39251,None,None,1,1204,10,[],None,None
EXPLOIT_VULN,12989.374602704045,12998.663195736352,9.28859303230638,19,eea481d8-8c5c-4850-a73c-b4bde9c39251,None,None,1,1205,10,[],None,None
EXPLOIT_VULN,12998.663195736352,13004.730791347452,6.067595611100842,19,eea481d8-8c5c-4850-a73c-b4bde9c39251,None,None,1,1206,10,[],None,None
EXPLOIT_VULN,13004.730791347452,13014.978944902636,10.248153555183308,19,eea481d8-8c5c-4850-a73c-b4bde9c39251,None,None,1,1207,10,[],None,None
EXPLOIT_VULN,13014.978944902636,13035.909049958394,20.93010505575876,19,eea481d8-8c5c-4850-a73c-b4bde9c39251,None,None,1,1208,10,[],None,None
EXPLOIT_VULN,13035.909049958394,13056.363782986828,20.45473302843311,19,eea481d8-8c5c-4850-a73c-b4bde9c39251,None,None,1,1209,10,[],None,None
EXPLOIT_VULN,13056.363782986828,13065.616701499059,9.25291851223119,19,eea481d8-8c5c-4850-a73c-b4bde9c39251,None,None,1,1210,10,[],None,None
BRUTE_FORCE,13065.616701499059,13085.616701499059,20.0,19,eea481d8-8c5c-4850-a73c-b4bde9c39251,None,None,1,1211,10,[],None,None
ENUM_HOST,13085.616701499059,13090.616701499059,5.0,19,eea481d8-8c5c-4850-a73c-b4bde9c39251,None,None,1,1211,10,[],None,None
SCAN_PORT,13090.616701499059,13102.911149090596,12.294447591537391,24,e9bc77a2-2b34-4047-bde3-7181cf9dfd37,None,None,2,1211,10,[],application,ServiceDiversity
SCAN_PORT,13123.577785465583,13148.577785465583,25.0,24,e9bc77a2-2b34-4047-bde3-7181cf9dfd37,None,None,2,1211,10,[],None,None
EXPLOIT_VULN,13148.577785465583,13149.24543097357,0.6676455079868902,24,e9bc77a2-2b34-4047-bde3-7181cf9dfd37,None,None,2,1211,10,[],None,None
EXPLOIT_VULN,13149.24543097357,13149.689707818092,0.4442768445223919,24,e9bc77a2-2b34-4047-bde3-7181cf9dfd37,None,None,2,1212,10,[],None,None
EXPLOIT_VULN,13149.689707818092,13151.266793996285,1.5770861781929852,24,e9bc77a2-2b34-4047-bde3-7181cf9dfd37,None,None,2,1213,10,[],None,None
EXPLOIT_VULN,13151.266793996285,13152.777247206088,1.5104532098030177,24,e9bc77a2-2b34-4047-bde3-7181cf9dfd37,None,None,2,1214,10,[],None,None
EXPLOIT_VULN,13152.777247206088,13154.552304001827,1.7750567957391468,24,e9bc77a2-2b34-4047-bde3-7181cf9dfd37,None,None,2,1215,10,[],None,None
EXPLOIT_VULN,13154.552304001827,13156.066619742274,1.5143157404472731,24,e9bc77a2-2b34-4047-bde3-7181cf9dfd37,None,None,2,1216,10,[],None,None
EXPLOIT_VULN,13156.066619742274,13159.588641428169,3.5220216858942877,24,e9bc77a2-2b34-4047-bde3-7181cf9dfd37,None,None,2,1217,10,[],None,None
EXPLOIT_VULN,13159.588641428169,13163.782553167077,4.193911738908355,24,e9bc77a2-2b34-4047-bde3-7181cf9dfd37,None,None,2,1218,10,[],None,None
EXPLOIT_VULN,13163.782553167077,13168.29699476557,4.51444159849234,24,e9bc77a2-2b34-4047-bde3-7181cf9dfd37,None,None,2,1219,10,[],None,None
EXPLOIT_VULN,13168.29699476557,13170.484344029153,2.1873492635841103,24,e9bc77a2-2b34-4047-bde3-7181cf9dfd37,None,None,2,1220,10,[],None,None
EXPLOIT_VULN,13170.484344029153,13173.698136449668,3.2137924205144373,24,e9bc77a2-2b34-4047-bde3-7181cf9dfd37,None,None,2,1221,10,[],None,None
EXPLOIT_VULN,13173.698136449668,13176.82461420216,3.1264777524920646,24,e9bc77a2-2b34-4047-bde3-7181cf9dfd37,None,None,2,1222,10,[],None,None
EXPLOIT_VULN,13176.82461420216,13182.30844476869,5.483830566530742,24,e9bc77a2-2b34-4047-bde3-7181cf9dfd37,None,None,2,1223,10,[],None,None
EXPLOIT_VULN,13182.30844476869,13187.581944740461,5.273499971770434,24,e9bc77a2-2b34-4047-bde3-7181cf9dfd37,None,None,2,1224,10,[],None,None
EXPLOIT_VULN,13187.581944740461,13193.449184650659,5.867239910197895,24,e9bc77a2-2b34-4047-bde3-7181cf9dfd37,None,None,2,1225,10,[],None,None
EXPLOIT_VULN,13193.449184650659,13195.947359367958,2.4981747172987525,24,e9bc77a2-2b34-4047-bde3-7181cf9dfd37,None,None,2,1226,10,[],None,None
EXPLOIT_VULN,13195.947359367958,13198.43516980372,2.4878104357630946,24,e9bc77a2-2b34-4047-bde3-7181cf9dfd37,None,None,2,1227,10,[],None,None
EXPLOIT_VULN,13198.43516980372,13212.748358901357,14.313189097636496,24,e9bc77a2-2b34-4047-bde3-7181cf9dfd37,None,None,2,1228,10,[],None,None
EXPLOIT_VULN,13212.748358901357,13221.218355230096,8.469996328738489,24,e9bc77a2-2b34-4047-bde3-7181cf9dfd37,None,None,2,1229,10,[],None,None
EXPLOIT_VULN,13221.218355230096,13227.854016577325,6.635661347228961,24,e9bc77a2-2b34-4047-bde3-7181cf9dfd37,None,None,2,1230,10,[],None,None
EXPLOIT_VULN,13227.854016577325,13248.305138369597,20.451121792271806,24,e9bc77a2-2b34-4047-bde3-7181cf9dfd37,None,None,2,1231,10,[],None,None
EXPLOIT_VULN,13248.305138369597,13256.770268520773,8.465130151176709,24,e9bc77a2-2b34-4047-bde3-7181cf9dfd37,None,None,2,1232,10,[],None,None
EXPLOIT_VULN,13256.770268520773,13264.780273900065,8.010005379292124,24,e9bc77a2-2b34-4047-bde3-7181cf9dfd37,None,None,2,1233,10,[],None,None
EXPLOIT_VULN,13264.780273900065,13271.765447059928,6.985173159862825,24,e9bc77a2-2b34-4047-bde3-7181cf9dfd37,None,None,2,1234,10,[],None,None
EXPLOIT_VULN,13271.765447059928,13278.017031169253,6.25158410932454,24,e9bc77a2-2b34-4047-bde3-7181cf9dfd37,None,None,2,1235,10,[],None,None
EXPLOIT_VULN,13278.017031169253,13285.096066152204,7.079034982951271,24,e9bc77a2-2b34-4047-bde3-7181cf9dfd37,None,None,2,1236,10,[],None,None
EXPLOIT_VULN,13285.096066152204,13294.814273251886,9.718207099682331,24,e9bc77a2-2b34-4047-bde3-7181cf9dfd37,None,None,2,1237,10,[],None,None
BRUTE_FORCE,13294.814273251886,13314.814273251886,20.0,24,e9bc77a2-2b34-4047-bde3-7181cf9dfd37,None,None,2,1238,10,[],None,None
ENUM_HOST,13314.814273251886,13319.814273251886,5.0,24,e9bc77a2-2b34-4047-bde3-7181cf9dfd37,None,None,2,1238,10,[],None,None
SCAN_PORT,13319.814273251886,13332.795957619914,12.981684368027345,21,9a4e2b3a-b3b0-4046-8409-c616777e42f8,None,None,4,1238,10,[],network,IPShuffle
SCAN_HOST,13353.437829164011,13358.437829164011,5.0,-1,-1,None,None,0,1238,10,[],None,None
ENUM_HOST,13358.437829164011,13363.437829164011,5.0,-1,-1,None,None,0,1238,10,[],None,None
SCAN_PORT,13363.437829164011,13388.437829164011,25.0,20,00a645e3-8243-4b4a-95ac-b3b9b3997402,None,None,3,1238,10,[],None,None
EXPLOIT_VULN,13388.437829164011,13388.898657567133,0.46082840312192275,20,00a645e3-8243-4b4a-95ac-b3b9b3997402,None,None,3,1238,10,[],None,None
EXPLOIT_VULN,13388.898657567133,13392.66484746349,3.7661898963560816,20,00a645e3-8243-4b4a-95ac-b3b9b3997402,None,None,3,1239,10,[],None,None
EXPLOIT_VULN,13392.66484746349,13395.944095261604,3.2792477981147385,20,00a645e3-8243-4b4a-95ac-b3b9b3997402,None,None,3,1240,10,[],None,None
EXPLOIT_VULN,13395.944095261604,13398.724944048525,2.7808487869206147,20,00a645e3-8243-4b4a-95ac-b3b9b3997402,None,None,3,1241,10,[],None,None
EXPLOIT_VULN,13398.724944048525,13408.520547577604,9.795603529079017,20,00a645e3-8243-4b4a-95ac-b3b9b3997402,None,None,3,1242,10,[],None,None
EXPLOIT_VULN,13408.520547577604,13424.30535018342,15.784802605816367,20,00a645e3-8243-4b4a-95ac-b3b9b3997402,None,None,3,1243,10,[],None,None
EXPLOIT_VULN,13424.30535018342,13433.809204272877,9.503854089456581,20,00a645e3-8243-4b4a-95ac-b3b9b3997402,None,None,3,1244,10,[],None,None
EXPLOIT_VULN,13433.809204272877,13443.612742867968,9.803538595091595,20,00a645e3-8243-4b4a-95ac-b3b9b3997402,None,None,3,1245,10,[],None,None
EXPLOIT_VULN,13443.612742867968,13462.13446165379,18.521718785821577,20,00a645e3-8243-4b4a-95ac-b3b9b3997402,20,00a645e3-8243-4b4a-95ac-b3b9b3997402,3,1246,10,[],None,None
SCAN_NEIGHBOR,13462.13446165379,13467.13446165379,5.0,20,00a645e3-8243-4b4a-95ac-b3b9b3997402,None,None,3,1247,11,[],None,None
ENUM_HOST,13467.13446165379,13472.13446165379,5.0,20,00a645e3-8243-4b4a-95ac-b3b9b3997402,None,None,3,1247,11,[],None,None
ENUM_HOST,13472.13446165379,13477.13446165379,5.0,17,464c921a-4723-4171-a9ab-c807ce9b91c6,None,None,6,1247,11,[],None,None
SCAN_PORT,13477.13446165379,13502.13446165379,25.0,24,e9bc77a2-2b34-4047-bde3-7181cf9dfd37,None,None,3,1247,11,[],None,None
EXPLOIT_VULN,13502.13446165379,13504.110349375165,1.9758877213753294,24,e9bc77a2-2b34-4047-bde3-7181cf9dfd37,None,None,3,1247,11,[],application,ServiceDiversity
SCAN_PORT,13524.561846329281,13549.561846329281,25.0,24,e9bc77a2-2b34-4047-bde3-7181cf9dfd37,None,None,3,1247,11,[],None,None
EXPLOIT_VULN,13549.561846329281,13551.089419556281,1.5275732270001754,24,e9bc77a2-2b34-4047-bde3-7181cf9dfd37,None,None,3,1247,11,[],None,None
EXPLOIT_VULN,13551.089419556281,13555.112679315122,4.02325975884014,24,e9bc77a2-2b34-4047-bde3-7181cf9dfd37,None,None,3,1248,11,[],None,None
EXPLOIT_VULN,13555.112679315122,13556.352561253323,1.2398819382015063,24,e9bc77a2-2b34-4047-bde3-7181cf9dfd37,None,None,3,1249,11,[],None,None
EXPLOIT_VULN,13556.352561253323,13557.956746373315,1.6041851199915982,24,e9bc77a2-2b34-4047-bde3-7181cf9dfd37,None,None,3,1250,11,[],None,None
EXPLOIT_VULN,13557.956746373315,13560.243132729083,2.2863863557686273,24,e9bc77a2-2b34-4047-bde3-7181cf9dfd37,None,None,3,1251,11,[],None,None
EXPLOIT_VULN,13560.243132729083,13563.035448859537,2.7923161304534005,24,e9bc77a2-2b34-4047-bde3-7181cf9dfd37,None,None,3,1252,11,[],None,None
EXPLOIT_VULN,13563.035448859537,13566.864210911466,3.828762051929516,24,e9bc77a2-2b34-4047-bde3-7181cf9dfd37,None,None,3,1253,11,[],None,None
EXPLOIT_VULN,13566.864210911466,13570.49980838609,3.6355974746238644,24,e9bc77a2-2b34-4047-bde3-7181cf9dfd37,None,None,3,1254,11,[],None,None
EXPLOIT_VULN,13570.49980838609,13574.615477375602,4.1156689895124146,24,e9bc77a2-2b34-4047-bde3-7181cf9dfd37,None,None,3,1255,11,[],None,None
EXPLOIT_VULN,13574.615477375602,13578.236591160421,3.62111378481859,24,e9bc77a2-2b34-4047-bde3-7181cf9dfd37,None,None,3,1256,11,[],None,None
EXPLOIT_VULN,13578.236591160421,13588.670514079766,10.433922919344695,24,e9bc77a2-2b34-4047-bde3-7181cf9dfd37,None,None,3,1257,11,[],None,None
EXPLOIT_VULN,13588.670514079766,13591.676461889012,3.0059478092462086,24,e9bc77a2-2b34-4047-bde3-7181cf9dfd37,None,None,3,1258,11,[],None,None
EXPLOIT_VULN,13591.676461889012,13601.664264423085,9.987802534073126,24,e9bc77a2-2b34-4047-bde3-7181cf9dfd37,None,None,3,1259,11,[],None,None
EXPLOIT_VULN,13601.664264423085,13606.528058745402,4.863794322316608,24,e9bc77a2-2b34-4047-bde3-7181cf9dfd37,None,None,3,1260,11,[],None,None
EXPLOIT_VULN,13606.528058745402,13611.452053518686,4.923994773283994,24,e9bc77a2-2b34-4047-bde3-7181cf9dfd37,None,None,3,1261,11,[],None,None
EXPLOIT_VULN,13611.452053518686,13616.478804885257,5.026751366571261,24,e9bc77a2-2b34-4047-bde3-7181cf9dfd37,None,None,3,1262,11,[],None,None
EXPLOIT_VULN,13616.478804885257,13619.141534340117,2.6627294548598,24,e9bc77a2-2b34-4047-bde3-7181cf9dfd37,None,None,3,1263,11,[],None,None
EXPLOIT_VULN,13619.141534340117,13621.992184052518,2.8506497124017187,24,e9bc77a2-2b34-4047-bde3-7181cf9dfd37,None,None,3,1264,11,[],None,None
EXPLOIT_VULN,13621.992184052518,13627.514294989698,5.522110937179605,24,e9bc77a2-2b34-4047-bde3-7181cf9dfd37,None,None,3,1265,11,[],None,None
EXPLOIT_VULN,13627.514294989698,13634.77404780462,7.25975281492174,24,e9bc77a2-2b34-4047-bde3-7181cf9dfd37,None,None,3,1266,11,[],None,None
EXPLOIT_VULN,13634.77404780462,13641.65387801368,6.879830209059946,24,e9bc77a2-2b34-4047-bde3-7181cf9dfd37,None,None,3,1267,11,[],None,None
EXPLOIT_VULN,13641.65387801368,13653.045194668939,11.391316655259288,24,e9bc77a2-2b34-4047-bde3-7181cf9dfd37,None,None,3,1268,11,[],None,None
EXPLOIT_VULN,13653.045194668939,13674.080324302515,21.035129633575707,24,e9bc77a2-2b34-4047-bde3-7181cf9dfd37,None,None,3,1269,11,[],None,None
EXPLOIT_VULN,13674.080324302515,13691.206454904968,17.126130602453486,24,e9bc77a2-2b34-4047-bde3-7181cf9dfd37,None,None,3,1270,11,[],None,None
EXPLOIT_VULN,13691.206454904968,13692.82287835681,1.6164234518419107,24,e9bc77a2-2b34-4047-bde3-7181cf9dfd37,None,None,3,1271,11,[],None,None
EXPLOIT_VULN,13692.82287835681,13700.819266411818,7.996388055007628,24,e9bc77a2-2b34-4047-bde3-7181cf9dfd37,None,None,3,1272,11,[],None,None
EXPLOIT_VULN,13700.819266411818,13710.153131181278,9.333864769459979,24,e9bc77a2-2b34-4047-bde3-7181cf9dfd37,None,None,3,1273,11,[],None,None
EXPLOIT_VULN,13710.153131181278,13729.822997681027,19.669866499749332,24,e9bc77a2-2b34-4047-bde3-7181cf9dfd37,None,None,3,1274,11,[],None,None
EXPLOIT_VULN,13729.822997681027,13735.68474443712,5.861746756092543,24,e9bc77a2-2b34-4047-bde3-7181cf9dfd37,None,None,3,1275,11,[],network,IPShuffle
SCAN_HOST,13756.57706509379,13761.57706509379,5.0,-1,-1,None,None,0,1275,11,[],None,None
ENUM_HOST,13761.57706509379,13766.57706509379,5.0,-1,-1,None,None,0,1275,11,[],None,None
SCAN_PORT,13766.57706509379,13791.57706509379,25.0,5,a47f754e-28a2-442b-ac11-33ff7dc1ad7f,None,None,5,1275,11,[],None,None
EXPLOIT_VULN,13791.57706509379,13792.430272633472,0.8532075396815344,5,a47f754e-28a2-442b-ac11-33ff7dc1ad7f,None,None,5,1275,11,[],None,None
EXPLOIT_VULN,13792.430272633472,13793.455616212153,1.0253435786817136,5,a47f754e-28a2-442b-ac11-33ff7dc1ad7f,None,None,5,1276,11,[],None,None
EXPLOIT_VULN,13793.455616212153,13794.883932844918,1.4283166327641084,5,a47f754e-28a2-442b-ac11-33ff7dc1ad7f,None,None,5,1277,11,[],None,None
EXPLOIT_VULN,13794.883932844918,13798.75153113856,3.867598293642004,5,a47f754e-28a2-442b-ac11-33ff7dc1ad7f,None,None,5,1278,11,[],None,None
EXPLOIT_VULN,13798.75153113856,13801.423378397796,2.6718472592365288,5,a47f754e-28a2-442b-ac11-33ff7dc1ad7f,None,None,5,1279,11,[],None,None
EXPLOIT_VULN,13801.423378397796,13804.870311769502,3.446933371706109,5,a47f754e-28a2-442b-ac11-33ff7dc1ad7f,None,None,5,1280,11,[],None,None
EXPLOIT_VULN,13804.870311769502,13806.054505112683,1.1841933431805955,5,a47f754e-28a2-442b-ac11-33ff7dc1ad7f,None,None,5,1281,11,[],None,None
EXPLOIT_VULN,13806.054505112683,13815.532795714984,9.478290602301058,5,a47f754e-28a2-442b-ac11-33ff7dc1ad7f,None,None,5,1282,11,[],None,None
EXPLOIT_VULN,13815.532795714984,13827.042827250423,11.510031535439339,5,a47f754e-28a2-442b-ac11-33ff7dc1ad7f,None,None,5,1283,11,[],None,None
EXPLOIT_VULN,13827.042827250423,13828.24014270908,1.197315458657613,5,a47f754e-28a2-442b-ac11-33ff7dc1ad7f,None,None,5,1284,11,[],None,None
EXPLOIT_VULN,13828.24014270908,13831.49441306089,3.2542703518083727,5,a47f754e-28a2-442b-ac11-33ff7dc1ad7f,None,None,5,1285,11,[],None,None
EXPLOIT_VULN,13831.49441306089,13836.59190209814,5.097489037250853,5,a47f754e-28a2-442b-ac11-33ff7dc1ad7f,None,None,5,1286,11,[],None,None
EXPLOIT_VULN,13836.59190209814,13840.745690502588,4.153788404448278,5,a47f754e-28a2-442b-ac11-33ff7dc1ad7f,None,None,5,1287,11,[],None,None
EXPLOIT_VULN,13840.745690502588,13841.833059174796,1.0873686722079583,5,a47f754e-28a2-442b-ac11-33ff7dc1ad7f,None,None,5,1288,11,[],None,None
EXPLOIT_VULN,13841.833059174796,13852.947376142587,11.114316967790728,5,a47f754e-28a2-442b-ac11-33ff7dc1ad7f,None,None,5,1289,11,[],None,None
EXPLOIT_VULN,13852.947376142587,13859.694015627138,6.746639484550542,5,a47f754e-28a2-442b-ac11-33ff7dc1ad7f,None,None,5,1290,11,[],None,None
EXPLOIT_VULN,13859.694015627138,13870.968026604853,11.27401097771508,5,a47f754e-28a2-442b-ac11-33ff7dc1ad7f,None,None,5,1291,11,[],None,None
EXPLOIT_VULN,13870.968026604853,13888.225097132841,17.257070527988617,5,a47f754e-28a2-442b-ac11-33ff7dc1ad7f,None,None,5,1292,11,[],None,None
BRUTE_FORCE,13888.225097132841,13907.348728538407,19.123631405565902,5,a47f754e-28a2-442b-ac11-33ff7dc1ad7f,None,None,5,1293,11,[],application,ServiceDiversity
SCAN_PORT,13927.50905225041,13952.50905225041,25.0,5,a47f754e-28a2-442b-ac11-33ff7dc1ad7f,None,None,5,1293,11,[],None,None
EXPLOIT_VULN,13952.50905225041,13952.589129642292,0.08007739188178675,5,a47f754e-28a2-442b-ac11-33ff7dc1ad7f,None,None,5,1293,11,[],None,None
EXPLOIT_VULN,13952.589129642292,13952.775996857416,0.18686721512312943,5,a47f754e-28a2-442b-ac11-33ff7dc1ad7f,None,None,5,1294,11,[],None,None
EXPLOIT_VULN,13952.775996857416,13958.43275912327,5.656762265854923,5,a47f754e-28a2-442b-ac11-33ff7dc1ad7f,None,None,5,1295,11,[],None,None
EXPLOIT_VULN,13958.43275912327,13965.910904957256,7.478145833985764,5,a47f754e-28a2-442b-ac11-33ff7dc1ad7f,None,None,5,1296,11,[],None,None
EXPLOIT_VULN,13965.910904957256,13974.885481687716,8.974576730459376,5,a47f754e-28a2-442b-ac11-33ff7dc1ad7f,None,None,5,1297,11,[],None,None
EXPLOIT_VULN,13974.885481687716,13977.026728100509,2.141246412793407,5,a47f754e-28a2-442b-ac11-33ff7dc1ad7f,None,None,5,1298,11,[],None,None
EXPLOIT_VULN,13977.026728100509,13979.512498756754,2.485770656245222,5,a47f754e-28a2-442b-ac11-33ff7dc1ad7f,None,None,5,1299,11,[],None,None
EXPLOIT_VULN,13979.512498756754,13984.612327519622,5.099828762868128,5,a47f754e-28a2-442b-ac11-33ff7dc1ad7f,None,None,5,1300,11,[],None,None
EXPLOIT_VULN,13984.612327519622,13992.02929431691,7.416966797287387,5,a47f754e-28a2-442b-ac11-33ff7dc1ad7f,None,None,5,1301,11,[],None,None
EXPLOIT_VULN,13992.02929431691,13996.880822272062,4.851527955152051,5,a47f754e-28a2-442b-ac11-33ff7dc1ad7f,None,None,5,1302,11,[],None,None
EXPLOIT_VULN,13996.880822272062,14002.531508433294,5.650686161232443,5,a47f754e-28a2-442b-ac11-33ff7dc1ad7f,None,None,5,1303,11,[],None,None
EXPLOIT_VULN,14002.531508433294,14012.228227807733,9.696719374438544,5,a47f754e-28a2-442b-ac11-33ff7dc1ad7f,None,None,5,1304,11,[],None,None
EXPLOIT_VULN,14012.228227807733,14028.720073314178,16.491845506445316,5,a47f754e-28a2-442b-ac11-33ff7dc1ad7f,None,None,5,1305,11,[],None,None
EXPLOIT_VULN,14028.720073314178,14031.531787809019,2.8117144948409987,5,a47f754e-28a2-442b-ac11-33ff7dc1ad7f,None,None,5,1306,11,[],None,None
EXPLOIT_VULN,14031.531787809019,14049.23497407476,17.70318626574044,5,a47f754e-28a2-442b-ac11-33ff7dc1ad7f,None,None,5,1307,11,[],None,None
EXPLOIT_VULN,14049.23497407476,14058.772215527417,9.537241452657327,5,a47f754e-28a2-442b-ac11-33ff7dc1ad7f,None,None,5,1308,11,[],None,None
EXPLOIT_VULN,14058.772215527417,14066.705749795918,7.933534268500807,5,a47f754e-28a2-442b-ac11-33ff7dc1ad7f,None,None,5,1309,11,[],None,None
EXPLOIT_VULN,14066.705749795918,14075.401964505181,8.696214709263586,5,a47f754e-28a2-442b-ac11-33ff7dc1ad7f,None,None,5,1310,11,[],None,None
EXPLOIT_VULN,14075.401964505181,14082.413065270746,7.011100765565061,5,a47f754e-28a2-442b-ac11-33ff7dc1ad7f,None,None,5,1311,11,[],None,None
EXPLOIT_VULN,14082.413065270746,14087.519517158818,5.106451888072115,5,a47f754e-28a2-442b-ac11-33ff7dc1ad7f,None,None,5,1312,11,[],None,None
BRUTE_FORCE,14087.519517158818,14107.519517158818,20.0,5,a47f754e-28a2-442b-ac11-33ff7dc1ad7f,None,None,5,1313,11,[],None,None
ENUM_HOST,14107.519517158818,14112.519517158818,5.0,5,a47f754e-28a2-442b-ac11-33ff7dc1ad7f,None,None,5,1313,11,[],None,None
SCAN_PORT,14112.519517158818,14117.647576680796,5.128059521977775,22,07f44fbe-e0a6-466b-a44d-49027332a3e2,None,None,1,1313,11,[],application,OSDiversity
SCAN_PORT,14138.2068522666,14163.2068522666,25.0,22,07f44fbe-e0a6-466b-a44d-49027332a3e2,None,None,1,1313,11,[],None,None
EXPLOIT_VULN,14163.2068522666,14165.830818316454,2.6239660498540616,22,07f44fbe-e0a6-466b-a44d-49027332a3e2,None,None,1,1313,11,[],None,None
EXPLOIT_VULN,14165.830818316454,14167.620607018733,1.789788702279111,22,07f44fbe-e0a6-466b-a44d-49027332a3e2,None,None,1,1314,11,[],None,None
EXPLOIT_VULN,14167.620607018733,14169.2742467665,1.653639747766647,22,07f44fbe-e0a6-466b-a44d-49027332a3e2,None,None,1,1315,11,[],None,None
EXPLOIT_VULN,14169.2742467665,14172.305466008012,3.0312192415130994,22,07f44fbe-e0a6-466b-a44d-49027332a3e2,None,None,1,1316,11,[],None,None
EXPLOIT_VULN,14172.305466008012,14175.48711054435,3.1816445363383536,22,07f44fbe-e0a6-466b-a44d-49027332a3e2,None,None,1,1317,11,[],None,None
EXPLOIT_VULN,14175.48711054435,14179.33243895322,3.8453284088700457,22,07f44fbe-e0a6-466b-a44d-49027332a3e2,None,None,1,1318,11,[],None,None
EXPLOIT_VULN,14179.33243895322,14180.278068231684,0.945629278463457,22,07f44fbe-e0a6-466b-a44d-49027332a3e2,None,None,1,1319,11,[],None,None
EXPLOIT_VULN,14180.278068231684,14185.783030520799,5.504962289114701,22,07f44fbe-e0a6-466b-a44d-49027332a3e2,None,None,1,1320,11,[],None,None
EXPLOIT_VULN,14185.783030520799,14192.783074294552,7.000043773752623,22,07f44fbe-e0a6-466b-a44d-49027332a3e2,None,None,1,1321,11,[],None,None
EXPLOIT_VULN,14192.783074294552,14197.933009876842,5.149935582290709,22,07f44fbe-e0a6-466b-a44d-49027332a3e2,None,None,1,1322,11,[],None,None
EXPLOIT_VULN,14197.933009876842,14203.417708500137,5.484698623295117,22,07f44fbe-e0a6-466b-a44d-49027332a3e2,None,None,1,1323,11,[],None,None
EXPLOIT_VULN,14203.417708500137,14208.724036424459,5.306327924321522,22,07f44fbe-e0a6-466b-a44d-49027332a3e2,None,None,1,1324,11,[],None,None
EXPLOIT_VULN,14208.724036424459,14229.921069419024,21.197032994565234,22,07f44fbe-e0a6-466b-a44d-49027332a3e2,None,None,1,1325,11,[],None,None
EXPLOIT_VULN,14229.921069419024,14238.634566630548,8.713497211523645,22,07f44fbe-e0a6-466b-a44d-49027332a3e2,None,None,1,1326,11,[],None,None
EXPLOIT_VULN,14238.634566630548,14254.538229175878,15.903662545330008,22,07f44fbe-e0a6-466b-a44d-49027332a3e2,None,None,1,1327,11,[],None,None
EXPLOIT_VULN,14254.538229175878,14258.840224186966,4.301995011088366,22,07f44fbe-e0a6-466b-a44d-49027332a3e2,None,None,1,1328,11,[],None,None
EXPLOIT_VULN,14258.840224186966,14268.268694259014,9.428470072047276,22,07f44fbe-e0a6-466b-a44d-49027332a3e2,None,None,1,1329,11,[],None,None
EXPLOIT_VULN,14268.268694259014,14290.101936950025,21.833242691011037,22,07f44fbe-e0a6-466b-a44d-49027332a3e2,None,None,1,1330,11,[],None,None
EXPLOIT_VULN,14290.101936950025,14297.225584446938,7.123647496913691,22,07f44fbe-e0a6-466b-a44d-49027332a3e2,None,None,1,1331,11,[],None,None
EXPLOIT_VULN,14297.225584446938,14317.403939881604,20.17835543466572,22,07f44fbe-e0a6-466b-a44d-49027332a3e2,None,None,1,1332,11,[],application,OSDiversity
SCAN_PORT,14339.22314761396,14364.22314761396,25.0,22,07f44fbe-e0a6-466b-a44d-49027332a3e2,None,None,1,1332,11,[],None,None
EXPLOIT_VULN,14364.22314761396,14364.861352206854,0.6382045928930893,22,07f44fbe-e0a6-466b-a44d-49027332a3e2,None,None,1,1332,11,[],None,None
EXPLOIT_VULN,14364.861352206854,14367.434191153769,2.572838946914999,22,07f44fbe-e0a6-466b-a44d-49027332a3e2,None,None,1,1333,11,[],None,None
EXPLOIT_VULN,14367.434191153769,14369.62936189317,2.195170739401874,22,07f44fbe-e0a6-466b-a44d-49027332a3e2,None,None,1,1334,11,[],None,None
EXPLOIT_VULN,14369.62936189317,14375.556266718539,5.926904825368183,22,07f44fbe-e0a6-466b-a44d-49027332a3e2,None,None,1,1335,11,[],None,None
EXPLOIT_VULN,14375.556266718539,14390.1231655468,14.566898828261401,22,07f44fbe-e0a6-466b-a44d-49027332a3e2,None,None,1,1336,11,[],None,None
EXPLOIT_VULN,14390.1231655468,14399.595180010452,9.472014463652158,22,07f44fbe-e0a6-466b-a44d-49027332a3e2,None,None,1,1337,11,[],None,None
EXPLOIT_VULN,14399.595180010452,14408.605376621432,9.01019661097962,22,07f44fbe-e0a6-466b-a44d-49027332a3e2,None,None,1,1338,11,[],None,None
EXPLOIT_VULN,14408.605376621432,14416.594395971779,7.989019350347007,22,07f44fbe-e0a6-466b-a44d-49027332a3e2,None,None,1,1339,11,[],None,None
EXPLOIT_VULN,14416.594395971779,14433.359660758413,16.76526478663436,22,07f44fbe-e0a6-466b-a44d-49027332a3e2,None,None,1,1340,11,[],None,None
EXPLOIT_VULN,14433.359660758413,14453.837704949563,20.47804419114982,22,07f44fbe-e0a6-466b-a44d-49027332a3e2,None,None,1,1341,11,[],None,None
EXPLOIT_VULN,14453.837704949563,14462.000929087822,8.163224138259466,22,07f44fbe-e0a6-466b-a44d-49027332a3e2,None,None,1,1342,11,[],None,None
EXPLOIT_VULN,14462.000929087822,14469.543716663104,7.5427875752811815,22,07f44fbe-e0a6-466b-a44d-49027332a3e2,None,None,1,1343,11,[],None,None
EXPLOIT_VULN,14469.543716663104,14491.647284600902,22.10356793779829,22,07f44fbe-e0a6-466b-a44d-49027332a3e2,None,None,1,1344,11,[],None,None
BRUTE_FORCE,14491.647284600902,14508.382591018246,16.735306417343963,22,07f44fbe-e0a6-466b-a44d-49027332a3e2,None,None,1,1345,11,[],application,ServiceDiversity
SCAN_PORT,14528.596071587315,14553.596071587315,25.0,22,07f44fbe-e0a6-466b-a44d-49027332a3e2,None,None,1,1345,11,[],None,None
EXPLOIT_VULN,14553.596071587315,14554.946809989371,1.3507384020558675,22,07f44fbe-e0a6-466b-a44d-49027332a3e2,None,None,1,1345,11,[],None,None
EXPLOIT_VULN,14554.946809989371,14556.697294536307,1.750484546935695,22,07f44fbe-e0a6-466b-a44d-49027332a3e2,None,None,1,1346,11,[],None,None
EXPLOIT_VULN,14556.697294536307,14558.218163772739,1.5208692364321905,22,07f44fbe-e0a6-466b-a44d-49027332a3e2,None,None,1,1347,11,[],None,None
EXPLOIT_VULN,14558.218163772739,14561.758678253043,3.5405144803044095,22,07f44fbe-e0a6-466b-a44d-49027332a3e2,None,None,1,1348,11,[],None,None
EXPLOIT_VULN,14561.758678253043,14565.673156105628,3.914477852584241,22,07f44fbe-e0a6-466b-a44d-49027332a3e2,None,None,1,1349,11,[],None,None
EXPLOIT_VULN,14565.673156105628,14570.927791682432,5.254635576804503,22,07f44fbe-e0a6-466b-a44d-49027332a3e2,None,None,1,1350,11,[],None,None
EXPLOIT_VULN,14570.927791682432,14575.710858628845,4.783066946412873,22,07f44fbe-e0a6-466b-a44d-49027332a3e2,None,None,1,1351,11,[],None,None
EXPLOIT_VULN,14575.710858628845,14581.703380478122,5.992521849277182,22,07f44fbe-e0a6-466b-a44d-49027332a3e2,None,None,1,1352,11,[],None,None
EXPLOIT_VULN,14581.703380478122,14584.331085005613,2.627704527491005,22,07f44fbe-e0a6-466b-a44d-49027332a3e2,None,None,1,1353,11,[],None,None
EXPLOIT_VULN,14584.331085005613,14590.95446437874,6.623379373126227,22,07f44fbe-e0a6-466b-a44d-49027332a3e2,None,None,1,1354,11,[],None,None
EXPLOIT_VULN,14590.95446437874,14600.45310978386,9.498645405121351,22,07f44fbe-e0a6-466b-a44d-49027332a3e2,None,None,1,1355,11,[],None,None
EXPLOIT_VULN,14600.45310978386,14606.28440846714,5.831298683278874,22,07f44fbe-e0a6-466b-a44d-49027332a3e2,None,None,1,1356,11,[],None,None
EXPLOIT_VULN,14606.28440846714,14622.225238916319,15.940830449178975,22,07f44fbe-e0a6-466b-a44d-49027332a3e2,None,None,1,1357,11,[],None,None
EXPLOIT_VULN,14622.225238916319,14632.06548483858,9.840245922261602,22,07f44fbe-e0a6-466b-a44d-49027332a3e2,None,None,1,1358,11,[],None,None
EXPLOIT_VULN,14632.06548483858,14636.206823236376,4.141338397796062,22,07f44fbe-e0a6-466b-a44d-49027332a3e2,None,None,1,1359,11,[],None,None
EXPLOIT_VULN,14636.206823236376,14644.614963021302,8.40813978492588,22,07f44fbe-e0a6-466b-a44d-49027332a3e2,None,None,1,1360,11,[],None,None
EXPLOIT_VULN,14644.614963021302,14653.823809469404,9.208846448102122,22,07f44fbe-e0a6-466b-a44d-49027332a3e2,None,None,1,1361,11,[],None,None
EXPLOIT_VULN,14653.823809469404,14659.992712622065,6.1689031526602776,22,07f44fbe-e0a6-466b-a44d-49027332a3e2,None,None,1,1362,11,[],None,None
EXPLOIT_VULN,14659.992712622065,14661.945441739836,1.952729117771014,22,07f44fbe-e0a6-466b-a44d-49027332a3e2,None,None,1,1363,11,[],None,None
EXPLOIT_VULN,14661.945441739836,14664.424459308131,2.4790175682956033,22,07f44fbe-e0a6-466b-a44d-49027332a3e2,None,None,1,1364,11,[],None,None
EXPLOIT_VULN,14664.424459308131,14673.169750706236,8.74529139810511,22,07f44fbe-e0a6-466b-a44d-49027332a3e2,None,None,1,1365,11,[],None,None
BRUTE_FORCE,14673.169750706236,14693.169750706236,20.0,22,07f44fbe-e0a6-466b-a44d-49027332a3e2,None,None,1,1366,11,[],None,None
ENUM_HOST,14693.169750706236,14698.169750706236,5.0,22,07f44fbe-e0a6-466b-a44d-49027332a3e2,None,None,1,1366,11,[],None,None
SCAN_PORT,14698.169750706236,14719.092958639023,20.92320793278668,10,d79c0963-4a36-42b2-9ec4-1e466a44227f,None,None,3,1366,11,[],application,OSDiversity
SCAN_PORT,14739.588708718207,14764.588708718207,25.0,10,d79c0963-4a36-42b2-9ec4-1e466a44227f,None,None,3,1366,11,[],None,None
EXPLOIT_VULN,14764.588708718207,14775.524282220162,10.935573501954423,10,d79c0963-4a36-42b2-9ec4-1e466a44227f,None,None,3,1366,11,[],None,None
EXPLOIT_VULN,14775.524282220162,14782.38860309697,6.864320876808051,10,d79c0963-4a36-42b2-9ec4-1e466a44227f,None,None,3,1367,11,[],None,None
EXPLOIT_VULN,14782.38860309697,14787.620589709557,5.231986612587207,10,d79c0963-4a36-42b2-9ec4-1e466a44227f,None,None,3,1368,11,[],None,None
EXPLOIT_VULN,14787.620589709557,14795.875169653105,8.254579943548379,10,d79c0963-4a36-42b2-9ec4-1e466a44227f,None,None,3,1369,11,[],None,None
EXPLOIT_VULN,14795.875169653105,14800.557607049488,4.682437396382738,10,d79c0963-4a36-42b2-9ec4-1e466a44227f,None,None,3,1370,11,[],None,None
BRUTE_FORCE,14800.557607049488,14820.557607049488,20.0,10,d79c0963-4a36-42b2-9ec4-1e466a44227f,None,None,3,1371,11,[],None,None
ENUM_HOST,14820.557607049488,14825.557607049488,5.0,10,d79c0963-4a36-42b2-9ec4-1e466a44227f,None,None,3,1371,11,[],None,None
SCAN_PORT,14825.557607049488,14850.557607049488,25.0,21,9a4e2b3a-b3b0-4046-8409-c616777e42f8,None,None,5,1371,11,[],None,None
EXPLOIT_VULN,14850.557607049488,14853.040471031612,2.4828639821243996,21,9a4e2b3a-b3b0-4046-8409-c616777e42f8,None,None,5,1371,11,[],None,None
EXPLOIT_VULN,14853.040471031612,14854.355894889119,1.3154238575061754,21,9a4e2b3a-b3b0-4046-8409-c616777e42f8,None,None,5,1372,11,[],None,None
EXPLOIT_VULN,14854.355894889119,14856.527355936685,2.1714610475664813,21,9a4e2b3a-b3b0-4046-8409-c616777e42f8,None,None,5,1373,11,[],None,None
EXPLOIT_VULN,14856.527355936685,14863.843979496272,7.316623559587242,21,9a4e2b3a-b3b0-4046-8409-c616777e42f8,None,None,5,1374,11,[],None,None
EXPLOIT_VULN,14863.843979496272,14871.720392587667,7.876413091395079,21,9a4e2b3a-b3b0-4046-8409-c616777e42f8,None,None,5,1375,11,[],None,None
EXPLOIT_VULN,14871.720392587667,14872.420861536659,0.7004689489913289,21,9a4e2b3a-b3b0-4046-8409-c616777e42f8,None,None,5,1376,11,[],None,None
EXPLOIT_VULN,14872.420861536659,14881.861021725954,9.440160189295057,21,9a4e2b3a-b3b0-4046-8409-c616777e42f8,None,None,5,1377,11,[],None,None
EXPLOIT_VULN,14881.861021725954,14884.260351780287,2.3993300543334044,21,9a4e2b3a-b3b0-4046-8409-c616777e42f8,None,None,5,1378,11,[],None,None
EXPLOIT_VULN,14884.260351780287,14888.516652794071,4.256301013783741,21,9a4e2b3a-b3b0-4046-8409-c616777e42f8,None,None,5,1379,11,[],None,None
EXPLOIT_VULN,14888.516652794071,14891.55887071626,3.042217922189593,21,9a4e2b3a-b3b0-4046-8409-c616777e42f8,None,None,5,1380,11,[],None,None
EXPLOIT_VULN,14891.55887071626,14895.832567978932,4.273697262671703,21,9a4e2b3a-b3b0-4046-8409-c616777e42f8,None,None,5,1381,11,[],None,None
EXPLOIT_VULN,14895.832567978932,14900.560772301402,4.728204322469537,21,9a4e2b3a-b3b0-4046-8409-c616777e42f8,None,None,5,1382,11,[],None,None
EXPLOIT_VULN,14900.560772301402,14907.711207844097,7.15043554269505,21,9a4e2b3a-b3b0-4046-8409-c616777e42f8,None,None,5,1383,11,[],None,None
EXPLOIT_VULN,14907.711207844097,14909.67233903118,1.9611311870830832,21,9a4e2b3a-b3b0-4046-8409-c616777e42f8,None,None,5,1384,11,[],application,ServiceDiversity
SCAN_PORT,14930.43047244847,14955.43047244847,25.0,21,9a4e2b3a-b3b0-4046-8409-c616777e42f8,None,None,5,1384,11,[],None,None
EXPLOIT_VULN,14955.43047244847,14956.262411748783,0.8319393003130244,21,9a4e2b3a-b3b0-4046-8409-c616777e42f8,None,None,5,1384,11,[],None,None
EXPLOIT_VULN,14956.262411748783,14957.745942611851,1.4835308630681538,21,9a4e2b3a-b3b0-4046-8409-c616777e42f8,None,None,5,1385,11,[],None,None
EXPLOIT_VULN,14957.745942611851,14960.564598476338,2.8186558644865727,21,9a4e2b3a-b3b0-4046-8409-c616777e42f8,None,None,5,1386,11,[],None,None
EXPLOIT_VULN,14960.564598476338,14961.869925689303,1.3053272129654943,21,9a4e2b3a-b3b0-4046-8409-c616777e42f8,None,None,5,1387,11,[],None,None
EXPLOIT_VULN,14961.869925689303,14965.31453453672,3.4446088474160206,21,9a4e2b3a-b3b0-4046-8409-c616777e42f8,None,None,5,1388,11,[],None,None
EXPLOIT_VULN,14965.31453453672,14971.012654398543,5.698119861823216,21,9a4e2b3a-b3b0-4046-8409-c616777e42f8,None,None,5,1389,11,[],None,None
EXPLOIT_VULN,14971.012654398543,14976.821084695213,5.808430296670849,21,9a4e2b3a-b3b0-4046-8409-c616777e42f8,None,None,5,1390,11,[],None,None
EXPLOIT_VULN,14976.821084695213,14979.462393043086,2.6413083478728367,21,9a4e2b3a-b3b0-4046-8409-c616777e42f8,None,None,5,1391,11,[],None,None
EXPLOIT_VULN,14979.462393043086,14982.534963244509,3.0725702014224225,21,9a4e2b3a-b3b0-4046-8409-c616777e42f8,None,None,5,1392,11,[],None,None
EXPLOIT_VULN,14982.534963244509,14984.390635187028,1.8556719425196206,21,9a4e2b3a-b3b0-4046-8409-c616777e42f8,None,None,5,1393,11,[],None,None
EXPLOIT_VULN,14984.390635187028,14986.949354237451,2.558719050422951,21,9a4e2b3a-b3b0-4046-8409-c616777e42f8,None,None,5,1394,11,[],None,None
