name,start_time,finish_time,duration,current_host,current_host_uuid,compromise_host,compromise_host_uuid,current_host_attempt,cumulative_attempts,cumulative_compromised_hosts,compromise_users,interrupted_in,interrupted_by
SCAN_HOST,0.0,5.0,5.0,-1,-1,None,None,0,0,0,[],None,None
ENUM_HOST,5.0,10.0,5.0,-1,-1,None,None,0,0,0,[],None,None
SCAN_PORT,10.0,35.0,25.0,0,fded618b-755e-4916-a744-a5e3bae73235,None,None,1,0,0,[],None,None
EXPLOIT_VULN,35.0,37.42799910784203,2.4279991078420267,0,fded618b-755e-4916-a744-a5e3bae73235,None,None,1,0,0,[],None,None
EXPLOIT_VULN,37.42799910784203,42.1020483367589,4.674049228916871,0,fded618b-755e-4916-a744-a5e3bae73235,None,None,1,1,0,[],None,None
EXPLOIT_VULN,42.1020483367589,45.33518863021095,3.2331402934520526,0,fded618b-755e-4916-a744-a5e3bae73235,None,None,1,2,0,[],None,None
EXPLOIT_VULN,45.33518863021095,47.80240007945265,2.4672114492417023,0,fded618b-755e-4916-a744-a5e3bae73235,None,None,1,3,0,[],None,None
EXPLOIT_VULN,47.80240007945265,53.24362641561247,5.441226336159815,0,fded618b-755e-4916-a744-a5e3bae73235,None,None,1,4,0,[],None,None
EXPLOIT_VULN,53.24362641561247,54.2681880632188,1.0245616476063333,0,fded618b-755e-4916-a744-a5e3bae73235,None,None,1,5,0,[],None,None
EXPLOIT_VULN,54.2681880632188,62.01722308682578,7.749035023606979,0,fded618b-755e-4916-a744-a5e3bae73235,None,None,1,6,0,[],None,None
EXPLOIT_VULN,62.01722308682578,65.2340377764775,3.216814689651727,0,fded618b-755e-4916-a744-a5e3bae73235,None,None,1,7,0,[],None,None
EXPLOIT_VULN,65.2340377764775,69.54447775687075,4.310439980393241,0,fded618b-755e-4916-a744-a5e3bae73235,None,None,1,8,0,[],None,None
EXPLOIT_VULN,69.54447775687075,79.63326319115197,10.08878543428122,0,fded618b-755e-4916-a744-a5e3bae73235,None,None,1,9,0,[],None,None
EXPLOIT_VULN,79.63326319115197,82.52135799144006,2.888094800288087,0,fded618b-755e-4916-a744-a5e3bae73235,None,None,1,10,0,[],None,None
EXPLOIT_VULN,82.52135799144006,90.5743595320967,8.053001540656638,0,fded618b-755e-4916-a744-a5e3bae73235,None,None,1,11,0,[],None,None
EXPLOIT_VULN,90.5743595320967,99.29639906952096,8.722039537424266,0,fded618b-755e-4916-a744-a5e3bae73235,None,None,1,12,0,[],None,None
EXPLOIT_VULN,99.29639906952096,107.3389918854652,8.042592815944246,0,fded618b-755e-4916-a744-a5e3bae73235,None,None,1,13,0,[],None,None
EXPLOIT_VULN,107.3389918854652,110.6156983150212,3.2767064295560004,0,fded618b-755e-4916-a744-a5e3bae73235,None,None,1,14,0,[],network,CompleteTopologyShuffle
SCAN_HOST,130.88386253534827,135.88386253534827,5.0,-1,-1,None,None,0,14,0,[],None,None
ENUM_HOST,135.88386253534827,140.88386253534827,5.0,-1,-1,None,None,0,14,0,[],None,None
SCAN_PORT,140.88386253534827,165.88386253534827,25.0,0,fded618b-755e-4916-a744-a5e3bae73235,None,None,2,14,0,[],None,None
EXPLOIT_VULN,165.88386253534827,169.8258156967844,3.9419531614361176,0,fded618b-755e-4916-a744-a5e3bae73235,None,None,2,14,0,[],None,None
EXPLOIT_VULN,169.8258156967844,179.56117404725072,9.735358350466328,0,fded618b-755e-4916-a744-a5e3bae73235,None,None,2,15,0,[],None,None
EXPLOIT_VULN,179.56117404725072,181.50570016470178,1.944526117451062,0,fded618b-755e-4916-a744-a5e3bae73235,None,None,2,16,0,[],None,None
EXPLOIT_VULN,181.50570016470178,184.1500757392613,2.6443755745595183,0,fded618b-755e-4916-a744-a5e3bae73235,None,None,2,17,0,[],None,None
EXPLOIT_VULN,184.1500757392613,197.88949009951682,13.739414360255523,0,fded618b-755e-4916-a744-a5e3bae73235,None,None,2,18,0,[],None,None
EXPLOIT_VULN,197.88949009951682,212.81669502794585,14.927204928429035,0,fded618b-755e-4916-a744-a5e3bae73235,None,None,2,19,0,[],None,None
EXPLOIT_VULN,212.81669502794585,216.10461665317902,3.2879216252331673,0,fded618b-755e-4916-a744-a5e3bae73235,None,None,2,20,0,[],None,None
EXPLOIT_VULN,216.10461665317902,218.77230413668644,2.6676874835074216,0,fded618b-755e-4916-a744-a5e3bae73235,None,None,2,21,0,[],None,None
EXPLOIT_VULN,218.77230413668644,235.9321781100917,17.15987397340527,0,fded618b-755e-4916-a744-a5e3bae73235,None,None,2,22,0,[],None,None
EXPLOIT_VULN,235.9321781100917,241.0324398858066,5.100261775714898,0,fded618b-755e-4916-a744-a5e3bae73235,None,None,2,23,0,[],None,None
EXPLOIT_VULN,241.0324398858066,245.02333394231525,3.990894056508637,0,fded618b-755e-4916-a744-a5e3bae73235,0,fded618b-755e-4916-a744-a5e3bae73235,2,24,0,"['Rosaline', 'Roshelle', 'Bert', 'Sibby', 'Blondy']",None,None
SCAN_NEIGHBOR,245.02333394231525,250.02333394231525,5.0,0,fded618b-755e-4916-a744-a5e3bae73235,None,None,2,25,1,[],None,None
ENUM_HOST,250.02333394231525,255.02333394231525,5.0,0,fded618b-755e-4916-a744-a5e3bae73235,None,None,2,25,1,[],None,None
SCAN_PORT,255.02333394231525,280.0233339423153,25.00000000000003,18,0e1965b7-58a3-4660-92a6-422c5c49cf70,None,None,1,25,1,[],None,None
EXPLOIT_VULN,280.0233339423153,283.7941462006331,3.7708122583178465,18,0e1965b7-58a3-4660-92a6-422c5c49cf70,None,None,1,25,1,[],None,None
EXPLOIT_VULN,283.7941462006331,287.71438303071164,3.9202368300785224,18,0e1965b7-58a3-4660-92a6-422c5c49cf70,None,None,1,26,1,[],None,None
EXPLOIT_VULN,287.71438303071164,291.2447990822233,3.530416051511679,18,0e1965b7-58a3-4660-92a6-422c5c49cf70,None,None,1,27,1,[],None,None
EXPLOIT_VULN,291.2447990822233,296.7408244572068,5.496025374983503,18,0e1965b7-58a3-4660-92a6-422c5c49cf70,None,None,1,28,1,[],None,None
EXPLOIT_VULN,296.7408244572068,301.22591480165636,4.485090344449532,18,0e1965b7-58a3-4660-92a6-422c5c49cf70,None,None,1,29,1,[],network,IPShuffle
SCAN_HOST,321.4584780226928,326.4584780226928,5.0,-1,-1,None,None,0,29,1,[],None,None
ENUM_HOST,326.4584780226928,331.4584780226928,5.0,-1,-1,None,None,0,29,1,[],None,None
SCAN_PORT,331.4584780226928,356.4584780226928,25.0,18,0e1965b7-58a3-4660-92a6-422c5c49cf70,None,None,2,29,1,[],None,None
EXPLOIT_VULN,356.4584780226928,362.29756907858604,5.8390910558932205,18,0e1965b7-58a3-4660-92a6-422c5c49cf70,None,None,2,29,1,[],None,None
EXPLOIT_VULN,362.29756907858604,369.1130796667032,6.815510588117149,18,0e1965b7-58a3-4660-92a6-422c5c49cf70,None,None,2,30,1,[],None,None
EXPLOIT_VULN,369.1130796667032,374.8685640953355,5.755484428632315,18,0e1965b7-58a3-4660-92a6-422c5c49cf70,None,None,2,31,1,[],None,None
EXPLOIT_VULN,374.8685640953355,395.7624243300665,20.893860234730994,18,0e1965b7-58a3-4660-92a6-422c5c49cf70,None,None,2,32,1,[],None,None
EXPLOIT_VULN,395.7624243300665,416.6766242604867,20.91419993042018,18,0e1965b7-58a3-4660-92a6-422c5c49cf70,None,None,2,33,1,[],None,None
EXPLOIT_VULN,416.6766242604867,423.9379478672512,7.261323606764506,18,0e1965b7-58a3-4660-92a6-422c5c49cf70,None,None,2,34,1,[],None,None
EXPLOIT_VULN,423.9379478672512,431.31930137641535,7.381353509164171,18,0e1965b7-58a3-4660-92a6-422c5c49cf70,None,None,2,35,1,[],None,None
EXPLOIT_VULN,431.31930137641535,439.9958438530946,8.67654247667923,18,0e1965b7-58a3-4660-92a6-422c5c49cf70,None,None,2,36,1,[],None,None
EXPLOIT_VULN,439.9958438530946,449.0318560996923,9.036012246597693,18,0e1965b7-58a3-4660-92a6-422c5c49cf70,None,None,2,37,1,[],None,None
EXPLOIT_VULN,449.0318560996923,466.1365075946485,17.104651494956215,18,0e1965b7-58a3-4660-92a6-422c5c49cf70,None,None,2,38,1,[],None,None
EXPLOIT_VULN,466.1365075946485,474.9386018378891,8.802094243240617,18,0e1965b7-58a3-4660-92a6-422c5c49cf70,None,None,2,39,1,[],None,None
EXPLOIT_VULN,474.9386018378891,481.40129241520845,6.462690577319336,18,0e1965b7-58a3-4660-92a6-422c5c49cf70,None,None,2,40,1,[],application,OSDiversity
SCAN_PORT,502.1123225049472,527.1123225049472,25.0,18,0e1965b7-58a3-4660-92a6-422c5c49cf70,None,None,2,40,1,[],None,None
EXPLOIT_VULN,527.1123225049472,529.849197525446,2.7368750204988146,18,0e1965b7-58a3-4660-92a6-422c5c49cf70,None,None,2,40,1,[],None,None
EXPLOIT_VULN,529.849197525446,533.6119055680826,3.762708042636632,18,0e1965b7-58a3-4660-92a6-422c5c49cf70,None,None,2,41,1,[],None,None
EXPLOIT_VULN,533.6119055680826,544.3121904829541,10.700284914871418,18,0e1965b7-58a3-4660-92a6-422c5c49cf70,None,None,2,42,1,[],None,None
EXPLOIT_VULN,544.3121904829541,548.3513257259486,4.0391352429945755,18,0e1965b7-58a3-4660-92a6-422c5c49cf70,None,None,2,43,1,[],None,None
EXPLOIT_VULN,548.3513257259486,558.4337330037877,10.082407277839025,18,0e1965b7-58a3-4660-92a6-422c5c49cf70,None,None,2,44,1,[],None,None
EXPLOIT_VULN,558.4337330037877,568.605056641195,10.17132363740734,18,0e1965b7-58a3-4660-92a6-422c5c49cf70,None,None,2,45,1,[],None,None
EXPLOIT_VULN,568.605056641195,574.3343000038683,5.729243362673287,18,0e1965b7-58a3-4660-92a6-422c5c49cf70,None,None,2,46,1,[],None,None
EXPLOIT_VULN,574.3343000038683,581.5274899788445,7.193189974976235,18,0e1965b7-58a3-4660-92a6-422c5c49cf70,None,None,2,47,1,[],None,None
EXPLOIT_VULN,581.5274899788445,597.6026407138071,16.075150734962563,18,0e1965b7-58a3-4660-92a6-422c5c49cf70,None,None,2,48,1,[],None,None
EXPLOIT_VULN,597.6026407138071,618.8524889180795,21.24984820427244,18,0e1965b7-58a3-4660-92a6-422c5c49cf70,None,None,2,49,1,[],None,None
EXPLOIT_VULN,618.8524889180795,628.6173968245886,9.764907906509052,18,0e1965b7-58a3-4660-92a6-422c5c49cf70,None,None,2,50,1,[],None,None
EXPLOIT_VULN,628.6173968245886,650.7502348694094,22.1328380448208,18,0e1965b7-58a3-4660-92a6-422c5c49cf70,None,None,2,51,1,[],None,None
EXPLOIT_VULN,650.7502348694094,658.2826923504292,7.532457481019833,18,0e1965b7-58a3-4660-92a6-422c5c49cf70,None,None,2,52,1,[],None,None
EXPLOIT_VULN,658.2826923504292,664.126709872738,5.844017522308832,18,0e1965b7-58a3-4660-92a6-422c5c49cf70,None,None,2,53,1,[],None,None
EXPLOIT_VULN,664.126709872738,671.7972116489102,7.670501776172159,18,0e1965b7-58a3-4660-92a6-422c5c49cf70,None,None,2,54,1,[],application,ServiceDiversity
SCAN_PORT,692.3436410854421,717.3436410854421,25.0,18,0e1965b7-58a3-4660-92a6-422c5c49cf70,None,None,2,54,1,[],None,None
EXPLOIT_VULN,717.3436410854421,717.720391892166,0.376750806723976,18,0e1965b7-58a3-4660-92a6-422c5c49cf70,None,None,2,54,1,[],None,None
EXPLOIT_VULN,717.720391892166,719.2971328882768,1.5767409961107433,18,0e1965b7-58a3-4660-92a6-422c5c49cf70,None,None,2,55,1,[],None,None
EXPLOIT_VULN,719.2971328882768,722.327828889662,3.030696001385195,18,0e1965b7-58a3-4660-92a6-422c5c49cf70,None,None,2,56,1,[],None,None
EXPLOIT_VULN,722.327828889662,725.0964516434973,2.7686227538353023,18,0e1965b7-58a3-4660-92a6-422c5c49cf70,None,None,2,57,1,[],None,None
EXPLOIT_VULN,725.0964516434973,735.8099399207618,10.71348827726456,18,0e1965b7-58a3-4660-92a6-422c5c49cf70,None,None,2,58,1,[],None,None
EXPLOIT_VULN,735.8099399207618,746.7405259240086,10.93058600324673,18,0e1965b7-58a3-4660-92a6-422c5c49cf70,None,None,2,59,1,[],None,None
EXPLOIT_VULN,746.7405259240086,755.0411216829266,8.300595758918007,18,0e1965b7-58a3-4660-92a6-422c5c49cf70,None,None,2,60,1,[],None,None
EXPLOIT_VULN,755.0411216829266,763.9726207212167,8.931499038290099,18,0e1965b7-58a3-4660-92a6-422c5c49cf70,None,None,2,61,1,[],None,None
EXPLOIT_VULN,763.9726207212167,770.4516638941102,6.479043172893512,18,0e1965b7-58a3-4660-92a6-422c5c49cf70,None,None,2,62,1,[],None,None
EXPLOIT_VULN,770.4516638941102,777.9205875485643,7.468923654454102,18,0e1965b7-58a3-4660-92a6-422c5c49cf70,None,None,2,63,1,[],None,None
EXPLOIT_VULN,777.9205875485643,793.59459183453,15.67400428596568,18,0e1965b7-58a3-4660-92a6-422c5c49cf70,None,None,2,64,1,[],None,None
EXPLOIT_VULN,793.59459183453,801.877975476208,8.283383641678029,18,0e1965b7-58a3-4660-92a6-422c5c49cf70,None,None,2,65,1,[],None,None
EXPLOIT_VULN,801.877975476208,803.9025855518308,2.0246100756228316,18,0e1965b7-58a3-4660-92a6-422c5c49cf70,None,None,2,66,1,[],None,None
EXPLOIT_VULN,803.9025855518308,824.385785460025,20.483199908194138,18,0e1965b7-58a3-4660-92a6-422c5c49cf70,None,None,2,67,1,[],None,None
EXPLOIT_VULN,824.385785460025,829.3546135068841,4.96882804685913,18,0e1965b7-58a3-4660-92a6-422c5c49cf70,None,None,2,68,1,[],None,None
EXPLOIT_VULN,829.3546135068841,836.5659442533376,7.211330746453541,18,0e1965b7-58a3-4660-92a6-422c5c49cf70,None,None,2,69,1,[],None,None
EXPLOIT_VULN,836.5659442533376,844.9475613769068,8.381617123569185,18,0e1965b7-58a3-4660-92a6-422c5c49cf70,None,None,2,70,1,[],None,None
EXPLOIT_VULN,844.9475613769068,861.8741723708164,16.92661099390955,18,0e1965b7-58a3-4660-92a6-422c5c49cf70,None,None,2,71,1,[],None,None
EXPLOIT_VULN,861.8741723708164,883.3466826421285,21.472510271312103,18,0e1965b7-58a3-4660-92a6-422c5c49cf70,None,None,2,72,1,[],None,None
BRUTE_FORCE,883.3466826421285,903.3466826421285,20.0,18,0e1965b7-58a3-4660-92a6-422c5c49cf70,None,None,2,73,1,[],None,None
ENUM_HOST,903.3466826421285,908.3466826421285,5.0,18,0e1965b7-58a3-4660-92a6-422c5c49cf70,None,None,2,73,1,[],None,None
SCAN_PORT,908.3466826421285,911.2541770833628,2.9074944412343484,1,7fb9112a-44c7-4dc3-9f20-1507951ee638,None,None,1,73,1,[],network,CompleteTopologyShuffle
SCAN_HOST,931.3526347098426,936.3526347098426,5.0,-1,-1,None,None,0,73,1,[],None,None
ENUM_HOST,936.3526347098426,941.3526347098426,5.0,-1,-1,None,None,0,73,1,[],None,None
SCAN_PORT,941.3526347098426,966.3526347098426,25.0,9,ec92a6ad-2b42-4e29-93d4-5875f42d31f0,None,None,1,73,1,[],None,None
EXPLOIT_VULN,966.3526347098426,966.7503977270741,0.3977630172314548,9,ec92a6ad-2b42-4e29-93d4-5875f42d31f0,None,None,1,73,1,[],None,None
EXPLOIT_VULN,966.7503977270741,967.4051598510371,0.6547621239629962,9,ec92a6ad-2b42-4e29-93d4-5875f42d31f0,None,None,1,74,1,[],None,None
EXPLOIT_VULN,967.4051598510371,970.0162523708053,2.611092519768249,9,ec92a6ad-2b42-4e29-93d4-5875f42d31f0,None,None,1,75,1,[],None,None
EXPLOIT_VULN,970.0162523708053,980.4689548851065,10.452702514301222,9,ec92a6ad-2b42-4e29-93d4-5875f42d31f0,None,None,1,76,1,[],None,None
EXPLOIT_VULN,980.4689548851065,991.0793947121493,10.610439827042796,9,ec92a6ad-2b42-4e29-93d4-5875f42d31f0,None,None,1,77,1,[],None,None
EXPLOIT_VULN,991.0793947121493,997.6942803610319,6.614885648882591,9,ec92a6ad-2b42-4e29-93d4-5875f42d31f0,None,None,1,78,1,[],None,None
EXPLOIT_VULN,997.6942803610319,1011.6341728501326,13.939892489100657,9,ec92a6ad-2b42-4e29-93d4-5875f42d31f0,None,None,1,79,1,[],None,None
EXPLOIT_VULN,1011.6341728501326,1018.8499422188667,7.2157693687340725,9,ec92a6ad-2b42-4e29-93d4-5875f42d31f0,None,None,1,80,1,[],None,None
EXPLOIT_VULN,1018.8499422188667,1022.7125647448044,3.862622525937695,9,ec92a6ad-2b42-4e29-93d4-5875f42d31f0,None,None,1,81,1,[],None,None
EXPLOIT_VULN,1022.7125647448044,1029.4477031259974,6.735138381192996,9,ec92a6ad-2b42-4e29-93d4-5875f42d31f0,None,None,1,82,1,[],None,None
EXPLOIT_VULN,1029.4477031259974,1049.732448350387,20.284745224389553,9,ec92a6ad-2b42-4e29-93d4-5875f42d31f0,None,None,1,83,1,[],None,None
EXPLOIT_VULN,1049.732448350387,1071.960493298116,22.22804494772913,9,ec92a6ad-2b42-4e29-93d4-5875f42d31f0,None,None,1,84,1,[],None,None
EXPLOIT_VULN,1071.960493298116,1091.5973205407986,19.636827242682557,9,ec92a6ad-2b42-4e29-93d4-5875f42d31f0,None,None,1,85,1,[],None,None
EXPLOIT_VULN,1091.5973205407986,1099.4018363251323,7.8045157843337165,9,ec92a6ad-2b42-4e29-93d4-5875f42d31f0,None,None,1,86,1,[],None,None
EXPLOIT_VULN,1099.4018363251323,1102.203556812996,2.801720487863804,9,ec92a6ad-2b42-4e29-93d4-5875f42d31f0,None,None,1,87,1,[],network,IPShuffle
SCAN_HOST,1122.8042233974638,1127.8042233974638,5.0,-1,-1,None,None,0,87,1,[],None,None
ENUM_HOST,1127.8042233974638,1132.8042233974638,5.0,-1,-1,None,None,0,87,1,[],None,None
SCAN_PORT,1132.8042233974638,1157.8042233974638,25.0,9,ec92a6ad-2b42-4e29-93d4-5875f42d31f0,None,None,2,87,1,[],None,None
EXPLOIT_VULN,1157.8042233974638,1158.480379421394,0.6761560239301616,9,ec92a6ad-2b42-4e29-93d4-5875f42d31f0,None,None,2,87,1,[],None,None
EXPLOIT_VULN,1158.480379421394,1168.9864387908199,10.506059369425884,9,ec92a6ad-2b42-4e29-93d4-5875f42d31f0,None,None,2,88,1,[],None,None
EXPLOIT_VULN,1168.9864387908199,1189.597473399859,20.611034609039052,9,ec92a6ad-2b42-4e29-93d4-5875f42d31f0,None,None,2,89,1,[],None,None
EXPLOIT_VULN,1189.597473399859,1198.0697928118636,8.472319412004708,9,ec92a6ad-2b42-4e29-93d4-5875f42d31f0,None,None,2,90,1,[],None,None
EXPLOIT_VULN,1198.0697928118636,1202.008640930792,3.938848118928263,9,ec92a6ad-2b42-4e29-93d4-5875f42d31f0,None,None,2,91,1,[],None,None
EXPLOIT_VULN,1202.008640930792,1210.2911723379032,8.282531407111264,9,ec92a6ad-2b42-4e29-93d4-5875f42d31f0,None,None,2,92,1,[],None,None
EXPLOIT_VULN,1210.2911723379032,1219.6869357624937,9.395763424590541,9,ec92a6ad-2b42-4e29-93d4-5875f42d31f0,None,None,2,93,1,[],None,None
EXPLOIT_VULN,1219.6869357624937,1225.558995115251,5.872059352757333,9,ec92a6ad-2b42-4e29-93d4-5875f42d31f0,None,None,2,94,1,[],None,None
EXPLOIT_VULN,1225.558995115251,1228.455853580118,2.8968584648669093,9,ec92a6ad-2b42-4e29-93d4-5875f42d31f0,None,None,2,95,1,[],None,None
EXPLOIT_VULN,1228.455853580118,1249.5969550045743,21.141101424456338,9,ec92a6ad-2b42-4e29-93d4-5875f42d31f0,None,None,2,96,1,[],None,None
EXPLOIT_VULN,1249.5969550045743,1269.1727935613883,19.575838556814006,9,ec92a6ad-2b42-4e29-93d4-5875f42d31f0,9,ec92a6ad-2b42-4e29-93d4-5875f42d31f0,2,97,1,"['Annis', 'Meghan', 'Audry', 'Annamaria', 'Vevay']",None,None
SCAN_NEIGHBOR,1269.1727935613883,1274.1727935613883,5.0,9,ec92a6ad-2b42-4e29-93d4-5875f42d31f0,None,None,2,98,2,[],None,None
ENUM_HOST,1274.1727935613883,1279.1727935613883,5.0,9,ec92a6ad-2b42-4e29-93d4-5875f42d31f0,None,None,2,98,2,[],None,None
SCAN_PORT,1279.1727935613883,1283.152766334106,3.9799727727177014,7,fd9364c5-6a05-4323-b555-46dd927e9bea,None,None,1,98,2,[],application,OSDiversity
SCAN_PORT,1303.6601086397748,1328.6601086397748,25.0,7,fd9364c5-6a05-4323-b555-46dd927e9bea,None,None,1,98,2,[],None,None
EXPLOIT_VULN,1328.6601086397748,1330.1362030649273,1.4760944251524961,7,fd9364c5-6a05-4323-b555-46dd927e9bea,None,None,1,98,2,[],None,None
EXPLOIT_VULN,1330.1362030649273,1333.2436935207552,3.1074904558279286,7,fd9364c5-6a05-4323-b555-46dd927e9bea,None,None,1,99,2,[],None,None
EXPLOIT_VULN,1333.2436935207552,1334.5257367396334,1.2820432188782434,7,fd9364c5-6a05-4323-b555-46dd927e9bea,None,None,1,100,2,[],None,None
EXPLOIT_VULN,1334.5257367396334,1337.608275397224,3.082538657590476,7,fd9364c5-6a05-4323-b555-46dd927e9bea,None,None,1,101,2,[],None,None
EXPLOIT_VULN,1337.608275397224,1339.7868145475436,2.1785391503196934,7,fd9364c5-6a05-4323-b555-46dd927e9bea,None,None,1,102,2,[],None,None
EXPLOIT_VULN,1339.7868145475436,1362.058385580811,22.27157103326749,7,fd9364c5-6a05-4323-b555-46dd927e9bea,None,None,1,103,2,[],None,None
EXPLOIT_VULN,1362.058385580811,1368.5160181624506,6.457632581639473,7,fd9364c5-6a05-4323-b555-46dd927e9bea,None,None,1,104,2,[],None,None
EXPLOIT_VULN,1368.5160181624506,1377.484900821474,8.968882659023393,7,fd9364c5-6a05-4323-b555-46dd927e9bea,None,None,1,105,2,[],None,None
EXPLOIT_VULN,1377.484900821474,1385.0841602640521,7.599259442578159,7,fd9364c5-6a05-4323-b555-46dd927e9bea,None,None,1,106,2,[],None,None
EXPLOIT_VULN,1385.0841602640521,1392.3047839457038,7.220623681651659,7,fd9364c5-6a05-4323-b555-46dd927e9bea,None,None,1,107,2,[],None,None
EXPLOIT_VULN,1392.3047839457038,1401.398853714375,9.094069768671261,7,fd9364c5-6a05-4323-b555-46dd927e9bea,None,None,1,108,2,[],None,None
BRUTE_FORCE,1401.398853714375,1421.398853714375,20.0,7,fd9364c5-6a05-4323-b555-46dd927e9bea,None,None,1,109,2,[],None,None
ENUM_HOST,1421.398853714375,1426.398853714375,5.0,7,fd9364c5-6a05-4323-b555-46dd927e9bea,None,None,1,109,2,[],None,None
SCAN_PORT,1426.398853714375,1451.398853714375,25.0,22,07f44fbe-e0a6-466b-a44d-49027332a3e2,None,None,1,109,2,[],None,None
EXPLOIT_VULN,1451.398853714375,1453.2210138196576,1.8221601052825918,22,07f44fbe-e0a6-466b-a44d-49027332a3e2,None,None,1,109,2,[],None,None
EXPLOIT_VULN,1453.2210138196576,1456.0880760006614,2.867062181003803,22,07f44fbe-e0a6-466b-a44d-49027332a3e2,None,None,1,110,2,[],None,None
EXPLOIT_VULN,1456.0880760006614,1460.216432054062,4.128356053400466,22,07f44fbe-e0a6-466b-a44d-49027332a3e2,None,None,1,111,2,[],None,None
EXPLOIT_VULN,1460.216432054062,1472.3103737708884,12.09394171682652,22,07f44fbe-e0a6-466b-a44d-49027332a3e2,None,None,1,112,2,[],None,None
EXPLOIT_VULN,1472.3103737708884,1473.2356404198647,0.925266648976276,22,07f44fbe-e0a6-466b-a44d-49027332a3e2,None,None,1,113,2,[],application,ServiceDiversity
SCAN_PORT,1493.3104089317412,1518.3104089317412,25.0,22,07f44fbe-e0a6-466b-a44d-49027332a3e2,None,None,1,113,2,[],None,None
EXPLOIT_VULN,1518.3104089317412,1518.9309894463581,0.6205805146169041,22,07f44fbe-e0a6-466b-a44d-49027332a3e2,None,None,1,113,2,[],None,None
EXPLOIT_VULN,1518.9309894463581,1522.172877676648,3.2418882302899874,22,07f44fbe-e0a6-466b-a44d-49027332a3e2,None,None,1,114,2,[],None,None
EXPLOIT_VULN,1522.172877676648,1525.5250208700243,3.3521431933761505,22,07f44fbe-e0a6-466b-a44d-49027332a3e2,None,None,1,115,2,[],None,None
EXPLOIT_VULN,1525.5250208700243,1526.2319607113598,0.7069398413354975,22,07f44fbe-e0a6-466b-a44d-49027332a3e2,None,None,1,116,2,[],None,None
EXPLOIT_VULN,1526.2319607113598,1530.9192930577715,4.687332346411722,22,07f44fbe-e0a6-466b-a44d-49027332a3e2,None,None,1,117,2,[],None,None
EXPLOIT_VULN,1530.9192930577715,1533.6035681931935,2.6842751354220127,22,07f44fbe-e0a6-466b-a44d-49027332a3e2,None,None,1,118,2,[],None,None
EXPLOIT_VULN,1533.6035681931935,1544.2940533748085,10.690485181615031,22,07f44fbe-e0a6-466b-a44d-49027332a3e2,None,None,1,119,2,[],None,None
EXPLOIT_VULN,1544.2940533748085,1558.5244596166126,14.230406241804076,22,07f44fbe-e0a6-466b-a44d-49027332a3e2,None,None,1,120,2,[],None,None
EXPLOIT_VULN,1558.5244596166126,1564.337116395206,5.812656778593464,22,07f44fbe-e0a6-466b-a44d-49027332a3e2,None,None,1,121,2,[],None,None
EXPLOIT_VULN,1564.337116395206,1572.5099130396497,8.172796644443679,22,07f44fbe-e0a6-466b-a44d-49027332a3e2,None,None,1,122,2,[],None,None
EXPLOIT_VULN,1572.5099130396497,1578.2737519488307,5.763838909181004,22,07f44fbe-e0a6-466b-a44d-49027332a3e2,None,None,1,123,2,[],None,None
EXPLOIT_VULN,1578.2737519488307,1599.7903811387384,21.51662918990769,22,07f44fbe-e0a6-466b-a44d-49027332a3e2,None,None,1,124,2,[],None,None
EXPLOIT_VULN,1599.7903811387384,1615.9678565090476,16.17747537030914,22,07f44fbe-e0a6-466b-a44d-49027332a3e2,None,None,1,125,2,[],None,None
EXPLOIT_VULN,1615.9678565090476,1624.209733886004,8.241877376956381,22,07f44fbe-e0a6-466b-a44d-49027332a3e2,None,None,1,126,2,[],None,None
EXPLOIT_VULN,1624.209733886004,1627.6812070065876,3.471473120583596,22,07f44fbe-e0a6-466b-a44d-49027332a3e2,None,None,1,127,2,[],None,None
EXPLOIT_VULN,1627.6812070065876,1636.7780082829881,9.096801276400583,22,07f44fbe-e0a6-466b-a44d-49027332a3e2,None,None,1,128,2,[],None,None
EXPLOIT_VULN,1636.7780082829881,1644.1967672567482,7.418758973760077,22,07f44fbe-e0a6-466b-a44d-49027332a3e2,None,None,1,129,2,[],None,None
BRUTE_FORCE,1644.1967672567482,1664.1967672567482,20.0,22,07f44fbe-e0a6-466b-a44d-49027332a3e2,None,None,1,130,2,[],None,None
ENUM_HOST,1664.1967672567482,1669.1967672567482,5.0,22,07f44fbe-e0a6-466b-a44d-49027332a3e2,None,None,1,130,2,[],None,None
ENUM_HOST,1669.1967672567482,1674.1967672567482,5.0,0,fded618b-755e-4916-a744-a5e3bae73235,None,None,3,130,2,[],None,None
SCAN_PORT,1674.1967672567482,1699.1967672567482,25.0,1,7fb9112a-44c7-4dc3-9f20-1507951ee638,None,None,2,130,2,[],None,None
EXPLOIT_VULN,1699.1967672567482,1699.6661049191946,0.4693376624463781,1,7fb9112a-44c7-4dc3-9f20-1507951ee638,None,None,2,130,2,[],None,None
EXPLOIT_VULN,1699.6661049191946,1702.4611001816754,2.7949952624808247,1,7fb9112a-44c7-4dc3-9f20-1507951ee638,None,None,2,131,2,[],None,None
EXPLOIT_VULN,1702.4611001816754,1703.8347825638327,1.3736823821573125,1,7fb9112a-44c7-4dc3-9f20-1507951ee638,None,None,2,132,2,[],None,None
EXPLOIT_VULN,1703.8347825638327,1707.0838637119157,3.2490811480829507,1,7fb9112a-44c7-4dc3-9f20-1507951ee638,None,None,2,133,2,[],None,None
EXPLOIT_VULN,1707.0838637119157,1709.4590053069294,2.3751415950137016,1,7fb9112a-44c7-4dc3-9f20-1507951ee638,None,None,2,134,2,[],None,None
EXPLOIT_VULN,1709.4590053069294,1714.4642398596256,5.005234552696265,1,7fb9112a-44c7-4dc3-9f20-1507951ee638,None,None,2,135,2,[],network,CompleteTopologyShuffle
SCAN_HOST,1734.6989260940136,1739.6989260940136,5.0,-1,-1,None,None,0,135,2,[],None,None
ENUM_HOST,1739.6989260940136,1744.6989260940136,5.0,-1,-1,None,None,0,135,2,[],None,None
SCAN_PORT,1744.6989260940136,1769.6989260940136,25.0,16,5e0c6288-6ce0-49e3-8e0e-a9f8a7238ebf,None,None,1,135,2,[],None,None
EXPLOIT_VULN,1769.6989260940136,1770.0785763870822,0.3796502930686074,16,5e0c6288-6ce0-49e3-8e0e-a9f8a7238ebf,None,None,1,135,2,[],None,None
EXPLOIT_VULN,1770.0785763870822,1773.0579591683017,2.979382781219556,16,5e0c6288-6ce0-49e3-8e0e-a9f8a7238ebf,None,None,1,136,2,[],None,None
EXPLOIT_VULN,1773.0579591683017,1775.879491307003,2.8215321387012864,16,5e0c6288-6ce0-49e3-8e0e-a9f8a7238ebf,None,None,1,137,2,[],None,None
EXPLOIT_VULN,1775.879491307003,1781.8699658073879,5.990474500384835,16,5e0c6288-6ce0-49e3-8e0e-a9f8a7238ebf,None,None,1,138,2,[],None,None
EXPLOIT_VULN,1781.8699658073879,1789.9181962598288,8.048230452440976,16,5e0c6288-6ce0-49e3-8e0e-a9f8a7238ebf,None,None,1,139,2,[],None,None
EXPLOIT_VULN,1789.9181962598288,1793.281389629885,3.3631933700562513,16,5e0c6288-6ce0-49e3-8e0e-a9f8a7238ebf,None,None,1,140,2,[],None,None
EXPLOIT_VULN,1793.281389629885,1800.2381470271932,6.956757397308138,16,5e0c6288-6ce0-49e3-8e0e-a9f8a7238ebf,None,None,1,141,2,[],None,None
BRUTE_FORCE,1800.2381470271932,1820.2381470271932,20.0,16,5e0c6288-6ce0-49e3-8e0e-a9f8a7238ebf,None,None,1,142,2,[],None,None
ENUM_HOST,1820.2381470271932,1825.2381470271932,5.0,16,5e0c6288-6ce0-49e3-8e0e-a9f8a7238ebf,None,None,1,142,2,[],None,None
SCAN_PORT,1825.2381470271932,1850.2381470271932,25.0,7,fd9364c5-6a05-4323-b555-46dd927e9bea,None,None,2,142,2,[],None,None
EXPLOIT_VULN,1850.2381470271932,1850.444239262868,0.20609223567475965,7,fd9364c5-6a05-4323-b555-46dd927e9bea,None,None,2,142,2,[],None,None
EXPLOIT_VULN,1850.444239262868,1850.867074869491,0.422835606623039,7,fd9364c5-6a05-4323-b555-46dd927e9bea,None,None,2,143,2,[],None,None
EXPLOIT_VULN,1850.867074869491,1852.3575036621753,1.4904287926842699,7,fd9364c5-6a05-4323-b555-46dd927e9bea,None,None,2,144,2,[],None,None
EXPLOIT_VULN,1852.3575036621753,1854.658812703772,2.301309041596596,7,fd9364c5-6a05-4323-b555-46dd927e9bea,None,None,2,145,2,[],None,None
EXPLOIT_VULN,1854.658812703772,1859.0972349904562,4.438422286684272,7,fd9364c5-6a05-4323-b555-46dd927e9bea,None,None,2,146,2,[],None,None
EXPLOIT_VULN,1859.0972349904562,1862.0601889929544,2.962954002498236,7,fd9364c5-6a05-4323-b555-46dd927e9bea,None,None,2,147,2,[],None,None
EXPLOIT_VULN,1862.0601889929544,1869.1494379420415,7.08924894908705,7,fd9364c5-6a05-4323-b555-46dd927e9bea,None,None,2,148,2,[],None,None
EXPLOIT_VULN,1869.1494379420415,1880.6840533336278,11.534615391586385,7,fd9364c5-6a05-4323-b555-46dd927e9bea,None,None,2,149,2,[],None,None
EXPLOIT_VULN,1880.6840533336278,1893.616640339679,12.932587006051108,7,fd9364c5-6a05-4323-b555-46dd927e9bea,None,None,2,150,2,[],None,None
EXPLOIT_VULN,1893.616640339679,1900.7777263644355,7.161086024756514,7,fd9364c5-6a05-4323-b555-46dd927e9bea,None,None,2,151,2,[],None,None
EXPLOIT_VULN,1900.7777263644355,1903.5112672227801,2.733540858344668,7,fd9364c5-6a05-4323-b555-46dd927e9bea,None,None,2,152,2,[],network,IPShuffle
SCAN_HOST,1923.5326979122833,1928.5326979122833,5.0,-1,-1,None,None,0,152,2,[],None,None
ENUM_HOST,1928.5326979122833,1933.5326979122833,5.0,-1,-1,None,None,0,152,2,[],None,None
SCAN_PORT,1933.5326979122833,1958.5326979122833,25.0,7,fd9364c5-6a05-4323-b555-46dd927e9bea,None,None,3,152,2,[],None,None
EXPLOIT_VULN,1958.5326979122833,1959.4872333654473,0.9545354531639987,7,fd9364c5-6a05-4323-b555-46dd927e9bea,None,None,3,152,2,[],None,None
EXPLOIT_VULN,1959.4872333654473,1966.9733467103893,7.486113344941941,7,fd9364c5-6a05-4323-b555-46dd927e9bea,None,None,3,153,2,[],None,None
EXPLOIT_VULN,1966.9733467103893,1974.4871228492727,7.513776138883486,7,fd9364c5-6a05-4323-b555-46dd927e9bea,None,None,3,154,2,[],None,None
EXPLOIT_VULN,1974.4871228492727,1986.0741599363155,11.587037087042745,7,fd9364c5-6a05-4323-b555-46dd927e9bea,None,None,3,155,2,[],None,None
EXPLOIT_VULN,1986.0741599363155,1992.9463211590682,6.872161222752766,7,fd9364c5-6a05-4323-b555-46dd927e9bea,None,None,3,156,2,[],None,None
EXPLOIT_VULN,1992.9463211590682,2014.0556871713045,21.10936601223625,7,fd9364c5-6a05-4323-b555-46dd927e9bea,None,None,3,157,2,[],None,None
EXPLOIT_VULN,2014.0556871713045,2022.646937104747,8.591249933442441,7,fd9364c5-6a05-4323-b555-46dd927e9bea,None,None,3,158,2,[],None,None
EXPLOIT_VULN,2022.646937104747,2029.6865941737763,7.039657069029317,7,fd9364c5-6a05-4323-b555-46dd927e9bea,None,None,3,159,2,[],None,None
EXPLOIT_VULN,2029.6865941737763,2041.5995167077972,11.912922534020936,7,fd9364c5-6a05-4323-b555-46dd927e9bea,None,None,3,160,2,[],None,None
EXPLOIT_VULN,2041.5995167077972,2049.430958274919,7.831441567121601,7,fd9364c5-6a05-4323-b555-46dd927e9bea,None,None,3,161,2,[],None,None
EXPLOIT_VULN,2049.430958274919,2058.095843523636,8.664885248717383,7,fd9364c5-6a05-4323-b555-46dd927e9bea,7,fd9364c5-6a05-4323-b555-46dd927e9bea,3,162,2,"['Jemie', 'Vonnie', 'Adara', 'Edee']",None,None
SCAN_NEIGHBOR,2058.095843523636,2063.095843523636,5.0,7,fd9364c5-6a05-4323-b555-46dd927e9bea,None,None,3,163,3,[],None,None
ENUM_HOST,2063.095843523636,2068.095843523636,5.0,7,fd9364c5-6a05-4323-b555-46dd927e9bea,None,None,3,163,3,[],None,None
SCAN_PORT,2068.095843523636,2084.971515253201,16.8756717295646,16,5e0c6288-6ce0-49e3-8e0e-a9f8a7238ebf,None,None,2,163,3,[],application,OSDiversity
SCAN_PORT,2105.9373111347677,2130.9373111347677,25.0,16,5e0c6288-6ce0-49e3-8e0e-a9f8a7238ebf,None,None,2,163,3,[],None,None
EXPLOIT_VULN,2130.9373111347677,2135.535025199044,4.597714064276261,16,5e0c6288-6ce0-49e3-8e0e-a9f8a7238ebf,None,None,2,163,3,[],None,None
EXPLOIT_VULN,2135.535025199044,2152.0782894934923,16.543264294448363,16,5e0c6288-6ce0-49e3-8e0e-a9f8a7238ebf,None,None,2,164,3,[],None,None
EXPLOIT_VULN,2152.0782894934923,2171.7157057272634,19.63741623377109,16,5e0c6288-6ce0-49e3-8e0e-a9f8a7238ebf,None,None,2,165,3,[],None,None
BRUTE_FORCE,2171.7157057272634,2191.7157057272634,20.0,16,5e0c6288-6ce0-49e3-8e0e-a9f8a7238ebf,None,None,2,166,3,[],None,None
ENUM_HOST,2191.7157057272634,2196.7157057272634,5.0,16,5e0c6288-6ce0-49e3-8e0e-a9f8a7238ebf,None,None,2,166,3,[],None,None
SCAN_PORT,2196.7157057272634,2221.7157057272634,25.0,5,a47f754e-28a2-442b-ac11-33ff7dc1ad7f,None,None,1,166,3,[],None,None
EXPLOIT_VULN,2221.7157057272634,2221.965002086902,0.24929635963871988,5,a47f754e-28a2-442b-ac11-33ff7dc1ad7f,None,None,1,166,3,[],None,None
EXPLOIT_VULN,2221.965002086902,2224.7682078787,2.8032057917980637,5,a47f754e-28a2-442b-ac11-33ff7dc1ad7f,None,None,1,167,3,[],None,None
EXPLOIT_VULN,2224.7682078787,2235.082812201208,10.314604322507876,5,a47f754e-28a2-442b-ac11-33ff7dc1ad7f,None,None,1,168,3,[],None,None
EXPLOIT_VULN,2235.082812201208,2245.9292872822357,10.84647508102762,5,a47f754e-28a2-442b-ac11-33ff7dc1ad7f,None,None,1,169,3,[],None,None
EXPLOIT_VULN,2245.9292872822357,2256.304227739157,10.374940456921195,5,a47f754e-28a2-442b-ac11-33ff7dc1ad7f,None,None,1,170,3,[],None,None
EXPLOIT_VULN,2256.304227739157,2263.770161367042,7.465933627885079,5,a47f754e-28a2-442b-ac11-33ff7dc1ad7f,None,None,1,171,3,[],None,None
EXPLOIT_VULN,2263.770161367042,2270.56481758865,6.794656221607966,5,a47f754e-28a2-442b-ac11-33ff7dc1ad7f,None,None,1,172,3,[],None,None
EXPLOIT_VULN,2270.56481758865,2275.040650141586,4.475832552936026,5,a47f754e-28a2-442b-ac11-33ff7dc1ad7f,None,None,1,173,3,[],application,ServiceDiversity
SCAN_PORT,2297.2762487293244,2322.2762487293244,25.0,5,a47f754e-28a2-442b-ac11-33ff7dc1ad7f,None,None,1,173,3,[],None,None
EXPLOIT_VULN,2322.2762487293244,2322.540393256003,0.26414452667859223,5,a47f754e-28a2-442b-ac11-33ff7dc1ad7f,None,None,1,173,3,[],None,None
EXPLOIT_VULN,2322.540393256003,2323.214374602131,0.6739813461281301,5,a47f754e-28a2-442b-ac11-33ff7dc1ad7f,None,None,1,174,3,[],None,None
EXPLOIT_VULN,2323.214374602131,2325.661011985796,2.4466373836648927,5,a47f754e-28a2-442b-ac11-33ff7dc1ad7f,None,None,1,175,3,[],None,None
EXPLOIT_VULN,2325.661011985796,2326.9932989735544,1.3322869877583798,5,a47f754e-28a2-442b-ac11-33ff7dc1ad7f,None,None,1,176,3,[],None,None
EXPLOIT_VULN,2326.9932989735544,2330.467199826494,3.4739008529395505,5,a47f754e-28a2-442b-ac11-33ff7dc1ad7f,None,None,1,177,3,[],None,None
EXPLOIT_VULN,2330.467199826494,2334.2175341363245,3.7503343098305777,5,a47f754e-28a2-442b-ac11-33ff7dc1ad7f,None,None,1,178,3,[],None,None
EXPLOIT_VULN,2334.2175341363245,2346.111872081457,11.89433794513252,5,a47f754e-28a2-442b-ac11-33ff7dc1ad7f,None,None,1,179,3,[],None,None
EXPLOIT_VULN,2346.111872081457,2349.1403343664383,3.0284622849812877,5,a47f754e-28a2-442b-ac11-33ff7dc1ad7f,None,None,1,180,3,[],None,None
EXPLOIT_VULN,2349.1403343664383,2359.2403552369015,10.10002087046314,5,a47f754e-28a2-442b-ac11-33ff7dc1ad7f,None,None,1,181,3,[],None,None
EXPLOIT_VULN,2359.2403552369015,2374.496171293494,15.255816056592721,5,a47f754e-28a2-442b-ac11-33ff7dc1ad7f,None,None,1,182,3,[],None,None
EXPLOIT_VULN,2374.496171293494,2381.626272278678,7.130100985183617,5,a47f754e-28a2-442b-ac11-33ff7dc1ad7f,None,None,1,183,3,[],None,None
EXPLOIT_VULN,2381.626272278678,2384.325738795874,2.699466517196015,5,a47f754e-28a2-442b-ac11-33ff7dc1ad7f,None,None,1,184,3,[],None,None
EXPLOIT_VULN,2384.325738795874,2404.032033550977,19.706294755103045,5,a47f754e-28a2-442b-ac11-33ff7dc1ad7f,None,None,1,185,3,[],None,None
EXPLOIT_VULN,2404.032033550977,2424.3813058130377,20.349272262060822,5,a47f754e-28a2-442b-ac11-33ff7dc1ad7f,None,None,1,186,3,[],None,None
EXPLOIT_VULN,2424.3813058130377,2444.6839115764146,20.30260576337696,5,a47f754e-28a2-442b-ac11-33ff7dc1ad7f,None,None,1,187,3,[],None,None
EXPLOIT_VULN,2444.6839115764146,2448.7259449238145,4.042033347399865,5,a47f754e-28a2-442b-ac11-33ff7dc1ad7f,None,None,1,188,3,[],None,None
EXPLOIT_VULN,2448.7259449238145,2470.6786121327054,21.952667208890944,5,a47f754e-28a2-442b-ac11-33ff7dc1ad7f,None,None,1,189,3,[],None,None
EXPLOIT_VULN,2470.6786121327054,2474.6440790681822,3.9654669354767975,5,a47f754e-28a2-442b-ac11-33ff7dc1ad7f,None,None,1,190,3,[],None,None
BRUTE_FORCE,2474.6440790681822,2494.6440790681822,20.0,5,a47f754e-28a2-442b-ac11-33ff7dc1ad7f,None,None,1,191,3,[],None,None
ENUM_HOST,2494.6440790681822,2499.6440790681822,5.0,5,a47f754e-28a2-442b-ac11-33ff7dc1ad7f,None,None,1,191,3,[],None,None
ENUM_HOST,2499.6440790681822,2504.6440790681822,5.0,9,ec92a6ad-2b42-4e29-93d4-5875f42d31f0,None,None,3,191,3,[],None,None
SCAN_PORT,2504.6440790681822,2515.288916570488,10.644837502305563,10,d79c0963-4a36-42b2-9ec4-1e466a44227f,None,None,1,191,3,[],network,CompleteTopologyShuffle
SCAN_HOST,2536.8013942473995,2541.8013942473995,5.0,-1,-1,None,None,0,191,3,[],None,None
ENUM_HOST,2541.8013942473995,2546.8013942473995,5.0,-1,-1,None,None,0,191,3,[],None,None
SCAN_PORT,2546.8013942473995,2571.8013942473995,25.0,13,01a01711-040d-452c-a030-4b7ed8cd1de4,13,01a01711-040d-452c-a030-4b7ed8cd1de4,1,191,3,['Wally'],None,None
SCAN_NEIGHBOR,2571.8013942473995,2576.8013942473995,5.0,13,01a01711-040d-452c-a030-4b7ed8cd1de4,None,None,1,191,4,[],None,None
ENUM_HOST,2576.8013942473995,2581.8013942473995,5.0,13,01a01711-040d-452c-a030-4b7ed8cd1de4,None,None,1,191,4,[],None,None
SCAN_PORT,2581.8013942473995,2606.8013942473995,25.0,24,e9bc77a2-2b34-4047-bde3-7181cf9dfd37,None,None,1,191,4,[],None,None
EXPLOIT_VULN,2606.8013942473995,2607.1221519307464,0.32075768334698296,24,e9bc77a2-2b34-4047-bde3-7181cf9dfd37,None,None,1,191,4,[],None,None
EXPLOIT_VULN,2607.1221519307464,2607.182524136042,0.06037220529560727,24,e9bc77a2-2b34-4047-bde3-7181cf9dfd37,None,None,1,192,4,[],None,None
EXPLOIT_VULN,2607.182524136042,2610.175416110771,2.992891974728991,24,e9bc77a2-2b34-4047-bde3-7181cf9dfd37,None,None,1,193,4,[],None,None
EXPLOIT_VULN,2610.175416110771,2611.507007980859,1.3315918700877774,24,e9bc77a2-2b34-4047-bde3-7181cf9dfd37,None,None,1,194,4,[],None,None
EXPLOIT_VULN,2611.507007980859,2615.589573729328,4.082565748469278,24,e9bc77a2-2b34-4047-bde3-7181cf9dfd37,None,None,1,195,4,[],None,None
EXPLOIT_VULN,2615.589573729328,2618.099978591635,2.510404862307041,24,e9bc77a2-2b34-4047-bde3-7181cf9dfd37,None,None,1,196,4,[],None,None
EXPLOIT_VULN,2618.099978591635,2624.9066452080942,6.806666616459097,24,e9bc77a2-2b34-4047-bde3-7181cf9dfd37,None,None,1,197,4,[],None,None
EXPLOIT_VULN,2624.9066452080942,2626.7106939219493,1.8040487138550816,24,e9bc77a2-2b34-4047-bde3-7181cf9dfd37,None,None,1,198,4,[],None,None
EXPLOIT_VULN,2626.7106939219493,2629.06789434244,2.357200420490699,24,e9bc77a2-2b34-4047-bde3-7181cf9dfd37,None,None,1,199,4,[],None,None
EXPLOIT_VULN,2629.06789434244,2635.34379870041,6.275904357969921,24,e9bc77a2-2b34-4047-bde3-7181cf9dfd37,None,None,1,200,4,[],None,None
EXPLOIT_VULN,2635.34379870041,2641.714455348805,6.370656648395197,24,e9bc77a2-2b34-4047-bde3-7181cf9dfd37,None,None,1,201,4,[],None,None
EXPLOIT_VULN,2641.714455348805,2648.319046291699,6.604590942893992,24,e9bc77a2-2b34-4047-bde3-7181cf9dfd37,None,None,1,202,4,[],None,None
EXPLOIT_VULN,2648.319046291699,2655.508409132489,7.189362840789727,24,e9bc77a2-2b34-4047-bde3-7181cf9dfd37,None,None,1,203,4,[],None,None
EXPLOIT_VULN,2655.508409132489,2662.574119429158,7.065710296669295,24,e9bc77a2-2b34-4047-bde3-7181cf9dfd37,None,None,1,204,4,[],None,None
EXPLOIT_VULN,2662.574119429158,2669.657740105733,7.08362067657481,24,e9bc77a2-2b34-4047-bde3-7181cf9dfd37,None,None,1,205,4,[],None,None
EXPLOIT_VULN,2669.657740105733,2677.923149428307,8.265409322574214,24,e9bc77a2-2b34-4047-bde3-7181cf9dfd37,None,None,1,206,4,[],None,None
EXPLOIT_VULN,2677.923149428307,2687.1886919102117,9.265542481904504,24,e9bc77a2-2b34-4047-bde3-7181cf9dfd37,None,None,1,207,4,[],None,None
EXPLOIT_VULN,2687.1886919102117,2690.0504790786345,2.8617871684227794,24,e9bc77a2-2b34-4047-bde3-7181cf9dfd37,None,None,1,208,4,[],None,None
EXPLOIT_VULN,2690.0504790786345,2698.8577182046924,8.807239126057993,24,e9bc77a2-2b34-4047-bde3-7181cf9dfd37,None,None,1,209,4,[],None,None
EXPLOIT_VULN,2698.8577182046924,2706.0891405543466,7.231422349654167,24,e9bc77a2-2b34-4047-bde3-7181cf9dfd37,None,None,1,210,4,[],None,None
EXPLOIT_VULN,2706.0891405543466,2706.387964448307,0.2988238939601615,24,e9bc77a2-2b34-4047-bde3-7181cf9dfd37,None,None,1,211,4,[],network,IPShuffle
SCAN_HOST,2731.5001384934444,2736.5001384934444,5.0,-1,-1,None,None,0,211,4,[],None,None
ENUM_HOST,2736.5001384934444,2741.5001384934444,5.0,-1,-1,None,None,0,211,4,[],None,None
SCAN_PORT,2741.5001384934444,2766.5001384934444,25.0,5,a47f754e-28a2-442b-ac11-33ff7dc1ad7f,None,None,2,211,4,[],None,None
EXPLOIT_VULN,2766.5001384934444,2769.6016126746435,3.101474181199137,5,a47f754e-28a2-442b-ac11-33ff7dc1ad7f,None,None,2,211,4,[],None,None
EXPLOIT_VULN,2769.6016126746435,2772.8055591276043,3.2039464529607358,5,a47f754e-28a2-442b-ac11-33ff7dc1ad7f,None,None,2,212,4,[],None,None
EXPLOIT_VULN,2772.8055591276043,2776.8606804888473,4.055121361242982,5,a47f754e-28a2-442b-ac11-33ff7dc1ad7f,None,None,2,213,4,[],None,None
EXPLOIT_VULN,2776.8606804888473,2781.633708775842,4.773028286994759,5,a47f754e-28a2-442b-ac11-33ff7dc1ad7f,None,None,2,214,4,[],None,None
EXPLOIT_VULN,2781.633708775842,2793.495417556532,11.861708780690151,5,a47f754e-28a2-442b-ac11-33ff7dc1ad7f,None,None,2,215,4,[],None,None
EXPLOIT_VULN,2793.495417556532,2800.7002291836898,7.204811627157596,5,a47f754e-28a2-442b-ac11-33ff7dc1ad7f,None,None,2,216,4,[],None,None
EXPLOIT_VULN,2800.7002291836898,2816.0213450467495,15.321115863059731,5,a47f754e-28a2-442b-ac11-33ff7dc1ad7f,None,None,2,217,4,[],None,None
EXPLOIT_VULN,2816.0213450467495,2822.689712865271,6.668367818521347,5,a47f754e-28a2-442b-ac11-33ff7dc1ad7f,None,None,2,218,4,[],None,None
EXPLOIT_VULN,2822.689712865271,2843.119054759962,20.429341894691333,5,a47f754e-28a2-442b-ac11-33ff7dc1ad7f,None,None,2,219,4,[],None,None
EXPLOIT_VULN,2843.119054759962,2851.209797290025,8.090742530062926,5,a47f754e-28a2-442b-ac11-33ff7dc1ad7f,None,None,2,220,4,[],None,None
EXPLOIT_VULN,2851.209797290025,2871.992145296582,20.78234800655673,5,a47f754e-28a2-442b-ac11-33ff7dc1ad7f,None,None,2,221,4,[],None,None
EXPLOIT_VULN,2871.992145296582,2885.638154775463,13.646009478881297,5,a47f754e-28a2-442b-ac11-33ff7dc1ad7f,None,None,2,222,4,[],application,OSDiversity
SCAN_PORT,2905.8153646839573,2930.8153646839573,25.0,5,a47f754e-28a2-442b-ac11-33ff7dc1ad7f,None,None,2,222,4,[],None,None
EXPLOIT_VULN,2930.8153646839573,2932.2616933435474,1.4463286595901081,5,a47f754e-28a2-442b-ac11-33ff7dc1ad7f,None,None,2,222,4,[],None,None
EXPLOIT_VULN,2932.2616933435474,2932.8877838012545,0.6260904577070505,5,a47f754e-28a2-442b-ac11-33ff7dc1ad7f,None,None,2,223,4,[],None,None
EXPLOIT_VULN,2932.8877838012545,2935.7030830852345,2.815299283980039,5,a47f754e-28a2-442b-ac11-33ff7dc1ad7f,None,None,2,224,4,[],None,None
EXPLOIT_VULN,2935.7030830852345,2936.9348295699633,1.2317464847287738,5,a47f754e-28a2-442b-ac11-33ff7dc1ad7f,None,None,2,225,4,[],None,None
EXPLOIT_VULN,2936.9348295699633,2939.7985609642133,2.863731394249953,5,a47f754e-28a2-442b-ac11-33ff7dc1ad7f,None,None,2,226,4,[],None,None
EXPLOIT_VULN,2939.7985609642133,2943.4417319565073,3.643170992294017,5,a47f754e-28a2-442b-ac11-33ff7dc1ad7f,None,None,2,227,4,[],None,None
EXPLOIT_VULN,2943.4417319565073,2949.1659927788146,5.724260822307315,5,a47f754e-28a2-442b-ac11-33ff7dc1ad7f,None,None,2,228,4,[],None,None
EXPLOIT_VULN,2949.1659927788146,2952.8550126215787,3.6890198427640826,5,a47f754e-28a2-442b-ac11-33ff7dc1ad7f,None,None,2,229,4,[],None,None
EXPLOIT_VULN,2952.8550126215787,2956.3377911519815,3.482778530402811,5,a47f754e-28a2-442b-ac11-33ff7dc1ad7f,None,None,2,230,4,[],None,None
EXPLOIT_VULN,2956.3377911519815,2960.020935200703,3.683144048721715,5,a47f754e-28a2-442b-ac11-33ff7dc1ad7f,None,None,2,231,4,[],None,None
EXPLOIT_VULN,2960.020935200703,2965.9780623764136,5.957127175710411,5,a47f754e-28a2-442b-ac11-33ff7dc1ad7f,None,None,2,232,4,[],None,None
EXPLOIT_VULN,2965.9780623764136,2971.947533030781,5.969470654367342,5,a47f754e-28a2-442b-ac11-33ff7dc1ad7f,None,None,2,233,4,[],None,None
EXPLOIT_VULN,2971.947533030781,2976.4133999141545,4.465866883373565,5,a47f754e-28a2-442b-ac11-33ff7dc1ad7f,None,None,2,234,4,[],None,None
EXPLOIT_VULN,2976.4133999141545,2982.6009146142464,6.187514700091924,5,a47f754e-28a2-442b-ac11-33ff7dc1ad7f,None,None,2,235,4,[],None,None
EXPLOIT_VULN,2982.6009146142464,2989.235193906298,6.63427929205136,5,a47f754e-28a2-442b-ac11-33ff7dc1ad7f,None,None,2,236,4,[],None,None
EXPLOIT_VULN,2989.235193906298,2992.262184003266,3.0269900969683476,5,a47f754e-28a2-442b-ac11-33ff7dc1ad7f,None,None,2,237,4,[],None,None
EXPLOIT_VULN,2992.262184003266,2995.466855009951,3.204671006684748,5,a47f754e-28a2-442b-ac11-33ff7dc1ad7f,None,None,2,238,4,[],None,None
EXPLOIT_VULN,2995.466855009951,3002.078606469334,6.611751459382958,5,a47f754e-28a2-442b-ac11-33ff7dc1ad7f,None,None,2,239,4,[],None,None
EXPLOIT_VULN,3002.078606469334,3010.3635345561547,8.284928086820855,5,a47f754e-28a2-442b-ac11-33ff7dc1ad7f,None,None,2,240,4,[],None,None
EXPLOIT_VULN,3010.3635345561547,3011.7716250002577,1.4080904441029816,5,a47f754e-28a2-442b-ac11-33ff7dc1ad7f,None,None,2,241,4,[],None,None
BRUTE_FORCE,3011.7716250002577,3031.7716250002577,20.0,5,a47f754e-28a2-442b-ac11-33ff7dc1ad7f,None,None,2,242,4,[],None,None
ENUM_HOST,3031.7716250002577,3036.7716250002577,5.0,5,a47f754e-28a2-442b-ac11-33ff7dc1ad7f,None,None,2,242,4,[],None,None
SCAN_PORT,3036.7716250002577,3061.7716250002577,25.0,10,d79c0963-4a36-42b2-9ec4-1e466a44227f,None,None,2,242,4,[],None,None
EXPLOIT_VULN,3061.7716250002577,3065.152155311918,3.3805303116600953,10,d79c0963-4a36-42b2-9ec4-1e466a44227f,None,None,2,242,4,[],None,None
EXPLOIT_VULN,3065.152155311918,3073.2160980766976,8.063942764779767,10,d79c0963-4a36-42b2-9ec4-1e466a44227f,None,None,2,243,4,[],None,None
EXPLOIT_VULN,3073.2160980766976,3076.6612022037625,3.445104127064951,10,d79c0963-4a36-42b2-9ec4-1e466a44227f,None,None,2,244,4,[],application,ServiceDiversity
SCAN_PORT,3097.18307240187,3122.18307240187,25.0,10,d79c0963-4a36-42b2-9ec4-1e466a44227f,None,None,2,244,4,[],None,None
EXPLOIT_VULN,3122.18307240187,3127.929531218788,5.746458816917766,10,d79c0963-4a36-42b2-9ec4-1e466a44227f,None,None,2,244,4,[],None,None
EXPLOIT_VULN,3127.929531218788,3129.0080609667293,1.0785297479415021,10,d79c0963-4a36-42b2-9ec4-1e466a44227f,None,None,2,245,4,[],None,None
EXPLOIT_VULN,3129.0080609667293,3146.938919338845,17.930858372115836,10,d79c0963-4a36-42b2-9ec4-1e466a44227f,None,None,2,246,4,[],None,None
EXPLOIT_VULN,3146.938919338845,3166.3421556795165,19.403236340671356,10,d79c0963-4a36-42b2-9ec4-1e466a44227f,None,None,2,247,4,[],None,None
EXPLOIT_VULN,3166.3421556795165,3172.9268084207547,6.5846527412381874,10,d79c0963-4a36-42b2-9ec4-1e466a44227f,None,None,2,248,4,[],None,None
BRUTE_FORCE,3172.9268084207547,3192.9268084207547,20.0,10,d79c0963-4a36-42b2-9ec4-1e466a44227f,None,None,2,249,4,[],None,None
ENUM_HOST,3192.9268084207547,3197.9268084207547,5.0,10,d79c0963-4a36-42b2-9ec4-1e466a44227f,None,None,2,249,4,[],None,None
SCAN_PORT,3197.9268084207547,3222.9268084207547,25.0,15,0c4aa51a-0b8c-4175-b9e6-46cfe860e67b,None,None,1,249,4,[],None,None
EXPLOIT_VULN,3222.9268084207547,3223.5415155989526,0.6147071781979321,15,0c4aa51a-0b8c-4175-b9e6-46cfe860e67b,None,None,1,249,4,[],None,None
EXPLOIT_VULN,3223.5415155989526,3225.6840284958357,2.1425128968830904,15,0c4aa51a-0b8c-4175-b9e6-46cfe860e67b,None,None,1,250,4,[],None,None
EXPLOIT_VULN,3225.6840284958357,3226.534694791611,0.8506662957752269,15,0c4aa51a-0b8c-4175-b9e6-46cfe860e67b,None,None,1,251,4,[],None,None
EXPLOIT_VULN,3226.534694791611,3228.8798639972792,2.3451692056682987,15,0c4aa51a-0b8c-4175-b9e6-46cfe860e67b,None,None,1,252,4,[],None,None
EXPLOIT_VULN,3228.8798639972792,3232.1362029921825,3.256338994903217,15,0c4aa51a-0b8c-4175-b9e6-46cfe860e67b,None,None,1,253,4,[],None,None
EXPLOIT_VULN,3232.1362029921825,3233.6331219573403,1.4969189651578745,15,0c4aa51a-0b8c-4175-b9e6-46cfe860e67b,None,None,1,254,4,[],None,None
EXPLOIT_VULN,3233.6331219573403,3238.8252465696187,5.192124612278349,15,0c4aa51a-0b8c-4175-b9e6-46cfe860e67b,None,None,1,255,4,[],None,None
EXPLOIT_VULN,3238.8252465696187,3242.110554654937,3.28530808531832,15,0c4aa51a-0b8c-4175-b9e6-46cfe860e67b,None,None,1,256,4,[],None,None
EXPLOIT_VULN,3242.110554654937,3244.302071717283,2.1915170623460654,15,0c4aa51a-0b8c-4175-b9e6-46cfe860e67b,None,None,1,257,4,[],None,None
EXPLOIT_VULN,3244.302071717283,3255.1773384081644,10.87526669088129,15,0c4aa51a-0b8c-4175-b9e6-46cfe860e67b,None,None,1,258,4,[],None,None
EXPLOIT_VULN,3255.1773384081644,3260.537873975437,5.360535567272564,15,0c4aa51a-0b8c-4175-b9e6-46cfe860e67b,None,None,1,259,4,[],None,None
EXPLOIT_VULN,3260.537873975437,3262.7719093478086,2.234035372371636,15,0c4aa51a-0b8c-4175-b9e6-46cfe860e67b,None,None,1,260,4,[],None,None
EXPLOIT_VULN,3262.7719093478086,3266.8923212965933,4.120411948784749,15,0c4aa51a-0b8c-4175-b9e6-46cfe860e67b,None,None,1,261,4,[],None,None
EXPLOIT_VULN,3266.8923212965933,3269.8848496579744,2.992528361381119,15,0c4aa51a-0b8c-4175-b9e6-46cfe860e67b,None,None,1,262,4,[],None,None
EXPLOIT_VULN,3269.8848496579744,3272.4333282338894,2.5484785759149418,15,0c4aa51a-0b8c-4175-b9e6-46cfe860e67b,None,None,1,263,4,[],None,None
EXPLOIT_VULN,3272.4333282338894,3277.7375244879263,5.304196254036924,15,0c4aa51a-0b8c-4175-b9e6-46cfe860e67b,None,None,1,264,4,[],None,None
EXPLOIT_VULN,3277.7375244879263,3291.464073124052,13.726548636125699,15,0c4aa51a-0b8c-4175-b9e6-46cfe860e67b,None,None,1,265,4,[],None,None
EXPLOIT_VULN,3291.464073124052,3295.9179659799784,4.4538928559263695,15,0c4aa51a-0b8c-4175-b9e6-46cfe860e67b,None,None,1,266,4,[],None,None
EXPLOIT_VULN,3295.9179659799784,3301.755393054415,5.837427074436619,15,0c4aa51a-0b8c-4175-b9e6-46cfe860e67b,None,None,1,267,4,[],None,None
EXPLOIT_VULN,3301.755393054415,3316.6344083030344,14.879015248619453,15,0c4aa51a-0b8c-4175-b9e6-46cfe860e67b,None,None,1,268,4,[],network,CompleteTopologyShuffle
SCAN_HOST,3337.385194515395,3342.385194515395,5.0,-1,-1,None,None,0,268,4,[],None,None
ENUM_HOST,3342.385194515395,3347.385194515395,5.0,-1,-1,None,None,0,268,4,[],None,None
SCAN_PORT,3347.385194515395,3372.385194515395,25.0,11,1c46076f-ea2d-4800-9a61-c6d6398aa328,None,None,1,268,4,[],None,None
EXPLOIT_VULN,3372.385194515395,3374.5860524595414,2.2008579441462643,11,1c46076f-ea2d-4800-9a61-c6d6398aa328,None,None,1,268,4,[],None,None
EXPLOIT_VULN,3374.5860524595414,3379.3786614115993,4.79260895205789,11,1c46076f-ea2d-4800-9a61-c6d6398aa328,None,None,1,269,4,[],None,None
EXPLOIT_VULN,3379.3786614115993,3382.256268411975,2.8776070003755194,11,1c46076f-ea2d-4800-9a61-c6d6398aa328,None,None,1,270,4,[],None,None
EXPLOIT_VULN,3382.256268411975,3389.460901351112,7.204632939137355,11,1c46076f-ea2d-4800-9a61-c6d6398aa328,None,None,1,271,4,[],None,None
EXPLOIT_VULN,3389.460901351112,3397.7245853180602,8.263683966948065,11,1c46076f-ea2d-4800-9a61-c6d6398aa328,None,None,1,272,4,[],None,None
EXPLOIT_VULN,3397.7245853180602,3404.328146961897,6.603561643836656,11,1c46076f-ea2d-4800-9a61-c6d6398aa328,None,None,1,273,4,[],None,None
EXPLOIT_VULN,3404.328146961897,3410.475935151614,6.1477881897171756,11,1c46076f-ea2d-4800-9a61-c6d6398aa328,None,None,1,274,4,[],None,None
EXPLOIT_VULN,3410.475935151614,3418.682333916904,8.206398765290032,11,1c46076f-ea2d-4800-9a61-c6d6398aa328,None,None,1,275,4,[],None,None
EXPLOIT_VULN,3418.682333916904,3426.0714826392013,7.38914872229725,11,1c46076f-ea2d-4800-9a61-c6d6398aa328,None,None,1,276,4,[],None,None
BRUTE_FORCE,3426.0714826392013,3446.0714826392013,20.0,11,1c46076f-ea2d-4800-9a61-c6d6398aa328,None,None,1,277,4,[],None,None
ENUM_HOST,3446.0714826392013,3451.0714826392013,5.0,11,1c46076f-ea2d-4800-9a61-c6d6398aa328,None,None,1,277,4,[],None,None
SCAN_PORT,3451.0714826392013,3476.0714826392013,25.0,24,e9bc77a2-2b34-4047-bde3-7181cf9dfd37,None,None,2,277,4,[],None,None
EXPLOIT_VULN,3476.0714826392013,3476.5207797957364,0.4492971565350672,24,e9bc77a2-2b34-4047-bde3-7181cf9dfd37,None,None,2,277,4,[],None,None
EXPLOIT_VULN,3476.5207797957364,3477.7703416721715,1.2495618764351093,24,e9bc77a2-2b34-4047-bde3-7181cf9dfd37,None,None,2,278,4,[],None,None
EXPLOIT_VULN,3477.7703416721715,3479.1004262580286,1.3300845858570938,24,e9bc77a2-2b34-4047-bde3-7181cf9dfd37,None,None,2,279,4,[],None,None
EXPLOIT_VULN,3479.1004262580286,3480.99551592046,1.8950896624314737,24,e9bc77a2-2b34-4047-bde3-7181cf9dfd37,None,None,2,280,4,[],None,None
EXPLOIT_VULN,3480.99551592046,3484.1227231294392,3.1272072089791436,24,e9bc77a2-2b34-4047-bde3-7181cf9dfd37,None,None,2,281,4,[],None,None
EXPLOIT_VULN,3484.1227231294392,3485.115926420324,0.993203290884594,24,e9bc77a2-2b34-4047-bde3-7181cf9dfd37,None,None,2,282,4,[],None,None
EXPLOIT_VULN,3485.115926420324,3486.308384239047,1.1924578187231418,24,e9bc77a2-2b34-4047-bde3-7181cf9dfd37,None,None,2,283,4,[],None,None
EXPLOIT_VULN,3486.308384239047,3492.1070695190856,5.798685280038626,24,e9bc77a2-2b34-4047-bde3-7181cf9dfd37,None,None,2,284,4,[],None,None
EXPLOIT_VULN,3492.1070695190856,3493.344743086939,1.2376735678535624,24,e9bc77a2-2b34-4047-bde3-7181cf9dfd37,None,None,2,285,4,[],None,None
EXPLOIT_VULN,3493.344743086939,3502.787714145417,9.442971058477724,24,e9bc77a2-2b34-4047-bde3-7181cf9dfd37,None,None,2,286,4,[],None,None
EXPLOIT_VULN,3502.787714145417,3506.4696418102185,3.6819276648016057,24,e9bc77a2-2b34-4047-bde3-7181cf9dfd37,None,None,2,287,4,[],network,IPShuffle
SCAN_HOST,3526.7353734563508,3531.7353734563508,5.0,-1,-1,None,None,0,287,4,[],None,None
ENUM_HOST,3531.7353734563508,3536.7353734563508,5.0,-1,-1,None,None,0,287,4,[],None,None
SCAN_PORT,3536.7353734563508,3561.7353734563508,25.0,8,024a49ed-aa41-48c9-86e9-79d40e6b5fd2,None,None,1,287,4,[],None,None
EXPLOIT_VULN,3561.7353734563508,3563.456227831718,1.720854375367253,8,024a49ed-aa41-48c9-86e9-79d40e6b5fd2,None,None,1,287,4,[],None,None
EXPLOIT_VULN,3563.456227831718,3568.155340603286,4.699112771567798,8,024a49ed-aa41-48c9-86e9-79d40e6b5fd2,None,None,1,288,4,[],None,None
EXPLOIT_VULN,3568.155340603286,3569.5850185663194,1.429677963033555,8,024a49ed-aa41-48c9-86e9-79d40e6b5fd2,None,None,1,289,4,[],None,None
EXPLOIT_VULN,3569.5850185663194,3571.2504734182235,1.6654548519040873,8,024a49ed-aa41-48c9-86e9-79d40e6b5fd2,None,None,1,290,4,[],None,None
EXPLOIT_VULN,3571.2504734182235,3578.5767348674253,7.326261449201866,8,024a49ed-aa41-48c9-86e9-79d40e6b5fd2,None,None,1,291,4,[],None,None
EXPLOIT_VULN,3578.5767348674253,3581.2549146360016,2.6781797685762285,8,024a49ed-aa41-48c9-86e9-79d40e6b5fd2,None,None,1,292,4,[],None,None
EXPLOIT_VULN,3581.2549146360016,3583.845536663316,2.5906220273145664,8,024a49ed-aa41-48c9-86e9-79d40e6b5fd2,None,None,1,293,4,[],None,None
EXPLOIT_VULN,3583.845536663316,3590.7573887916824,6.911852128366263,8,024a49ed-aa41-48c9-86e9-79d40e6b5fd2,None,None,1,294,4,[],None,None
EXPLOIT_VULN,3590.7573887916824,3600.931860266419,10.174471474736492,8,024a49ed-aa41-48c9-86e9-79d40e6b5fd2,None,None,1,295,4,[],None,None
EXPLOIT_VULN,3600.931860266419,3604.1358761700826,3.2040159036637306,8,024a49ed-aa41-48c9-86e9-79d40e6b5fd2,None,None,1,296,4,[],None,None
EXPLOIT_VULN,3604.1358761700826,3616.9677503555854,12.831874185502784,8,024a49ed-aa41-48c9-86e9-79d40e6b5fd2,None,None,1,297,4,[],None,None
EXPLOIT_VULN,3616.9677503555854,3620.975161386961,4.007411031375796,8,024a49ed-aa41-48c9-86e9-79d40e6b5fd2,None,None,1,298,4,[],None,None
EXPLOIT_VULN,3620.975161386961,3631.2801838292826,10.305022442321388,8,024a49ed-aa41-48c9-86e9-79d40e6b5fd2,None,None,1,299,4,[],None,None
EXPLOIT_VULN,3631.2801838292826,3634.582223849584,3.3020400203013196,8,024a49ed-aa41-48c9-86e9-79d40e6b5fd2,None,None,1,300,4,[],None,None
EXPLOIT_VULN,3634.582223849584,3651.012285140533,16.430061290949197,8,024a49ed-aa41-48c9-86e9-79d40e6b5fd2,None,None,1,301,4,[],None,None
EXPLOIT_VULN,3651.012285140533,3658.5252495150967,7.51296437456358,8,024a49ed-aa41-48c9-86e9-79d40e6b5fd2,None,None,1,302,4,[],None,None
EXPLOIT_VULN,3658.5252495150967,3667.490153254389,8.964903739292367,8,024a49ed-aa41-48c9-86e9-79d40e6b5fd2,None,None,1,303,4,[],None,None
EXPLOIT_VULN,3667.490153254389,3675.817331044934,8.327177790544738,8,024a49ed-aa41-48c9-86e9-79d40e6b5fd2,None,None,1,304,4,[],None,None
EXPLOIT_VULN,3675.817331044934,3682.60313568507,6.785804640136121,8,024a49ed-aa41-48c9-86e9-79d40e6b5fd2,None,None,1,305,4,[],None,None
BRUTE_FORCE,3682.60313568507,3687.2302224321234,4.627086747053454,8,024a49ed-aa41-48c9-86e9-79d40e6b5fd2,None,None,1,306,4,[],application,OSDiversity
SCAN_PORT,3707.4065253708045,3732.4065253708045,25.0,8,024a49ed-aa41-48c9-86e9-79d40e6b5fd2,None,None,1,306,4,[],None,None
EXPLOIT_VULN,3732.4065253708045,3733.14208587127,0.7355605004654535,8,024a49ed-aa41-48c9-86e9-79d40e6b5fd2,None,None,1,306,4,[],None,None
EXPLOIT_VULN,3733.14208587127,3737.232394662422,4.090308791151983,8,024a49ed-aa41-48c9-86e9-79d40e6b5fd2,None,None,1,307,4,[],None,None
EXPLOIT_VULN,3737.232394662422,3740.043910038851,2.81151537642927,8,024a49ed-aa41-48c9-86e9-79d40e6b5fd2,None,None,1,308,4,[],None,None
EXPLOIT_VULN,3740.043910038851,3742.5556016514956,2.5116916126444266,8,024a49ed-aa41-48c9-86e9-79d40e6b5fd2,None,None,1,309,4,[],None,None
EXPLOIT_VULN,3742.5556016514956,3743.945725006451,1.390123354955449,8,024a49ed-aa41-48c9-86e9-79d40e6b5fd2,None,None,1,310,4,[],None,None
EXPLOIT_VULN,3743.945725006451,3748.9524264349507,5.006701428499582,8,024a49ed-aa41-48c9-86e9-79d40e6b5fd2,None,None,1,311,4,[],None,None
EXPLOIT_VULN,3748.9524264349507,3753.2416288767863,4.289202441835641,8,024a49ed-aa41-48c9-86e9-79d40e6b5fd2,None,None,1,312,4,[],None,None
EXPLOIT_VULN,3753.2416288767863,3763.8056629705075,10.564034093721148,8,024a49ed-aa41-48c9-86e9-79d40e6b5fd2,None,None,1,313,4,[],None,None
EXPLOIT_VULN,3763.8056629705075,3770.32542238526,6.519759414752571,8,024a49ed-aa41-48c9-86e9-79d40e6b5fd2,None,None,1,314,4,[],None,None
EXPLOIT_VULN,3770.32542238526,3775.5423240842074,5.2169016989473675,8,024a49ed-aa41-48c9-86e9-79d40e6b5fd2,None,None,1,315,4,[],None,None
EXPLOIT_VULN,3775.5423240842074,3779.9447941688168,4.4024700846093765,8,024a49ed-aa41-48c9-86e9-79d40e6b5fd2,None,None,1,316,4,[],None,None
EXPLOIT_VULN,3779.9447941688168,3785.1242811279903,5.179486959173573,8,024a49ed-aa41-48c9-86e9-79d40e6b5fd2,None,None,1,317,4,[],None,None
EXPLOIT_VULN,3785.1242811279903,3802.033047649759,16.908766521768484,8,024a49ed-aa41-48c9-86e9-79d40e6b5fd2,None,None,1,318,4,[],None,None
EXPLOIT_VULN,3802.033047649759,3816.842676334594,14.809628684835388,8,024a49ed-aa41-48c9-86e9-79d40e6b5fd2,None,None,1,319,4,[],None,None
EXPLOIT_VULN,3816.842676334594,3825.9897590311475,9.147082696553298,8,024a49ed-aa41-48c9-86e9-79d40e6b5fd2,None,None,1,320,4,[],None,None
EXPLOIT_VULN,3825.9897590311475,3834.6970089147067,8.707249883559143,8,024a49ed-aa41-48c9-86e9-79d40e6b5fd2,None,None,1,321,4,[],None,None
EXPLOIT_VULN,3834.6970089147067,3844.275189559987,9.578180645280554,8,024a49ed-aa41-48c9-86e9-79d40e6b5fd2,None,None,1,322,4,[],None,None
EXPLOIT_VULN,3844.275189559987,3854.3729947217744,10.097805161787164,8,024a49ed-aa41-48c9-86e9-79d40e6b5fd2,None,None,1,323,4,[],None,None
EXPLOIT_VULN,3854.3729947217744,3873.9783800641617,19.605385342387308,8,024a49ed-aa41-48c9-86e9-79d40e6b5fd2,None,None,1,324,4,[],None,None
BRUTE_FORCE,3873.9783800641617,3876.6331795246374,2.654799460475715,8,024a49ed-aa41-48c9-86e9-79d40e6b5fd2,None,None,1,325,4,[],application,ServiceDiversity
SCAN_PORT,3896.9984535576336,3921.9984535576336,25.0,8,024a49ed-aa41-48c9-86e9-79d40e6b5fd2,None,None,1,325,4,[],None,None
EXPLOIT_VULN,3921.9984535576336,3922.5689899167896,0.5705363591559944,8,024a49ed-aa41-48c9-86e9-79d40e6b5fd2,None,None,1,325,4,[],None,None
EXPLOIT_VULN,3922.5689899167896,3922.9993118819757,0.43032196518606725,8,024a49ed-aa41-48c9-86e9-79d40e6b5fd2,None,None,1,326,4,[],None,None
EXPLOIT_VULN,3922.9993118819757,3925.58042350546,2.581111623484503,8,024a49ed-aa41-48c9-86e9-79d40e6b5fd2,None,None,1,327,4,[],None,None
EXPLOIT_VULN,3925.58042350546,3929.2583567756133,3.677933270153062,8,024a49ed-aa41-48c9-86e9-79d40e6b5fd2,None,None,1,328,4,[],None,None
EXPLOIT_VULN,3929.2583567756133,3931.2993080941055,2.0409513184922616,8,024a49ed-aa41-48c9-86e9-79d40e6b5fd2,None,None,1,329,4,[],None,None
EXPLOIT_VULN,3931.2993080941055,3935.0982022768217,3.7988941827161398,8,024a49ed-aa41-48c9-86e9-79d40e6b5fd2,None,None,1,330,4,[],None,None
EXPLOIT_VULN,3935.0982022768217,3944.289493542405,9.191291265583459,8,024a49ed-aa41-48c9-86e9-79d40e6b5fd2,None,None,1,331,4,[],None,None
EXPLOIT_VULN,3944.289493542405,3951.6523134316512,7.362819889246111,8,024a49ed-aa41-48c9-86e9-79d40e6b5fd2,None,None,1,332,4,[],None,None
EXPLOIT_VULN,3951.6523134316512,3955.661842786269,4.0095293546178254,8,024a49ed-aa41-48c9-86e9-79d40e6b5fd2,None,None,1,333,4,[],None,None
EXPLOIT_VULN,3955.661842786269,3960.804040419142,5.1421976328729215,8,024a49ed-aa41-48c9-86e9-79d40e6b5fd2,None,None,1,334,4,[],None,None
EXPLOIT_VULN,3960.804040419142,3977.7557832698353,16.951742850693336,8,024a49ed-aa41-48c9-86e9-79d40e6b5fd2,None,None,1,335,4,[],None,None
EXPLOIT_VULN,3977.7557832698353,3985.550929496971,7.795146227135774,8,024a49ed-aa41-48c9-86e9-79d40e6b5fd2,None,None,1,336,4,[],None,None
EXPLOIT_VULN,3985.550929496971,3988.8706591443947,3.319729647423628,8,024a49ed-aa41-48c9-86e9-79d40e6b5fd2,None,None,1,337,4,[],None,None
EXPLOIT_VULN,3988.8706591443947,3997.2770142286463,8.406355084251572,8,024a49ed-aa41-48c9-86e9-79d40e6b5fd2,None,None,1,338,4,[],None,None
EXPLOIT_VULN,3997.2770142286463,3999.485811952186,2.2087977235396465,8,024a49ed-aa41-48c9-86e9-79d40e6b5fd2,None,None,1,339,4,[],None,None
EXPLOIT_VULN,3999.485811952186,4006.3441969533255,6.858385001139595,8,024a49ed-aa41-48c9-86e9-79d40e6b5fd2,None,None,1,340,4,[],None,None
BRUTE_FORCE,4006.3441969533255,4026.3441969533255,20.0,8,024a49ed-aa41-48c9-86e9-79d40e6b5fd2,None,None,1,341,4,[],None,None
ENUM_HOST,4026.3441969533255,4031.3441969533255,5.0,8,024a49ed-aa41-48c9-86e9-79d40e6b5fd2,None,None,1,341,4,[],None,None
SCAN_PORT,4031.3441969533255,4056.3441969533255,25.0,24,e9bc77a2-2b34-4047-bde3-7181cf9dfd37,None,None,3,341,4,[],None,None
EXPLOIT_VULN,4056.3441969533255,4056.499208755097,0.15501180177125207,24,e9bc77a2-2b34-4047-bde3-7181cf9dfd37,None,None,3,341,4,[],None,None
EXPLOIT_VULN,4056.499208755097,4056.809730292804,0.31052153770724544,24,e9bc77a2-2b34-4047-bde3-7181cf9dfd37,None,None,3,342,4,[],None,None
EXPLOIT_VULN,4056.809730292804,4058.1815060480785,1.3717757552744843,24,e9bc77a2-2b34-4047-bde3-7181cf9dfd37,None,None,3,343,4,[],None,None
EXPLOIT_VULN,4058.1815060480785,4059.7061952198546,1.5246891717761173,24,e9bc77a2-2b34-4047-bde3-7181cf9dfd37,None,None,3,344,4,[],None,None
EXPLOIT_VULN,4059.7061952198546,4065.4526762833834,5.74648106352879,24,e9bc77a2-2b34-4047-bde3-7181cf9dfd37,None,None,3,345,4,[],None,None
EXPLOIT_VULN,4065.4526762833834,4066.2219137903717,0.7692375069882473,24,e9bc77a2-2b34-4047-bde3-7181cf9dfd37,None,None,3,346,4,[],None,None
EXPLOIT_VULN,4066.2219137903717,4070.7012830704634,4.47936928009176,24,e9bc77a2-2b34-4047-bde3-7181cf9dfd37,None,None,3,347,4,[],None,None
EXPLOIT_VULN,4070.7012830704634,4074.22227718107,3.5209941106063525,24,e9bc77a2-2b34-4047-bde3-7181cf9dfd37,None,None,3,348,4,[],None,None
EXPLOIT_VULN,4074.22227718107,4085.498466125184,11.276188944114438,24,e9bc77a2-2b34-4047-bde3-7181cf9dfd37,None,None,3,349,4,[],None,None
EXPLOIT_VULN,4085.498466125184,4087.8226167668013,2.3241506416170523,24,e9bc77a2-2b34-4047-bde3-7181cf9dfd37,None,None,3,350,4,[],None,None
EXPLOIT_VULN,4087.8226167668013,4096.383673868609,8.561057101807364,24,e9bc77a2-2b34-4047-bde3-7181cf9dfd37,None,None,3,351,4,[],None,None
EXPLOIT_VULN,4096.383673868609,4104.405911364889,8.022237496280468,24,e9bc77a2-2b34-4047-bde3-7181cf9dfd37,None,None,3,352,4,[],None,None
EXPLOIT_VULN,4104.405911364889,4112.349307014545,7.94339564965594,24,e9bc77a2-2b34-4047-bde3-7181cf9dfd37,None,None,3,353,4,[],None,None
EXPLOIT_VULN,4112.349307014545,4116.081144422841,3.7318374082960872,24,e9bc77a2-2b34-4047-bde3-7181cf9dfd37,None,None,3,354,4,[],None,None
EXPLOIT_VULN,4116.081144422841,4117.355354348573,1.274209925732066,24,e9bc77a2-2b34-4047-bde3-7181cf9dfd37,None,None,3,355,4,[],network,CompleteTopologyShuffle
SCAN_HOST,4138.318374250896,4143.318374250896,5.0,-1,-1,None,None,0,355,4,[],None,None
ENUM_HOST,4143.318374250896,4148.318374250896,5.0,-1,-1,None,None,0,355,4,[],None,None
SCAN_PORT,4148.318374250896,4173.318374250896,25.0,17,464c921a-4723-4171-a9ab-c807ce9b91c6,None,None,1,355,4,[],None,None
EXPLOIT_VULN,4173.318374250896,4173.721866619225,0.40349236832844326,17,464c921a-4723-4171-a9ab-c807ce9b91c6,None,None,1,355,4,[],None,None
EXPLOIT_VULN,4173.721866619225,4173.942156842219,0.22029022299466305,17,464c921a-4723-4171-a9ab-c807ce9b91c6,None,None,1,356,4,[],None,None
EXPLOIT_VULN,4173.942156842219,4174.900399295909,0.9582424536893086,17,464c921a-4723-4171-a9ab-c807ce9b91c6,None,None,1,357,4,[],None,None
EXPLOIT_VULN,4174.900399295909,4175.618637892919,0.7182385970099858,17,464c921a-4723-4171-a9ab-c807ce9b91c6,None,None,1,358,4,[],None,None
EXPLOIT_VULN,4175.618637892919,4177.273909808182,1.6552719152632562,17,464c921a-4723-4171-a9ab-c807ce9b91c6,None,None,1,359,4,[],None,None
EXPLOIT_VULN,4177.273909808182,4179.04846536958,1.7745555613983015,17,464c921a-4723-4171-a9ab-c807ce9b91c6,None,None,1,360,4,[],None,None
EXPLOIT_VULN,4179.04846536958,4180.373696522523,1.3252311529422514,17,464c921a-4723-4171-a9ab-c807ce9b91c6,None,None,1,361,4,[],None,None
EXPLOIT_VULN,4180.373696522523,4183.101258819043,2.727562296520773,17,464c921a-4723-4171-a9ab-c807ce9b91c6,None,None,1,362,4,[],None,None
EXPLOIT_VULN,4183.101258819043,4184.787060389847,1.6858015708039602,17,464c921a-4723-4171-a9ab-c807ce9b91c6,None,None,1,363,4,[],None,None
EXPLOIT_VULN,4184.787060389847,4187.429313658947,2.642253269099456,17,464c921a-4723-4171-a9ab-c807ce9b91c6,None,None,1,364,4,[],None,None
EXPLOIT_VULN,4187.429313658947,4191.459415481213,4.030101822266261,17,464c921a-4723-4171-a9ab-c807ce9b91c6,None,None,1,365,4,[],None,None
EXPLOIT_VULN,4191.459415481213,4196.212486888004,4.753071406790696,17,464c921a-4723-4171-a9ab-c807ce9b91c6,None,None,1,366,4,[],None,None
EXPLOIT_VULN,4196.212486888004,4205.569873068237,9.357386180233334,17,464c921a-4723-4171-a9ab-c807ce9b91c6,None,None,1,367,4,[],None,None
EXPLOIT_VULN,4205.569873068237,4209.612012361743,4.0421392935058975,17,464c921a-4723-4171-a9ab-c807ce9b91c6,None,None,1,368,4,[],None,None
EXPLOIT_VULN,4209.612012361743,4217.609264513703,7.997252151960311,17,464c921a-4723-4171-a9ab-c807ce9b91c6,None,None,1,369,4,[],None,None
EXPLOIT_VULN,4217.609264513703,4223.047064912606,5.437800398903164,17,464c921a-4723-4171-a9ab-c807ce9b91c6,None,None,1,370,4,[],None,None
EXPLOIT_VULN,4223.047064912606,4227.57327565567,4.52621074306353,17,464c921a-4723-4171-a9ab-c807ce9b91c6,None,None,1,371,4,[],None,None
EXPLOIT_VULN,4227.57327565567,4234.601585626239,7.028309970569353,17,464c921a-4723-4171-a9ab-c807ce9b91c6,None,None,1,372,4,[],None,None
EXPLOIT_VULN,4234.601585626239,4238.494682317694,3.893096691454957,17,464c921a-4723-4171-a9ab-c807ce9b91c6,None,None,1,373,4,[],None,None
EXPLOIT_VULN,4238.494682317694,4250.698682498871,12.204000181176525,17,464c921a-4723-4171-a9ab-c807ce9b91c6,None,None,1,374,4,[],None,None
EXPLOIT_VULN,4250.698682498871,4256.496969156979,5.798286658107827,17,464c921a-4723-4171-a9ab-c807ce9b91c6,None,None,1,375,4,[],None,None
EXPLOIT_VULN,4256.496969156979,4261.94163277642,5.444663619441599,17,464c921a-4723-4171-a9ab-c807ce9b91c6,None,None,1,376,4,[],None,None
EXPLOIT_VULN,4261.94163277642,4264.604335777712,2.6627030012914474,17,464c921a-4723-4171-a9ab-c807ce9b91c6,None,None,1,377,4,[],None,None
EXPLOIT_VULN,4264.604335777712,4270.250171311482,5.645835533769969,17,464c921a-4723-4171-a9ab-c807ce9b91c6,None,None,1,378,4,[],None,None
EXPLOIT_VULN,4270.250171311482,4285.280679609179,15.030508297697452,17,464c921a-4723-4171-a9ab-c807ce9b91c6,None,None,1,379,4,[],None,None
EXPLOIT_VULN,4285.280679609179,4287.32720475102,2.0465251418409025,17,464c921a-4723-4171-a9ab-c807ce9b91c6,None,None,1,380,4,[],None,None
EXPLOIT_VULN,4287.32720475102,4292.666628888104,5.339424137084279,17,464c921a-4723-4171-a9ab-c807ce9b91c6,None,None,1,381,4,[],None,None
EXPLOIT_VULN,4292.666628888104,4298.390681463765,5.7240525756606075,17,464c921a-4723-4171-a9ab-c807ce9b91c6,None,None,1,382,4,[],None,None
EXPLOIT_VULN,4298.390681463765,4306.811357572347,8.420676108582484,17,464c921a-4723-4171-a9ab-c807ce9b91c6,None,None,1,383,4,[],network,IPShuffle
SCAN_HOST,4327.111434760213,4332.111434760213,5.0,-1,-1,None,None,0,383,4,[],None,None
ENUM_HOST,4332.111434760213,4337.111434760213,5.0,-1,-1,None,None,0,383,4,[],None,None
SCAN_PORT,4337.111434760213,4362.111434760213,25.0,17,464c921a-4723-4171-a9ab-c807ce9b91c6,None,None,2,383,4,[],None,None
EXPLOIT_VULN,4362.111434760213,4363.566651904859,1.4552171446457578,17,464c921a-4723-4171-a9ab-c807ce9b91c6,None,None,2,383,4,[],None,None
EXPLOIT_VULN,4363.566651904859,4372.1584410266405,8.591789121781403,17,464c921a-4723-4171-a9ab-c807ce9b91c6,None,None,2,384,4,[],None,None
EXPLOIT_VULN,4372.1584410266405,4377.751548860735,5.593107834094553,17,464c921a-4723-4171-a9ab-c807ce9b91c6,None,None,2,385,4,[],None,None
EXPLOIT_VULN,4377.751548860735,4383.166620586841,5.415071726106362,17,464c921a-4723-4171-a9ab-c807ce9b91c6,None,None,2,386,4,[],None,None
EXPLOIT_VULN,4383.166620586841,4388.57611096173,5.409490374888264,17,464c921a-4723-4171-a9ab-c807ce9b91c6,None,None,2,387,4,[],None,None
EXPLOIT_VULN,4388.57611096173,4394.50654696953,5.930436007800381,17,464c921a-4723-4171-a9ab-c807ce9b91c6,None,None,2,388,4,[],None,None
EXPLOIT_VULN,4394.50654696953,4403.75985672087,9.253309751339657,17,464c921a-4723-4171-a9ab-c807ce9b91c6,None,None,2,389,4,[],None,None
EXPLOIT_VULN,4403.75985672087,4413.095673766498,9.335817045628573,17,464c921a-4723-4171-a9ab-c807ce9b91c6,None,None,2,390,4,[],None,None
EXPLOIT_VULN,4413.095673766498,4425.1736446277855,12.077970861287213,17,464c921a-4723-4171-a9ab-c807ce9b91c6,None,None,2,391,4,[],None,None
EXPLOIT_VULN,4425.1736446277855,4440.861794710655,15.68815008286947,17,464c921a-4723-4171-a9ab-c807ce9b91c6,None,None,2,392,4,[],None,None
EXPLOIT_VULN,4440.861794710655,4443.7888389987065,2.9270442880515475,17,464c921a-4723-4171-a9ab-c807ce9b91c6,None,None,2,393,4,[],None,None
EXPLOIT_VULN,4443.7888389987065,4452.9270789700495,9.138239971342955,17,464c921a-4723-4171-a9ab-c807ce9b91c6,None,None,2,394,4,[],None,None
EXPLOIT_VULN,4452.9270789700495,4469.976608623245,17.04952965319535,17,464c921a-4723-4171-a9ab-c807ce9b91c6,None,None,2,395,4,[],None,None
EXPLOIT_VULN,4469.976608623245,4472.6235944911,2.6469858678556193,17,464c921a-4723-4171-a9ab-c807ce9b91c6,None,None,2,396,4,[],None,None
EXPLOIT_VULN,4472.6235944911,4479.883584889822,7.259990398721129,17,464c921a-4723-4171-a9ab-c807ce9b91c6,None,None,2,397,4,[],None,None
EXPLOIT_VULN,4479.883584889822,4487.085819902278,7.202235012456185,17,464c921a-4723-4171-a9ab-c807ce9b91c6,None,None,2,398,4,[],application,OSDiversity
SCAN_PORT,4507.358625437817,4532.358625437817,25.0,17,464c921a-4723-4171-a9ab-c807ce9b91c6,None,None,2,398,4,[],None,None
EXPLOIT_VULN,4532.358625437817,4532.85077429009,0.4921488522732034,17,464c921a-4723-4171-a9ab-c807ce9b91c6,None,None,2,398,4,[],None,None
EXPLOIT_VULN,4532.85077429009,4533.382519444521,0.5317451544306095,17,464c921a-4723-4171-a9ab-c807ce9b91c6,None,None,2,399,4,[],None,None
EXPLOIT_VULN,4533.382519444521,4534.655986726478,1.2734672819569823,17,464c921a-4723-4171-a9ab-c807ce9b91c6,None,None,2,400,4,[],None,None
EXPLOIT_VULN,4534.655986726478,4536.026478283241,1.370491556763227,17,464c921a-4723-4171-a9ab-c807ce9b91c6,None,None,2,401,4,[],None,None
EXPLOIT_VULN,4536.026478283241,4539.408650613297,3.3821723300561644,17,464c921a-4723-4171-a9ab-c807ce9b91c6,None,None,2,402,4,[],None,None
EXPLOIT_VULN,4539.408650613297,4543.556324106598,4.147673493301227,17,464c921a-4723-4171-a9ab-c807ce9b91c6,None,None,2,403,4,[],None,None
EXPLOIT_VULN,4543.556324106598,4550.611908300897,7.055584194298717,17,464c921a-4723-4171-a9ab-c807ce9b91c6,None,None,2,404,4,[],None,None
EXPLOIT_VULN,4550.611908300897,4553.873234373158,3.2613260722609994,17,464c921a-4723-4171-a9ab-c807ce9b91c6,None,None,2,405,4,[],None,None
EXPLOIT_VULN,4553.873234373158,4556.222811256376,2.3495768832181056,17,464c921a-4723-4171-a9ab-c807ce9b91c6,None,None,2,406,4,[],None,None
EXPLOIT_VULN,4556.222811256376,4566.128811233998,9.905999977621832,17,464c921a-4723-4171-a9ab-c807ce9b91c6,None,None,2,407,4,[],None,None
EXPLOIT_VULN,4566.128811233998,4568.753915360412,2.625104126414044,17,464c921a-4723-4171-a9ab-c807ce9b91c6,None,None,2,408,4,[],None,None
EXPLOIT_VULN,4568.753915360412,4577.6349949728055,8.881079612393478,17,464c921a-4723-4171-a9ab-c807ce9b91c6,None,None,2,409,4,[],None,None
EXPLOIT_VULN,4577.6349949728055,4587.132473868179,9.497478895373206,17,464c921a-4723-4171-a9ab-c807ce9b91c6,None,None,2,410,4,[],None,None
EXPLOIT_VULN,4587.132473868179,4591.121590390347,3.989116522167933,17,464c921a-4723-4171-a9ab-c807ce9b91c6,None,None,2,411,4,[],None,None
EXPLOIT_VULN,4591.121590390347,4592.8348722817655,1.7132818914187737,17,464c921a-4723-4171-a9ab-c807ce9b91c6,None,None,2,412,4,[],None,None
EXPLOIT_VULN,4592.8348722817655,4596.44565802723,3.6107857454644545,17,464c921a-4723-4171-a9ab-c807ce9b91c6,None,None,2,413,4,[],None,None
EXPLOIT_VULN,4596.44565802723,4597.888039669057,1.4423816418275237,17,464c921a-4723-4171-a9ab-c807ce9b91c6,None,None,2,414,4,[],None,None
EXPLOIT_VULN,4597.888039669057,4600.0936867087175,2.205647039660107,17,464c921a-4723-4171-a9ab-c807ce9b91c6,None,None,2,415,4,[],None,None
EXPLOIT_VULN,4600.0936867087175,4616.209796466016,16.116109757298545,17,464c921a-4723-4171-a9ab-c807ce9b91c6,None,None,2,416,4,[],None,None
EXPLOIT_VULN,4616.209796466016,4622.955383235101,6.745586769085094,17,464c921a-4723-4171-a9ab-c807ce9b91c6,None,None,2,417,4,[],None,None
EXPLOIT_VULN,4622.955383235101,4635.908615361137,12.9532321260358,17,464c921a-4723-4171-a9ab-c807ce9b91c6,None,None,2,418,4,[],None,None
EXPLOIT_VULN,4635.908615361137,4641.7814502495685,5.872834888431498,17,464c921a-4723-4171-a9ab-c807ce9b91c6,None,None,2,419,4,[],None,None
EXPLOIT_VULN,4641.7814502495685,4647.915162782414,6.133712532845493,17,464c921a-4723-4171-a9ab-c807ce9b91c6,None,None,2,420,4,[],None,None
EXPLOIT_VULN,4647.915162782414,4654.870905344141,6.955742561726765,17,464c921a-4723-4171-a9ab-c807ce9b91c6,None,None,2,421,4,[],None,None
EXPLOIT_VULN,4654.870905344141,4675.668258692167,20.797353348026263,17,464c921a-4723-4171-a9ab-c807ce9b91c6,None,None,2,422,4,[],None,None
EXPLOIT_VULN,4675.668258692167,4677.422832670631,1.754573978463668,17,464c921a-4723-4171-a9ab-c807ce9b91c6,None,None,2,423,4,[],application,ServiceDiversity
SCAN_PORT,4697.591724958083,4722.591724958083,25.0,17,464c921a-4723-4171-a9ab-c807ce9b91c6,None,None,2,423,4,[],None,None
EXPLOIT_VULN,4722.591724958083,4723.17695596885,0.5852310107666199,17,464c921a-4723-4171-a9ab-c807ce9b91c6,None,None,2,423,4,[],None,None
EXPLOIT_VULN,4723.17695596885,4724.11287585493,0.935919886080228,17,464c921a-4723-4171-a9ab-c807ce9b91c6,None,None,2,424,4,[],None,None
EXPLOIT_VULN,4724.11287585493,4724.832729171949,0.7198533170185328,17,464c921a-4723-4171-a9ab-c807ce9b91c6,None,None,2,425,4,[],None,None
EXPLOIT_VULN,4724.832729171949,4726.29974319272,1.4670140207708755,17,464c921a-4723-4171-a9ab-c807ce9b91c6,None,None,2,426,4,[],None,None
EXPLOIT_VULN,4726.29974319272,4727.214084600553,0.9143414078334899,17,464c921a-4723-4171-a9ab-c807ce9b91c6,None,None,2,427,4,[],None,None
EXPLOIT_VULN,4727.214084600553,4729.932533682987,2.7184490824338354,17,464c921a-4723-4171-a9ab-c807ce9b91c6,None,None,2,428,4,[],None,None
EXPLOIT_VULN,4729.932533682987,4732.048970466953,2.1164367839655824,17,464c921a-4723-4171-a9ab-c807ce9b91c6,None,None,2,429,4,[],None,None
EXPLOIT_VULN,4732.048970466953,4733.1875366922395,1.1385662252869224,17,464c921a-4723-4171-a9ab-c807ce9b91c6,None,None,2,430,4,[],None,None
EXPLOIT_VULN,4733.1875366922395,4740.967165091621,7.779628399381181,17,464c921a-4723-4171-a9ab-c807ce9b91c6,None,None,2,431,4,[],None,None
EXPLOIT_VULN,4740.967165091621,4747.9712229968945,7.004057905273839,17,464c921a-4723-4171-a9ab-c807ce9b91c6,None,None,2,432,4,[],None,None
EXPLOIT_VULN,4747.9712229968945,4750.854747296323,2.8835242994282453,17,464c921a-4723-4171-a9ab-c807ce9b91c6,None,None,2,433,4,[],None,None
EXPLOIT_VULN,4750.854747296323,4754.392141715985,3.5373944196626326,17,464c921a-4723-4171-a9ab-c807ce9b91c6,None,None,2,434,4,[],None,None
EXPLOIT_VULN,4754.392141715985,4760.093647944912,5.701506228926519,17,464c921a-4723-4171-a9ab-c807ce9b91c6,None,None,2,435,4,[],None,None
EXPLOIT_VULN,4760.093647944912,4770.287132688037,10.193484743124827,17,464c921a-4723-4171-a9ab-c807ce9b91c6,None,None,2,436,4,[],None,None
EXPLOIT_VULN,4770.287132688037,4773.075368010417,2.7882353223803875,17,464c921a-4723-4171-a9ab-c807ce9b91c6,None,None,2,437,4,[],None,None
EXPLOIT_VULN,4773.075368010417,4778.498041019121,5.422673008703896,17,464c921a-4723-4171-a9ab-c807ce9b91c6,None,None,2,438,4,[],None,None
EXPLOIT_VULN,4778.498041019121,4787.7561906597875,9.258149640666488,17,464c921a-4723-4171-a9ab-c807ce9b91c6,None,None,2,439,4,[],None,None
EXPLOIT_VULN,4787.7561906597875,4791.059226517114,3.303035857326904,17,464c921a-4723-4171-a9ab-c807ce9b91c6,None,None,2,440,4,[],None,None
EXPLOIT_VULN,4791.059226517114,4803.680819271038,12.621592753923323,17,464c921a-4723-4171-a9ab-c807ce9b91c6,None,None,2,441,4,[],None,None
EXPLOIT_VULN,4803.680819271038,4811.405801921709,7.724982650671336,17,464c921a-4723-4171-a9ab-c807ce9b91c6,None,None,2,442,4,[],None,None
EXPLOIT_VULN,4811.405801921709,4815.289999002119,3.884197080409649,17,464c921a-4723-4171-a9ab-c807ce9b91c6,None,None,2,443,4,[],None,None
EXPLOIT_VULN,4815.289999002119,4820.290747129069,5.000748126950384,17,464c921a-4723-4171-a9ab-c807ce9b91c6,None,None,2,444,4,[],None,None
EXPLOIT_VULN,4820.290747129069,4829.170595201953,8.87984807288376,17,464c921a-4723-4171-a9ab-c807ce9b91c6,None,None,2,445,4,[],None,None
EXPLOIT_VULN,4829.170595201953,4837.003595033062,7.832999831109191,17,464c921a-4723-4171-a9ab-c807ce9b91c6,None,None,2,446,4,[],None,None
EXPLOIT_VULN,4837.003595033062,4846.607985227013,9.604390193951076,17,464c921a-4723-4171-a9ab-c807ce9b91c6,None,None,2,447,4,[],None,None
EXPLOIT_VULN,4846.607985227013,4855.6632625308375,9.055277303824369,17,464c921a-4723-4171-a9ab-c807ce9b91c6,None,None,2,448,4,[],None,None
EXPLOIT_VULN,4855.6632625308375,4861.038520387427,5.375257856589087,17,464c921a-4723-4171-a9ab-c807ce9b91c6,None,None,2,449,4,[],None,None
EXPLOIT_VULN,4861.038520387427,4867.781230961302,6.742710573875229,17,464c921a-4723-4171-a9ab-c807ce9b91c6,None,None,2,450,4,[],None,None
EXPLOIT_VULN,4867.781230961302,4886.8501268334585,19.068895872156645,17,464c921a-4723-4171-a9ab-c807ce9b91c6,None,None,2,451,4,[],None,None
EXPLOIT_VULN,4886.8501268334585,4906.293463024668,19.44333619120971,17,464c921a-4723-4171-a9ab-c807ce9b91c6,None,None,2,452,4,[],None,None
EXPLOIT_VULN,4906.293463024668,4918.466270208415,12.172807183746954,17,464c921a-4723-4171-a9ab-c807ce9b91c6,None,None,2,453,4,[],network,CompleteTopologyShuffle
SCAN_HOST,4939.248026756109,4944.248026756109,5.0,-1,-1,None,None,0,453,4,[],None,None
ENUM_HOST,4944.248026756109,4949.248026756109,5.0,-1,-1,None,None,0,453,4,[],None,None
SCAN_PORT,4949.248026756109,4974.248026756109,25.0,11,1c46076f-ea2d-4800-9a61-c6d6398aa328,None,None,2,453,4,[],None,None
EXPLOIT_VULN,4974.248026756109,4977.538577001562,3.2905502454532325,11,1c46076f-ea2d-4800-9a61-c6d6398aa328,None,None,2,453,4,[],None,None
EXPLOIT_VULN,4977.538577001562,4982.0430772879,4.504500286338043,11,1c46076f-ea2d-4800-9a61-c6d6398aa328,None,None,2,454,4,[],None,None
EXPLOIT_VULN,4982.0430772879,4999.274307706796,17.231230418896303,11,1c46076f-ea2d-4800-9a61-c6d6398aa328,None,None,2,455,4,[],None,None
EXPLOIT_VULN,4999.274307706796,5005.971157954599,6.696850247803013,11,1c46076f-ea2d-4800-9a61-c6d6398aa328,None,None,2,456,4,[],None,None
EXPLOIT_VULN,5005.971157954599,5011.472670111931,5.50151215733149,11,1c46076f-ea2d-4800-9a61-c6d6398aa328,None,None,2,457,4,[],None,None
BRUTE_FORCE,5011.472670111931,5031.472670111931,20.0,11,1c46076f-ea2d-4800-9a61-c6d6398aa328,None,None,2,458,4,[],None,None
ENUM_HOST,5031.472670111931,5036.472670111931,5.0,11,1c46076f-ea2d-4800-9a61-c6d6398aa328,None,None,2,458,4,[],None,None
SCAN_PORT,5036.472670111931,5061.472670111931,25.0,10,d79c0963-4a36-42b2-9ec4-1e466a44227f,None,None,3,458,4,[],None,None
EXPLOIT_VULN,5061.472670111931,5062.822137704806,1.349467592875044,10,d79c0963-4a36-42b2-9ec4-1e466a44227f,None,None,3,458,4,[],None,None
EXPLOIT_VULN,5062.822137704806,5068.972612697139,6.150474992333329,10,d79c0963-4a36-42b2-9ec4-1e466a44227f,None,None,3,459,4,[],None,None
EXPLOIT_VULN,5068.972612697139,5088.8282826331915,19.855669936052436,10,d79c0963-4a36-42b2-9ec4-1e466a44227f,None,None,3,460,4,[],None,None
EXPLOIT_VULN,5088.8282826331915,5090.148897384103,1.3206147509117727,10,d79c0963-4a36-42b2-9ec4-1e466a44227f,None,None,3,461,4,[],None,None
EXPLOIT_VULN,5090.148897384103,5109.394162920237,19.245265536133957,10,d79c0963-4a36-42b2-9ec4-1e466a44227f,None,None,3,462,4,[],network,IPShuffle
SCAN_HOST,5129.5798793144295,5134.5798793144295,5.0,-1,-1,None,None,0,462,4,[],None,None
ENUM_HOST,5134.5798793144295,5139.5798793144295,5.0,-1,-1,None,None,0,462,4,[],None,None
SCAN_PORT,5139.5798793144295,5164.5798793144295,25.0,10,d79c0963-4a36-42b2-9ec4-1e466a44227f,None,None,4,462,4,[],None,None
EXPLOIT_VULN,5164.5798793144295,5165.895216578448,1.315337264018126,10,d79c0963-4a36-42b2-9ec4-1e466a44227f,None,None,4,462,4,[],None,None
EXPLOIT_VULN,5165.895216578448,5171.694397934573,5.7991813561257,10,d79c0963-4a36-42b2-9ec4-1e466a44227f,None,None,4,463,4,[],None,None
EXPLOIT_VULN,5171.694397934573,5193.15625218718,21.461854252606827,10,d79c0963-4a36-42b2-9ec4-1e466a44227f,None,None,4,464,4,[],None,None
BRUTE_FORCE,5193.15625218718,5213.15625218718,20.0,10,d79c0963-4a36-42b2-9ec4-1e466a44227f,None,None,4,465,4,[],None,None
ENUM_HOST,5213.15625218718,5218.15625218718,5.0,10,d79c0963-4a36-42b2-9ec4-1e466a44227f,None,None,4,465,4,[],None,None
SCAN_PORT,5218.15625218718,5243.15625218718,25.0,11,1c46076f-ea2d-4800-9a61-c6d6398aa328,None,None,3,465,4,[],None,None
EXPLOIT_VULN,5243.15625218718,5244.382221953935,1.2259697667550427,11,1c46076f-ea2d-4800-9a61-c6d6398aa328,None,None,3,465,4,[],None,None
EXPLOIT_VULN,5244.382221953935,5247.079561893255,2.6973399393200452,11,1c46076f-ea2d-4800-9a61-c6d6398aa328,None,None,3,466,4,[],None,None
EXPLOIT_VULN,5247.079561893255,5254.814724158495,7.7351622652395235,11,1c46076f-ea2d-4800-9a61-c6d6398aa328,None,None,3,467,4,[],None,None
EXPLOIT_VULN,5254.814724158495,5263.299906234822,8.485182076326964,11,1c46076f-ea2d-4800-9a61-c6d6398aa328,None,None,3,468,4,[],None,None
EXPLOIT_VULN,5263.299906234822,5269.695847522709,6.395941287887581,11,1c46076f-ea2d-4800-9a61-c6d6398aa328,None,None,3,469,4,[],None,None
EXPLOIT_VULN,5269.695847522709,5275.445515725537,5.749668202827706,11,1c46076f-ea2d-4800-9a61-c6d6398aa328,None,None,3,470,4,[],None,None
EXPLOIT_VULN,5275.445515725537,5289.159941307514,13.714425581976684,11,1c46076f-ea2d-4800-9a61-c6d6398aa328,None,None,3,471,4,[],application,OSDiversity
SCAN_PORT,5309.561787765863,5334.561787765863,25.0,11,1c46076f-ea2d-4800-9a61-c6d6398aa328,None,None,3,471,4,[],None,None
EXPLOIT_VULN,5334.561787765863,5335.1633080198435,0.6015202539801976,11,1c46076f-ea2d-4800-9a61-c6d6398aa328,None,None,3,471,4,[],None,None
EXPLOIT_VULN,5335.1633080198435,5341.694846439463,6.53153841961921,11,1c46076f-ea2d-4800-9a61-c6d6398aa328,None,None,3,472,4,[],None,None
EXPLOIT_VULN,5341.694846439463,5349.932964634752,8.238118195289644,11,1c46076f-ea2d-4800-9a61-c6d6398aa328,None,None,3,473,4,[],None,None
EXPLOIT_VULN,5349.932964634752,5359.515799108684,9.582834473932053,11,1c46076f-ea2d-4800-9a61-c6d6398aa328,None,None,3,474,4,[],None,None
EXPLOIT_VULN,5359.515799108684,5366.4618452720915,6.946046163407118,11,1c46076f-ea2d-4800-9a61-c6d6398aa328,None,None,3,475,4,[],None,None
EXPLOIT_VULN,5366.4618452720915,5374.952647248828,8.490801976736293,11,1c46076f-ea2d-4800-9a61-c6d6398aa328,None,None,3,476,4,[],None,None
EXPLOIT_VULN,5374.952647248828,5396.510505621813,21.55785837298481,11,1c46076f-ea2d-4800-9a61-c6d6398aa328,None,None,3,477,4,[],None,None
BRUTE_FORCE,5396.510505621813,5416.510505621813,20.0,11,1c46076f-ea2d-4800-9a61-c6d6398aa328,None,None,3,478,4,[],None,None
ENUM_HOST,5416.510505621813,5421.510505621813,5.0,11,1c46076f-ea2d-4800-9a61-c6d6398aa328,None,None,3,478,4,[],None,None
SCAN_PORT,5421.510505621813,5446.510505621813,25.0,8,024a49ed-aa41-48c9-86e9-79d40e6b5fd2,None,None,2,478,4,[],None,None
EXPLOIT_VULN,5446.510505621813,5447.111302227619,0.6007966058059537,8,024a49ed-aa41-48c9-86e9-79d40e6b5fd2,None,None,2,478,4,[],None,None
EXPLOIT_VULN,5447.111302227619,5450.065015218374,2.9537129907557755,8,024a49ed-aa41-48c9-86e9-79d40e6b5fd2,None,None,2,479,4,[],None,None
EXPLOIT_VULN,5450.065015218374,5454.197142400898,4.132127182523618,8,024a49ed-aa41-48c9-86e9-79d40e6b5fd2,None,None,2,480,4,[],None,None
EXPLOIT_VULN,5454.197142400898,5457.681960248088,3.484817847190243,8,024a49ed-aa41-48c9-86e9-79d40e6b5fd2,None,None,2,481,4,[],None,None
EXPLOIT_VULN,5457.681960248088,5460.361773471624,2.679813223535348,8,024a49ed-aa41-48c9-86e9-79d40e6b5fd2,None,None,2,482,4,[],None,None
EXPLOIT_VULN,5460.361773471624,5466.811234527156,6.449461055532083,8,024a49ed-aa41-48c9-86e9-79d40e6b5fd2,None,None,2,483,4,[],None,None
EXPLOIT_VULN,5466.811234527156,5471.275105451073,4.463870923917057,8,024a49ed-aa41-48c9-86e9-79d40e6b5fd2,None,None,2,484,4,[],None,None
EXPLOIT_VULN,5471.275105451073,5480.603967501668,9.32886205059549,8,024a49ed-aa41-48c9-86e9-79d40e6b5fd2,None,None,2,485,4,[],application,ServiceDiversity
SCAN_PORT,5500.687943648213,5525.687943648213,25.0,8,024a49ed-aa41-48c9-86e9-79d40e6b5fd2,None,None,2,485,4,[],None,None
EXPLOIT_VULN,5525.687943648213,5527.599446968026,1.9115033198131641,8,024a49ed-aa41-48c9-86e9-79d40e6b5fd2,None,None,2,485,4,[],None,None
EXPLOIT_VULN,5527.599446968026,5531.938292126212,4.338845158185904,8,024a49ed-aa41-48c9-86e9-79d40e6b5fd2,None,None,2,486,4,[],None,None
EXPLOIT_VULN,5531.938292126212,5533.71212985784,1.7738377316281912,8,024a49ed-aa41-48c9-86e9-79d40e6b5fd2,None,None,2,487,4,[],None,None
EXPLOIT_VULN,5533.71212985784,5540.0667557207435,6.354625862903049,8,024a49ed-aa41-48c9-86e9-79d40e6b5fd2,None,None,2,488,4,[],None,None
EXPLOIT_VULN,5540.0667557207435,5540.649113460381,0.5823577396377004,8,024a49ed-aa41-48c9-86e9-79d40e6b5fd2,None,None,2,489,4,[],None,None
EXPLOIT_VULN,5540.649113460381,5543.199911095612,2.5507976352309925,8,024a49ed-aa41-48c9-86e9-79d40e6b5fd2,None,None,2,490,4,[],None,None
EXPLOIT_VULN,5543.199911095612,5545.861428814725,2.661517719112453,8,024a49ed-aa41-48c9-86e9-79d40e6b5fd2,None,None,2,491,4,[],None,None
EXPLOIT_VULN,5545.861428814725,5549.011507465708,3.1500786509832324,8,024a49ed-aa41-48c9-86e9-79d40e6b5fd2,None,None,2,492,4,[],None,None
EXPLOIT_VULN,5549.011507465708,5554.873589601679,5.8620821359709225,8,024a49ed-aa41-48c9-86e9-79d40e6b5fd2,None,None,2,493,4,[],None,None
EXPLOIT_VULN,5554.873589601679,5557.974639157506,3.101049555827558,8,024a49ed-aa41-48c9-86e9-79d40e6b5fd2,None,None,2,494,4,[],None,None
EXPLOIT_VULN,5557.974639157506,5566.063518675826,8.088879518320027,8,024a49ed-aa41-48c9-86e9-79d40e6b5fd2,None,None,2,495,4,[],None,None
EXPLOIT_VULN,5566.063518675826,5568.358625081003,2.295106405176739,8,024a49ed-aa41-48c9-86e9-79d40e6b5fd2,None,None,2,496,4,[],None,None
EXPLOIT_VULN,5568.358625081003,5577.428509123817,9.06988404281401,8,024a49ed-aa41-48c9-86e9-79d40e6b5fd2,None,None,2,497,4,[],None,None
EXPLOIT_VULN,5577.428509123817,5586.332033118795,8.903523994978059,8,024a49ed-aa41-48c9-86e9-79d40e6b5fd2,None,None,2,498,4,[],None,None
EXPLOIT_VULN,5586.332033118795,5589.3679095389025,3.0358764201073427,8,024a49ed-aa41-48c9-86e9-79d40e6b5fd2,None,None,2,499,4,[],None,None
EXPLOIT_VULN,5589.3679095389025,5595.535282435826,6.167372896923553,8,024a49ed-aa41-48c9-86e9-79d40e6b5fd2,None,None,2,500,4,[],None,None
EXPLOIT_VULN,5595.535282435826,5603.987702800329,8.452420364503269,8,024a49ed-aa41-48c9-86e9-79d40e6b5fd2,None,None,2,501,4,[],None,None
BRUTE_FORCE,5603.987702800329,5623.987702800329,20.0,8,024a49ed-aa41-48c9-86e9-79d40e6b5fd2,None,None,2,502,4,[],None,None
ENUM_HOST,5623.987702800329,5628.987702800329,5.0,8,024a49ed-aa41-48c9-86e9-79d40e6b5fd2,None,None,2,502,4,[],None,None
SCAN_PORT,5628.987702800329,5653.987702800329,25.0,5,a47f754e-28a2-442b-ac11-33ff7dc1ad7f,None,None,3,502,4,[],None,None
EXPLOIT_VULN,5653.987702800329,5654.582375869212,0.594673068882912,5,a47f754e-28a2-442b-ac11-33ff7dc1ad7f,None,None,3,502,4,[],None,None
EXPLOIT_VULN,5654.582375869212,5655.073728323255,0.4913524540424987,5,a47f754e-28a2-442b-ac11-33ff7dc1ad7f,None,None,3,503,4,[],None,None
EXPLOIT_VULN,5655.073728323255,5657.105582060105,2.0318537368502803,5,a47f754e-28a2-442b-ac11-33ff7dc1ad7f,None,None,3,504,4,[],None,None
EXPLOIT_VULN,5657.105582060105,5659.730941668089,2.6253596079841373,5,a47f754e-28a2-442b-ac11-33ff7dc1ad7f,None,None,3,505,4,[],None,None
EXPLOIT_VULN,5659.730941668089,5663.342437567211,3.611495899122019,5,a47f754e-28a2-442b-ac11-33ff7dc1ad7f,None,None,3,506,4,[],None,None
EXPLOIT_VULN,5663.342437567211,5667.133572250009,3.791134682797747,5,a47f754e-28a2-442b-ac11-33ff7dc1ad7f,None,None,3,507,4,[],None,None
EXPLOIT_VULN,5667.133572250009,5674.213741079592,7.080168829583272,5,a47f754e-28a2-442b-ac11-33ff7dc1ad7f,None,None,3,508,4,[],None,None
EXPLOIT_VULN,5674.213741079592,5679.025147197554,4.8114061179621785,5,a47f754e-28a2-442b-ac11-33ff7dc1ad7f,None,None,3,509,4,[],None,None
EXPLOIT_VULN,5679.025147197554,5695.085348602733,16.060201405178304,5,a47f754e-28a2-442b-ac11-33ff7dc1ad7f,None,None,3,510,4,[],None,None
EXPLOIT_VULN,5695.085348602733,5701.9026975153665,6.817348912633861,5,a47f754e-28a2-442b-ac11-33ff7dc1ad7f,None,None,3,511,4,[],None,None
EXPLOIT_VULN,5701.9026975153665,5710.85423060236,8.95153308699355,5,a47f754e-28a2-442b-ac11-33ff7dc1ad7f,None,None,3,512,4,[],None,None
EXPLOIT_VULN,5710.85423060236,5719.950417461557,9.096186859196678,5,a47f754e-28a2-442b-ac11-33ff7dc1ad7f,None,None,3,513,4,[],network,CompleteTopologyShuffle
SCAN_HOST,5740.00252377699,5745.00252377699,5.0,-1,-1,None,None,0,513,4,[],None,None
ENUM_HOST,5745.00252377699,5750.00252377699,5.0,-1,-1,None,None,0,513,4,[],None,None
SCAN_PORT,5750.00252377699,5775.00252377699,25.0,14,5806c1d4-c777-495b-9548-7ff2a79d09b0,14,5806c1d4-c777-495b-9548-7ff2a79d09b0,1,513,4,"['Chad', 'Justine', 'Alfy']",None,None
SCAN_NEIGHBOR,5775.00252377699,5780.00252377699,5.0,14,5806c1d4-c777-495b-9548-7ff2a79d09b0,None,None,1,513,5,[],None,None
ENUM_HOST,5780.00252377699,5785.00252377699,5.0,14,5806c1d4-c777-495b-9548-7ff2a79d09b0,None,None,1,513,5,[],None,None
SCAN_PORT,5785.00252377699,5810.00252377699,25.0,19,eea481d8-8c5c-4850-a73c-b4bde9c39251,None,None,1,513,5,[],None,None
EXPLOIT_VULN,5810.00252377699,5811.479470791119,1.4769470141291094,19,eea481d8-8c5c-4850-a73c-b4bde9c39251,None,None,1,513,5,[],None,None
EXPLOIT_VULN,5811.479470791119,5817.716143018188,6.236672227068993,19,eea481d8-8c5c-4850-a73c-b4bde9c39251,None,None,1,514,5,[],None,None
EXPLOIT_VULN,5817.716143018188,5824.863576758671,7.147433740483393,19,eea481d8-8c5c-4850-a73c-b4bde9c39251,None,None,1,515,5,[],None,None
EXPLOIT_VULN,5824.863576758671,5833.606216109729,8.742639351057733,19,eea481d8-8c5c-4850-a73c-b4bde9c39251,None,None,1,516,5,[],None,None
EXPLOIT_VULN,5833.606216109729,5840.953638326955,7.347422217226267,19,eea481d8-8c5c-4850-a73c-b4bde9c39251,None,None,1,517,5,[],None,None
EXPLOIT_VULN,5840.953638326955,5844.828119498605,3.874481171649677,19,eea481d8-8c5c-4850-a73c-b4bde9c39251,None,None,1,518,5,[],None,None
EXPLOIT_VULN,5844.828119498605,5853.037617964659,8.209498466054356,19,eea481d8-8c5c-4850-a73c-b4bde9c39251,None,None,1,519,5,[],None,None
EXPLOIT_VULN,5853.037617964659,5859.988224463315,6.950606498656271,19,eea481d8-8c5c-4850-a73c-b4bde9c39251,None,None,1,520,5,[],None,None
EXPLOIT_VULN,5859.988224463315,5867.1562170929665,7.167992629651053,19,eea481d8-8c5c-4850-a73c-b4bde9c39251,None,None,1,521,5,[],None,None
BRUTE_FORCE,5867.1562170929665,5887.1562170929665,20.0,19,eea481d8-8c5c-4850-a73c-b4bde9c39251,None,None,1,522,5,[],None,None
ENUM_HOST,5887.1562170929665,5892.1562170929665,5.0,19,eea481d8-8c5c-4850-a73c-b4bde9c39251,None,None,1,522,5,[],None,None
SCAN_PORT,5892.1562170929665,5910.284908894365,18.128691801398418,16,5e0c6288-6ce0-49e3-8e0e-a9f8a7238ebf,None,None,3,522,5,[],network,IPShuffle
SCAN_HOST,5930.32782588434,5935.32782588434,5.0,-1,-1,None,None,0,522,5,[],None,None
ENUM_HOST,5935.32782588434,5940.32782588434,5.0,-1,-1,None,None,0,522,5,[],None,None
SCAN_PORT,5940.32782588434,5965.32782588434,25.0,17,464c921a-4723-4171-a9ab-c807ce9b91c6,None,None,3,522,5,[],None,None
EXPLOIT_VULN,5965.32782588434,5966.075562784026,0.7477368996860605,17,464c921a-4723-4171-a9ab-c807ce9b91c6,None,None,3,522,5,[],None,None
EXPLOIT_VULN,5966.075562784026,5966.311276470002,0.23571368597549736,17,464c921a-4723-4171-a9ab-c807ce9b91c6,None,None,3,523,5,[],None,None
EXPLOIT_VULN,5966.311276470002,5967.28443043263,0.9731539626282029,17,464c921a-4723-4171-a9ab-c807ce9b91c6,None,None,3,524,5,[],None,None
EXPLOIT_VULN,5967.28443043263,5968.805880178849,1.5214497462193322,17,464c921a-4723-4171-a9ab-c807ce9b91c6,None,None,3,525,5,[],None,None
EXPLOIT_VULN,5968.805880178849,5970.589460426713,1.783580247863938,17,464c921a-4723-4171-a9ab-c807ce9b91c6,None,None,3,526,5,[],None,None
EXPLOIT_VULN,5970.589460426713,5975.65283293124,5.063372504526342,17,464c921a-4723-4171-a9ab-c807ce9b91c6,None,None,3,527,5,[],None,None
EXPLOIT_VULN,5975.65283293124,5983.932009775231,8.279176843991081,17,464c921a-4723-4171-a9ab-c807ce9b91c6,None,None,3,528,5,[],None,None
EXPLOIT_VULN,5983.932009775231,5988.247157673505,4.3151478982745175,17,464c921a-4723-4171-a9ab-c807ce9b91c6,None,None,3,529,5,[],None,None
EXPLOIT_VULN,5988.247157673505,5990.957352450672,2.7101947771670893,17,464c921a-4723-4171-a9ab-c807ce9b91c6,None,None,3,530,5,[],None,None
EXPLOIT_VULN,5990.957352450672,5995.5478082185755,4.590455767903222,17,464c921a-4723-4171-a9ab-c807ce9b91c6,None,None,3,531,5,[],None,None
EXPLOIT_VULN,5995.5478082185755,5999.42461492274,3.8768067041646646,17,464c921a-4723-4171-a9ab-c807ce9b91c6,None,None,3,532,5,[],None,None
EXPLOIT_VULN,5999.42461492274,6008.74716782404,9.322552901299787,17,464c921a-4723-4171-a9ab-c807ce9b91c6,None,None,3,533,5,[],None,None
EXPLOIT_VULN,6008.74716782404,6012.162907885292,3.4157400612521087,17,464c921a-4723-4171-a9ab-c807ce9b91c6,None,None,3,534,5,[],None,None
EXPLOIT_VULN,6012.162907885292,6022.019139108299,9.856231223006944,17,464c921a-4723-4171-a9ab-c807ce9b91c6,None,None,3,535,5,[],None,None
EXPLOIT_VULN,6022.019139108299,6034.807800007863,12.788660899564093,17,464c921a-4723-4171-a9ab-c807ce9b91c6,None,None,3,536,5,[],None,None
EXPLOIT_VULN,6034.807800007863,6039.824717435243,5.016917427379667,17,464c921a-4723-4171-a9ab-c807ce9b91c6,None,None,3,537,5,[],None,None
EXPLOIT_VULN,6039.824717435243,6043.252960329481,3.428242894237883,17,464c921a-4723-4171-a9ab-c807ce9b91c6,None,None,3,538,5,[],None,None
EXPLOIT_VULN,6043.252960329481,6058.836855313103,15.583894983622486,17,464c921a-4723-4171-a9ab-c807ce9b91c6,None,None,3,539,5,[],None,None
EXPLOIT_VULN,6058.836855313103,6065.042619105038,6.205763791935169,17,464c921a-4723-4171-a9ab-c807ce9b91c6,None,None,3,540,5,[],None,None
EXPLOIT_VULN,6065.042619105038,6078.069880017994,13.02726091295608,17,464c921a-4723-4171-a9ab-c807ce9b91c6,None,None,3,541,5,[],None,None
EXPLOIT_VULN,6078.069880017994,6083.8309569418925,5.761076923898145,17,464c921a-4723-4171-a9ab-c807ce9b91c6,None,None,3,542,5,[],None,None
EXPLOIT_VULN,6083.8309569418925,6090.537064954222,6.706108012329423,17,464c921a-4723-4171-a9ab-c807ce9b91c6,None,None,3,543,5,[],application,OSDiversity
SCAN_PORT,6112.219438267332,6137.219438267332,25.0,17,464c921a-4723-4171-a9ab-c807ce9b91c6,None,None,3,543,5,[],None,None
EXPLOIT_VULN,6137.219438267332,6137.435117929939,0.21567966260681715,17,464c921a-4723-4171-a9ab-c807ce9b91c6,None,None,3,543,5,[],None,None
EXPLOIT_VULN,6137.435117929939,6138.212235288065,0.7771173581259063,17,464c921a-4723-4171-a9ab-c807ce9b91c6,None,None,3,544,5,[],None,None
EXPLOIT_VULN,6138.212235288065,6139.027380711931,0.8151454238659426,17,464c921a-4723-4171-a9ab-c807ce9b91c6,None,None,3,545,5,[],None,None
EXPLOIT_VULN,6139.027380711931,6142.710529470032,3.683148758101197,17,464c921a-4723-4171-a9ab-c807ce9b91c6,None,None,3,546,5,[],None,None
EXPLOIT_VULN,6142.710529470032,6145.186067898412,2.4755384283798776,17,464c921a-4723-4171-a9ab-c807ce9b91c6,None,None,3,547,5,[],None,None
EXPLOIT_VULN,6145.186067898412,6148.233033803542,3.046965905129582,17,464c921a-4723-4171-a9ab-c807ce9b91c6,None,None,3,548,5,[],None,None
EXPLOIT_VULN,6148.233033803542,6152.784464909826,4.551431106284326,17,464c921a-4723-4171-a9ab-c807ce9b91c6,None,None,3,549,5,[],None,None
EXPLOIT_VULN,6152.784464909826,6156.316820554748,3.532355644922063,17,464c921a-4723-4171-a9ab-c807ce9b91c6,None,None,3,550,5,[],None,None
EXPLOIT_VULN,6156.316820554748,6159.707779005184,3.390958450436301,17,464c921a-4723-4171-a9ab-c807ce9b91c6,None,None,3,551,5,[],None,None
EXPLOIT_VULN,6159.707779005184,6164.5015932013575,4.793814196173116,17,464c921a-4723-4171-a9ab-c807ce9b91c6,None,None,3,552,5,[],None,None
EXPLOIT_VULN,6164.5015932013575,6175.611969649466,11.110376448108582,17,464c921a-4723-4171-a9ab-c807ce9b91c6,None,None,3,553,5,[],None,None
EXPLOIT_VULN,6175.611969649466,6185.766104762341,10.154135112874428,17,464c921a-4723-4171-a9ab-c807ce9b91c6,None,None,3,554,5,[],None,None
EXPLOIT_VULN,6185.766104762341,6187.544186510649,1.7780817483080682,17,464c921a-4723-4171-a9ab-c807ce9b91c6,None,None,3,555,5,[],None,None
EXPLOIT_VULN,6187.544186510649,6190.567938910484,3.0237523998357574,17,464c921a-4723-4171-a9ab-c807ce9b91c6,None,None,3,556,5,[],None,None
EXPLOIT_VULN,6190.567938910484,6201.3293232057495,10.761384295265088,17,464c921a-4723-4171-a9ab-c807ce9b91c6,None,None,3,557,5,[],None,None
EXPLOIT_VULN,6201.3293232057495,6211.554974896668,10.225651690918312,17,464c921a-4723-4171-a9ab-c807ce9b91c6,None,None,3,558,5,[],None,None
EXPLOIT_VULN,6211.554974896668,6226.985090181253,15.430115284585554,17,464c921a-4723-4171-a9ab-c807ce9b91c6,None,None,3,559,5,[],None,None
EXPLOIT_VULN,6226.985090181253,6233.573567346849,6.588477165595577,17,464c921a-4723-4171-a9ab-c807ce9b91c6,None,None,3,560,5,[],None,None
EXPLOIT_VULN,6233.573567346849,6240.606228524185,7.032661177336195,17,464c921a-4723-4171-a9ab-c807ce9b91c6,None,None,3,561,5,[],None,None
EXPLOIT_VULN,6240.606228524185,6245.776239260531,5.17001073634583,17,464c921a-4723-4171-a9ab-c807ce9b91c6,None,None,3,562,5,[],None,None
EXPLOIT_VULN,6245.776239260531,6263.053576297655,17.277337037124198,17,464c921a-4723-4171-a9ab-c807ce9b91c6,None,None,3,563,5,[],None,None
EXPLOIT_VULN,6263.053576297655,6269.656493167473,6.602916869817818,17,464c921a-4723-4171-a9ab-c807ce9b91c6,None,None,3,564,5,[],None,None
EXPLOIT_VULN,6269.656493167473,6280.445312451599,10.788819284126475,17,464c921a-4723-4171-a9ab-c807ce9b91c6,None,None,3,565,5,[],application,ServiceDiversity
SCAN_PORT,6300.511110228197,6325.511110228197,25.0,17,464c921a-4723-4171-a9ab-c807ce9b91c6,None,None,3,565,5,[],None,None
EXPLOIT_VULN,6325.511110228197,6327.665994117882,2.154883889685152,17,464c921a-4723-4171-a9ab-c807ce9b91c6,None,None,3,565,5,[],None,None
EXPLOIT_VULN,6327.665994117882,6328.644003752437,0.9780096345548372,17,464c921a-4723-4171-a9ab-c807ce9b91c6,None,None,3,566,5,[],None,None
EXPLOIT_VULN,6328.644003752437,6334.254142102805,5.610138350368288,17,464c921a-4723-4171-a9ab-c807ce9b91c6,None,None,3,567,5,[],None,None
EXPLOIT_VULN,6334.254142102805,6336.574802217136,2.320660114330167,17,464c921a-4723-4171-a9ab-c807ce9b91c6,None,None,3,568,5,[],None,None
EXPLOIT_VULN,6336.574802217136,6338.124262302778,1.5494600856427496,17,464c921a-4723-4171-a9ab-c807ce9b91c6,None,None,3,569,5,[],None,None
EXPLOIT_VULN,6338.124262302778,6339.620484287336,1.496221984557451,17,464c921a-4723-4171-a9ab-c807ce9b91c6,None,None,3,570,5,[],None,None
EXPLOIT_VULN,6339.620484287336,6341.480168881478,1.8596845941419815,17,464c921a-4723-4171-a9ab-c807ce9b91c6,None,None,3,571,5,[],None,None
EXPLOIT_VULN,6341.480168881478,6348.35096138064,6.870792499162235,17,464c921a-4723-4171-a9ab-c807ce9b91c6,None,None,3,572,5,[],None,None
EXPLOIT_VULN,6348.35096138064,6350.656379685236,2.30541830459606,17,464c921a-4723-4171-a9ab-c807ce9b91c6,None,None,3,573,5,[],None,None
EXPLOIT_VULN,6350.656379685236,6353.1402156081695,2.4838359229333946,17,464c921a-4723-4171-a9ab-c807ce9b91c6,None,None,3,574,5,[],None,None
EXPLOIT_VULN,6353.1402156081695,6360.288526685563,7.148311077393373,17,464c921a-4723-4171-a9ab-c807ce9b91c6,None,None,3,575,5,[],None,None
EXPLOIT_VULN,6360.288526685563,6363.155471626167,2.8669449406042986,17,464c921a-4723-4171-a9ab-c807ce9b91c6,None,None,3,576,5,[],None,None
EXPLOIT_VULN,6363.155471626167,6366.437210134607,3.2817385084399575,17,464c921a-4723-4171-a9ab-c807ce9b91c6,None,None,3,577,5,[],None,None
EXPLOIT_VULN,6366.437210134607,6369.127881701786,2.6906715671784696,17,464c921a-4723-4171-a9ab-c807ce9b91c6,None,None,3,578,5,[],None,None
EXPLOIT_VULN,6369.127881701786,6381.637637407509,12.509755705723364,17,464c921a-4723-4171-a9ab-c807ce9b91c6,None,None,3,579,5,[],None,None
EXPLOIT_VULN,6381.637637407509,6389.591330354788,7.953692947278796,17,464c921a-4723-4171-a9ab-c807ce9b91c6,None,None,3,580,5,[],None,None
EXPLOIT_VULN,6389.591330354788,6395.173138842693,5.581808487905619,17,464c921a-4723-4171-a9ab-c807ce9b91c6,None,None,3,581,5,[],None,None
EXPLOIT_VULN,6395.173138842693,6398.943031320966,3.7698924782725953,17,464c921a-4723-4171-a9ab-c807ce9b91c6,None,None,3,582,5,[],None,None
EXPLOIT_VULN,6398.943031320966,6404.009982381152,5.066951060186511,17,464c921a-4723-4171-a9ab-c807ce9b91c6,None,None,3,583,5,[],None,None
EXPLOIT_VULN,6404.009982381152,6414.32018469178,10.310202310627574,17,464c921a-4723-4171-a9ab-c807ce9b91c6,None,None,3,584,5,[],None,None
EXPLOIT_VULN,6414.32018469178,6429.794079224375,15.473894532595295,17,464c921a-4723-4171-a9ab-c807ce9b91c6,None,None,3,585,5,[],None,None
EXPLOIT_VULN,6429.794079224375,6436.962247376038,7.16816815166294,17,464c921a-4723-4171-a9ab-c807ce9b91c6,None,None,3,586,5,[],None,None
EXPLOIT_VULN,6436.962247376038,6444.90727118402,7.94502380798167,17,464c921a-4723-4171-a9ab-c807ce9b91c6,None,None,3,587,5,[],None,None
EXPLOIT_VULN,6444.90727118402,6448.930893453631,4.023622269611224,17,464c921a-4723-4171-a9ab-c807ce9b91c6,None,None,3,588,5,[],None,None
EXPLOIT_VULN,6448.930893453631,6455.50041268534,6.5695192317089095,17,464c921a-4723-4171-a9ab-c807ce9b91c6,None,None,3,589,5,[],None,None
EXPLOIT_VULN,6455.50041268534,6465.5595973033005,10.059184617960454,17,464c921a-4723-4171-a9ab-c807ce9b91c6,None,None,3,590,5,[],None,None
EXPLOIT_VULN,6465.5595973033005,6473.34393608995,7.784338786649641,17,464c921a-4723-4171-a9ab-c807ce9b91c6,None,None,3,591,5,[],None,None
EXPLOIT_VULN,6473.34393608995,6486.487268329522,13.143332239571464,17,464c921a-4723-4171-a9ab-c807ce9b91c6,None,None,3,592,5,[],None,None
EXPLOIT_VULN,6486.487268329522,6503.190996466224,16.70372813670201,17,464c921a-4723-4171-a9ab-c807ce9b91c6,None,None,3,593,5,[],None,None
EXPLOIT_VULN,6503.190996466224,6511.686403366165,8.495406899941372,17,464c921a-4723-4171-a9ab-c807ce9b91c6,None,None,3,594,5,[],None,None
EXPLOIT_VULN,6511.686403366165,6520.170087746485,8.483684380319573,17,464c921a-4723-4171-a9ab-c807ce9b91c6,None,None,3,595,5,[],None,None
EXPLOIT_VULN,6520.170087746485,6521.263859907161,1.0937721606760533,17,464c921a-4723-4171-a9ab-c807ce9b91c6,None,None,3,596,5,[],network,CompleteTopologyShuffle
SCAN_HOST,6541.655166939427,6546.655166939427,5.0,-1,-1,None,None,0,596,5,[],None,None
ENUM_HOST,6546.655166939427,6551.655166939427,5.0,-1,-1,None,None,0,596,5,[],None,None
SCAN_PORT,6551.655166939427,6576.655166939427,25.0,10,d79c0963-4a36-42b2-9ec4-1e466a44227f,None,None,5,596,5,[],None,None
EXPLOIT_VULN,6576.655166939427,6577.095186832461,0.4400198930343322,10,d79c0963-4a36-42b2-9ec4-1e466a44227f,None,None,5,596,5,[],None,None
EXPLOIT_VULN,6577.095186832461,6581.585691982063,4.490505149601631,10,d79c0963-4a36-42b2-9ec4-1e466a44227f,None,None,5,597,5,[],None,None
EXPLOIT_VULN,6581.585691982063,6587.029646179212,5.443954197149651,10,d79c0963-4a36-42b2-9ec4-1e466a44227f,None,None,5,598,5,[],None,None
EXPLOIT_VULN,6587.029646179212,6594.862895331945,7.833249152732606,10,d79c0963-4a36-42b2-9ec4-1e466a44227f,None,None,5,599,5,[],None,None
BRUTE_FORCE,6594.862895331945,6614.862895331945,20.0,10,d79c0963-4a36-42b2-9ec4-1e466a44227f,None,None,5,600,5,[],None,None
ENUM_HOST,6614.862895331945,6619.862895331945,5.0,10,d79c0963-4a36-42b2-9ec4-1e466a44227f,None,None,5,600,5,[],None,None
SCAN_PORT,6619.862895331945,6644.862895331945,25.0,6,62721611-be02-4151-883b-83d394161d97,None,None,1,600,5,[],None,None
EXPLOIT_VULN,6644.862895331945,6645.394740366284,0.5318450343393124,6,62721611-be02-4151-883b-83d394161d97,None,None,1,600,5,[],None,None
EXPLOIT_VULN,6645.394740366284,6646.715939358061,1.321198991777237,6,62721611-be02-4151-883b-83d394161d97,None,None,1,601,5,[],None,None
EXPLOIT_VULN,6646.715939358061,6650.3225727929075,3.606633434846117,6,62721611-be02-4151-883b-83d394161d97,None,None,1,602,5,[],None,None
EXPLOIT_VULN,6650.3225727929075,6652.194893630944,1.872320838036103,6,62721611-be02-4151-883b-83d394161d97,None,None,1,603,5,[],None,None
EXPLOIT_VULN,6652.194893630944,6661.304650655362,9.109757024418286,6,62721611-be02-4151-883b-83d394161d97,None,None,1,604,5,[],None,None
EXPLOIT_VULN,6661.304650655362,6671.840442760517,10.535792105155451,6,62721611-be02-4151-883b-83d394161d97,None,None,1,605,5,[],None,None
EXPLOIT_VULN,6671.840442760517,6674.344579367712,2.504136607194596,6,62721611-be02-4151-883b-83d394161d97,None,None,1,606,5,[],None,None
EXPLOIT_VULN,6674.344579367712,6676.861811515176,2.517232147463801,6,62721611-be02-4151-883b-83d394161d97,None,None,1,607,5,[],None,None
EXPLOIT_VULN,6676.861811515176,6689.436894876781,12.575083361604811,6,62721611-be02-4151-883b-83d394161d97,None,None,1,608,5,[],None,None
EXPLOIT_VULN,6689.436894876781,6693.024745360206,3.5878504834254272,6,62721611-be02-4151-883b-83d394161d97,None,None,1,609,5,[],None,None
EXPLOIT_VULN,6693.024745360206,6698.8625736359445,5.837828275738502,6,62721611-be02-4151-883b-83d394161d97,None,None,1,610,5,[],None,None
EXPLOIT_VULN,6698.8625736359445,6708.770575284878,9.90800164893335,6,62721611-be02-4151-883b-83d394161d97,None,None,1,611,5,[],None,None
EXPLOIT_VULN,6708.770575284878,6712.78744204269,4.01686675781184,6,62721611-be02-4151-883b-83d394161d97,None,None,1,612,5,[],network,IPShuffle
SCAN_HOST,6733.581637884128,6738.581637884128,5.0,-1,-1,None,None,0,612,5,[],None,None
ENUM_HOST,6738.581637884128,6743.581637884128,5.0,-1,-1,None,None,0,612,5,[],None,None
SCAN_PORT,6743.581637884128,6768.581637884128,25.0,6,62721611-be02-4151-883b-83d394161d97,None,None,2,612,5,[],None,None
EXPLOIT_VULN,6768.581637884128,6769.634599052316,1.0529611681877213,6,62721611-be02-4151-883b-83d394161d97,None,None,2,612,5,[],None,None
EXPLOIT_VULN,6769.634599052316,6770.748672179047,1.114073126731455,6,62721611-be02-4151-883b-83d394161d97,None,None,2,613,5,[],None,None
EXPLOIT_VULN,6770.748672179047,6772.035942125896,1.2872699468489373,6,62721611-be02-4151-883b-83d394161d97,None,None,2,614,5,[],None,None
EXPLOIT_VULN,6772.035942125896,6773.387389001003,1.351446875106376,6,62721611-be02-4151-883b-83d394161d97,None,None,2,615,5,[],None,None
EXPLOIT_VULN,6773.387389001003,6773.813398177858,0.4260091768555867,6,62721611-be02-4151-883b-83d394161d97,None,None,2,616,5,[],None,None
EXPLOIT_VULN,6773.813398177858,6777.138064949345,3.3246667714865907,6,62721611-be02-4151-883b-83d394161d97,None,None,2,617,5,[],None,None
EXPLOIT_VULN,6777.138064949345,6779.947971403522,2.809906454177508,6,62721611-be02-4151-883b-83d394161d97,None,None,2,618,5,[],None,None
EXPLOIT_VULN,6779.947971403522,6784.705151677987,4.75718027446419,6,62721611-be02-4151-883b-83d394161d97,None,None,2,619,5,[],None,None
EXPLOIT_VULN,6784.705151677987,6788.524036845479,3.818885167492226,6,62721611-be02-4151-883b-83d394161d97,None,None,2,620,5,[],None,None
EXPLOIT_VULN,6788.524036845479,6803.710079549327,15.186042703848216,6,62721611-be02-4151-883b-83d394161d97,None,None,2,621,5,[],None,None
EXPLOIT_VULN,6803.710079549327,6811.8386409419645,8.128561392637494,6,62721611-be02-4151-883b-83d394161d97,None,None,2,622,5,[],None,None
EXPLOIT_VULN,6811.8386409419645,6828.990010566476,17.151369624511062,6,62721611-be02-4151-883b-83d394161d97,None,None,2,623,5,[],None,None
EXPLOIT_VULN,6828.990010566476,6841.127275782471,12.137265215995285,6,62721611-be02-4151-883b-83d394161d97,None,None,2,624,5,[],None,None
EXPLOIT_VULN,6841.127275782471,6849.019110985871,7.891835203399751,6,62721611-be02-4151-883b-83d394161d97,None,None,2,625,5,[],None,None
EXPLOIT_VULN,6849.019110985871,6854.605773085329,5.586662099458408,6,62721611-be02-4151-883b-83d394161d97,None,None,2,626,5,[],None,None
EXPLOIT_VULN,6854.605773085329,6863.400668297705,8.794895212376105,6,62721611-be02-4151-883b-83d394161d97,None,None,2,627,5,[],None,None
EXPLOIT_VULN,6863.400668297705,6872.04381930579,8.643151008084715,6,62721611-be02-4151-883b-83d394161d97,None,None,2,628,5,[],None,None
EXPLOIT_VULN,6872.04381930579,6879.954309529122,7.91049022333209,6,62721611-be02-4151-883b-83d394161d97,None,None,2,629,5,[],None,None
EXPLOIT_VULN,6879.954309529122,6887.920031727498,7.96572219837617,6,62721611-be02-4151-883b-83d394161d97,None,None,2,630,5,[],None,None
EXPLOIT_VULN,6887.920031727498,6893.772242800693,5.852211073194667,6,62721611-be02-4151-883b-83d394161d97,None,None,2,631,5,[],application,OSDiversity
SCAN_PORT,6914.209790708115,6939.209790708115,25.0,6,62721611-be02-4151-883b-83d394161d97,None,None,2,631,5,[],None,None
EXPLOIT_VULN,6939.209790708115,6940.517959919004,1.308169210888991,6,62721611-be02-4151-883b-83d394161d97,None,None,2,631,5,[],None,None
EXPLOIT_VULN,6940.517959919004,6942.467046240772,1.9490863217679362,6,62721611-be02-4151-883b-83d394161d97,None,None,2,632,5,[],None,None
EXPLOIT_VULN,6942.467046240772,6946.373802795089,3.906756554317326,6,62721611-be02-4151-883b-83d394161d97,None,None,2,633,5,[],None,None
EXPLOIT_VULN,6946.373802795089,6947.187641956917,0.8138391618276728,6,62721611-be02-4151-883b-83d394161d97,None,None,2,634,5,[],None,None
EXPLOIT_VULN,6947.187641956917,6949.745837810551,2.5581958536340608,6,62721611-be02-4151-883b-83d394161d97,None,None,2,635,5,[],None,None
EXPLOIT_VULN,6949.745837810551,6959.486565452475,9.740727641923513,6,62721611-be02-4151-883b-83d394161d97,None,None,2,636,5,[],None,None
EXPLOIT_VULN,6959.486565452475,6963.327715383144,3.841149930669417,6,62721611-be02-4151-883b-83d394161d97,None,None,2,637,5,[],None,None
EXPLOIT_VULN,6963.327715383144,6967.557606128264,4.229890745119519,6,62721611-be02-4151-883b-83d394161d97,None,None,2,638,5,[],None,None
EXPLOIT_VULN,6967.557606128264,6973.274382274087,5.7167761458231325,6,62721611-be02-4151-883b-83d394161d97,None,None,2,639,5,[],None,None
EXPLOIT_VULN,6973.274382274087,6978.251413922125,4.977031648038064,6,62721611-be02-4151-883b-83d394161d97,None,None,2,640,5,[],None,None
EXPLOIT_VULN,6978.251413922125,6981.712147713539,3.460733791413986,6,62721611-be02-4151-883b-83d394161d97,None,None,2,641,5,[],None,None
EXPLOIT_VULN,6981.712147713539,6987.242062923916,5.529915210377112,6,62721611-be02-4151-883b-83d394161d97,None,None,2,642,5,[],None,None
EXPLOIT_VULN,6987.242062923916,6990.874748204026,3.6326852801103087,6,62721611-be02-4151-883b-83d394161d97,None,None,2,643,5,[],None,None
EXPLOIT_VULN,6990.874748204026,6997.496988347463,6.622240143437011,6,62721611-be02-4151-883b-83d394161d97,None,None,2,644,5,[],None,None
EXPLOIT_VULN,6997.496988347463,6999.907149349296,2.410161001832421,6,62721611-be02-4151-883b-83d394161d97,None,None,2,645,5,[],None,None
EXPLOIT_VULN,6999.907149349296,7002.40900305796,2.5018537086643846,6,62721611-be02-4151-883b-83d394161d97,None,None,2,646,5,[],None,None
EXPLOIT_VULN,7002.40900305796,7007.752747801033,5.34374474307333,6,62721611-be02-4151-883b-83d394161d97,None,None,2,647,5,[],None,None
EXPLOIT_VULN,7007.752747801033,7012.603099726134,4.850351925100767,6,62721611-be02-4151-883b-83d394161d97,None,None,2,648,5,[],None,None
EXPLOIT_VULN,7012.603099726134,7018.448197356241,5.845097630106466,6,62721611-be02-4151-883b-83d394161d97,None,None,2,649,5,[],None,None
EXPLOIT_VULN,7018.448197356241,7040.154320877485,21.70612352124408,6,62721611-be02-4151-883b-83d394161d97,None,None,2,650,5,[],None,None
EXPLOIT_VULN,7040.154320877485,7047.5592731026445,7.404952225159832,6,62721611-be02-4151-883b-83d394161d97,None,None,2,651,5,[],None,None
EXPLOIT_VULN,7047.5592731026445,7067.225529099369,19.66625599672443,6,62721611-be02-4151-883b-83d394161d97,None,None,2,652,5,[],None,None
EXPLOIT_VULN,7067.225529099369,7076.452854941607,9.227325842238315,6,62721611-be02-4151-883b-83d394161d97,None,None,2,653,5,[],None,None
EXPLOIT_VULN,7076.452854941607,7084.030354429386,7.577499487778368,6,62721611-be02-4151-883b-83d394161d97,None,None,2,654,5,[],application,ServiceDiversity
SCAN_PORT,7104.089097120747,7129.089097120747,25.0,6,62721611-be02-4151-883b-83d394161d97,None,None,2,654,5,[],None,None
EXPLOIT_VULN,7129.089097120747,7129.304913459911,0.21581633916412102,6,62721611-be02-4151-883b-83d394161d97,None,None,2,654,5,[],None,None
EXPLOIT_VULN,7129.304913459911,7129.732027782815,0.4271143229034351,6,62721611-be02-4151-883b-83d394161d97,None,None,2,655,5,[],None,None
EXPLOIT_VULN,7129.732027782815,7130.487058144751,0.7550303619364058,6,62721611-be02-4151-883b-83d394161d97,None,None,2,656,5,[],None,None
EXPLOIT_VULN,7130.487058144751,7131.454186020858,0.9671278761070425,6,62721611-be02-4151-883b-83d394161d97,None,None,2,657,5,[],None,None
EXPLOIT_VULN,7131.454186020858,7132.670547494559,1.2163614737009993,6,62721611-be02-4151-883b-83d394161d97,None,None,2,658,5,[],None,None
EXPLOIT_VULN,7132.670547494559,7134.899559822899,2.2290123283401044,6,62721611-be02-4151-883b-83d394161d97,None,None,2,659,5,[],None,None
EXPLOIT_VULN,7134.899559822899,7139.722806487336,4.823246664436738,6,62721611-be02-4151-883b-83d394161d97,None,None,2,660,5,[],None,None
EXPLOIT_VULN,7139.722806487336,7141.8653507637055,2.1425442763693354,6,62721611-be02-4151-883b-83d394161d97,None,None,2,661,5,[],None,None
EXPLOIT_VULN,7141.8653507637055,7146.46437717061,4.599026406904159,6,62721611-be02-4151-883b-83d394161d97,None,None,2,662,5,[],None,None
EXPLOIT_VULN,7146.46437717061,7150.804909906087,4.340532735477609,6,62721611-be02-4151-883b-83d394161d97,None,None,2,663,5,[],None,None
EXPLOIT_VULN,7150.804909906087,7157.46872339813,6.6638134920431185,6,62721611-be02-4151-883b-83d394161d97,None,None,2,664,5,[],None,None
EXPLOIT_VULN,7157.46872339813,7161.720493510007,4.2517701118767945,6,62721611-be02-4151-883b-83d394161d97,None,None,2,665,5,[],None,None
EXPLOIT_VULN,7161.720493510007,7171.438365512445,9.717872002437616,6,62721611-be02-4151-883b-83d394161d97,None,None,2,666,5,[],None,None
EXPLOIT_VULN,7171.438365512445,7180.3858431305625,8.947477618117773,6,62721611-be02-4151-883b-83d394161d97,None,None,2,667,5,[],None,None
EXPLOIT_VULN,7180.3858431305625,7189.39546276913,9.009619638567528,6,62721611-be02-4151-883b-83d394161d97,None,None,2,668,5,[],None,None
EXPLOIT_VULN,7189.39546276913,7193.65814668263,4.262683913500041,6,62721611-be02-4151-883b-83d394161d97,None,None,2,669,5,[],None,None
EXPLOIT_VULN,7193.65814668263,7206.852012451204,13.193865768574142,6,62721611-be02-4151-883b-83d394161d97,None,None,2,670,5,[],None,None
EXPLOIT_VULN,7206.852012451204,7211.950199085592,5.098186634388185,6,62721611-be02-4151-883b-83d394161d97,None,None,2,671,5,[],None,None
EXPLOIT_VULN,7211.950199085592,7225.778063226601,13.827864141008831,6,62721611-be02-4151-883b-83d394161d97,None,None,2,672,5,[],None,None
EXPLOIT_VULN,7225.778063226601,7231.96205778358,6.183994556979087,6,62721611-be02-4151-883b-83d394161d97,None,None,2,673,5,[],None,None
EXPLOIT_VULN,7231.96205778358,7237.172724004927,5.210666221346401,6,62721611-be02-4151-883b-83d394161d97,None,None,2,674,5,[],None,None
EXPLOIT_VULN,7237.172724004927,7241.445338560174,4.272614555246946,6,62721611-be02-4151-883b-83d394161d97,None,None,2,675,5,[],None,None
EXPLOIT_VULN,7241.445338560174,7243.458382578635,2.013044018461187,6,62721611-be02-4151-883b-83d394161d97,None,None,2,676,5,[],None,None
EXPLOIT_VULN,7243.458382578635,7249.505527337974,6.047144759339062,6,62721611-be02-4151-883b-83d394161d97,None,None,2,677,5,[],None,None
EXPLOIT_VULN,7249.505527337974,7263.5308305719445,14.02530323397059,6,62721611-be02-4151-883b-83d394161d97,None,None,2,678,5,[],None,None
EXPLOIT_VULN,7263.5308305719445,7270.029344429409,6.498513857464786,6,62721611-be02-4151-883b-83d394161d97,None,None,2,679,5,[],None,None
EXPLOIT_VULN,7270.029344429409,7288.325009263597,18.295664834187846,6,62721611-be02-4151-883b-83d394161d97,None,None,2,680,5,[],None,None
EXPLOIT_VULN,7288.325009263597,7297.194833484631,8.869824221033923,6,62721611-be02-4151-883b-83d394161d97,None,None,2,681,5,[],None,None
EXPLOIT_VULN,7297.194833484631,7312.797267575226,15.602434090595125,6,62721611-be02-4151-883b-83d394161d97,None,None,2,682,5,[],None,None
EXPLOIT_VULN,7312.797267575226,7325.232766140238,12.435498565011585,6,62721611-be02-4151-883b-83d394161d97,None,None,2,683,5,[],network,CompleteTopologyShuffle
SCAN_HOST,7345.461483128121,7350.461483128121,5.0,-1,-1,None,None,0,683,5,[],None,None
ENUM_HOST,7350.461483128121,7355.461483128121,5.0,-1,-1,None,None,0,683,5,[],None,None
SCAN_PORT,7355.461483128121,7380.461483128121,25.0,15,0c4aa51a-0b8c-4175-b9e6-46cfe860e67b,None,None,2,683,5,[],None,None
EXPLOIT_VULN,7380.461483128121,7383.878920194004,3.4174370658838598,15,0c4aa51a-0b8c-4175-b9e6-46cfe860e67b,None,None,2,683,5,[],None,None
EXPLOIT_VULN,7383.878920194004,7386.381409821108,2.5024896271033867,15,0c4aa51a-0b8c-4175-b9e6-46cfe860e67b,None,None,2,684,5,[],None,None
EXPLOIT_VULN,7386.381409821108,7388.075982391982,1.6945725708737882,15,0c4aa51a-0b8c-4175-b9e6-46cfe860e67b,None,None,2,685,5,[],None,None
EXPLOIT_VULN,7388.075982391982,7390.284779182386,2.208796790404449,15,0c4aa51a-0b8c-4175-b9e6-46cfe860e67b,None,None,2,686,5,[],None,None
EXPLOIT_VULN,7390.284779182386,7393.409465959442,3.124686777056013,15,0c4aa51a-0b8c-4175-b9e6-46cfe860e67b,None,None,2,687,5,[],None,None
EXPLOIT_VULN,7393.409465959442,7398.976417946459,5.566951987017092,15,0c4aa51a-0b8c-4175-b9e6-46cfe860e67b,None,None,2,688,5,[],None,None
EXPLOIT_VULN,7398.976417946459,7408.455626473229,9.47920852676998,15,0c4aa51a-0b8c-4175-b9e6-46cfe860e67b,None,None,2,689,5,[],None,None
EXPLOIT_VULN,7408.455626473229,7411.2563644704205,2.8007379971913906,15,0c4aa51a-0b8c-4175-b9e6-46cfe860e67b,None,None,2,690,5,[],None,None
EXPLOIT_VULN,7411.2563644704205,7413.351062584512,2.094698114091443,15,0c4aa51a-0b8c-4175-b9e6-46cfe860e67b,None,None,2,691,5,[],None,None
EXPLOIT_VULN,7413.351062584512,7417.35296462921,4.001902044697999,15,0c4aa51a-0b8c-4175-b9e6-46cfe860e67b,None,None,2,692,5,[],None,None
EXPLOIT_VULN,7417.35296462921,7425.176777361591,7.823812732381157,15,0c4aa51a-0b8c-4175-b9e6-46cfe860e67b,None,None,2,693,5,[],None,None
EXPLOIT_VULN,7425.176777361591,7430.4095017557165,5.232724394125398,15,0c4aa51a-0b8c-4175-b9e6-46cfe860e67b,None,None,2,694,5,[],None,None
EXPLOIT_VULN,7430.4095017557165,7434.212788203604,3.8032864478873307,15,0c4aa51a-0b8c-4175-b9e6-46cfe860e67b,None,None,2,695,5,[],None,None
EXPLOIT_VULN,7434.212788203604,7440.556580215978,6.3437920123742515,15,0c4aa51a-0b8c-4175-b9e6-46cfe860e67b,None,None,2,696,5,[],None,None
EXPLOIT_VULN,7440.556580215978,7447.475450014441,6.918869798462765,15,0c4aa51a-0b8c-4175-b9e6-46cfe860e67b,None,None,2,697,5,[],None,None
EXPLOIT_VULN,7447.475450014441,7459.271723467768,11.796273453327558,15,0c4aa51a-0b8c-4175-b9e6-46cfe860e67b,None,None,2,698,5,[],None,None
EXPLOIT_VULN,7459.271723467768,7470.665048353321,11.393324885552829,15,0c4aa51a-0b8c-4175-b9e6-46cfe860e67b,None,None,2,699,5,[],None,None
EXPLOIT_VULN,7470.665048353321,7477.803108846284,7.1380604929627225,15,0c4aa51a-0b8c-4175-b9e6-46cfe860e67b,None,None,2,700,5,[],None,None
EXPLOIT_VULN,7477.803108846284,7486.623157736517,8.82004889023301,15,0c4aa51a-0b8c-4175-b9e6-46cfe860e67b,None,None,2,701,5,[],None,None
EXPLOIT_VULN,7486.623157736517,7491.490161628637,4.86700389212001,15,0c4aa51a-0b8c-4175-b9e6-46cfe860e67b,None,None,2,702,5,[],None,None
EXPLOIT_VULN,7491.490161628637,7499.966538163021,8.476376534384144,15,0c4aa51a-0b8c-4175-b9e6-46cfe860e67b,None,None,2,703,5,[],None,None
EXPLOIT_VULN,7499.966538163021,7505.882846931125,5.91630876810359,15,0c4aa51a-0b8c-4175-b9e6-46cfe860e67b,None,None,2,704,5,[],None,None
EXPLOIT_VULN,7505.882846931125,7512.994262599187,7.111415668062364,15,0c4aa51a-0b8c-4175-b9e6-46cfe860e67b,None,None,2,705,5,[],None,None
EXPLOIT_VULN,7512.994262599187,7515.470337071375,2.4760744721879746,15,0c4aa51a-0b8c-4175-b9e6-46cfe860e67b,None,None,2,706,5,[],network,IPShuffle
SCAN_HOST,7535.7697286918265,7540.7697286918265,5.0,-1,-1,None,None,0,706,5,[],None,None
ENUM_HOST,7540.7697286918265,7545.7697286918265,5.0,-1,-1,None,None,0,706,5,[],None,None
SCAN_PORT,7545.7697286918265,7570.7697286918265,25.0,12,59b42036-d1d0-4af9-9416-7937abf6b940,12,59b42036-d1d0-4af9-9416-7937abf6b940,1,706,5,"['Mina', 'Lezlie', 'Clemmie']",None,None
SCAN_NEIGHBOR,7570.7697286918265,7575.7697286918265,5.0,12,59b42036-d1d0-4af9-9416-7937abf6b940,None,None,1,706,6,[],None,None
ENUM_HOST,7575.7697286918265,7580.7697286918265,5.0,12,59b42036-d1d0-4af9-9416-7937abf6b940,None,None,1,706,6,[],None,None
SCAN_PORT,7580.7697286918265,7605.7697286918265,25.0,15,0c4aa51a-0b8c-4175-b9e6-46cfe860e67b,None,None,3,706,6,[],None,None
EXPLOIT_VULN,7605.7697286918265,7606.954188974398,1.1844602825713082,15,0c4aa51a-0b8c-4175-b9e6-46cfe860e67b,None,None,3,706,6,[],None,None
EXPLOIT_VULN,7606.954188974398,7610.424299012582,3.47011003818443,15,0c4aa51a-0b8c-4175-b9e6-46cfe860e67b,None,None,3,707,6,[],None,None
EXPLOIT_VULN,7610.424299012582,7613.955741723066,3.5314427104840433,15,0c4aa51a-0b8c-4175-b9e6-46cfe860e67b,None,None,3,708,6,[],None,None
EXPLOIT_VULN,7613.955741723066,7616.374572815298,2.4188310922318124,15,0c4aa51a-0b8c-4175-b9e6-46cfe860e67b,None,None,3,709,6,[],None,None
EXPLOIT_VULN,7616.374572815298,7620.361610720153,3.9870379048552422,15,0c4aa51a-0b8c-4175-b9e6-46cfe860e67b,None,None,3,710,6,[],None,None
EXPLOIT_VULN,7620.361610720153,7625.642686466127,5.281075745973794,15,0c4aa51a-0b8c-4175-b9e6-46cfe860e67b,None,None,3,711,6,[],None,None
EXPLOIT_VULN,7625.642686466127,7631.408852483116,5.766166016988791,15,0c4aa51a-0b8c-4175-b9e6-46cfe860e67b,None,None,3,712,6,[],None,None
EXPLOIT_VULN,7631.408852483116,7633.4713315375075,2.062479054391588,15,0c4aa51a-0b8c-4175-b9e6-46cfe860e67b,None,None,3,713,6,[],None,None
EXPLOIT_VULN,7633.4713315375075,7641.601753625605,8.130422088097475,15,0c4aa51a-0b8c-4175-b9e6-46cfe860e67b,None,None,3,714,6,[],None,None
EXPLOIT_VULN,7641.601753625605,7650.136993556834,8.535239931228716,15,0c4aa51a-0b8c-4175-b9e6-46cfe860e67b,None,None,3,715,6,[],None,None
EXPLOIT_VULN,7650.136993556834,7659.082219452662,8.945225895828116,15,0c4aa51a-0b8c-4175-b9e6-46cfe860e67b,None,None,3,716,6,[],None,None
EXPLOIT_VULN,7659.082219452662,7664.758154948167,5.675935495505655,15,0c4aa51a-0b8c-4175-b9e6-46cfe860e67b,None,None,3,717,6,[],None,None
EXPLOIT_VULN,7664.758154948167,7680.768765803009,16.010610854841616,15,0c4aa51a-0b8c-4175-b9e6-46cfe860e67b,None,None,3,718,6,[],None,None
EXPLOIT_VULN,7680.768765803009,7697.002967783389,16.23420198038002,15,0c4aa51a-0b8c-4175-b9e6-46cfe860e67b,None,None,3,719,6,[],application,OSDiversity
SCAN_PORT,7717.4538937798225,7742.4538937798225,25.0,15,0c4aa51a-0b8c-4175-b9e6-46cfe860e67b,None,None,3,719,6,[],None,None
EXPLOIT_VULN,7742.4538937798225,7742.825351374859,0.37145759503619047,15,0c4aa51a-0b8c-4175-b9e6-46cfe860e67b,None,None,3,719,6,[],None,None
EXPLOIT_VULN,7742.825351374859,7744.027522775773,1.202171400914267,15,0c4aa51a-0b8c-4175-b9e6-46cfe860e67b,None,None,3,720,6,[],None,None
EXPLOIT_VULN,7744.027522775773,7744.828395131856,0.800872356083346,15,0c4aa51a-0b8c-4175-b9e6-46cfe860e67b,None,None,3,721,6,[],None,None
EXPLOIT_VULN,7744.828395131856,7745.662614907862,0.8342197760057388,15,0c4aa51a-0b8c-4175-b9e6-46cfe860e67b,None,None,3,722,6,[],None,None
EXPLOIT_VULN,7745.662614907862,7748.069971123858,2.4073562159956055,15,0c4aa51a-0b8c-4175-b9e6-46cfe860e67b,None,None,3,723,6,[],None,None
EXPLOIT_VULN,7748.069971123858,7751.250522070945,3.180550947087795,15,0c4aa51a-0b8c-4175-b9e6-46cfe860e67b,None,None,3,724,6,[],None,None
EXPLOIT_VULN,7751.250522070945,7753.517695244783,2.2671731738373637,15,0c4aa51a-0b8c-4175-b9e6-46cfe860e67b,None,None,3,725,6,[],None,None
EXPLOIT_VULN,7753.517695244783,7756.20958691609,2.6918916713075305,15,0c4aa51a-0b8c-4175-b9e6-46cfe860e67b,None,None,3,726,6,[],None,None
EXPLOIT_VULN,7756.20958691609,7758.978757244112,2.7691703280215734,15,0c4aa51a-0b8c-4175-b9e6-46cfe860e67b,None,None,3,727,6,[],None,None
EXPLOIT_VULN,7758.978757244112,7764.83274025955,5.853983015437734,15,0c4aa51a-0b8c-4175-b9e6-46cfe860e67b,None,None,3,728,6,[],None,None
EXPLOIT_VULN,7764.83274025955,7769.332483467491,4.4997432079417194,15,0c4aa51a-0b8c-4175-b9e6-46cfe860e67b,None,None,3,729,6,[],None,None
EXPLOIT_VULN,7769.332483467491,7779.040244752874,9.70776128538273,15,0c4aa51a-0b8c-4175-b9e6-46cfe860e67b,None,None,3,730,6,[],None,None
EXPLOIT_VULN,7779.040244752874,7787.111971495882,8.071726743008185,15,0c4aa51a-0b8c-4175-b9e6-46cfe860e67b,None,None,3,731,6,[],None,None
EXPLOIT_VULN,7787.111971495882,7790.964459090816,3.8524875949333364,15,0c4aa51a-0b8c-4175-b9e6-46cfe860e67b,None,None,3,732,6,[],None,None
EXPLOIT_VULN,7790.964459090816,7806.449502147204,15.48504305638835,15,0c4aa51a-0b8c-4175-b9e6-46cfe860e67b,None,None,3,733,6,[],None,None
EXPLOIT_VULN,7806.449502147204,7813.886370377505,7.4368682303011155,15,0c4aa51a-0b8c-4175-b9e6-46cfe860e67b,None,None,3,734,6,[],None,None
EXPLOIT_VULN,7813.886370377505,7819.653425446101,5.767055068596164,15,0c4aa51a-0b8c-4175-b9e6-46cfe860e67b,None,None,3,735,6,[],None,None
EXPLOIT_VULN,7819.653425446101,7822.913222008055,3.259796561953408,15,0c4aa51a-0b8c-4175-b9e6-46cfe860e67b,None,None,3,736,6,[],None,None
EXPLOIT_VULN,7822.913222008055,7829.902157171255,6.98893516320004,15,0c4aa51a-0b8c-4175-b9e6-46cfe860e67b,None,None,3,737,6,[],None,None
EXPLOIT_VULN,7829.902157171255,7832.371012019934,2.468854848679257,15,0c4aa51a-0b8c-4175-b9e6-46cfe860e67b,None,None,3,738,6,[],None,None
EXPLOIT_VULN,7832.371012019934,7852.232873915264,19.86186189532964,15,0c4aa51a-0b8c-4175-b9e6-46cfe860e67b,None,None,3,739,6,[],None,None
EXPLOIT_VULN,7852.232873915264,7857.518348455901,5.285474540637551,15,0c4aa51a-0b8c-4175-b9e6-46cfe860e67b,None,None,3,740,6,[],None,None
EXPLOIT_VULN,7857.518348455901,7866.074080500047,8.55573204414577,15,0c4aa51a-0b8c-4175-b9e6-46cfe860e67b,None,None,3,741,6,[],None,None
EXPLOIT_VULN,7866.074080500047,7874.901463838043,8.827383337996253,15,0c4aa51a-0b8c-4175-b9e6-46cfe860e67b,None,None,3,742,6,[],None,None
EXPLOIT_VULN,7874.901463838043,7883.070267927766,8.168804089722471,15,0c4aa51a-0b8c-4175-b9e6-46cfe860e67b,None,None,3,743,6,[],None,None
EXPLOIT_VULN,7883.070267927766,7886.255152974188,3.184885046422096,15,0c4aa51a-0b8c-4175-b9e6-46cfe860e67b,None,None,3,744,6,[],application,ServiceDiversity
SCAN_PORT,7906.950587889905,7931.950587889905,25.0,15,0c4aa51a-0b8c-4175-b9e6-46cfe860e67b,None,None,3,744,6,[],None,None
EXPLOIT_VULN,7931.950587889905,7933.253441065383,1.3028531754780488,15,0c4aa51a-0b8c-4175-b9e6-46cfe860e67b,None,None,3,744,6,[],None,None
EXPLOIT_VULN,7933.253441065383,7935.142432315818,1.8889912504346285,15,0c4aa51a-0b8c-4175-b9e6-46cfe860e67b,None,None,3,745,6,[],None,None
EXPLOIT_VULN,7935.142432315818,7937.064019158022,1.9215868422043059,15,0c4aa51a-0b8c-4175-b9e6-46cfe860e67b,None,None,3,746,6,[],None,None
EXPLOIT_VULN,7937.064019158022,7939.315910618742,2.2518914607198894,15,0c4aa51a-0b8c-4175-b9e6-46cfe860e67b,None,None,3,747,6,[],None,None
EXPLOIT_VULN,7939.315910618742,7941.822611529625,2.5067009108825005,15,0c4aa51a-0b8c-4175-b9e6-46cfe860e67b,None,None,3,748,6,[],None,None
EXPLOIT_VULN,7941.822611529625,7946.218859766959,4.396248237334476,15,0c4aa51a-0b8c-4175-b9e6-46cfe860e67b,None,None,3,749,6,[],None,None
EXPLOIT_VULN,7946.218859766959,7947.54145384354,1.3225940765805717,15,0c4aa51a-0b8c-4175-b9e6-46cfe860e67b,None,None,3,750,6,[],None,None
EXPLOIT_VULN,7947.54145384354,7949.40450178776,1.863047944219943,15,0c4aa51a-0b8c-4175-b9e6-46cfe860e67b,None,None,3,751,6,[],None,None
EXPLOIT_VULN,7949.40450178776,7953.3024169920645,3.897915204304809,15,0c4aa51a-0b8c-4175-b9e6-46cfe860e67b,None,None,3,752,6,[],None,None
EXPLOIT_VULN,7953.3024169920645,7957.419684442129,4.117267450064901,15,0c4aa51a-0b8c-4175-b9e6-46cfe860e67b,None,None,3,753,6,[],None,None
EXPLOIT_VULN,7957.419684442129,7959.8938976415,2.4742131993707517,15,0c4aa51a-0b8c-4175-b9e6-46cfe860e67b,None,None,3,754,6,[],None,None
EXPLOIT_VULN,7959.8938976415,7962.3444731262025,2.4505754847023127,15,0c4aa51a-0b8c-4175-b9e6-46cfe860e67b,None,None,3,755,6,[],None,None
EXPLOIT_VULN,7962.3444731262025,7965.915644441981,3.5711713157788836,15,0c4aa51a-0b8c-4175-b9e6-46cfe860e67b,None,None,3,756,6,[],None,None
EXPLOIT_VULN,7965.915644441981,7968.811782024545,2.8961375825638243,15,0c4aa51a-0b8c-4175-b9e6-46cfe860e67b,None,None,3,757,6,[],None,None
EXPLOIT_VULN,7968.811782024545,7972.604120336725,3.7923383121797087,15,0c4aa51a-0b8c-4175-b9e6-46cfe860e67b,None,None,3,758,6,[],None,None
EXPLOIT_VULN,7972.604120336725,7978.605096659804,6.000976323079158,15,0c4aa51a-0b8c-4175-b9e6-46cfe860e67b,None,None,3,759,6,[],None,None
EXPLOIT_VULN,7978.605096659804,7984.241779067483,5.636682407678563,15,0c4aa51a-0b8c-4175-b9e6-46cfe860e67b,None,None,3,760,6,[],None,None
EXPLOIT_VULN,7984.241779067483,7995.613003237582,11.371224170099595,15,0c4aa51a-0b8c-4175-b9e6-46cfe860e67b,None,None,3,761,6,[],None,None
EXPLOIT_VULN,7995.613003237582,8009.726164642924,14.113161405341998,15,0c4aa51a-0b8c-4175-b9e6-46cfe860e67b,None,None,3,762,6,[],None,None
EXPLOIT_VULN,8009.726164642924,8025.47428154137,15.748116898445915,15,0c4aa51a-0b8c-4175-b9e6-46cfe860e67b,None,None,3,763,6,[],None,None
EXPLOIT_VULN,8025.47428154137,8030.992396727277,5.518115185906936,15,0c4aa51a-0b8c-4175-b9e6-46cfe860e67b,None,None,3,764,6,[],None,None
EXPLOIT_VULN,8030.992396727277,8037.7335472187815,6.741150491504413,15,0c4aa51a-0b8c-4175-b9e6-46cfe860e67b,None,None,3,765,6,[],None,None
EXPLOIT_VULN,8037.7335472187815,8055.841238478181,18.10769125939987,15,0c4aa51a-0b8c-4175-b9e6-46cfe860e67b,None,None,3,766,6,[],None,None
EXPLOIT_VULN,8055.841238478181,8064.1160752032665,8.274836725085152,15,0c4aa51a-0b8c-4175-b9e6-46cfe860e67b,None,None,3,767,6,[],None,None
EXPLOIT_VULN,8064.1160752032665,8087.3479978961095,23.231922692843,15,0c4aa51a-0b8c-4175-b9e6-46cfe860e67b,None,None,3,768,6,[],None,None
EXPLOIT_VULN,8087.3479978961095,8098.3212733920345,10.973275495925009,15,0c4aa51a-0b8c-4175-b9e6-46cfe860e67b,None,None,3,769,6,[],None,None
EXPLOIT_VULN,8098.3212733920345,8116.941746378287,18.620472986252025,15,0c4aa51a-0b8c-4175-b9e6-46cfe860e67b,None,None,3,770,6,[],None,None
EXPLOIT_VULN,8116.941746378287,8126.551951453368,9.610205075081467,15,0c4aa51a-0b8c-4175-b9e6-46cfe860e67b,None,None,3,771,6,[],None,None
EXPLOIT_VULN,8126.551951453368,8126.963594451759,0.41164299839056184,15,0c4aa51a-0b8c-4175-b9e6-46cfe860e67b,None,None,3,772,6,[],network,CompleteTopologyShuffle
SCAN_HOST,8147.08042995661,8152.08042995661,5.0,-1,-1,None,None,0,772,6,[],None,None
ENUM_HOST,8152.08042995661,8157.08042995661,5.0,-1,-1,None,None,0,772,6,[],None,None
SCAN_PORT,8157.08042995661,8182.08042995661,25.0,6,62721611-be02-4151-883b-83d394161d97,None,None,3,772,6,[],None,None
EXPLOIT_VULN,8182.08042995661,8182.535520087427,0.45509013081755256,6,62721611-be02-4151-883b-83d394161d97,None,None,3,772,6,[],None,None
EXPLOIT_VULN,8182.535520087427,8183.349148446158,0.8136283587309663,6,62721611-be02-4151-883b-83d394161d97,None,None,3,773,6,[],None,None
EXPLOIT_VULN,8183.349148446158,8184.863778807557,1.5146303613983036,6,62721611-be02-4151-883b-83d394161d97,None,None,3,774,6,[],None,None
EXPLOIT_VULN,8184.863778807557,8186.218121361703,1.3543425541465695,6,62721611-be02-4151-883b-83d394161d97,None,None,3,775,6,[],None,None
EXPLOIT_VULN,8186.218121361703,8190.9947158816885,4.776594519985338,6,62721611-be02-4151-883b-83d394161d97,None,None,3,776,6,[],None,None
EXPLOIT_VULN,8190.9947158816885,8193.947388048622,2.952672166933553,6,62721611-be02-4151-883b-83d394161d97,None,None,3,777,6,[],None,None
EXPLOIT_VULN,8193.947388048622,8203.445802058844,9.498414010222405,6,62721611-be02-4151-883b-83d394161d97,None,None,3,778,6,[],None,None
EXPLOIT_VULN,8203.445802058844,8206.567287244088,3.1214851852437278,6,62721611-be02-4151-883b-83d394161d97,None,None,3,779,6,[],None,None
EXPLOIT_VULN,8206.567287244088,8209.227116664362,2.6598294202740362,6,62721611-be02-4151-883b-83d394161d97,None,None,3,780,6,[],None,None
EXPLOIT_VULN,8209.227116664362,8211.454531374127,2.227414709765071,6,62721611-be02-4151-883b-83d394161d97,None,None,3,781,6,[],None,None
EXPLOIT_VULN,8211.454531374127,8213.675630013953,2.2210986398258683,6,62721611-be02-4151-883b-83d394161d97,None,None,3,782,6,[],None,None
EXPLOIT_VULN,8213.675630013953,8215.899252723686,2.2236227097328083,6,62721611-be02-4151-883b-83d394161d97,None,None,3,783,6,[],None,None
EXPLOIT_VULN,8215.899252723686,8217.47749375947,1.578241035784231,6,62721611-be02-4151-883b-83d394161d97,None,None,3,784,6,[],None,None
EXPLOIT_VULN,8217.47749375947,8221.510005560784,4.032511801313376,6,62721611-be02-4151-883b-83d394161d97,None,None,3,785,6,[],None,None
EXPLOIT_VULN,8221.510005560784,8226.432720451427,4.922714890642965,6,62721611-be02-4151-883b-83d394161d97,None,None,3,786,6,[],None,None
EXPLOIT_VULN,8226.432720451427,8231.828388190796,5.395667739368946,6,62721611-be02-4151-883b-83d394161d97,None,None,3,787,6,[],None,None
EXPLOIT_VULN,8231.828388190796,8235.396402493065,3.568014302269148,6,62721611-be02-4151-883b-83d394161d97,None,None,3,788,6,[],None,None
EXPLOIT_VULN,8235.396402493065,8242.893515045982,7.497112552917315,6,62721611-be02-4151-883b-83d394161d97,None,None,3,789,6,[],None,None
EXPLOIT_VULN,8242.893515045982,8246.421033830782,3.5275187848001224,6,62721611-be02-4151-883b-83d394161d97,None,None,3,790,6,[],None,None
EXPLOIT_VULN,8246.421033830782,8257.038130534535,10.617096703752395,6,62721611-be02-4151-883b-83d394161d97,None,None,3,791,6,[],None,None
EXPLOIT_VULN,8257.038130534535,8263.06775353244,6.02962299790488,6,62721611-be02-4151-883b-83d394161d97,None,None,3,792,6,[],None,None
EXPLOIT_VULN,8263.06775353244,8272.368838947325,9.301085414885165,6,62721611-be02-4151-883b-83d394161d97,None,None,3,793,6,[],None,None
EXPLOIT_VULN,8272.368838947325,8292.523682320752,20.154843373427866,6,62721611-be02-4151-883b-83d394161d97,None,None,3,794,6,[],None,None
EXPLOIT_VULN,8292.523682320752,8309.01439424631,16.490711925556752,6,62721611-be02-4151-883b-83d394161d97,None,None,3,795,6,[],None,None
EXPLOIT_VULN,8309.01439424631,8317.447116615947,8.432722369638213,6,62721611-be02-4151-883b-83d394161d97,None,None,3,796,6,[],network,IPShuffle
SCAN_HOST,8338.741377262097,8343.741377262097,5.0,-1,-1,None,None,0,796,6,[],None,None
ENUM_HOST,8343.741377262097,8348.741377262097,5.0,-1,-1,None,None,0,796,6,[],None,None
SCAN_PORT,8348.741377262097,8373.741377262097,25.0,6,62721611-be02-4151-883b-83d394161d97,None,None,4,796,6,[],None,None
EXPLOIT_VULN,8373.741377262097,8374.499812732523,0.7584354704267753,6,62721611-be02-4151-883b-83d394161d97,None,None,4,796,6,[],None,None
EXPLOIT_VULN,8374.499812732523,8374.62792702584,0.12811429331668478,6,62721611-be02-4151-883b-83d394161d97,None,None,4,797,6,[],None,None
EXPLOIT_VULN,8374.62792702584,8382.652647139972,8.024720114131924,6,62721611-be02-4151-883b-83d394161d97,None,None,4,798,6,[],None,None
EXPLOIT_VULN,8382.652647139972,8384.08398601868,1.4313388787086296,6,62721611-be02-4151-883b-83d394161d97,None,None,4,799,6,[],None,None
EXPLOIT_VULN,8384.08398601868,8391.442194629693,7.358208611012742,6,62721611-be02-4151-883b-83d394161d97,None,None,4,800,6,[],None,None
EXPLOIT_VULN,8391.442194629693,8395.971320369463,4.52912573976937,6,62721611-be02-4151-883b-83d394161d97,None,None,4,801,6,[],None,None
EXPLOIT_VULN,8395.971320369463,8403.509651917268,7.538331547804773,6,62721611-be02-4151-883b-83d394161d97,None,None,4,802,6,[],None,None
EXPLOIT_VULN,8403.509651917268,8411.174227636548,7.6645757192800374,6,62721611-be02-4151-883b-83d394161d97,None,None,4,803,6,[],None,None
EXPLOIT_VULN,8411.174227636548,8420.418259723561,9.244032087013693,6,62721611-be02-4151-883b-83d394161d97,None,None,4,804,6,[],None,None
EXPLOIT_VULN,8420.418259723561,8428.58547675858,8.167217035019348,6,62721611-be02-4151-883b-83d394161d97,None,None,4,805,6,[],None,None
EXPLOIT_VULN,8428.58547675858,8435.67395504147,7.0884782828889,6,62721611-be02-4151-883b-83d394161d97,None,None,4,806,6,[],None,None
EXPLOIT_VULN,8435.67395504147,8455.318116063283,19.64416102181349,6,62721611-be02-4151-883b-83d394161d97,None,None,4,807,6,[],None,None
EXPLOIT_VULN,8455.318116063283,8461.779858951666,6.461742888383014,6,62721611-be02-4151-883b-83d394161d97,None,None,4,808,6,[],None,None
EXPLOIT_VULN,8461.779858951666,8482.32168121716,20.541822265493465,6,62721611-be02-4151-883b-83d394161d97,None,None,4,809,6,[],None,None
EXPLOIT_VULN,8482.32168121716,8487.964723542238,5.643042325078568,6,62721611-be02-4151-883b-83d394161d97,None,None,4,810,6,[],None,None
EXPLOIT_VULN,8487.964723542238,8491.704967488555,3.7402439463166957,6,62721611-be02-4151-883b-83d394161d97,None,None,4,811,6,[],None,None
EXPLOIT_VULN,8491.704967488555,8496.691284541792,4.986317053237144,6,62721611-be02-4151-883b-83d394161d97,None,None,4,812,6,[],application,OSDiversity
SCAN_PORT,8516.965950711874,8541.965950711874,25.0,6,62721611-be02-4151-883b-83d394161d97,None,None,4,812,6,[],None,None
EXPLOIT_VULN,8541.965950711874,8542.432352425814,0.46640171394028584,6,62721611-be02-4151-883b-83d394161d97,None,None,4,812,6,[],None,None
EXPLOIT_VULN,8542.432352425814,8542.565967070765,0.13361464495028486,6,62721611-be02-4151-883b-83d394161d97,None,None,4,813,6,[],None,None
EXPLOIT_VULN,8542.565967070765,8543.7553366284,1.1893695576345635,6,62721611-be02-4151-883b-83d394161d97,None,None,4,814,6,[],None,None
EXPLOIT_VULN,8543.7553366284,8544.574449597962,0.8191129695624113,6,62721611-be02-4151-883b-83d394161d97,None,None,4,815,6,[],None,None
EXPLOIT_VULN,8544.574449597962,8547.682440238292,3.107990640330172,6,62721611-be02-4151-883b-83d394161d97,None,None,4,816,6,[],None,None
EXPLOIT_VULN,8547.682440238292,8550.784094753755,3.1016545154634514,6,62721611-be02-4151-883b-83d394161d97,None,None,4,817,6,[],None,None
EXPLOIT_VULN,8550.784094753755,8553.732584482208,2.9484897284528415,6,62721611-be02-4151-883b-83d394161d97,None,None,4,818,6,[],None,None
EXPLOIT_VULN,8553.732584482208,8556.326683659954,2.594099177746102,6,62721611-be02-4151-883b-83d394161d97,None,None,4,819,6,[],None,None
EXPLOIT_VULN,8556.326683659954,8560.365015593014,4.038331933059453,6,62721611-be02-4151-883b-83d394161d97,None,None,4,820,6,[],None,None
EXPLOIT_VULN,8560.365015593014,8563.162391383717,2.7973757907038816,6,62721611-be02-4151-883b-83d394161d97,None,None,4,821,6,[],None,None
EXPLOIT_VULN,8563.162391383717,8570.817535141827,7.655143758109261,6,62721611-be02-4151-883b-83d394161d97,None,None,4,822,6,[],None,None
EXPLOIT_VULN,8570.817535141827,8573.761261972166,2.943726830339074,6,62721611-be02-4151-883b-83d394161d97,None,None,4,823,6,[],None,None
EXPLOIT_VULN,8573.761261972166,8582.23051190642,8.469249934254549,6,62721611-be02-4151-883b-83d394161d97,None,None,4,824,6,[],None,None
EXPLOIT_VULN,8582.23051190642,8586.66966635418,4.439154447760302,6,62721611-be02-4151-883b-83d394161d97,None,None,4,825,6,[],None,None
EXPLOIT_VULN,8586.66966635418,8601.221958402653,14.552292048472736,6,62721611-be02-4151-883b-83d394161d97,None,None,4,826,6,[],None,None
EXPLOIT_VULN,8601.221958402653,8607.625398515918,6.403440113264878,6,62721611-be02-4151-883b-83d394161d97,None,None,4,827,6,[],None,None
EXPLOIT_VULN,8607.625398515918,8617.39578510672,9.770386590802445,6,62721611-be02-4151-883b-83d394161d97,None,None,4,828,6,[],None,None
EXPLOIT_VULN,8617.39578510672,8621.278136438024,3.882351331303653,6,62721611-be02-4151-883b-83d394161d97,None,None,4,829,6,[],None,None
EXPLOIT_VULN,8621.278136438024,8627.16837944235,5.890243004325384,6,62721611-be02-4151-883b-83d394161d97,None,None,4,830,6,[],None,None
EXPLOIT_VULN,8627.16837944235,8634.05368850841,6.885309066059563,6,62721611-be02-4151-883b-83d394161d97,None,None,4,831,6,[],None,None
EXPLOIT_VULN,8634.05368850841,8637.64029082751,3.5866023191010754,6,62721611-be02-4151-883b-83d394161d97,None,None,4,832,6,[],None,None
EXPLOIT_VULN,8637.64029082751,8645.91774269858,8.277451871070298,6,62721611-be02-4151-883b-83d394161d97,None,None,4,833,6,[],None,None
EXPLOIT_VULN,8645.91774269858,8668.270304166732,22.35256146815118,6,62721611-be02-4151-883b-83d394161d97,None,None,4,834,6,[],None,None
EXPLOIT_VULN,8668.270304166732,8679.047779590084,10.77747542335237,6,62721611-be02-4151-883b-83d394161d97,None,None,4,835,6,[],None,None
EXPLOIT_VULN,8679.047779590084,8687.353271443966,8.305491853881904,6,62721611-be02-4151-883b-83d394161d97,None,None,4,836,6,[],application,ServiceDiversity
SCAN_PORT,8707.968463440962,8732.968463440962,25.0,6,62721611-be02-4151-883b-83d394161d97,None,None,4,836,6,[],None,None
EXPLOIT_VULN,8732.968463440962,8733.384913860342,0.41645041937954375,6,62721611-be02-4151-883b-83d394161d97,None,None,4,836,6,[],None,None
EXPLOIT_VULN,8733.384913860342,8734.565720739436,1.1808068790942343,6,62721611-be02-4151-883b-83d394161d97,None,None,4,837,6,[],None,None
EXPLOIT_VULN,8734.565720739436,8735.28761747362,0.7218967341832467,6,62721611-be02-4151-883b-83d394161d97,None,None,4,838,6,[],None,None
EXPLOIT_VULN,8735.28761747362,8736.571687717636,1.2840702440171299,6,62721611-be02-4151-883b-83d394161d97,None,None,4,839,6,[],None,None
EXPLOIT_VULN,8736.571687717636,8737.746537788744,1.1748500711073575,6,62721611-be02-4151-883b-83d394161d97,None,None,4,840,6,[],None,None
EXPLOIT_VULN,8737.746537788744,8739.689609985891,1.9430721971475577,6,62721611-be02-4151-883b-83d394161d97,None,None,4,841,6,[],None,None
EXPLOIT_VULN,8739.689609985891,8743.060477128494,3.370867142602947,6,62721611-be02-4151-883b-83d394161d97,None,None,4,842,6,[],None,None
EXPLOIT_VULN,8743.060477128494,8747.96900390778,4.908526779285239,6,62721611-be02-4151-883b-83d394161d97,None,None,4,843,6,[],None,None
EXPLOIT_VULN,8747.96900390778,8750.038969607906,2.0699657001259766,6,62721611-be02-4151-883b-83d394161d97,None,None,4,844,6,[],None,None
EXPLOIT_VULN,8750.038969607906,8753.739799564572,3.7008299566659844,6,62721611-be02-4151-883b-83d394161d97,None,None,4,845,6,[],None,None
EXPLOIT_VULN,8753.739799564572,8755.893797358167,2.1539977935954084,6,62721611-be02-4151-883b-83d394161d97,None,None,4,846,6,[],None,None
EXPLOIT_VULN,8755.893797358167,8757.489600619212,1.5958032610451482,6,62721611-be02-4151-883b-83d394161d97,None,None,4,847,6,[],None,None
EXPLOIT_VULN,8757.489600619212,8766.028409358214,8.53880873900198,6,62721611-be02-4151-883b-83d394161d97,None,None,4,848,6,[],None,None
EXPLOIT_VULN,8766.028409358214,8775.756507059994,9.728097701779916,6,62721611-be02-4151-883b-83d394161d97,None,None,4,849,6,[],None,None
EXPLOIT_VULN,8775.756507059994,8780.526727657012,4.770220597018124,6,62721611-be02-4151-883b-83d394161d97,None,None,4,850,6,[],None,None
EXPLOIT_VULN,8780.526727657012,8783.328669455514,2.8019417985015025,6,62721611-be02-4151-883b-83d394161d97,None,None,4,851,6,[],None,None
EXPLOIT_VULN,8783.328669455514,8786.919857895877,3.591188440363112,6,62721611-be02-4151-883b-83d394161d97,None,None,4,852,6,[],None,None
EXPLOIT_VULN,8786.919857895877,8797.86492971339,10.945071817513963,6,62721611-be02-4151-883b-83d394161d97,None,None,4,853,6,[],None,None
EXPLOIT_VULN,8797.86492971339,8805.559474154097,7.694544440706522,6,62721611-be02-4151-883b-83d394161d97,None,None,4,854,6,[],None,None
EXPLOIT_VULN,8805.559474154097,8810.564537896873,5.0050637427757465,6,62721611-be02-4151-883b-83d394161d97,None,None,4,855,6,[],None,None
EXPLOIT_VULN,8810.564537896873,8819.24897472751,8.684436830637424,6,62721611-be02-4151-883b-83d394161d97,None,None,4,856,6,[],None,None
EXPLOIT_VULN,8819.24897472751,8823.767887566122,4.518912838611868,6,62721611-be02-4151-883b-83d394161d97,None,None,4,857,6,[],None,None
EXPLOIT_VULN,8823.767887566122,8836.759541695392,12.991654129269591,6,62721611-be02-4151-883b-83d394161d97,None,None,4,858,6,[],None,None
EXPLOIT_VULN,8836.759541695392,8853.474596939632,16.71505524423992,6,62721611-be02-4151-883b-83d394161d97,None,None,4,859,6,[],None,None
EXPLOIT_VULN,8853.474596939632,8857.256345724101,3.781748784469528,6,62721611-be02-4151-883b-83d394161d97,None,None,4,860,6,[],None,None
EXPLOIT_VULN,8857.256345724101,8863.968611188211,6.712265464109805,6,62721611-be02-4151-883b-83d394161d97,None,None,4,861,6,[],None,None
EXPLOIT_VULN,8863.968611188211,8873.722576418577,9.753965230365793,6,62721611-be02-4151-883b-83d394161d97,None,None,4,862,6,[],None,None
EXPLOIT_VULN,8873.722576418577,8878.345045516791,4.622469098214424,6,62721611-be02-4151-883b-83d394161d97,None,None,4,863,6,[],None,None
EXPLOIT_VULN,8878.345045516791,8893.181559748067,14.836514231275942,6,62721611-be02-4151-883b-83d394161d97,None,None,4,864,6,[],None,None
EXPLOIT_VULN,8893.181559748067,8901.70120837305,8.519648624982437,6,62721611-be02-4151-883b-83d394161d97,None,None,4,865,6,[],None,None
EXPLOIT_VULN,8901.70120837305,8910.030669846508,8.32946147345865,6,62721611-be02-4151-883b-83d394161d97,None,None,4,866,6,[],None,None
EXPLOIT_VULN,8910.030669846508,8918.643657095465,8.612987248956415,6,62721611-be02-4151-883b-83d394161d97,None,None,4,867,6,[],None,None
BRUTE_FORCE,8918.643657095465,8929.620765753756,10.9771086582914,6,62721611-be02-4151-883b-83d394161d97,None,None,4,868,6,[],network,CompleteTopologyShuffle
SCAN_HOST,8949.901656968023,8954.901656968023,5.0,-1,-1,None,None,0,868,6,[],None,None
ENUM_HOST,8954.901656968023,8959.901656968023,5.0,-1,-1,None,None,0,868,6,[],None,None
SCAN_PORT,8959.901656968023,8984.901656968023,25.0,6,62721611-be02-4151-883b-83d394161d97,None,None,5,868,6,[],None,None
EXPLOIT_VULN,8984.901656968023,8989.33828133657,4.4366243685472,6,62721611-be02-4151-883b-83d394161d97,None,None,5,868,6,[],None,None
EXPLOIT_VULN,8989.33828133657,8992.795880853317,3.4575995167469955,6,62721611-be02-4151-883b-83d394161d97,None,None,5,869,6,[],None,None
EXPLOIT_VULN,8992.795880853317,8995.056697841595,2.260816988278748,6,62721611-be02-4151-883b-83d394161d97,None,None,5,870,6,[],None,None
EXPLOIT_VULN,8995.056697841595,9006.01160982159,10.954911979993994,6,62721611-be02-4151-883b-83d394161d97,None,None,5,871,6,[],None,None
EXPLOIT_VULN,9006.01160982159,9026.419388132468,20.40777831087871,6,62721611-be02-4151-883b-83d394161d97,None,None,5,872,6,[],None,None
EXPLOIT_VULN,9026.419388132468,9032.941985257576,6.522597125107495,6,62721611-be02-4151-883b-83d394161d97,None,None,5,873,6,[],None,None
EXPLOIT_VULN,9032.941985257576,9039.58947844574,6.647493188163935,6,62721611-be02-4151-883b-83d394161d97,None,None,5,874,6,[],None,None
EXPLOIT_VULN,9039.58947844574,9048.705896681166,9.116418235425954,6,62721611-be02-4151-883b-83d394161d97,None,None,5,875,6,[],None,None
EXPLOIT_VULN,9048.705896681166,9064.163352807147,15.45745612598148,6,62721611-be02-4151-883b-83d394161d97,None,None,5,876,6,[],None,None
EXPLOIT_VULN,9064.163352807147,9079.31802064306,15.154667835913642,6,62721611-be02-4151-883b-83d394161d97,None,None,5,877,6,[],None,None
EXPLOIT_VULN,9079.31802064306,9095.175947821755,15.857927178694808,6,62721611-be02-4151-883b-83d394161d97,None,None,5,878,6,[],None,None
EXPLOIT_VULN,9095.175947821755,9104.457467093514,9.281519271758953,6,62721611-be02-4151-883b-83d394161d97,None,None,5,879,6,[],None,None
EXPLOIT_VULN,9104.457467093514,9114.550573149105,10.093106055590397,6,62721611-be02-4151-883b-83d394161d97,None,None,5,880,6,[],None,None
EXPLOIT_VULN,9114.550573149105,9117.750334091457,3.199760942352441,6,62721611-be02-4151-883b-83d394161d97,None,None,5,881,6,[],network,IPShuffle
SCAN_HOST,9138.119418320694,9143.119418320694,5.0,-1,-1,None,None,0,881,6,[],None,None
ENUM_HOST,9143.119418320694,9148.119418320694,5.0,-1,-1,None,None,0,881,6,[],None,None
SCAN_PORT,9148.119418320694,9173.119418320694,25.0,5,a47f754e-28a2-442b-ac11-33ff7dc1ad7f,None,None,4,881,6,[],None,None
EXPLOIT_VULN,9173.119418320694,9174.842397199478,1.7229788787844882,5,a47f754e-28a2-442b-ac11-33ff7dc1ad7f,None,None,4,881,6,[],None,None
EXPLOIT_VULN,9174.842397199478,9179.470109914415,4.6277127149369335,5,a47f754e-28a2-442b-ac11-33ff7dc1ad7f,None,None,4,882,6,[],None,None
EXPLOIT_VULN,9179.470109914415,9181.003178348948,1.5330684345335612,5,a47f754e-28a2-442b-ac11-33ff7dc1ad7f,None,None,4,883,6,[],None,None
EXPLOIT_VULN,9181.003178348948,9183.798082380761,2.794904031812621,5,a47f754e-28a2-442b-ac11-33ff7dc1ad7f,None,None,4,884,6,[],None,None
EXPLOIT_VULN,9183.798082380761,9184.67580590035,0.8777235195884714,5,a47f754e-28a2-442b-ac11-33ff7dc1ad7f,None,None,4,885,6,[],None,None
EXPLOIT_VULN,9184.67580590035,9194.945790023896,10.269984123546237,5,a47f754e-28a2-442b-ac11-33ff7dc1ad7f,None,None,4,886,6,[],None,None
EXPLOIT_VULN,9194.945790023896,9205.461824727838,10.516034703941841,5,a47f754e-28a2-442b-ac11-33ff7dc1ad7f,None,None,4,887,6,[],None,None
EXPLOIT_VULN,9205.461824727838,9206.86655122165,1.4047264938126318,5,a47f754e-28a2-442b-ac11-33ff7dc1ad7f,None,None,4,888,6,[],None,None
EXPLOIT_VULN,9206.86655122165,9210.868259875755,4.001708654104732,5,a47f754e-28a2-442b-ac11-33ff7dc1ad7f,None,None,4,889,6,[],None,None
EXPLOIT_VULN,9210.868259875755,9224.308545139374,13.440285263619444,5,a47f754e-28a2-442b-ac11-33ff7dc1ad7f,None,None,4,890,6,[],None,None
EXPLOIT_VULN,9224.308545139374,9231.178243566492,6.869698427117328,5,a47f754e-28a2-442b-ac11-33ff7dc1ad7f,None,None,4,891,6,[],None,None
EXPLOIT_VULN,9231.178243566492,9238.804454531848,7.626210965356222,5,a47f754e-28a2-442b-ac11-33ff7dc1ad7f,None,None,4,892,6,[],None,None
EXPLOIT_VULN,9238.804454531848,9255.945114633474,17.140660101626054,5,a47f754e-28a2-442b-ac11-33ff7dc1ad7f,None,None,4,893,6,[],None,None
EXPLOIT_VULN,9255.945114633474,9263.777651606608,7.832536973133756,5,a47f754e-28a2-442b-ac11-33ff7dc1ad7f,None,None,4,894,6,[],None,None
EXPLOIT_VULN,9263.777651606608,9267.400930096463,3.6232784898547834,5,a47f754e-28a2-442b-ac11-33ff7dc1ad7f,None,None,4,895,6,[],None,None
EXPLOIT_VULN,9267.400930096463,9275.428982523732,8.028052427269358,5,a47f754e-28a2-442b-ac11-33ff7dc1ad7f,None,None,4,896,6,[],None,None
BRUTE_FORCE,9275.428982523732,9295.428982523732,20.0,5,a47f754e-28a2-442b-ac11-33ff7dc1ad7f,None,None,4,897,6,[],None,None
ENUM_HOST,9295.428982523732,9300.428982523732,5.0,5,a47f754e-28a2-442b-ac11-33ff7dc1ad7f,None,None,4,897,6,[],None,None
SCAN_PORT,9300.428982523732,9325.428982523732,25.0,6,62721611-be02-4151-883b-83d394161d97,None,None,6,897,6,[],None,None
EXPLOIT_VULN,9325.428982523732,9325.956435542945,0.5274530192127713,6,62721611-be02-4151-883b-83d394161d97,None,None,6,897,6,[],None,None
EXPLOIT_VULN,9325.956435542945,9326.383178009326,0.42674246638125624,6,62721611-be02-4151-883b-83d394161d97,None,None,6,898,6,[],None,None
EXPLOIT_VULN,9326.383178009326,9326.8284178169,0.445239807573671,6,62721611-be02-4151-883b-83d394161d97,None,None,6,899,6,[],None,None
EXPLOIT_VULN,9326.8284178169,9328.313717198349,1.4852993814492947,6,62721611-be02-4151-883b-83d394161d97,None,None,6,900,6,[],None,None
EXPLOIT_VULN,9328.313717198349,9330.19814084962,1.884423651270481,6,62721611-be02-4151-883b-83d394161d97,None,None,6,901,6,[],None,None
EXPLOIT_VULN,9330.19814084962,9335.80316958232,5.605028732699793,6,62721611-be02-4151-883b-83d394161d97,None,None,6,902,6,[],None,None
EXPLOIT_VULN,9335.80316958232,9339.920819151012,4.117649568692286,6,62721611-be02-4151-883b-83d394161d97,None,None,6,903,6,[],None,None
EXPLOIT_VULN,9339.920819151012,9343.342257355229,3.4214382042173384,6,62721611-be02-4151-883b-83d394161d97,None,None,6,904,6,[],None,None
EXPLOIT_VULN,9343.342257355229,9350.816410572914,7.474153217684943,6,62721611-be02-4151-883b-83d394161d97,None,None,6,905,6,[],None,None
EXPLOIT_VULN,9350.816410572914,9351.35584399959,0.5394334266766236,6,62721611-be02-4151-883b-83d394161d97,None,None,6,906,6,[],None,None
EXPLOIT_VULN,9351.35584399959,9361.622480455671,10.26663645608096,6,62721611-be02-4151-883b-83d394161d97,None,None,6,907,6,[],None,None
EXPLOIT_VULN,9361.622480455671,9366.736126071028,5.11364561535629,6,62721611-be02-4151-883b-83d394161d97,None,None,6,908,6,[],None,None
EXPLOIT_VULN,9366.736126071028,9370.94233100787,4.206204936841459,6,62721611-be02-4151-883b-83d394161d97,None,None,6,909,6,[],None,None
EXPLOIT_VULN,9370.94233100787,9380.90366490419,9.961333896320866,6,62721611-be02-4151-883b-83d394161d97,None,None,6,910,6,[],None,None
EXPLOIT_VULN,9380.90366490419,9388.112129686522,7.2084647823321575,6,62721611-be02-4151-883b-83d394161d97,None,None,6,911,6,[],None,None
EXPLOIT_VULN,9388.112129686522,9395.730766838233,7.618637151710573,6,62721611-be02-4151-883b-83d394161d97,None,None,6,912,6,[],None,None
EXPLOIT_VULN,9395.730766838233,9401.111346644102,5.380579805869274,6,62721611-be02-4151-883b-83d394161d97,None,None,6,913,6,[],None,None
EXPLOIT_VULN,9401.111346644102,9405.596239504624,4.48489286052245,6,62721611-be02-4151-883b-83d394161d97,None,None,6,914,6,[],None,None
EXPLOIT_VULN,9405.596239504624,9410.484973663419,4.88873415879425,6,62721611-be02-4151-883b-83d394161d97,None,None,6,915,6,[],None,None
EXPLOIT_VULN,9410.484973663419,9417.870018741258,7.385045077839095,6,62721611-be02-4151-883b-83d394161d97,None,None,6,916,6,[],None,None
EXPLOIT_VULN,9417.870018741258,9424.488906690423,6.6188879491655825,6,62721611-be02-4151-883b-83d394161d97,None,None,6,917,6,[],None,None
EXPLOIT_VULN,9424.488906690423,9430.44508066083,5.956173970405871,6,62721611-be02-4151-883b-83d394161d97,None,None,6,918,6,[],None,None
EXPLOIT_VULN,9430.44508066083,9438.836435540712,8.391354879882783,6,62721611-be02-4151-883b-83d394161d97,None,None,6,919,6,[],None,None
EXPLOIT_VULN,9438.836435540712,9453.815847167682,14.979411626969522,6,62721611-be02-4151-883b-83d394161d97,None,None,6,920,6,[],None,None
EXPLOIT_VULN,9453.815847167682,9461.565685232816,7.7498380651340995,6,62721611-be02-4151-883b-83d394161d97,None,None,6,921,6,[],None,None
EXPLOIT_VULN,9461.565685232816,9469.970843658428,8.405158425612171,6,62721611-be02-4151-883b-83d394161d97,None,None,6,922,6,[],None,None
EXPLOIT_VULN,9469.970843658428,9477.441111335518,7.470267677090305,6,62721611-be02-4151-883b-83d394161d97,None,None,6,923,6,[],None,None
EXPLOIT_VULN,9477.441111335518,9486.479482980592,9.038371645074221,6,62721611-be02-4151-883b-83d394161d97,None,None,6,924,6,[],None,None
EXPLOIT_VULN,9486.479482980592,9488.391705947146,1.9122229665535997,6,62721611-be02-4151-883b-83d394161d97,None,None,6,925,6,[],application,ServiceDiversity
SCAN_PORT,9509.27147596385,9534.27147596385,25.0,6,62721611-be02-4151-883b-83d394161d97,None,None,6,925,6,[],None,None
EXPLOIT_VULN,9534.27147596385,9534.47202937266,0.20055340881117445,6,62721611-be02-4151-883b-83d394161d97,None,None,6,925,6,[],None,None
EXPLOIT_VULN,9534.47202937266,9534.745763536977,0.2737341643169202,6,62721611-be02-4151-883b-83d394161d97,None,None,6,926,6,[],None,None
EXPLOIT_VULN,9534.745763536977,9535.164777174528,0.419013637550961,6,62721611-be02-4151-883b-83d394161d97,None,None,6,927,6,[],None,None
EXPLOIT_VULN,9535.164777174528,9536.278321287178,1.1135441126498336,6,62721611-be02-4151-883b-83d394161d97,None,None,6,928,6,[],None,None
EXPLOIT_VULN,9536.278321287178,9537.510681878137,1.2323605909587059,6,62721611-be02-4151-883b-83d394161d97,None,None,6,929,6,[],None,None
EXPLOIT_VULN,9537.510681878137,9538.597503596588,1.0868217184506648,6,62721611-be02-4151-883b-83d394161d97,None,None,6,930,6,[],None,None
EXPLOIT_VULN,9538.597503596588,9540.489761404302,1.8922578077144863,6,62721611-be02-4151-883b-83d394161d97,None,None,6,931,6,[],None,None
EXPLOIT_VULN,9540.489761404302,9545.915580381112,5.425818976809751,6,62721611-be02-4151-883b-83d394161d97,None,None,6,932,6,[],None,None
EXPLOIT_VULN,9545.915580381112,9547.740985272476,1.8254048913640872,6,62721611-be02-4151-883b-83d394161d97,None,None,6,933,6,[],None,None
EXPLOIT_VULN,9547.740985272476,9549.559269658612,1.8182843861359288,6,62721611-be02-4151-883b-83d394161d97,None,None,6,934,6,[],None,None
EXPLOIT_VULN,9549.559269658612,9552.001299785687,2.4420301270747586,6,62721611-be02-4151-883b-83d394161d97,None,None,6,935,6,[],None,None
EXPLOIT_VULN,9552.001299785687,9555.369989636953,3.3686898512660264,6,62721611-be02-4151-883b-83d394161d97,None,None,6,936,6,[],None,None
EXPLOIT_VULN,9555.369989636953,9558.470615351132,3.1006257141798415,6,62721611-be02-4151-883b-83d394161d97,None,None,6,937,6,[],None,None
EXPLOIT_VULN,9558.470615351132,9561.078632725888,2.6080173747559456,6,62721611-be02-4151-883b-83d394161d97,None,None,6,938,6,[],None,None
EXPLOIT_VULN,9561.078632725888,9570.267965203428,9.18933247753921,6,62721611-be02-4151-883b-83d394161d97,None,None,6,939,6,[],None,None
EXPLOIT_VULN,9570.267965203428,9573.982404025857,3.7144388224296563,6,62721611-be02-4151-883b-83d394161d97,None,None,6,940,6,[],None,None
EXPLOIT_VULN,9573.982404025857,9577.499323308206,3.516919282348681,6,62721611-be02-4151-883b-83d394161d97,None,None,6,941,6,[],None,None
EXPLOIT_VULN,9577.499323308206,9580.805889461553,3.306566153347376,6,62721611-be02-4151-883b-83d394161d97,None,None,6,942,6,[],None,None
EXPLOIT_VULN,9580.805889461553,9586.379205029165,5.573315567611644,6,62721611-be02-4151-883b-83d394161d97,None,None,6,943,6,[],None,None
EXPLOIT_VULN,9586.379205029165,9589.79626811961,3.4170630904445716,6,62721611-be02-4151-883b-83d394161d97,None,None,6,944,6,[],None,None
EXPLOIT_VULN,9589.79626811961,9597.355565965208,7.559297845598849,6,62721611-be02-4151-883b-83d394161d97,None,None,6,945,6,[],None,None
EXPLOIT_VULN,9597.355565965208,9602.191727490712,4.836161525503485,6,62721611-be02-4151-883b-83d394161d97,None,None,6,946,6,[],None,None
EXPLOIT_VULN,9602.191727490712,9606.775469751872,4.583742261160296,6,62721611-be02-4151-883b-83d394161d97,None,None,6,947,6,[],None,None
EXPLOIT_VULN,9606.775469751872,9613.459791198677,6.684321446804461,6,62721611-be02-4151-883b-83d394161d97,None,None,6,948,6,[],None,None
EXPLOIT_VULN,9613.459791198677,9615.988396539833,2.5286053411564353,6,62721611-be02-4151-883b-83d394161d97,None,None,6,949,6,[],None,None
EXPLOIT_VULN,9615.988396539833,9633.37510352355,17.386706983716067,6,62721611-be02-4151-883b-83d394161d97,None,None,6,950,6,[],None,None
EXPLOIT_VULN,9633.37510352355,9654.870186414997,21.495082891447964,6,62721611-be02-4151-883b-83d394161d97,None,None,6,951,6,[],None,None
EXPLOIT_VULN,9654.870186414997,9662.47715536612,7.606968951122326,6,62721611-be02-4151-883b-83d394161d97,None,None,6,952,6,[],None,None
EXPLOIT_VULN,9662.47715536612,9670.204096218624,7.726940852504413,6,62721611-be02-4151-883b-83d394161d97,None,None,6,953,6,[],None,None
EXPLOIT_VULN,9670.204096218624,9675.134179732673,4.930083514049329,6,62721611-be02-4151-883b-83d394161d97,None,None,6,954,6,[],None,None
EXPLOIT_VULN,9675.134179732673,9680.115041598328,4.980861865655243,6,62721611-be02-4151-883b-83d394161d97,None,None,6,955,6,[],None,None
EXPLOIT_VULN,9680.115041598328,9688.200592657677,8.08555105934829,6,62721611-be02-4151-883b-83d394161d97,None,None,6,956,6,[],None,None
EXPLOIT_VULN,9688.200592657677,9709.99756221712,21.796969559443824,6,62721611-be02-4151-883b-83d394161d97,None,None,6,957,6,[],None,None
BRUTE_FORCE,9709.99756221712,9728.947204289108,18.94964207198791,6,62721611-be02-4151-883b-83d394161d97,None,None,6,958,6,[],network,CompleteTopologyShuffle
SCAN_HOST,9748.970380294095,9753.970380294095,5.0,-1,-1,None,None,0,958,6,[],None,None
ENUM_HOST,9753.970380294095,9758.970380294095,5.0,-1,-1,None,None,0,958,6,[],None,None
SCAN_PORT,9758.970380294095,9783.970380294095,25.0,26,39be024e-1617-4936-85db-d192be03a098,26,39be024e-1617-4936-85db-d192be03a098,1,958,6,"['Bel', 'Ealasaid', 'Zelma']",None,None
SCAN_NEIGHBOR,9783.970380294095,9788.970380294095,5.0,26,39be024e-1617-4936-85db-d192be03a098,None,None,1,958,7,[],None,None
ENUM_HOST,9788.970380294095,9793.970380294095,5.0,26,39be024e-1617-4936-85db-d192be03a098,None,None,1,958,7,[],None,None
SCAN_PORT,9793.970380294095,9818.970380294095,25.0,10,d79c0963-4a36-42b2-9ec4-1e466a44227f,None,None,6,958,7,[],None,None
EXPLOIT_VULN,9818.970380294095,9822.500414285305,3.5300339912100753,10,d79c0963-4a36-42b2-9ec4-1e466a44227f,None,None,6,958,7,[],None,None
EXPLOIT_VULN,9822.500414285305,9835.512850902882,13.012436617576896,10,d79c0963-4a36-42b2-9ec4-1e466a44227f,None,None,6,959,7,[],None,None
EXPLOIT_VULN,9835.512850902882,9852.45545088749,16.942599984608023,10,d79c0963-4a36-42b2-9ec4-1e466a44227f,None,None,6,960,7,[],None,None
EXPLOIT_VULN,9852.45545088749,9868.452325035809,15.996874148318966,10,d79c0963-4a36-42b2-9ec4-1e466a44227f,None,None,6,961,7,[],None,None
EXPLOIT_VULN,9868.452325035809,9884.501183220036,16.048858184227356,10,d79c0963-4a36-42b2-9ec4-1e466a44227f,None,None,6,962,7,[],None,None
EXPLOIT_VULN,9884.501183220036,9904.839001025328,20.337817805291706,10,d79c0963-4a36-42b2-9ec4-1e466a44227f,None,None,6,963,7,[],None,None
BRUTE_FORCE,9904.839001025328,9918.632694311687,13.793693286359485,10,d79c0963-4a36-42b2-9ec4-1e466a44227f,None,None,6,964,7,[],network,IPShuffle
SCAN_HOST,9938.806152294883,9943.806152294883,5.0,-1,-1,None,None,0,964,7,[],None,None
ENUM_HOST,9943.806152294883,9948.806152294883,5.0,-1,-1,None,None,0,964,7,[],None,None
SCAN_PORT,9948.806152294883,9973.806152294883,25.0,27,0e42f9d3-ba46-4638-93a4-668443581650,None,None,1,964,7,[],None,None
EXPLOIT_VULN,9973.806152294883,9976.505067504268,2.6989152093847224,27,0e42f9d3-ba46-4638-93a4-668443581650,None,None,1,964,7,[],None,None
EXPLOIT_VULN,9976.505067504268,9978.657101661423,2.1520341571558674,27,0e42f9d3-ba46-4638-93a4-668443581650,None,None,1,965,7,[],None,None
EXPLOIT_VULN,9978.657101661423,9982.109657701067,3.452556039643241,27,0e42f9d3-ba46-4638-93a4-668443581650,None,None,1,966,7,[],None,None
EXPLOIT_VULN,9982.109657701067,9985.726705337287,3.617047636220377,27,0e42f9d3-ba46-4638-93a4-668443581650,None,None,1,967,7,[],None,None
EXPLOIT_VULN,9985.726705337287,9992.040011215377,6.313305878089523,27,0e42f9d3-ba46-4638-93a4-668443581650,None,None,1,968,7,[],None,None
EXPLOIT_VULN,9992.040011215377,9994.51411444185,2.474103226473744,27,0e42f9d3-ba46-4638-93a4-668443581650,None,None,1,969,7,[],None,None
EXPLOIT_VULN,9994.51411444185,9998.305846813944,3.791732372093975,27,0e42f9d3-ba46-4638-93a4-668443581650,None,None,1,970,7,[],None,None
EXPLOIT_VULN,9998.305846813944,10013.539614631898,15.233767817953776,27,0e42f9d3-ba46-4638-93a4-668443581650,None,None,1,971,7,[],None,None
EXPLOIT_VULN,10013.539614631898,10029.613207634511,16.073593002613052,27,0e42f9d3-ba46-4638-93a4-668443581650,None,None,1,972,7,[],None,None
EXPLOIT_VULN,10029.613207634511,10036.360144498893,6.746936864381496,27,0e42f9d3-ba46-4638-93a4-668443581650,None,None,1,973,7,[],None,None
EXPLOIT_VULN,10036.360144498893,10043.534364344132,7.1742198452393495,27,0e42f9d3-ba46-4638-93a4-668443581650,None,None,1,974,7,[],None,None
EXPLOIT_VULN,10043.534364344132,10061.583586618814,18.049222274681597,27,0e42f9d3-ba46-4638-93a4-668443581650,None,None,1,975,7,[],None,None
EXPLOIT_VULN,10061.583586618814,10069.490329429309,7.906742810495416,27,0e42f9d3-ba46-4638-93a4-668443581650,None,None,1,976,7,[],None,None
EXPLOIT_VULN,10069.490329429309,10078.48823464897,8.997905219661334,27,0e42f9d3-ba46-4638-93a4-668443581650,27,0e42f9d3-ba46-4638-93a4-668443581650,1,977,7,['Bernetta'],None,None
SCAN_NEIGHBOR,10078.48823464897,10083.48823464897,5.0,27,0e42f9d3-ba46-4638-93a4-668443581650,None,None,1,978,8,[],None,None
ENUM_HOST,10083.48823464897,10088.48823464897,5.0,27,0e42f9d3-ba46-4638-93a4-668443581650,None,None,1,978,8,[],None,None
ENUM_HOST,10088.48823464897,10093.48823464897,5.0,26,39be024e-1617-4936-85db-d192be03a098,None,None,2,978,8,[],None,None
SCAN_PORT,10093.48823464897,10099.805484737444,6.317250088473884,10,d79c0963-4a36-42b2-9ec4-1e466a44227f,None,None,7,978,8,[],application,OSDiversity
SCAN_PORT,10120.932876421472,10145.932876421472,25.0,10,d79c0963-4a36-42b2-9ec4-1e466a44227f,None,None,7,978,8,[],None,None
EXPLOIT_VULN,10145.932876421472,10150.332755862693,4.399879441221856,10,d79c0963-4a36-42b2-9ec4-1e466a44227f,None,None,7,978,8,[],None,None
EXPLOIT_VULN,10150.332755862693,10155.26244411985,4.929688257156158,10,d79c0963-4a36-42b2-9ec4-1e466a44227f,None,None,7,979,8,[],None,None
EXPLOIT_VULN,10155.26244411985,10162.268394328665,7.005950208815193,10,d79c0963-4a36-42b2-9ec4-1e466a44227f,None,None,7,980,8,[],None,None
BRUTE_FORCE,10162.268394328665,10182.268394328665,20.0,10,d79c0963-4a36-42b2-9ec4-1e466a44227f,10,d79c0963-4a36-42b2-9ec4-1e466a44227f,7,981,8,[],None,None
SCAN_NEIGHBOR,10182.268394328665,10187.268394328665,5.0,10,d79c0963-4a36-42b2-9ec4-1e466a44227f,None,None,7,981,9,[],None,None
ENUM_HOST,10187.268394328665,10192.268394328665,5.0,10,d79c0963-4a36-42b2-9ec4-1e466a44227f,None,None,7,981,9,[],None,None
SCAN_PORT,10192.268394328665,10217.268394328665,25.0,5,a47f754e-28a2-442b-ac11-33ff7dc1ad7f,None,None,5,981,9,[],None,None
EXPLOIT_VULN,10217.268394328665,10217.932588892465,0.6641945638002653,5,a47f754e-28a2-442b-ac11-33ff7dc1ad7f,None,None,5,981,9,[],None,None
EXPLOIT_VULN,10217.932588892465,10218.296689711458,0.36410081899339275,5,a47f754e-28a2-442b-ac11-33ff7dc1ad7f,None,None,5,982,9,[],None,None
EXPLOIT_VULN,10218.296689711458,10219.595858593673,1.2991688822148717,5,a47f754e-28a2-442b-ac11-33ff7dc1ad7f,None,None,5,983,9,[],None,None
EXPLOIT_VULN,10219.595858593673,10219.846137485534,0.250278891860944,5,a47f754e-28a2-442b-ac11-33ff7dc1ad7f,None,None,5,984,9,[],None,None
EXPLOIT_VULN,10219.846137485534,10222.759471557947,2.9133340724129084,5,a47f754e-28a2-442b-ac11-33ff7dc1ad7f,None,None,5,985,9,[],None,None
EXPLOIT_VULN,10222.759471557947,10224.154367422569,1.3948958646215033,5,a47f754e-28a2-442b-ac11-33ff7dc1ad7f,None,None,5,986,9,[],None,None
EXPLOIT_VULN,10224.154367422569,10225.793239146444,1.638871723875127,5,a47f754e-28a2-442b-ac11-33ff7dc1ad7f,None,None,5,987,9,[],None,None
EXPLOIT_VULN,10225.793239146444,10234.141365413852,8.348126267408588,5,a47f754e-28a2-442b-ac11-33ff7dc1ad7f,None,None,5,988,9,[],None,None
EXPLOIT_VULN,10234.141365413852,10241.529162096675,7.387796682822227,5,a47f754e-28a2-442b-ac11-33ff7dc1ad7f,None,None,5,989,9,[],None,None
EXPLOIT_VULN,10241.529162096675,10245.582382485461,4.05322038878694,5,a47f754e-28a2-442b-ac11-33ff7dc1ad7f,None,None,5,990,9,[],None,None
EXPLOIT_VULN,10245.582382485461,10256.379380702012,10.796998216550492,5,a47f754e-28a2-442b-ac11-33ff7dc1ad7f,None,None,5,991,9,[],None,None
EXPLOIT_VULN,10256.379380702012,10269.770929929455,13.391549227442738,5,a47f754e-28a2-442b-ac11-33ff7dc1ad7f,None,None,5,992,9,[],None,None
EXPLOIT_VULN,10269.770929929455,10287.255254733787,17.484324804332573,5,a47f754e-28a2-442b-ac11-33ff7dc1ad7f,None,None,5,993,9,[],None,None
EXPLOIT_VULN,10287.255254733787,10290.58960933475,3.3343546009618876,5,a47f754e-28a2-442b-ac11-33ff7dc1ad7f,None,None,5,994,9,[],application,ServiceDiversity
SCAN_PORT,10310.920747785685,10335.920747785685,25.0,5,a47f754e-28a2-442b-ac11-33ff7dc1ad7f,None,None,5,994,9,[],None,None
EXPLOIT_VULN,10335.920747785685,10337.266464136104,1.3457163504190248,5,a47f754e-28a2-442b-ac11-33ff7dc1ad7f,None,None,5,994,9,[],None,None
EXPLOIT_VULN,10337.266464136104,10339.114437114093,1.84797297798832,5,a47f754e-28a2-442b-ac11-33ff7dc1ad7f,None,None,5,995,9,[],None,None
EXPLOIT_VULN,10339.114437114093,10349.73627833441,10.621841220317947,5,a47f754e-28a2-442b-ac11-33ff7dc1ad7f,None,None,5,996,9,[],None,None
EXPLOIT_VULN,10349.73627833441,10352.248444593408,2.51216625899724,5,a47f754e-28a2-442b-ac11-33ff7dc1ad7f,None,None,5,997,9,[],None,None
EXPLOIT_VULN,10352.248444593408,10365.331259359971,13.082814766563388,5,a47f754e-28a2-442b-ac11-33ff7dc1ad7f,None,None,5,998,9,[],None,None
EXPLOIT_VULN,10365.331259359971,10371.110025620295,5.778766260324119,5,a47f754e-28a2-442b-ac11-33ff7dc1ad7f,None,None,5,999,9,[],None,None
EXPLOIT_VULN,10371.110025620295,10377.026036479725,5.916010859429662,5,a47f754e-28a2-442b-ac11-33ff7dc1ad7f,None,None,5,1000,9,[],None,None
EXPLOIT_VULN,10377.026036479725,10385.01295577594,7.986919296214182,5,a47f754e-28a2-442b-ac11-33ff7dc1ad7f,None,None,5,1001,9,[],None,None
EXPLOIT_VULN,10385.01295577594,10401.533971034436,16.521015258496845,5,a47f754e-28a2-442b-ac11-33ff7dc1ad7f,None,None,5,1002,9,[],None,None
EXPLOIT_VULN,10401.533971034436,10410.316918578415,8.78294754397939,5,a47f754e-28a2-442b-ac11-33ff7dc1ad7f,None,None,5,1003,9,[],None,None
EXPLOIT_VULN,10410.316918578415,10418.678547034844,8.361628456428662,5,a47f754e-28a2-442b-ac11-33ff7dc1ad7f,None,None,5,1004,9,[],None,None
EXPLOIT_VULN,10418.678547034844,10434.639903774774,15.961356739930125,5,a47f754e-28a2-442b-ac11-33ff7dc1ad7f,None,None,5,1005,9,[],None,None
EXPLOIT_VULN,10434.639903774774,10442.264901542969,7.624997768194589,5,a47f754e-28a2-442b-ac11-33ff7dc1ad7f,None,None,5,1006,9,[],None,None
EXPLOIT_VULN,10442.264901542969,10451.300924191932,9.036022648962899,5,a47f754e-28a2-442b-ac11-33ff7dc1ad7f,None,None,5,1007,9,[],None,None
EXPLOIT_VULN,10451.300924191932,10459.609370992208,8.308446800276215,5,a47f754e-28a2-442b-ac11-33ff7dc1ad7f,None,None,5,1008,9,[],None,None
EXPLOIT_VULN,10459.609370992208,10464.299222979562,4.689851987353904,5,a47f754e-28a2-442b-ac11-33ff7dc1ad7f,None,None,5,1009,9,[],None,None
EXPLOIT_VULN,10464.299222979562,10474.20181100498,9.902588025417572,5,a47f754e-28a2-442b-ac11-33ff7dc1ad7f,None,None,5,1010,9,[],None,None
EXPLOIT_VULN,10474.20181100498,10477.603637612217,3.4018266072380356,5,a47f754e-28a2-442b-ac11-33ff7dc1ad7f,None,None,5,1011,9,[],None,None
EXPLOIT_VULN,10477.603637612217,10483.234365318922,5.63072770670442,5,a47f754e-28a2-442b-ac11-33ff7dc1ad7f,None,None,5,1012,9,[],None,None
BRUTE_FORCE,10483.234365318922,10503.234365318922,20.0,5,a47f754e-28a2-442b-ac11-33ff7dc1ad7f,None,None,5,1013,9,[],None,None
ENUM_HOST,10503.234365318922,10508.234365318922,5.0,5,a47f754e-28a2-442b-ac11-33ff7dc1ad7f,None,None,5,1013,9,[],None,None
ENUM_HOST,10508.234365318922,10513.234365318922,5.0,26,39be024e-1617-4936-85db-d192be03a098,None,None,3,1013,9,[],None,None
SCAN_PORT,10513.234365318922,10533.313582028011,20.07921670908945,29,4ddaa79c-959b-4271-a344-b83a2fd65dd7,None,None,1,1013,9,[],network,CompleteTopologyShuffle
SCAN_HOST,10554.043313372982,10559.043313372982,5.0,-1,-1,None,None,0,1013,9,[],None,None
ENUM_HOST,10559.043313372982,10564.043313372982,5.0,-1,-1,None,None,0,1013,9,[],None,None
SCAN_PORT,10564.043313372982,10589.043313372982,25.0,5,a47f754e-28a2-442b-ac11-33ff7dc1ad7f,None,None,6,1013,9,[],None,None
EXPLOIT_VULN,10589.043313372982,10589.6618450172,0.6185316442188196,5,a47f754e-28a2-442b-ac11-33ff7dc1ad7f,None,None,6,1013,9,[],None,None
EXPLOIT_VULN,10589.6618450172,10591.940067920075,2.278222902874404,5,a47f754e-28a2-442b-ac11-33ff7dc1ad7f,None,None,6,1014,9,[],None,None
EXPLOIT_VULN,10591.940067920075,10597.054170699186,5.114102779110908,5,a47f754e-28a2-442b-ac11-33ff7dc1ad7f,None,None,6,1015,9,[],None,None
EXPLOIT_VULN,10597.054170699186,10607.730817928743,10.676647229556693,5,a47f754e-28a2-442b-ac11-33ff7dc1ad7f,None,None,6,1016,9,[],None,None
EXPLOIT_VULN,10607.730817928743,10620.702802743584,12.971984814841562,5,a47f754e-28a2-442b-ac11-33ff7dc1ad7f,None,None,6,1017,9,[],None,None
EXPLOIT_VULN,10620.702802743584,10628.676653856544,7.973851112959892,5,a47f754e-28a2-442b-ac11-33ff7dc1ad7f,None,None,6,1018,9,[],None,None
EXPLOIT_VULN,10628.676653856544,10645.129464808608,16.452810952063373,5,a47f754e-28a2-442b-ac11-33ff7dc1ad7f,None,None,6,1019,9,[],None,None
EXPLOIT_VULN,10645.129464808608,10654.305277533307,9.175812724699426,5,a47f754e-28a2-442b-ac11-33ff7dc1ad7f,None,None,6,1020,9,[],None,None
EXPLOIT_VULN,10654.305277533307,10671.870417588027,17.56514005471945,5,a47f754e-28a2-442b-ac11-33ff7dc1ad7f,None,None,6,1021,9,[],None,None
EXPLOIT_VULN,10671.870417588027,10679.613761593411,7.7433440053846425,5,a47f754e-28a2-442b-ac11-33ff7dc1ad7f,None,None,6,1022,9,[],None,None
EXPLOIT_VULN,10679.613761593411,10688.277347502606,8.663585909194808,5,a47f754e-28a2-442b-ac11-33ff7dc1ad7f,None,None,6,1023,9,[],None,None
EXPLOIT_VULN,10688.277347502606,10696.883400296367,8.606052793760682,5,a47f754e-28a2-442b-ac11-33ff7dc1ad7f,None,None,6,1024,9,[],None,None
EXPLOIT_VULN,10696.883400296367,10703.379590817483,6.4961905211166595,5,a47f754e-28a2-442b-ac11-33ff7dc1ad7f,None,None,6,1025,9,[],None,None
EXPLOIT_VULN,10703.379590817483,10712.270571789502,8.890980972018951,5,a47f754e-28a2-442b-ac11-33ff7dc1ad7f,None,None,6,1026,9,[],None,None
EXPLOIT_VULN,10712.270571789502,10722.01350117548,9.742929385976822,5,a47f754e-28a2-442b-ac11-33ff7dc1ad7f,None,None,6,1027,9,[],None,None
EXPLOIT_VULN,10722.01350117548,10723.047581237186,1.0340800617068453,5,a47f754e-28a2-442b-ac11-33ff7dc1ad7f,None,None,6,1028,9,[],network,IPShuffle
SCAN_HOST,10743.176108506597,10748.176108506597,5.0,-1,-1,None,None,0,1028,9,[],None,None
ENUM_HOST,10748.176108506597,10753.176108506597,5.0,-1,-1,None,None,0,1028,9,[],None,None
SCAN_PORT,10753.176108506597,10778.176108506597,25.0,8,024a49ed-aa41-48c9-86e9-79d40e6b5fd2,None,None,3,1028,9,[],None,None
EXPLOIT_VULN,10778.176108506597,10778.848178109318,0.6720696027205122,8,024a49ed-aa41-48c9-86e9-79d40e6b5fd2,None,None,3,1028,9,[],None,None
EXPLOIT_VULN,10778.848178109318,10779.73914323845,0.8909651291323826,8,024a49ed-aa41-48c9-86e9-79d40e6b5fd2,None,None,3,1029,9,[],None,None
EXPLOIT_VULN,10779.73914323845,10780.714488567717,0.9753453292669292,8,024a49ed-aa41-48c9-86e9-79d40e6b5fd2,None,None,3,1030,9,[],None,None
EXPLOIT_VULN,10780.714488567717,10783.449387736353,2.7348991686358204,8,024a49ed-aa41-48c9-86e9-79d40e6b5fd2,None,None,3,1031,9,[],None,None
EXPLOIT_VULN,10783.449387736353,10788.508452997577,5.059065261224532,8,024a49ed-aa41-48c9-86e9-79d40e6b5fd2,None,None,3,1032,9,[],None,None
EXPLOIT_VULN,10788.508452997577,10796.122206622615,7.613753625037134,8,024a49ed-aa41-48c9-86e9-79d40e6b5fd2,None,None,3,1033,9,[],None,None
EXPLOIT_VULN,10796.122206622615,10799.567417012873,3.4452103902585804,8,024a49ed-aa41-48c9-86e9-79d40e6b5fd2,None,None,3,1034,9,[],None,None
EXPLOIT_VULN,10799.567417012873,10801.640451505627,2.073034492754232,8,024a49ed-aa41-48c9-86e9-79d40e6b5fd2,None,None,3,1035,9,[],None,None
EXPLOIT_VULN,10801.640451505627,10804.309943627935,2.669492122307929,8,024a49ed-aa41-48c9-86e9-79d40e6b5fd2,None,None,3,1036,9,[],None,None
EXPLOIT_VULN,10804.309943627935,10809.742769206865,5.432825578929624,8,024a49ed-aa41-48c9-86e9-79d40e6b5fd2,None,None,3,1037,9,[],None,None
EXPLOIT_VULN,10809.742769206865,10814.829403949154,5.086634742288879,8,024a49ed-aa41-48c9-86e9-79d40e6b5fd2,None,None,3,1038,9,[],None,None
EXPLOIT_VULN,10814.829403949154,10821.259998715417,6.430594766263312,8,024a49ed-aa41-48c9-86e9-79d40e6b5fd2,None,None,3,1039,9,[],None,None
EXPLOIT_VULN,10821.259998715417,10828.38916709174,7.129168376322923,8,024a49ed-aa41-48c9-86e9-79d40e6b5fd2,None,None,3,1040,9,[],None,None
EXPLOIT_VULN,10828.38916709174,10835.466154465166,7.076987373426164,8,024a49ed-aa41-48c9-86e9-79d40e6b5fd2,None,None,3,1041,9,[],None,None
EXPLOIT_VULN,10835.466154465166,10840.314478863029,4.848324397862598,8,024a49ed-aa41-48c9-86e9-79d40e6b5fd2,None,None,3,1042,9,[],None,None
EXPLOIT_VULN,10840.314478863029,10858.795712094035,18.481233231006627,8,024a49ed-aa41-48c9-86e9-79d40e6b5fd2,None,None,3,1043,9,[],None,None
EXPLOIT_VULN,10858.795712094035,10880.830021131627,22.03430903759181,8,024a49ed-aa41-48c9-86e9-79d40e6b5fd2,None,None,3,1044,9,[],None,None
BRUTE_FORCE,10880.830021131627,10900.830021131627,20.0,8,024a49ed-aa41-48c9-86e9-79d40e6b5fd2,None,None,3,1045,9,[],None,None
ENUM_HOST,10900.830021131627,10905.830021131627,5.0,8,024a49ed-aa41-48c9-86e9-79d40e6b5fd2,None,None,3,1045,9,[],None,None
SCAN_PORT,10905.830021131627,10930.830021131627,25.0,11,1c46076f-ea2d-4800-9a61-c6d6398aa328,None,None,4,1045,9,[],None,None
EXPLOIT_VULN,10930.830021131627,10932.750665979662,1.9206448480344989,11,1c46076f-ea2d-4800-9a61-c6d6398aa328,None,None,4,1045,9,[],None,None
EXPLOIT_VULN,10932.750665979662,10935.57990282319,2.8292368435286335,11,1c46076f-ea2d-4800-9a61-c6d6398aa328,None,None,4,1046,9,[],None,None
EXPLOIT_VULN,10935.57990282319,10938.46361313844,2.883710315249118,11,1c46076f-ea2d-4800-9a61-c6d6398aa328,None,None,4,1047,9,[],None,None
EXPLOIT_VULN,10938.46361313844,10944.514298488068,6.050685349628111,11,1c46076f-ea2d-4800-9a61-c6d6398aa328,None,None,4,1048,9,[],None,None
EXPLOIT_VULN,10944.514298488068,10950.559890734065,6.045592245996886,11,1c46076f-ea2d-4800-9a61-c6d6398aa328,None,None,4,1049,9,[],None,None
EXPLOIT_VULN,10950.559890734065,10957.482968747849,6.923078013784107,11,1c46076f-ea2d-4800-9a61-c6d6398aa328,None,None,4,1050,9,[],None,None
EXPLOIT_VULN,10957.482968747849,10971.723888213388,14.240919465539264,11,1c46076f-ea2d-4800-9a61-c6d6398aa328,None,None,4,1051,9,[],None,None
EXPLOIT_VULN,10971.723888213388,10988.22317952739,16.49929131400131,11,1c46076f-ea2d-4800-9a61-c6d6398aa328,None,None,4,1052,9,[],None,None
EXPLOIT_VULN,10988.22317952739,10997.186362247288,8.963182719899123,11,1c46076f-ea2d-4800-9a61-c6d6398aa328,None,None,4,1053,9,[],None,None
EXPLOIT_VULN,10997.186362247288,11017.857472473728,20.67111022643985,11,1c46076f-ea2d-4800-9a61-c6d6398aa328,None,None,4,1054,9,[],None,None
EXPLOIT_VULN,11017.857472473728,11024.243872753086,6.386400279357986,11,1c46076f-ea2d-4800-9a61-c6d6398aa328,None,None,4,1055,9,[],None,None
BRUTE_FORCE,11024.243872753086,11044.243872753086,20.0,11,1c46076f-ea2d-4800-9a61-c6d6398aa328,None,None,4,1056,9,[],None,None
ENUM_HOST,11044.243872753086,11049.243872753086,5.0,11,1c46076f-ea2d-4800-9a61-c6d6398aa328,None,None,4,1056,9,[],None,None
SCAN_PORT,11049.243872753086,11074.243872753086,25.0,5,a47f754e-28a2-442b-ac11-33ff7dc1ad7f,None,None,7,1056,9,[],None,None
EXPLOIT_VULN,11074.243872753086,11074.9630072714,0.7191345183146041,5,a47f754e-28a2-442b-ac11-33ff7dc1ad7f,None,None,7,1056,9,[],None,None
EXPLOIT_VULN,11074.9630072714,11076.779218890058,1.8162116186576895,5,a47f754e-28a2-442b-ac11-33ff7dc1ad7f,None,None,7,1057,9,[],None,None
EXPLOIT_VULN,11076.779218890058,11078.794220133392,2.015001243333245,5,a47f754e-28a2-442b-ac11-33ff7dc1ad7f,None,None,7,1058,9,[],None,None
EXPLOIT_VULN,11078.794220133392,11084.359210960543,5.564990827151632,5,a47f754e-28a2-442b-ac11-33ff7dc1ad7f,None,None,7,1059,9,[],None,None
EXPLOIT_VULN,11084.359210960543,11087.450822155628,3.0916111950846243,5,a47f754e-28a2-442b-ac11-33ff7dc1ad7f,None,None,7,1060,9,[],None,None
EXPLOIT_VULN,11087.450822155628,11088.995107524242,1.54428536861451,5,a47f754e-28a2-442b-ac11-33ff7dc1ad7f,None,None,7,1061,9,[],None,None
EXPLOIT_VULN,11088.995107524242,11093.421333080809,4.426225556566351,5,a47f754e-28a2-442b-ac11-33ff7dc1ad7f,None,None,7,1062,9,[],application,ServiceDiversity
SCAN_PORT,11113.512521423363,11138.512521423363,25.0,5,a47f754e-28a2-442b-ac11-33ff7dc1ad7f,None,None,7,1062,9,[],None,None
EXPLOIT_VULN,11138.512521423363,11139.062503717614,0.5499822942510946,5,a47f754e-28a2-442b-ac11-33ff7dc1ad7f,None,None,7,1062,9,[],None,None
EXPLOIT_VULN,11139.062503717614,11139.206426661774,0.14392294416029472,5,a47f754e-28a2-442b-ac11-33ff7dc1ad7f,None,None,7,1063,9,[],None,None
EXPLOIT_VULN,11139.206426661774,11140.696646928296,1.4902202665216464,5,a47f754e-28a2-442b-ac11-33ff7dc1ad7f,None,None,7,1064,9,[],None,None
EXPLOIT_VULN,11140.696646928296,11142.760483160284,2.063836231987807,5,a47f754e-28a2-442b-ac11-33ff7dc1ad7f,None,None,7,1065,9,[],None,None
EXPLOIT_VULN,11142.760483160284,11145.412170781654,2.6516876213700016,5,a47f754e-28a2-442b-ac11-33ff7dc1ad7f,None,None,7,1066,9,[],None,None
EXPLOIT_VULN,11145.412170781654,11154.375977028532,8.963806246878448,5,a47f754e-28a2-442b-ac11-33ff7dc1ad7f,None,None,7,1067,9,[],None,None
EXPLOIT_VULN,11154.375977028532,11155.829400281647,1.4534232531150337,5,a47f754e-28a2-442b-ac11-33ff7dc1ad7f,None,None,7,1068,9,[],None,None
EXPLOIT_VULN,11155.829400281647,11163.34195694673,7.512556665082229,5,a47f754e-28a2-442b-ac11-33ff7dc1ad7f,None,None,7,1069,9,[],None,None
EXPLOIT_VULN,11163.34195694673,11169.73065967278,6.388702726049814,5,a47f754e-28a2-442b-ac11-33ff7dc1ad7f,None,None,7,1070,9,[],None,None
EXPLOIT_VULN,11169.73065967278,11180.824838771052,11.094179098272434,5,a47f754e-28a2-442b-ac11-33ff7dc1ad7f,None,None,7,1071,9,[],None,None
EXPLOIT_VULN,11180.824838771052,11198.674313229207,17.849474458154873,5,a47f754e-28a2-442b-ac11-33ff7dc1ad7f,None,None,7,1072,9,[],None,None
EXPLOIT_VULN,11198.674313229207,11207.524240290439,8.849927061231938,5,a47f754e-28a2-442b-ac11-33ff7dc1ad7f,None,None,7,1073,9,[],None,None
EXPLOIT_VULN,11207.524240290439,11216.012005435397,8.487765144958757,5,a47f754e-28a2-442b-ac11-33ff7dc1ad7f,None,None,7,1074,9,[],None,None
EXPLOIT_VULN,11216.012005435397,11222.177109157208,6.165103721810738,5,a47f754e-28a2-442b-ac11-33ff7dc1ad7f,None,None,7,1075,9,[],None,None
EXPLOIT_VULN,11222.177109157208,11231.12949384566,8.952384688451275,5,a47f754e-28a2-442b-ac11-33ff7dc1ad7f,None,None,7,1076,9,[],None,None
EXPLOIT_VULN,11231.12949384566,11240.554650260825,9.425156415165475,5,a47f754e-28a2-442b-ac11-33ff7dc1ad7f,None,None,7,1077,9,[],None,None
EXPLOIT_VULN,11240.554650260825,11247.675675895623,7.1210256347985705,5,a47f754e-28a2-442b-ac11-33ff7dc1ad7f,None,None,7,1078,9,[],None,None
EXPLOIT_VULN,11247.675675895623,11256.656145735284,8.980469839660145,5,a47f754e-28a2-442b-ac11-33ff7dc1ad7f,None,None,7,1079,9,[],None,None
BRUTE_FORCE,11256.656145735284,11276.656145735284,20.0,5,a47f754e-28a2-442b-ac11-33ff7dc1ad7f,None,None,7,1080,9,[],None,None
ENUM_HOST,11276.656145735284,11281.656145735284,5.0,5,a47f754e-28a2-442b-ac11-33ff7dc1ad7f,None,None,7,1080,9,[],None,None
SCAN_PORT,11281.656145735284,11306.656145735284,25.0,15,0c4aa51a-0b8c-4175-b9e6-46cfe860e67b,None,None,4,1080,9,[],None,None
EXPLOIT_VULN,11306.656145735284,11307.298561574516,0.6424158392328536,15,0c4aa51a-0b8c-4175-b9e6-46cfe860e67b,None,None,4,1080,9,[],None,None
EXPLOIT_VULN,11307.298561574516,11307.431279272969,0.13271769845232484,15,0c4aa51a-0b8c-4175-b9e6-46cfe860e67b,None,None,4,1081,9,[],None,None
EXPLOIT_VULN,11307.431279272969,11308.484356862757,1.0530775897877902,15,0c4aa51a-0b8c-4175-b9e6-46cfe860e67b,None,None,4,1082,9,[],None,None
EXPLOIT_VULN,11308.484356862757,11311.916442214302,3.4320853515455383,15,0c4aa51a-0b8c-4175-b9e6-46cfe860e67b,None,None,4,1083,9,[],None,None
EXPLOIT_VULN,11311.916442214302,11321.362883203088,9.44644098878598,15,0c4aa51a-0b8c-4175-b9e6-46cfe860e67b,None,None,4,1084,9,[],None,None
EXPLOIT_VULN,11321.362883203088,11334.006395348631,12.643512145543355,15,0c4aa51a-0b8c-4175-b9e6-46cfe860e67b,None,None,4,1085,9,[],None,None
EXPLOIT_VULN,11334.006395348631,11334.136989470764,0.13059412213260657,15,0c4aa51a-0b8c-4175-b9e6-46cfe860e67b,None,None,4,1086,9,[],network,CompleteTopologyShuffle
SCAN_HOST,11354.794333059088,11359.794333059088,5.0,-1,-1,None,None,0,1086,9,[],None,None
ENUM_HOST,11359.794333059088,11364.794333059088,5.0,-1,-1,None,None,0,1086,9,[],None,None
SCAN_PORT,11364.794333059088,11389.794333059088,25.0,6,62721611-be02-4151-883b-83d394161d97,None,None,7,1086,9,[],None,None
EXPLOIT_VULN,11389.794333059088,11390.449326990858,0.6549939317701501,6,62721611-be02-4151-883b-83d394161d97,None,None,7,1086,9,[],None,None
EXPLOIT_VULN,11390.449326990858,11392.01570601406,1.5663790232010797,6,62721611-be02-4151-883b-83d394161d97,None,None,7,1087,9,[],None,None
EXPLOIT_VULN,11392.01570601406,11392.810447964835,0.7947419507763698,6,62721611-be02-4151-883b-83d394161d97,None,None,7,1088,9,[],None,None
EXPLOIT_VULN,11392.810447964835,11394.355437837978,1.5449898731421854,6,62721611-be02-4151-883b-83d394161d97,None,None,7,1089,9,[],None,None
EXPLOIT_VULN,11394.355437837978,11399.30962946054,4.9541916225625755,6,62721611-be02-4151-883b-83d394161d97,None,None,7,1090,9,[],None,None
EXPLOIT_VULN,11399.30962946054,11402.633218101315,3.3235886407746875,6,62721611-be02-4151-883b-83d394161d97,None,None,7,1091,9,[],None,None
EXPLOIT_VULN,11402.633218101315,11405.866389352463,3.2331712511477235,6,62721611-be02-4151-883b-83d394161d97,None,None,7,1092,9,[],None,None
EXPLOIT_VULN,11405.866389352463,11414.37221240877,8.505823056308145,6,62721611-be02-4151-883b-83d394161d97,None,None,7,1093,9,[],None,None
EXPLOIT_VULN,11414.37221240877,11417.193778636176,2.8215662274051283,6,62721611-be02-4151-883b-83d394161d97,None,None,7,1094,9,[],None,None
EXPLOIT_VULN,11417.193778636176,11426.985759949606,9.79198131343037,6,62721611-be02-4151-883b-83d394161d97,None,None,7,1095,9,[],None,None
EXPLOIT_VULN,11426.985759949606,11430.200274391736,3.2145144421301666,6,62721611-be02-4151-883b-83d394161d97,None,None,7,1096,9,[],None,None
EXPLOIT_VULN,11430.200274391736,11440.745057844215,10.544783452478441,6,62721611-be02-4151-883b-83d394161d97,None,None,7,1097,9,[],None,None
EXPLOIT_VULN,11440.745057844215,11444.795054226088,4.049996381872916,6,62721611-be02-4151-883b-83d394161d97,None,None,7,1098,9,[],None,None
EXPLOIT_VULN,11444.795054226088,11450.379062675986,5.584008449897738,6,62721611-be02-4151-883b-83d394161d97,None,None,7,1099,9,[],None,None
EXPLOIT_VULN,11450.379062675986,11456.822470690135,6.4434080141490995,6,62721611-be02-4151-883b-83d394161d97,None,None,7,1100,9,[],None,None
EXPLOIT_VULN,11456.822470690135,11461.816915756046,4.99444506591135,6,62721611-be02-4151-883b-83d394161d97,None,None,7,1101,9,[],None,None
EXPLOIT_VULN,11461.816915756046,11473.662997378868,11.846081622821657,6,62721611-be02-4151-883b-83d394161d97,None,None,7,1102,9,[],None,None
EXPLOIT_VULN,11473.662997378868,11482.517415505503,8.85441812663521,6,62721611-be02-4151-883b-83d394161d97,None,None,7,1103,9,[],None,None
EXPLOIT_VULN,11482.517415505503,11487.190579714834,4.673164209330935,6,62721611-be02-4151-883b-83d394161d97,None,None,7,1104,9,[],None,None
EXPLOIT_VULN,11487.190579714834,11494.001127640331,6.810547925497303,6,62721611-be02-4151-883b-83d394161d97,None,None,7,1105,9,[],None,None
EXPLOIT_VULN,11494.001127640331,11499.477990562884,5.476862922552755,6,62721611-be02-4151-883b-83d394161d97,None,None,7,1106,9,[],None,None
EXPLOIT_VULN,11499.477990562884,11506.15295634815,6.674965785266977,6,62721611-be02-4151-883b-83d394161d97,None,None,7,1107,9,[],None,None
EXPLOIT_VULN,11506.15295634815,11524.725979917528,18.573023569377256,6,62721611-be02-4151-883b-83d394161d97,None,None,7,1108,9,[],network,IPShuffle
SCAN_HOST,11545.805973929479,11550.805973929479,5.0,-1,-1,None,None,0,1108,9,[],None,None
ENUM_HOST,11550.805973929479,11555.805973929479,5.0,-1,-1,None,None,0,1108,9,[],None,None
SCAN_PORT,11555.805973929479,11580.805973929479,25.0,6,62721611-be02-4151-883b-83d394161d97,None,None,8,1108,9,[],None,None
EXPLOIT_VULN,11580.805973929479,11582.438026332911,1.6320524034326809,6,62721611-be02-4151-883b-83d394161d97,None,None,8,1108,9,[],None,None
EXPLOIT_VULN,11582.438026332911,11588.63086390046,6.19283756754885,6,62721611-be02-4151-883b-83d394161d97,None,None,8,1109,9,[],None,None
EXPLOIT_VULN,11588.63086390046,11589.76615161986,1.1352877194003668,6,62721611-be02-4151-883b-83d394161d97,None,None,8,1110,9,[],None,None
EXPLOIT_VULN,11589.76615161986,11590.276823908323,0.5106722884629562,6,62721611-be02-4151-883b-83d394161d97,None,None,8,1111,9,[],None,None
EXPLOIT_VULN,11590.276823908323,11599.197765927322,8.920942018998176,6,62721611-be02-4151-883b-83d394161d97,None,None,8,1112,9,[],None,None
EXPLOIT_VULN,11599.197765927322,11601.097929918724,1.9001639914022235,6,62721611-be02-4151-883b-83d394161d97,None,None,8,1113,9,[],None,None
EXPLOIT_VULN,11601.097929918724,11605.330824697032,4.232894778308037,6,62721611-be02-4151-883b-83d394161d97,None,None,8,1114,9,[],None,None
EXPLOIT_VULN,11605.330824697032,11610.001418213313,4.67059351628086,6,62721611-be02-4151-883b-83d394161d97,None,None,8,1115,9,[],None,None
EXPLOIT_VULN,11610.001418213313,11614.853213276827,4.851795063514146,6,62721611-be02-4151-883b-83d394161d97,None,None,8,1116,9,[],None,None
EXPLOIT_VULN,11614.853213276827,11623.448648150632,8.595434873805061,6,62721611-be02-4151-883b-83d394161d97,None,None,8,1117,9,[],None,None
EXPLOIT_VULN,11623.448648150632,11644.843599669832,21.39495151919982,6,62721611-be02-4151-883b-83d394161d97,None,None,8,1118,9,[],None,None
EXPLOIT_VULN,11644.843599669832,11652.56515310464,7.721553434808811,6,62721611-be02-4151-883b-83d394161d97,None,None,8,1119,9,[],None,None
EXPLOIT_VULN,11652.56515310464,11669.871635636213,17.30648253157233,6,62721611-be02-4151-883b-83d394161d97,None,None,8,1120,9,[],None,None
EXPLOIT_VULN,11669.871635636213,11675.860893893368,5.989258257155598,6,62721611-be02-4151-883b-83d394161d97,None,None,8,1121,9,[],None,None
EXPLOIT_VULN,11675.860893893368,11682.21721840343,6.356324510061313,6,62721611-be02-4151-883b-83d394161d97,None,None,8,1122,9,[],None,None
EXPLOIT_VULN,11682.21721840343,11684.738703467328,2.521485063898581,6,62721611-be02-4151-883b-83d394161d97,None,None,8,1123,9,[],None,None
EXPLOIT_VULN,11684.738703467328,11704.923889469508,20.185186002179762,6,62721611-be02-4151-883b-83d394161d97,None,None,8,1124,9,[],application,OSDiversity
SCAN_PORT,11725.56053930218,11750.56053930218,25.0,6,62721611-be02-4151-883b-83d394161d97,None,None,8,1124,9,[],None,None
EXPLOIT_VULN,11750.56053930218,11751.578379882327,1.0178405801470944,6,62721611-be02-4151-883b-83d394161d97,None,None,8,1124,9,[],None,None
EXPLOIT_VULN,11751.578379882327,11752.15018425123,0.571804368903031,6,62721611-be02-4151-883b-83d394161d97,None,None,8,1125,9,[],None,None
EXPLOIT_VULN,11752.15018425123,11753.625748994766,1.4755647435358696,6,62721611-be02-4151-883b-83d394161d97,None,None,8,1126,9,[],None,None
EXPLOIT_VULN,11753.625748994766,11756.86822069348,3.242471698715235,6,62721611-be02-4151-883b-83d394161d97,None,None,8,1127,9,[],None,None
EXPLOIT_VULN,11756.86822069348,11759.553131614819,2.684910921338087,6,62721611-be02-4151-883b-83d394161d97,None,None,8,1128,9,[],None,None
EXPLOIT_VULN,11759.553131614819,11760.954839012042,1.401707397222708,6,62721611-be02-4151-883b-83d394161d97,None,None,8,1129,9,[],None,None
EXPLOIT_VULN,11760.954839012042,11761.127492871916,0.1726538598741172,6,62721611-be02-4151-883b-83d394161d97,None,None,8,1130,9,[],None,None
EXPLOIT_VULN,11761.127492871916,11763.675063265453,2.547570393537171,6,62721611-be02-4151-883b-83d394161d97,None,None,8,1131,9,[],None,None
EXPLOIT_VULN,11763.675063265453,11765.721312703417,2.046249437964434,6,62721611-be02-4151-883b-83d394161d97,None,None,8,1132,9,[],None,None
EXPLOIT_VULN,11765.721312703417,11766.897173154708,1.1758604512906459,6,62721611-be02-4151-883b-83d394161d97,None,None,8,1133,9,[],None,None
EXPLOIT_VULN,11766.897173154708,11774.296229568035,7.399056413327344,6,62721611-be02-4151-883b-83d394161d97,None,None,8,1134,9,[],None,None
EXPLOIT_VULN,11774.296229568035,11778.237200499765,3.94097093172968,6,62721611-be02-4151-883b-83d394161d97,None,None,8,1135,9,[],None,None
EXPLOIT_VULN,11778.237200499765,11779.383014695293,1.1458141955281462,6,62721611-be02-4151-883b-83d394161d97,None,None,8,1136,9,[],None,None
EXPLOIT_VULN,11779.383014695293,11781.740430869695,2.3574161744018056,6,62721611-be02-4151-883b-83d394161d97,None,None,8,1137,9,[],None,None
EXPLOIT_VULN,11781.740430869695,11786.421667582876,4.681236713180624,6,62721611-be02-4151-883b-83d394161d97,None,None,8,1138,9,[],None,None
EXPLOIT_VULN,11786.421667582876,11797.32251858637,10.900851003494608,6,62721611-be02-4151-883b-83d394161d97,None,None,8,1139,9,[],None,None
EXPLOIT_VULN,11797.32251858637,11798.310301048446,0.9877824620762112,6,62721611-be02-4151-883b-83d394161d97,None,None,8,1140,9,[],None,None
EXPLOIT_VULN,11798.310301048446,11800.924501294412,2.6142002459655487,6,62721611-be02-4151-883b-83d394161d97,None,None,8,1141,9,[],None,None
EXPLOIT_VULN,11800.924501294412,11805.191617062534,4.2671157681215846,6,62721611-be02-4151-883b-83d394161d97,None,None,8,1142,9,[],None,None
EXPLOIT_VULN,11805.191617062534,11809.066084312954,3.8744672504199116,6,62721611-be02-4151-883b-83d394161d97,None,None,8,1143,9,[],None,None
EXPLOIT_VULN,11809.066084312954,11815.353098621372,6.287014308418293,6,62721611-be02-4151-883b-83d394161d97,None,None,8,1144,9,[],None,None
EXPLOIT_VULN,11815.353098621372,11829.008236811515,13.65513819014268,6,62721611-be02-4151-883b-83d394161d97,None,None,8,1145,9,[],None,None
EXPLOIT_VULN,11829.008236811515,11834.339647591052,5.331410779537691,6,62721611-be02-4151-883b-83d394161d97,None,None,8,1146,9,[],None,None
EXPLOIT_VULN,11834.339647591052,11839.13006708721,4.790419496157483,6,62721611-be02-4151-883b-83d394161d97,None,None,8,1147,9,[],None,None
EXPLOIT_VULN,11839.13006708721,11855.903504963331,16.773437876121534,6,62721611-be02-4151-883b-83d394161d97,None,None,8,1148,9,[],None,None
EXPLOIT_VULN,11855.903504963331,11862.61769791719,6.71419295385931,6,62721611-be02-4151-883b-83d394161d97,None,None,8,1149,9,[],None,None
EXPLOIT_VULN,11862.61769791719,11870.862285758452,8.244587841261819,6,62721611-be02-4151-883b-83d394161d97,None,None,8,1150,9,[],None,None
EXPLOIT_VULN,11870.862285758452,11877.908303904955,7.04601814650232,6,62721611-be02-4151-883b-83d394161d97,None,None,8,1151,9,[],None,None
EXPLOIT_VULN,11877.908303904955,11884.623964456929,6.715660551973997,6,62721611-be02-4151-883b-83d394161d97,None,None,8,1152,9,[],None,None
EXPLOIT_VULN,11884.623964456929,11891.758228851217,7.134264394288039,6,62721611-be02-4151-883b-83d394161d97,None,None,8,1153,9,[],None,None
EXPLOIT_VULN,11891.758228851217,11895.507181793104,3.7489529418871825,6,62721611-be02-4151-883b-83d394161d97,None,None,8,1154,9,[],application,ServiceDiversity
SCAN_PORT,11915.828484184916,11940.828484184916,25.0,6,62721611-be02-4151-883b-83d394161d97,None,None,8,1154,9,[],None,None
EXPLOIT_VULN,11940.828484184916,11941.617792035224,0.789307850307523,6,62721611-be02-4151-883b-83d394161d97,None,None,8,1154,9,[],None,None
EXPLOIT_VULN,11941.617792035224,11943.783420556436,2.1656285212120565,6,62721611-be02-4151-883b-83d394161d97,None,None,8,1155,9,[],None,None
EXPLOIT_VULN,11943.783420556436,11945.4055935132,1.6221729567641887,6,62721611-be02-4151-883b-83d394161d97,None,None,8,1156,9,[],None,None
EXPLOIT_VULN,11945.4055935132,11945.593293897926,0.18770038472575834,6,62721611-be02-4151-883b-83d394161d97,None,None,8,1157,9,[],None,None
EXPLOIT_VULN,11945.593293897926,11947.222932635037,1.629638737111236,6,62721611-be02-4151-883b-83d394161d97,None,None,8,1158,9,[],None,None
EXPLOIT_VULN,11947.222932635037,11952.850637326232,5.6277046911945945,6,62721611-be02-4151-883b-83d394161d97,None,None,8,1159,9,[],None,None
EXPLOIT_VULN,11952.850637326232,11955.735283501255,2.8846461750235903,6,62721611-be02-4151-883b-83d394161d97,None,None,8,1160,9,[],None,None
EXPLOIT_VULN,11955.735283501255,11965.134861567318,9.399578066062531,6,62721611-be02-4151-883b-83d394161d97,None,None,8,1161,9,[],None,None
EXPLOIT_VULN,11965.134861567318,11972.91635694654,7.781495379222179,6,62721611-be02-4151-883b-83d394161d97,None,None,8,1162,9,[],None,None
EXPLOIT_VULN,11972.91635694654,11973.61400478218,0.6976478356391453,6,62721611-be02-4151-883b-83d394161d97,None,None,8,1163,9,[],None,None
EXPLOIT_VULN,11973.61400478218,11977.030380143013,3.4163753608336265,6,62721611-be02-4151-883b-83d394161d97,None,None,8,1164,9,[],None,None
EXPLOIT_VULN,11977.030380143013,11981.5411652267,4.510785083686642,6,62721611-be02-4151-883b-83d394161d97,None,None,8,1165,9,[],None,None
EXPLOIT_VULN,11981.5411652267,11994.307036492813,12.765871266114118,6,62721611-be02-4151-883b-83d394161d97,None,None,8,1166,9,[],None,None
EXPLOIT_VULN,11994.307036492813,12004.36035138778,10.053314894967116,6,62721611-be02-4151-883b-83d394161d97,None,None,8,1167,9,[],None,None
EXPLOIT_VULN,12004.36035138778,12010.769515779673,6.409164391892773,6,62721611-be02-4151-883b-83d394161d97,None,None,8,1168,9,[],None,None
EXPLOIT_VULN,12010.769515779673,12017.209883863145,6.440368083471185,6,62721611-be02-4151-883b-83d394161d97,None,None,8,1169,9,[],None,None
EXPLOIT_VULN,12017.209883863145,12024.153226166985,6.943342303840836,6,62721611-be02-4151-883b-83d394161d97,None,None,8,1170,9,[],None,None
EXPLOIT_VULN,12024.153226166985,12028.792989398162,4.639763231176403,6,62721611-be02-4151-883b-83d394161d97,None,None,8,1171,9,[],None,None
EXPLOIT_VULN,12028.792989398162,12036.994209829229,8.201220431066758,6,62721611-be02-4151-883b-83d394161d97,None,None,8,1172,9,[],None,None
EXPLOIT_VULN,12036.994209829229,12043.815756740049,6.821546910819961,6,62721611-be02-4151-883b-83d394161d97,None,None,8,1173,9,[],None,None
EXPLOIT_VULN,12043.815756740049,12051.45307399921,7.6373172591611365,6,62721611-be02-4151-883b-83d394161d97,None,None,8,1174,9,[],None,None
EXPLOIT_VULN,12051.45307399921,12054.325410885416,2.87233688620654,6,62721611-be02-4151-883b-83d394161d97,None,None,8,1175,9,[],None,None
EXPLOIT_VULN,12054.325410885416,12072.933414450627,18.60800356521031,6,62721611-be02-4151-883b-83d394161d97,None,None,8,1176,9,[],None,None
EXPLOIT_VULN,12072.933414450627,12080.916510957326,7.9830965066994395,6,62721611-be02-4151-883b-83d394161d97,None,None,8,1177,9,[],None,None
EXPLOIT_VULN,12080.916510957326,12086.55297374351,5.6364627861839836,6,62721611-be02-4151-883b-83d394161d97,None,None,8,1178,9,[],None,None
EXPLOIT_VULN,12086.55297374351,12093.149528353377,6.596554609866871,6,62721611-be02-4151-883b-83d394161d97,None,None,8,1179,9,[],None,None
EXPLOIT_VULN,12093.149528353377,12110.47180226133,17.322273907953786,6,62721611-be02-4151-883b-83d394161d97,None,None,8,1180,9,[],None,None
EXPLOIT_VULN,12110.47180226133,12130.122941421147,19.65113915981601,6,62721611-be02-4151-883b-83d394161d97,None,None,8,1181,9,[],None,None
EXPLOIT_VULN,12130.122941421147,12135.529314158728,5.406372737581478,6,62721611-be02-4151-883b-83d394161d97,None,None,8,1182,9,[],None,None
EXPLOIT_VULN,12135.529314158728,12137.273202970546,1.7438888118176692,6,62721611-be02-4151-883b-83d394161d97,None,None,8,1183,9,[],network,CompleteTopologyShuffle
SCAN_HOST,12157.796480275003,12162.796480275003,5.0,-1,-1,None,None,0,1183,9,[],None,None
ENUM_HOST,12162.796480275003,12167.796480275003,5.0,-1,-1,None,None,0,1183,9,[],None,None
SCAN_PORT,12167.796480275003,12192.796480275003,25.0,8,024a49ed-aa41-48c9-86e9-79d40e6b5fd2,None,None,4,1183,9,[],None,None
EXPLOIT_VULN,12192.796480275003,12193.714538312322,0.9180580373194971,8,024a49ed-aa41-48c9-86e9-79d40e6b5fd2,None,None,4,1183,9,[],None,None
EXPLOIT_VULN,12193.714538312322,12195.511936681916,1.7973983695937932,8,024a49ed-aa41-48c9-86e9-79d40e6b5fd2,None,None,4,1184,9,[],None,None
EXPLOIT_VULN,12195.511936681916,12205.625081600456,10.113144918539547,8,024a49ed-aa41-48c9-86e9-79d40e6b5fd2,None,None,4,1185,9,[],None,None
EXPLOIT_VULN,12205.625081600456,12210.64592352094,5.0208419204845995,8,024a49ed-aa41-48c9-86e9-79d40e6b5fd2,None,None,4,1186,9,[],None,None
EXPLOIT_VULN,12210.64592352094,12217.101378266303,6.455454745362658,8,024a49ed-aa41-48c9-86e9-79d40e6b5fd2,None,None,4,1187,9,[],None,None
EXPLOIT_VULN,12217.101378266303,12221.760479489563,4.6591012232602225,8,024a49ed-aa41-48c9-86e9-79d40e6b5fd2,None,None,4,1188,9,[],None,None
EXPLOIT_VULN,12221.760479489563,12224.14484943643,2.384369946867082,8,024a49ed-aa41-48c9-86e9-79d40e6b5fd2,None,None,4,1189,9,[],None,None
EXPLOIT_VULN,12224.14484943643,12231.758736381891,7.613886945460763,8,024a49ed-aa41-48c9-86e9-79d40e6b5fd2,None,None,4,1190,9,[],None,None
EXPLOIT_VULN,12231.758736381891,12249.38650316714,17.62776678524824,8,024a49ed-aa41-48c9-86e9-79d40e6b5fd2,None,None,4,1191,9,[],None,None
EXPLOIT_VULN,12249.38650316714,12257.300351718573,7.913848551434057,8,024a49ed-aa41-48c9-86e9-79d40e6b5fd2,None,None,4,1192,9,[],None,None
EXPLOIT_VULN,12257.300351718573,12264.422574613653,7.122222895079176,8,024a49ed-aa41-48c9-86e9-79d40e6b5fd2,None,None,4,1193,9,[],None,None
EXPLOIT_VULN,12264.422574613653,12273.22450637457,8.801931760917796,8,024a49ed-aa41-48c9-86e9-79d40e6b5fd2,None,None,4,1194,9,[],None,None
EXPLOIT_VULN,12273.22450637457,12282.396748710189,9.172242335618648,8,024a49ed-aa41-48c9-86e9-79d40e6b5fd2,None,None,4,1195,9,[],None,None
EXPLOIT_VULN,12282.396748710189,12285.782326600736,3.3855778905472107,8,024a49ed-aa41-48c9-86e9-79d40e6b5fd2,None,None,4,1196,9,[],None,None
EXPLOIT_VULN,12285.782326600736,12288.244178528923,2.461851928186661,8,024a49ed-aa41-48c9-86e9-79d40e6b5fd2,None,None,4,1197,9,[],None,None
EXPLOIT_VULN,12288.244178528923,12289.221652056429,0.9774735275059356,8,024a49ed-aa41-48c9-86e9-79d40e6b5fd2,None,None,4,1198,9,[],None,None
EXPLOIT_VULN,12289.221652056429,12297.854666051617,8.633013995187866,8,024a49ed-aa41-48c9-86e9-79d40e6b5fd2,None,None,4,1199,9,[],None,None
BRUTE_FORCE,12297.854666051617,12317.854666051617,20.0,8,024a49ed-aa41-48c9-86e9-79d40e6b5fd2,None,None,4,1200,9,[],None,None
ENUM_HOST,12317.854666051617,12322.854666051617,5.0,8,024a49ed-aa41-48c9-86e9-79d40e6b5fd2,None,None,4,1200,9,[],None,None
SCAN_PORT,12322.854666051617,12328.503999919229,5.649333867611858,6,62721611-be02-4151-883b-83d394161d97,None,None,9,1200,9,[],network,IPShuffle
SCAN_HOST,12348.950027281882,12353.950027281882,5.0,-1,-1,None,None,0,1200,9,[],None,None
ENUM_HOST,12353.950027281882,12358.950027281882,5.0,-1,-1,None,None,0,1200,9,[],None,None
SCAN_PORT,12358.950027281882,12383.950027281882,25.0,6,62721611-be02-4151-883b-83d394161d97,None,None,10,1200,9,[],None,None
EXPLOIT_VULN,12383.950027281882,12384.535271832752,0.585244550869902,6,62721611-be02-4151-883b-83d394161d97,None,None,10,1200,9,[],None,None
EXPLOIT_VULN,12384.535271832752,12386.654201156392,2.118929323640259,6,62721611-be02-4151-883b-83d394161d97,None,None,10,1201,9,[],None,None
EXPLOIT_VULN,12386.654201156392,12394.996882347183,8.342681190790245,6,62721611-be02-4151-883b-83d394161d97,None,None,10,1202,9,[],None,None
EXPLOIT_VULN,12394.996882347183,12399.17903377924,4.182151432058163,6,62721611-be02-4151-883b-83d394161d97,None,None,10,1203,9,[],None,None
EXPLOIT_VULN,12399.17903377924,12404.265117761082,5.086083981841512,6,62721611-be02-4151-883b-83d394161d97,None,None,10,1204,9,[],None,None
EXPLOIT_VULN,12404.265117761082,12411.31552606281,7.050408301727657,6,62721611-be02-4151-883b-83d394161d97,None,None,10,1205,9,[],None,None
EXPLOIT_VULN,12411.31552606281,12418.362310917326,7.046784854515863,6,62721611-be02-4151-883b-83d394161d97,None,None,10,1206,9,[],None,None
EXPLOIT_VULN,12418.362310917326,12421.934339168658,3.5720282513320853,6,62721611-be02-4151-883b-83d394161d97,None,None,10,1207,9,[],None,None
EXPLOIT_VULN,12421.934339168658,12428.546660514558,6.612321345899545,6,62721611-be02-4151-883b-83d394161d97,None,None,10,1208,9,[],None,None
EXPLOIT_VULN,12428.546660514558,12431.446156314087,2.899495799529177,6,62721611-be02-4151-883b-83d394161d97,None,None,10,1209,9,[],None,None
EXPLOIT_VULN,12431.446156314087,12453.182588473868,21.736432159781543,6,62721611-be02-4151-883b-83d394161d97,None,None,10,1210,9,[],None,None
EXPLOIT_VULN,12453.182588473868,12461.099263471713,7.916674997844893,6,62721611-be02-4151-883b-83d394161d97,None,None,10,1211,9,[],None,None
EXPLOIT_VULN,12461.099263471713,12469.384770985045,8.28550751333205,6,62721611-be02-4151-883b-83d394161d97,None,None,10,1212,9,[],None,None
EXPLOIT_VULN,12469.384770985045,12476.258065117405,6.873294132359661,6,62721611-be02-4151-883b-83d394161d97,None,None,10,1213,9,[],None,None
EXPLOIT_VULN,12476.258065117405,12483.978238548114,7.72017343070911,6,62721611-be02-4151-883b-83d394161d97,None,None,10,1214,9,[],None,None
EXPLOIT_VULN,12483.978238548114,12501.204495307882,17.226256759768148,6,62721611-be02-4151-883b-83d394161d97,None,None,10,1215,9,[],None,None
EXPLOIT_VULN,12501.204495307882,12508.233919896495,7.029424588612528,6,62721611-be02-4151-883b-83d394161d97,None,None,10,1216,9,[],None,None
EXPLOIT_VULN,12508.233919896495,12509.949952818075,1.7160329215803358,6,62721611-be02-4151-883b-83d394161d97,None,None,10,1217,9,[],application,OSDiversity
SCAN_PORT,12530.566275491636,12555.566275491636,25.0,6,62721611-be02-4151-883b-83d394161d97,None,None,10,1217,9,[],None,None
EXPLOIT_VULN,12555.566275491636,12556.20698847594,0.6407129843046278,6,62721611-be02-4151-883b-83d394161d97,None,None,10,1217,9,[],None,None
EXPLOIT_VULN,12556.20698847594,12556.362266765154,0.15527828921403852,6,62721611-be02-4151-883b-83d394161d97,None,None,10,1218,9,[],None,None
EXPLOIT_VULN,12556.362266765154,12557.975364592923,1.6130978277687973,6,62721611-be02-4151-883b-83d394161d97,None,None,10,1219,9,[],None,None
EXPLOIT_VULN,12557.975364592923,12560.590785925768,2.615421332844562,6,62721611-be02-4151-883b-83d394161d97,None,None,10,1220,9,[],None,None
EXPLOIT_VULN,12560.590785925768,12561.43120833232,0.8404224065525341,6,62721611-be02-4151-883b-83d394161d97,None,None,10,1221,9,[],None,None
EXPLOIT_VULN,12561.43120833232,12566.40124982001,4.970041487689741,6,62721611-be02-4151-883b-83d394161d97,None,None,10,1222,9,[],None,None
EXPLOIT_VULN,12566.40124982001,12568.41197685944,2.0107270394291845,6,62721611-be02-4151-883b-83d394161d97,None,None,10,1223,9,[],None,None
EXPLOIT_VULN,12568.41197685944,12569.52217917128,1.110202311840112,6,62721611-be02-4151-883b-83d394161d97,None,None,10,1224,9,[],None,None
EXPLOIT_VULN,12569.52217917128,12575.540144854513,6.017965683233342,6,62721611-be02-4151-883b-83d394161d97,None,None,10,1225,9,[],None,None
EXPLOIT_VULN,12575.540144854513,12576.344085549821,0.8039406953084836,6,62721611-be02-4151-883b-83d394161d97,None,None,10,1226,9,[],None,None
EXPLOIT_VULN,12576.344085549821,12586.016038429485,9.671952879663877,6,62721611-be02-4151-883b-83d394161d97,None,None,10,1227,9,[],None,None
EXPLOIT_VULN,12586.016038429485,12588.482346978766,2.466308549281166,6,62721611-be02-4151-883b-83d394161d97,None,None,10,1228,9,[],None,None
EXPLOIT_VULN,12588.482346978766,12590.41207414449,1.9297271657233068,6,62721611-be02-4151-883b-83d394161d97,None,None,10,1229,9,[],None,None
EXPLOIT_VULN,12590.41207414449,12592.299955611858,1.8878814673680608,6,62721611-be02-4151-883b-83d394161d97,None,None,10,1230,9,[],None,None
EXPLOIT_VULN,12592.299955611858,12595.508045387272,3.208089775414919,6,62721611-be02-4151-883b-83d394161d97,None,None,10,1231,9,[],None,None
EXPLOIT_VULN,12595.508045387272,12599.22603600878,3.7179906215078518,6,62721611-be02-4151-883b-83d394161d97,None,None,10,1232,9,[],None,None
EXPLOIT_VULN,12599.22603600878,12603.50213280122,4.276096792440512,6,62721611-be02-4151-883b-83d394161d97,None,None,10,1233,9,[],None,None
EXPLOIT_VULN,12603.50213280122,12616.108591835007,12.60645903378645,6,62721611-be02-4151-883b-83d394161d97,None,None,10,1234,9,[],None,None
EXPLOIT_VULN,12616.108591835007,12620.637861587104,4.5292697520962975,6,62721611-be02-4151-883b-83d394161d97,None,None,10,1235,9,[],None,None
EXPLOIT_VULN,12620.637861587104,12630.527303586818,9.889441999714109,6,62721611-be02-4151-883b-83d394161d97,None,None,10,1236,9,[],None,None
EXPLOIT_VULN,12630.527303586818,12632.853012989275,2.3257094024575053,6,62721611-be02-4151-883b-83d394161d97,None,None,10,1237,9,[],None,None
EXPLOIT_VULN,12632.853012989275,12647.513612169289,14.660599180013378,6,62721611-be02-4151-883b-83d394161d97,None,None,10,1238,9,[],None,None
EXPLOIT_VULN,12647.513612169289,12654.095784559375,6.582172390086271,6,62721611-be02-4151-883b-83d394161d97,None,None,10,1239,9,[],None,None
EXPLOIT_VULN,12654.095784559375,12662.962152614666,8.866368055290877,6,62721611-be02-4151-883b-83d394161d97,None,None,10,1240,9,[],None,None
EXPLOIT_VULN,12662.962152614666,12675.463653569894,12.501500955228039,6,62721611-be02-4151-883b-83d394161d97,None,None,10,1241,9,[],None,None
EXPLOIT_VULN,12675.463653569894,12683.502559998311,8.03890642841725,6,62721611-be02-4151-883b-83d394161d97,None,None,10,1242,9,[],None,None
EXPLOIT_VULN,12683.502559998311,12689.88522285298,6.382662854668524,6,62721611-be02-4151-883b-83d394161d97,None,None,10,1243,9,[],None,None
EXPLOIT_VULN,12689.88522285298,12695.575671868544,5.690449015564809,6,62721611-be02-4151-883b-83d394161d97,None,None,10,1244,9,[],None,None
EXPLOIT_VULN,12695.575671868544,12700.742202591091,5.166530722546668,6,62721611-be02-4151-883b-83d394161d97,None,None,10,1245,9,[],application,ServiceDiversity
SCAN_PORT,12720.894030818208,12745.894030818208,25.0,6,62721611-be02-4151-883b-83d394161d97,None,None,10,1245,9,[],None,None
EXPLOIT_VULN,12745.894030818208,12746.94998983298,1.0559590147713607,6,62721611-be02-4151-883b-83d394161d97,None,None,10,1245,9,[],None,None
EXPLOIT_VULN,12746.94998983298,12747.929935389628,0.9799455566480901,6,62721611-be02-4151-883b-83d394161d97,None,None,10,1246,9,[],None,None
EXPLOIT_VULN,12747.929935389628,12749.409336946968,1.4794015573406796,6,62721611-be02-4151-883b-83d394161d97,None,None,10,1247,9,[],None,None
EXPLOIT_VULN,12749.409336946968,12750.660547216672,1.2512102697037335,6,62721611-be02-4151-883b-83d394161d97,None,None,10,1248,9,[],None,None
EXPLOIT_VULN,12750.660547216672,12751.711479230891,1.0509320142191427,6,62721611-be02-4151-883b-83d394161d97,None,None,10,1249,9,[],None,None
EXPLOIT_VULN,12751.711479230891,12756.397080411345,4.685601180453887,6,62721611-be02-4151-883b-83d394161d97,None,None,10,1250,9,[],None,None
EXPLOIT_VULN,12756.397080411345,12759.088398274935,2.6913178635895747,6,62721611-be02-4151-883b-83d394161d97,None,None,10,1251,9,[],None,None
EXPLOIT_VULN,12759.088398274935,12761.478084177335,2.3896859024007426,6,62721611-be02-4151-883b-83d394161d97,None,None,10,1252,9,[],None,None
EXPLOIT_VULN,12761.478084177335,12768.544473033813,7.066388856477715,6,62721611-be02-4151-883b-83d394161d97,None,None,10,1253,9,[],None,None
EXPLOIT_VULN,12768.544473033813,12771.241958779068,2.6974857452551078,6,62721611-be02-4151-883b-83d394161d97,None,None,10,1254,9,[],None,None
EXPLOIT_VULN,12771.241958779068,12773.778212968464,2.5362541893955495,6,62721611-be02-4151-883b-83d394161d97,None,None,10,1255,9,[],None,None
EXPLOIT_VULN,12773.778212968464,12777.591731752746,3.8135187842817686,6,62721611-be02-4151-883b-83d394161d97,None,None,10,1256,9,[],None,None
EXPLOIT_VULN,12777.591731752746,12781.413599276624,3.821867523878609,6,62721611-be02-4151-883b-83d394161d97,None,None,10,1257,9,[],None,None
EXPLOIT_VULN,12781.413599276624,12785.361493502094,3.9478942254700087,6,62721611-be02-4151-883b-83d394161d97,None,None,10,1258,9,[],None,None
EXPLOIT_VULN,12785.361493502094,12788.192345446849,2.830851944754613,6,62721611-be02-4151-883b-83d394161d97,None,None,10,1259,9,[],None,None
EXPLOIT_VULN,12788.192345446849,12793.765450347864,5.57310490101554,6,62721611-be02-4151-883b-83d394161d97,None,None,10,1260,9,[],None,None
EXPLOIT_VULN,12793.765450347864,12802.038419385719,8.272969037854637,6,62721611-be02-4151-883b-83d394161d97,None,None,10,1261,9,[],None,None
EXPLOIT_VULN,12802.038419385719,12805.257613891321,3.2191945056019904,6,62721611-be02-4151-883b-83d394161d97,None,None,10,1262,9,[],None,None
EXPLOIT_VULN,12805.257613891321,12810.794096653164,5.536482761843217,6,62721611-be02-4151-883b-83d394161d97,None,None,10,1263,9,[],None,None
EXPLOIT_VULN,12810.794096653164,12815.916665327575,5.1225686744110135,6,62721611-be02-4151-883b-83d394161d97,None,None,10,1264,9,[],None,None
EXPLOIT_VULN,12815.916665327575,12820.301433514629,4.384768187053851,6,62721611-be02-4151-883b-83d394161d97,None,None,10,1265,9,[],None,None
EXPLOIT_VULN,12820.301433514629,12823.815453044454,3.514019529824509,6,62721611-be02-4151-883b-83d394161d97,None,None,10,1266,9,[],None,None
EXPLOIT_VULN,12823.815453044454,12829.868125208264,6.052672163810712,6,62721611-be02-4151-883b-83d394161d97,None,None,10,1267,9,[],None,None
EXPLOIT_VULN,12829.868125208264,12838.895382638684,9.027257430419922,6,62721611-be02-4151-883b-83d394161d97,None,None,10,1268,9,[],None,None
EXPLOIT_VULN,12838.895382638684,12845.051266965735,6.155884327050444,6,62721611-be02-4151-883b-83d394161d97,None,None,10,1269,9,[],None,None
EXPLOIT_VULN,12845.051266965735,12853.555839193912,8.504572228177494,6,62721611-be02-4151-883b-83d394161d97,None,None,10,1270,9,[],None,None
EXPLOIT_VULN,12853.555839193912,12859.375299178988,5.8194599850758095,6,62721611-be02-4151-883b-83d394161d97,None,None,10,1271,9,[],None,None
EXPLOIT_VULN,12859.375299178988,12875.486768557363,16.11146937837475,6,62721611-be02-4151-883b-83d394161d97,None,None,10,1272,9,[],None,None
EXPLOIT_VULN,12875.486768557363,12887.001632887155,11.514864329792545,6,62721611-be02-4151-883b-83d394161d97,None,None,10,1273,9,[],None,None
EXPLOIT_VULN,12887.001632887155,12889.099002289933,2.0973694027779857,6,62721611-be02-4151-883b-83d394161d97,None,None,10,1274,9,[],None,None
EXPLOIT_VULN,12889.099002289933,12904.139346878346,15.040344588413063,6,62721611-be02-4151-883b-83d394161d97,None,None,10,1275,9,[],None,None
EXPLOIT_VULN,12904.139346878346,12912.00947845154,7.870131573194158,6,62721611-be02-4151-883b-83d394161d97,None,None,10,1276,9,[],None,None
EXPLOIT_VULN,12912.00947845154,12919.950193120676,7.940714669135559,6,62721611-be02-4151-883b-83d394161d97,None,None,10,1277,9,[],None,None
EXPLOIT_VULN,12919.950193120676,12940.478916756545,20.528723635869028,6,62721611-be02-4151-883b-83d394161d97,None,None,10,1278,9,[],network,CompleteTopologyShuffle
SCAN_HOST,12960.624938100043,12965.624938100043,5.0,-1,-1,None,None,0,1278,9,[],None,None
ENUM_HOST,12965.624938100043,12970.624938100043,5.0,-1,-1,None,None,0,1278,9,[],None,None
SCAN_PORT,12970.624938100043,12995.624938100043,25.0,16,5e0c6288-6ce0-49e3-8e0e-a9f8a7238ebf,None,None,4,1278,9,[],None,None
EXPLOIT_VULN,12995.624938100043,13006.284412286874,10.659474186830266,16,5e0c6288-6ce0-49e3-8e0e-a9f8a7238ebf,None,None,4,1278,9,[],None,None
EXPLOIT_VULN,13006.284412286874,13015.677395690876,9.392983404002734,16,5e0c6288-6ce0-49e3-8e0e-a9f8a7238ebf,None,None,4,1279,9,[],None,None
EXPLOIT_VULN,13015.677395690876,13022.897572290765,7.220176599888873,16,5e0c6288-6ce0-49e3-8e0e-a9f8a7238ebf,None,None,4,1280,9,[],None,None
EXPLOIT_VULN,13022.897572290765,13026.369966346214,3.4723940554486035,16,5e0c6288-6ce0-49e3-8e0e-a9f8a7238ebf,None,None,4,1281,9,[],None,None
BRUTE_FORCE,13026.369966346214,13046.369966346214,20.0,16,5e0c6288-6ce0-49e3-8e0e-a9f8a7238ebf,None,None,4,1282,9,[],None,None
ENUM_HOST,13046.369966346214,13051.369966346214,5.0,16,5e0c6288-6ce0-49e3-8e0e-a9f8a7238ebf,None,None,4,1282,9,[],None,None
SCAN_PORT,13051.369966346214,13076.369966346214,25.0,18,0e1965b7-58a3-4660-92a6-422c5c49cf70,None,None,3,1282,9,[],None,None
EXPLOIT_VULN,13076.369966346214,13077.43170503821,1.061738691996652,18,0e1965b7-58a3-4660-92a6-422c5c49cf70,None,None,3,1282,9,[],None,None
EXPLOIT_VULN,13077.43170503821,13079.723130356202,2.291425317991525,18,0e1965b7-58a3-4660-92a6-422c5c49cf70,None,None,3,1283,9,[],None,None
EXPLOIT_VULN,13079.723130356202,13080.963110717477,1.2399803612752294,18,0e1965b7-58a3-4660-92a6-422c5c49cf70,None,None,3,1284,9,[],None,None
EXPLOIT_VULN,13080.963110717477,13082.815359662352,1.8522489448751003,18,0e1965b7-58a3-4660-92a6-422c5c49cf70,None,None,3,1285,9,[],None,None
EXPLOIT_VULN,13082.815359662352,13087.17755875905,4.362199096696713,18,0e1965b7-58a3-4660-92a6-422c5c49cf70,None,None,3,1286,9,[],None,None
EXPLOIT_VULN,13087.17755875905,13091.904658503167,4.727099744117368,18,0e1965b7-58a3-4660-92a6-422c5c49cf70,None,None,3,1287,9,[],None,None
EXPLOIT_VULN,13091.904658503167,13094.218358652994,2.3137001498271275,18,0e1965b7-58a3-4660-92a6-422c5c49cf70,None,None,3,1288,9,[],None,None
EXPLOIT_VULN,13094.218358652994,13099.897367371997,5.679008719003832,18,0e1965b7-58a3-4660-92a6-422c5c49cf70,None,None,3,1289,9,[],None,None
EXPLOIT_VULN,13099.897367371997,13105.098713689327,5.201346317329808,18,0e1965b7-58a3-4660-92a6-422c5c49cf70,None,None,3,1290,9,[],None,None
EXPLOIT_VULN,13105.098713689327,13122.458495408297,17.359781718969316,18,0e1965b7-58a3-4660-92a6-422c5c49cf70,None,None,3,1291,9,[],None,None
EXPLOIT_VULN,13122.458495408297,13131.080187992988,8.621692584691118,18,0e1965b7-58a3-4660-92a6-422c5c49cf70,None,None,3,1292,9,[],network,IPShuffle
SCAN_HOST,13151.30732469353,13156.30732469353,5.0,-1,-1,None,None,0,1292,9,[],None,None
ENUM_HOST,13156.30732469353,13161.30732469353,5.0,-1,-1,None,None,0,1292,9,[],None,None
SCAN_PORT,13161.30732469353,13186.30732469353,25.0,16,5e0c6288-6ce0-49e3-8e0e-a9f8a7238ebf,None,None,5,1292,9,[],None,None
EXPLOIT_VULN,13186.30732469353,13195.224177852846,8.916853159316815,16,5e0c6288-6ce0-49e3-8e0e-a9f8a7238ebf,None,None,5,1292,9,[],None,None
EXPLOIT_VULN,13195.224177852846,13202.416258558902,7.192080706056004,16,5e0c6288-6ce0-49e3-8e0e-a9f8a7238ebf,None,None,5,1293,9,[],None,None
BRUTE_FORCE,13202.416258558902,13222.416258558902,20.0,16,5e0c6288-6ce0-49e3-8e0e-a9f8a7238ebf,None,None,5,1294,9,[],None,None
ENUM_HOST,13222.416258558902,13227.416258558902,5.0,16,5e0c6288-6ce0-49e3-8e0e-a9f8a7238ebf,None,None,5,1294,9,[],None,None
SCAN_PORT,13227.416258558902,13252.416258558902,25.0,28,ad047b0e-c6c5-4bc8-881f-0593fcffe3e0,None,None,1,1294,9,[],None,None
EXPLOIT_VULN,13252.416258558902,13256.306332209213,3.890073650311024,28,ad047b0e-c6c5-4bc8-881f-0593fcffe3e0,None,None,1,1294,9,[],None,None
EXPLOIT_VULN,13256.306332209213,13257.60389001486,1.2975578056466475,28,ad047b0e-c6c5-4bc8-881f-0593fcffe3e0,None,None,1,1295,9,[],None,None
EXPLOIT_VULN,13257.60389001486,13259.313058118652,1.7091681037927628,28,ad047b0e-c6c5-4bc8-881f-0593fcffe3e0,None,None,1,1296,9,[],None,None
EXPLOIT_VULN,13259.313058118652,13262.377117442733,3.0640593240805174,28,ad047b0e-c6c5-4bc8-881f-0593fcffe3e0,None,None,1,1297,9,[],None,None
EXPLOIT_VULN,13262.377117442733,13266.600238477316,4.223121034583528,28,ad047b0e-c6c5-4bc8-881f-0593fcffe3e0,None,None,1,1298,9,[],None,None
EXPLOIT_VULN,13266.600238477316,13272.500613349153,5.9003748718369025,28,ad047b0e-c6c5-4bc8-881f-0593fcffe3e0,None,None,1,1299,9,[],None,None
EXPLOIT_VULN,13272.500613349153,13275.776141338325,3.275527989171678,28,ad047b0e-c6c5-4bc8-881f-0593fcffe3e0,None,None,1,1300,9,[],None,None
EXPLOIT_VULN,13275.776141338325,13286.234483550317,10.458342211992203,28,ad047b0e-c6c5-4bc8-881f-0593fcffe3e0,None,None,1,1301,9,[],None,None
EXPLOIT_VULN,13286.234483550317,13293.10763179935,6.873148249032965,28,ad047b0e-c6c5-4bc8-881f-0593fcffe3e0,None,None,1,1302,9,[],None,None
EXPLOIT_VULN,13293.10763179935,13298.658276764882,5.550644965531319,28,ad047b0e-c6c5-4bc8-881f-0593fcffe3e0,None,None,1,1303,9,[],None,None
EXPLOIT_VULN,13298.658276764882,13305.21980480034,6.561528035457741,28,ad047b0e-c6c5-4bc8-881f-0593fcffe3e0,None,None,1,1304,9,[],None,None
EXPLOIT_VULN,13305.21980480034,13307.811459584465,2.591654784126149,28,ad047b0e-c6c5-4bc8-881f-0593fcffe3e0,None,None,1,1305,9,[],None,None
EXPLOIT_VULN,13307.811459584465,13311.347187174495,3.535727590029637,28,ad047b0e-c6c5-4bc8-881f-0593fcffe3e0,None,None,1,1306,9,[],application,OSDiversity
SCAN_PORT,13331.763846418877,13356.763846418877,25.0,28,ad047b0e-c6c5-4bc8-881f-0593fcffe3e0,None,None,1,1306,9,[],None,None
EXPLOIT_VULN,13356.763846418877,13357.052074134686,0.2882277158096258,28,ad047b0e-c6c5-4bc8-881f-0593fcffe3e0,None,None,1,1306,9,[],None,None
EXPLOIT_VULN,13357.052074134686,13358.735976125054,1.6839019903673034,28,ad047b0e-c6c5-4bc8-881f-0593fcffe3e0,None,None,1,1307,9,[],None,None
EXPLOIT_VULN,13358.735976125054,13363.66870951341,4.9327333883557,28,ad047b0e-c6c5-4bc8-881f-0593fcffe3e0,None,None,1,1308,9,[],None,None
EXPLOIT_VULN,13363.66870951341,13371.59320686238,7.924497348971272,28,ad047b0e-c6c5-4bc8-881f-0593fcffe3e0,None,None,1,1309,9,[],None,None
EXPLOIT_VULN,13371.59320686238,13373.771634914581,2.1784280522006156,28,ad047b0e-c6c5-4bc8-881f-0593fcffe3e0,None,None,1,1310,9,[],None,None
EXPLOIT_VULN,13373.771634914581,13375.750726526281,1.9790916116999142,28,ad047b0e-c6c5-4bc8-881f-0593fcffe3e0,None,None,1,1311,9,[],None,None
EXPLOIT_VULN,13375.750726526281,13389.807147447387,14.05642092110611,28,ad047b0e-c6c5-4bc8-881f-0593fcffe3e0,None,None,1,1312,9,[],None,None
EXPLOIT_VULN,13389.807147447387,13401.711384852264,11.904237404876767,28,ad047b0e-c6c5-4bc8-881f-0593fcffe3e0,None,None,1,1313,9,[],None,None
EXPLOIT_VULN,13401.711384852264,13414.842888372594,13.131503520329716,28,ad047b0e-c6c5-4bc8-881f-0593fcffe3e0,None,None,1,1314,9,[],None,None
EXPLOIT_VULN,13414.842888372594,13421.817206880853,6.974318508258875,28,ad047b0e-c6c5-4bc8-881f-0593fcffe3e0,None,None,1,1315,9,[],None,None
EXPLOIT_VULN,13421.817206880853,13430.300760744829,8.48355386397634,28,ad047b0e-c6c5-4bc8-881f-0593fcffe3e0,None,None,1,1316,9,[],None,None
EXPLOIT_VULN,13430.300760744829,13447.82505954167,17.52429879684132,28,ad047b0e-c6c5-4bc8-881f-0593fcffe3e0,None,None,1,1317,9,[],None,None
EXPLOIT_VULN,13447.82505954167,13454.992813821244,7.167754279573273,28,ad047b0e-c6c5-4bc8-881f-0593fcffe3e0,None,None,1,1318,9,[],None,None
EXPLOIT_VULN,13454.992813821244,13461.249605151641,6.256791330397391,28,ad047b0e-c6c5-4bc8-881f-0593fcffe3e0,None,None,1,1319,9,[],None,None
EXPLOIT_VULN,13461.249605151641,13467.899435542016,6.649830390375428,28,ad047b0e-c6c5-4bc8-881f-0593fcffe3e0,None,None,1,1320,9,[],None,None
EXPLOIT_VULN,13467.899435542016,13474.43756951771,6.538133975693199,28,ad047b0e-c6c5-4bc8-881f-0593fcffe3e0,None,None,1,1321,9,[],None,None
EXPLOIT_VULN,13474.43756951771,13483.092366708406,8.654797190696627,28,ad047b0e-c6c5-4bc8-881f-0593fcffe3e0,None,None,1,1322,9,[],None,None
EXPLOIT_VULN,13483.092366708406,13487.739122714487,4.646756006080977,28,ad047b0e-c6c5-4bc8-881f-0593fcffe3e0,None,None,1,1323,9,[],None,None
EXPLOIT_VULN,13487.739122714487,13496.481941138305,8.74281842381788,28,ad047b0e-c6c5-4bc8-881f-0593fcffe3e0,28,ad047b0e-c6c5-4bc8-881f-0593fcffe3e0,1,1324,9,"['Susie', 'Emili', 'Samantha']",None,None
SCAN_NEIGHBOR,13496.481941138305,13501.481941138305,5.0,28,ad047b0e-c6c5-4bc8-881f-0593fcffe3e0,None,None,1,1325,10,[],None,None
ENUM_HOST,13501.481941138305,13506.481941138305,5.0,28,ad047b0e-c6c5-4bc8-881f-0593fcffe3e0,None,None,1,1325,10,[],None,None
SCAN_PORT,13506.481941138305,13531.481941138305,25.0,31,8089a952-e12d-45d1-a954-58ff287a9a5f,None,None,1,1325,10,[],None,None
EXPLOIT_VULN,13531.481941138305,13531.873423011919,0.3914818736138841,31,8089a952-e12d-45d1-a954-58ff287a9a5f,None,None,1,1325,10,[],None,None
EXPLOIT_VULN,13531.873423011919,13536.02077229,4.147349278080583,31,8089a952-e12d-45d1-a954-58ff287a9a5f,None,None,1,1326,10,[],None,None
EXPLOIT_VULN,13536.02077229,13541.064327040924,5.043554750924159,31,8089a952-e12d-45d1-a954-58ff287a9a5f,None,None,1,1327,10,[],None,None
EXPLOIT_VULN,13541.064327040924,13547.865285821052,6.800958780127985,31,8089a952-e12d-45d1-a954-58ff287a9a5f,None,None,1,1328,10,[],None,None
EXPLOIT_VULN,13547.865285821052,13556.421322242377,8.556036421325189,31,8089a952-e12d-45d1-a954-58ff287a9a5f,None,None,1,1329,10,[],None,None
EXPLOIT_VULN,13556.421322242377,13563.840495909068,7.419173666690767,31,8089a952-e12d-45d1-a954-58ff287a9a5f,None,None,1,1330,10,[],None,None
BRUTE_FORCE,13563.840495909068,13583.840495909068,20.0,31,8089a952-e12d-45d1-a954-58ff287a9a5f,None,None,1,1331,10,[],None,None
ENUM_HOST,13583.840495909068,13588.840495909068,5.0,31,8089a952-e12d-45d1-a954-58ff287a9a5f,None,None,1,1331,10,[],None,None
SCAN_PORT,13588.840495909068,13613.840495909068,25.0,33,efa10b4d-cbc9-4916-9ba8-a161ec9dd0f4,None,None,1,1331,10,[],None,None
EXPLOIT_VULN,13613.840495909068,13615.129553629902,1.2890577208345348,33,efa10b4d-cbc9-4916-9ba8-a161ec9dd0f4,None,None,1,1331,10,[],None,None
EXPLOIT_VULN,13615.129553629902,13617.041701122982,1.9121474930798286,33,efa10b4d-cbc9-4916-9ba8-a161ec9dd0f4,None,None,1,1332,10,[],None,None
EXPLOIT_VULN,13617.041701122982,13620.543072804216,3.5013716812336497,33,efa10b4d-cbc9-4916-9ba8-a161ec9dd0f4,None,None,1,1333,10,[],None,None
EXPLOIT_VULN,13620.543072804216,13628.218963108546,7.675890304330096,33,efa10b4d-cbc9-4916-9ba8-a161ec9dd0f4,None,None,1,1334,10,[],None,None
EXPLOIT_VULN,13628.218963108546,13631.07076836547,2.8518052569233987,33,efa10b4d-cbc9-4916-9ba8-a161ec9dd0f4,None,None,1,1335,10,[],None,None
EXPLOIT_VULN,13631.07076836547,13636.819633821808,5.748865456338535,33,efa10b4d-cbc9-4916-9ba8-a161ec9dd0f4,None,None,1,1336,10,[],None,None
EXPLOIT_VULN,13636.819633821808,13645.483380151381,8.663746329573769,33,efa10b4d-cbc9-4916-9ba8-a161ec9dd0f4,None,None,1,1337,10,[],None,None
EXPLOIT_VULN,13645.483380151381,13652.39399998106,6.910619829677671,33,efa10b4d-cbc9-4916-9ba8-a161ec9dd0f4,None,None,1,1338,10,[],None,None
EXPLOIT_VULN,13652.39399998106,13654.979066881613,2.5850669005540112,33,efa10b4d-cbc9-4916-9ba8-a161ec9dd0f4,None,None,1,1339,10,[],None,None
BRUTE_FORCE,13654.979066881613,13674.979066881613,20.0,33,efa10b4d-cbc9-4916-9ba8-a161ec9dd0f4,None,None,1,1340,10,[],None,None
ENUM_HOST,13674.979066881613,13679.979066881613,5.0,33,efa10b4d-cbc9-4916-9ba8-a161ec9dd0f4,None,None,1,1340,10,[],None,None
SCAN_PORT,13679.979066881613,13704.979066881613,25.0,35,df67afeb-6f32-4213-a0e8-9b7c3f56a7ab,None,None,1,1340,10,[],None,None
EXPLOIT_VULN,13704.979066881613,13705.431373071138,0.45230618952518853,35,df67afeb-6f32-4213-a0e8-9b7c3f56a7ab,None,None,1,1340,10,[],None,None
EXPLOIT_VULN,13705.431373071138,13706.270068262374,0.8386951912361837,35,df67afeb-6f32-4213-a0e8-9b7c3f56a7ab,None,None,1,1341,10,[],None,None
EXPLOIT_VULN,13706.270068262374,13710.287175034946,4.017106772571424,35,df67afeb-6f32-4213-a0e8-9b7c3f56a7ab,None,None,1,1342,10,[],None,None
EXPLOIT_VULN,13710.287175034946,13718.086232715264,7.799057680318583,35,df67afeb-6f32-4213-a0e8-9b7c3f56a7ab,None,None,1,1343,10,[],None,None
EXPLOIT_VULN,13718.086232715264,13724.509147674358,6.4229149590937595,35,df67afeb-6f32-4213-a0e8-9b7c3f56a7ab,None,None,1,1344,10,[],None,None
EXPLOIT_VULN,13724.509147674358,13725.332787034677,0.8236393603183387,35,df67afeb-6f32-4213-a0e8-9b7c3f56a7ab,None,None,1,1345,10,[],None,None
BRUTE_FORCE,13725.332787034677,13742.453157915357,17.12037088068064,35,df67afeb-6f32-4213-a0e8-9b7c3f56a7ab,None,None,1,1346,10,[],network,CompleteTopologyShuffle
SCAN_HOST,13764.272365647714,13769.272365647714,5.0,-1,-1,None,None,0,1346,10,[],None,None
ENUM_HOST,13769.272365647714,13774.272365647714,5.0,-1,-1,None,None,0,1346,10,[],None,None
SCAN_PORT,13774.272365647714,13799.272365647714,25.0,5,a47f754e-28a2-442b-ac11-33ff7dc1ad7f,None,None,8,1346,10,[],None,None
EXPLOIT_VULN,13799.272365647714,13800.01143088929,0.7390652415760997,5,a47f754e-28a2-442b-ac11-33ff7dc1ad7f,None,None,8,1346,10,[],None,None
EXPLOIT_VULN,13800.01143088929,13800.181230668217,0.16979977892697207,5,a47f754e-28a2-442b-ac11-33ff7dc1ad7f,None,None,8,1347,10,[],None,None
EXPLOIT_VULN,13800.181230668217,13801.205620225548,1.024389557331233,5,a47f754e-28a2-442b-ac11-33ff7dc1ad7f,None,None,8,1348,10,[],None,None
EXPLOIT_VULN,13801.205620225548,13802.42579860758,1.2201783820328274,5,a47f754e-28a2-442b-ac11-33ff7dc1ad7f,None,None,8,1349,10,[],None,None
EXPLOIT_VULN,13802.42579860758,13806.001229633373,3.575431025792568,5,a47f754e-28a2-442b-ac11-33ff7dc1ad7f,None,None,8,1350,10,[],None,None
EXPLOIT_VULN,13806.001229633373,13809.84775045254,3.8465208191664715,5,a47f754e-28a2-442b-ac11-33ff7dc1ad7f,None,None,8,1351,10,[],None,None
EXPLOIT_VULN,13809.84775045254,13813.159569865282,3.3118194127418974,5,a47f754e-28a2-442b-ac11-33ff7dc1ad7f,None,None,8,1352,10,[],None,None
EXPLOIT_VULN,13813.159569865282,13819.1647959946,6.005226129318544,5,a47f754e-28a2-442b-ac11-33ff7dc1ad7f,None,None,8,1353,10,[],None,None
EXPLOIT_VULN,13819.1647959946,13823.96002723035,4.79523123575018,5,a47f754e-28a2-442b-ac11-33ff7dc1ad7f,None,None,8,1354,10,[],None,None
EXPLOIT_VULN,13823.96002723035,13828.407753855168,4.447726624817733,5,a47f754e-28a2-442b-ac11-33ff7dc1ad7f,None,None,8,1355,10,[],None,None
EXPLOIT_VULN,13828.407753855168,13831.702158356626,3.294404501457393,5,a47f754e-28a2-442b-ac11-33ff7dc1ad7f,None,None,8,1356,10,[],None,None
EXPLOIT_VULN,13831.702158356626,13849.581362761357,17.879204404731354,5,a47f754e-28a2-442b-ac11-33ff7dc1ad7f,None,None,8,1357,10,[],None,None
EXPLOIT_VULN,13849.581362761357,13856.194744710905,6.613381949548057,5,a47f754e-28a2-442b-ac11-33ff7dc1ad7f,None,None,8,1358,10,[],None,None
EXPLOIT_VULN,13856.194744710905,13864.790608005635,8.595863294729497,5,a47f754e-28a2-442b-ac11-33ff7dc1ad7f,None,None,8,1359,10,[],None,None
EXPLOIT_VULN,13864.790608005635,13886.14885292052,21.35824491488529,5,a47f754e-28a2-442b-ac11-33ff7dc1ad7f,None,None,8,1360,10,[],None,None
EXPLOIT_VULN,13886.14885292052,13908.775654865514,22.62680194499444,5,a47f754e-28a2-442b-ac11-33ff7dc1ad7f,None,None,8,1361,10,[],None,None
EXPLOIT_VULN,13908.775654865514,13915.43283372275,6.657178857236431,5,a47f754e-28a2-442b-ac11-33ff7dc1ad7f,None,None,8,1362,10,[],None,None
EXPLOIT_VULN,13915.43283372275,13930.684835174674,15.252001451923206,5,a47f754e-28a2-442b-ac11-33ff7dc1ad7f,None,None,8,1363,10,[],None,None
EXPLOIT_VULN,13930.684835174674,13931.64504105095,0.9602058762757224,5,a47f754e-28a2-442b-ac11-33ff7dc1ad7f,None,None,8,1364,10,[],network,IPShuffle
SCAN_HOST,13953.088653839613,13958.088653839613,5.0,-1,-1,None,None,0,1364,10,[],None,None
ENUM_HOST,13958.088653839613,13963.088653839613,5.0,-1,-1,None,None,0,1364,10,[],None,None
SCAN_PORT,13963.088653839613,13988.088653839613,25.0,15,0c4aa51a-0b8c-4175-b9e6-46cfe860e67b,None,None,5,1364,10,[],None,None
EXPLOIT_VULN,13988.088653839613,13989.149351009788,1.0606971701745351,15,0c4aa51a-0b8c-4175-b9e6-46cfe860e67b,None,None,5,1364,10,[],None,None
EXPLOIT_VULN,13989.149351009788,13989.468632254884,0.31928124509613554,15,0c4aa51a-0b8c-4175-b9e6-46cfe860e67b,None,None,5,1365,10,[],None,None
EXPLOIT_VULN,13989.468632254884,13990.263195378075,0.7945631231905281,15,0c4aa51a-0b8c-4175-b9e6-46cfe860e67b,None,None,5,1366,10,[],None,None
EXPLOIT_VULN,13990.263195378075,13991.595294094399,1.3320987163242535,15,0c4aa51a-0b8c-4175-b9e6-46cfe860e67b,None,None,5,1367,10,[],None,None
EXPLOIT_VULN,13991.595294094399,13994.239345273738,2.6440511793389305,15,0c4aa51a-0b8c-4175-b9e6-46cfe860e67b,None,None,5,1368,10,[],None,None
EXPLOIT_VULN,13994.239345273738,13995.741782907511,1.5024376337732974,15,0c4aa51a-0b8c-4175-b9e6-46cfe860e67b,None,None,5,1369,10,[],None,None
EXPLOIT_VULN,13995.741782907511,13998.080055236756,2.3382723292452283,15,0c4aa51a-0b8c-4175-b9e6-46cfe860e67b,None,None,5,1370,10,[],None,None
EXPLOIT_VULN,13998.080055236756,14003.671620065357,5.5915648286008945,15,0c4aa51a-0b8c-4175-b9e6-46cfe860e67b,None,None,5,1371,10,[],None,None
EXPLOIT_VULN,14003.671620065357,14006.67763525642,3.0060151910620334,15,0c4aa51a-0b8c-4175-b9e6-46cfe860e67b,None,None,5,1372,10,[],None,None
EXPLOIT_VULN,14006.67763525642,14010.361913496998,3.684278240578351,15,0c4aa51a-0b8c-4175-b9e6-46cfe860e67b,None,None,5,1373,10,[],None,None
EXPLOIT_VULN,14010.361913496998,14011.787472715954,1.4255592189565505,15,0c4aa51a-0b8c-4175-b9e6-46cfe860e67b,None,None,5,1374,10,[],None,None
EXPLOIT_VULN,14011.787472715954,14016.351838926936,4.564366210981461,15,0c4aa51a-0b8c-4175-b9e6-46cfe860e67b,None,None,5,1375,10,[],None,None
EXPLOIT_VULN,14016.351838926936,14020.514006350524,4.162167423588471,15,0c4aa51a-0b8c-4175-b9e6-46cfe860e67b,None,None,5,1376,10,[],None,None
EXPLOIT_VULN,14020.514006350524,14027.798320925089,7.2843145745646325,15,0c4aa51a-0b8c-4175-b9e6-46cfe860e67b,None,None,5,1377,10,[],None,None
EXPLOIT_VULN,14027.798320925089,14032.732185007739,4.933864082649961,15,0c4aa51a-0b8c-4175-b9e6-46cfe860e67b,None,None,5,1378,10,[],None,None
EXPLOIT_VULN,14032.732185007739,14036.561186920684,3.8290019129453867,15,0c4aa51a-0b8c-4175-b9e6-46cfe860e67b,None,None,5,1379,10,[],None,None
EXPLOIT_VULN,14036.561186920684,14041.095928784309,4.534741863624731,15,0c4aa51a-0b8c-4175-b9e6-46cfe860e67b,None,None,5,1380,10,[],None,None
EXPLOIT_VULN,14041.095928784309,14042.046993920532,0.9510651362234057,15,0c4aa51a-0b8c-4175-b9e6-46cfe860e67b,None,None,5,1381,10,[],None,None
EXPLOIT_VULN,14042.046993920532,14057.228903768493,15.181909847960924,15,0c4aa51a-0b8c-4175-b9e6-46cfe860e67b,None,None,5,1382,10,[],None,None
EXPLOIT_VULN,14057.228903768493,14074.243123578193,17.01421980970008,15,0c4aa51a-0b8c-4175-b9e6-46cfe860e67b,None,None,5,1383,10,[],None,None
EXPLOIT_VULN,14074.243123578193,14081.703283912522,7.460160334328975,15,0c4aa51a-0b8c-4175-b9e6-46cfe860e67b,None,None,5,1384,10,[],None,None
EXPLOIT_VULN,14081.703283912522,14095.54448220446,13.841198291936962,15,0c4aa51a-0b8c-4175-b9e6-46cfe860e67b,None,None,5,1385,10,[],None,None
EXPLOIT_VULN,14095.54448220446,14102.979884310691,7.435402106231777,15,0c4aa51a-0b8c-4175-b9e6-46cfe860e67b,None,None,5,1386,10,[],None,None
EXPLOIT_VULN,14102.979884310691,14112.561955164243,9.582070853552068,15,0c4aa51a-0b8c-4175-b9e6-46cfe860e67b,None,None,5,1387,10,[],application,OSDiversity
SCAN_PORT,14132.617281961395,14157.617281961395,25.0,15,0c4aa51a-0b8c-4175-b9e6-46cfe860e67b,None,None,5,1387,10,[],None,None
EXPLOIT_VULN,14157.617281961395,14158.679335692565,1.0620537311697262,15,0c4aa51a-0b8c-4175-b9e6-46cfe860e67b,None,None,5,1387,10,[],None,None
EXPLOIT_VULN,14158.679335692565,14161.233517371937,2.55418167937205,15,0c4aa51a-0b8c-4175-b9e6-46cfe860e67b,None,None,5,1388,10,[],None,None
EXPLOIT_VULN,14161.233517371937,14162.962878086968,1.729360715031362,15,0c4aa51a-0b8c-4175-b9e6-46cfe860e67b,None,None,5,1389,10,[],None,None
EXPLOIT_VULN,14162.962878086968,14163.642640606935,0.679762519966971,15,0c4aa51a-0b8c-4175-b9e6-46cfe860e67b,None,None,5,1390,10,[],None,None
EXPLOIT_VULN,14163.642640606935,14165.539314556705,1.8966739497700473,15,0c4aa51a-0b8c-4175-b9e6-46cfe860e67b,None,None,5,1391,10,[],None,None
EXPLOIT_VULN,14165.539314556705,14168.75261944485,3.2133048881441937,15,0c4aa51a-0b8c-4175-b9e6-46cfe860e67b,None,None,5,1392,10,[],None,None
EXPLOIT_VULN,14168.75261944485,14172.018519998299,3.2659005534496828,15,0c4aa51a-0b8c-4175-b9e6-46cfe860e67b,None,None,5,1393,10,[],None,None
EXPLOIT_VULN,14172.018519998299,14175.114200775386,3.095680777087182,15,0c4aa51a-0b8c-4175-b9e6-46cfe860e67b,None,None,5,1394,10,[],None,None
EXPLOIT_VULN,14175.114200775386,14180.312673774652,5.198472999265505,15,0c4aa51a-0b8c-4175-b9e6-46cfe860e67b,None,None,5,1395,10,[],None,None
EXPLOIT_VULN,14180.312673774652,14182.620577368007,2.3079035933551495,15,0c4aa51a-0b8c-4175-b9e6-46cfe860e67b,None,None,5,1396,10,[],None,None
EXPLOIT_VULN,14182.620577368007,14188.017002541887,5.396425173879834,15,0c4aa51a-0b8c-4175-b9e6-46cfe860e67b,None,None,5,1397,10,[],None,None
EXPLOIT_VULN,14188.017002541887,14192.128241063008,4.111238521121777,15,0c4aa51a-0b8c-4175-b9e6-46cfe860e67b,None,None,5,1398,10,[],None,None
EXPLOIT_VULN,14192.128241063008,14199.502114848307,7.373873785298201,15,0c4aa51a-0b8c-4175-b9e6-46cfe860e67b,None,None,5,1399,10,[],None,None
EXPLOIT_VULN,14199.502114848307,14206.451005961238,6.94889111293196,15,0c4aa51a-0b8c-4175-b9e6-46cfe860e67b,None,None,5,1400,10,[],None,None
EXPLOIT_VULN,14206.451005961238,14211.264921167174,4.8139152059357,15,0c4aa51a-0b8c-4175-b9e6-46cfe860e67b,None,None,5,1401,10,[],None,None
EXPLOIT_VULN,14211.264921167174,14218.301061756336,7.036140589161732,15,0c4aa51a-0b8c-4175-b9e6-46cfe860e67b,None,None,5,1402,10,[],None,None
EXPLOIT_VULN,14218.301061756336,14223.27389372487,4.972831968534592,15,0c4aa51a-0b8c-4175-b9e6-46cfe860e67b,None,None,5,1403,10,[],None,None
EXPLOIT_VULN,14223.27389372487,14229.111263441719,5.837369716848116,15,0c4aa51a-0b8c-4175-b9e6-46cfe860e67b,None,None,5,1404,10,[],None,None
EXPLOIT_VULN,14229.111263441719,14235.98061545035,6.869352008630813,15,0c4aa51a-0b8c-4175-b9e6-46cfe860e67b,None,None,5,1405,10,[],None,None
EXPLOIT_VULN,14235.98061545035,14238.45287350998,2.472258059629894,15,0c4aa51a-0b8c-4175-b9e6-46cfe860e67b,None,None,5,1406,10,[],None,None
EXPLOIT_VULN,14238.45287350998,14240.855713172557,2.402839662578117,15,0c4aa51a-0b8c-4175-b9e6-46cfe860e67b,None,None,5,1407,10,[],None,None
EXPLOIT_VULN,14240.855713172557,14246.394358750767,5.53864557820998,15,0c4aa51a-0b8c-4175-b9e6-46cfe860e67b,None,None,5,1408,10,[],None,None
EXPLOIT_VULN,14246.394358750767,14248.49476380088,2.1004050501123857,15,0c4aa51a-0b8c-4175-b9e6-46cfe860e67b,None,None,5,1409,10,[],None,None
EXPLOIT_VULN,14248.49476380088,14265.774229906992,17.279466106112523,15,0c4aa51a-0b8c-4175-b9e6-46cfe860e67b,None,None,5,1410,10,[],None,None
EXPLOIT_VULN,14265.774229906992,14274.693700345224,8.919470438231656,15,0c4aa51a-0b8c-4175-b9e6-46cfe860e67b,None,None,5,1411,10,[],None,None
EXPLOIT_VULN,14274.693700345224,14291.487801790146,16.79410144492249,15,0c4aa51a-0b8c-4175-b9e6-46cfe860e67b,None,None,5,1412,10,[],None,None
EXPLOIT_VULN,14291.487801790146,14298.546967149145,7.059165358998143,15,0c4aa51a-0b8c-4175-b9e6-46cfe860e67b,None,None,5,1413,10,[],None,None
EXPLOIT_VULN,14298.546967149145,14305.414991585927,6.868024436782434,15,0c4aa51a-0b8c-4175-b9e6-46cfe860e67b,None,None,5,1414,10,[],application,ServiceDiversity
SCAN_PORT,14325.440205157347,14350.440205157347,25.0,15,0c4aa51a-0b8c-4175-b9e6-46cfe860e67b,None,None,5,1414,10,[],None,None
EXPLOIT_VULN,14350.440205157347,14351.066100348811,0.6258951914642239,15,0c4aa51a-0b8c-4175-b9e6-46cfe860e67b,None,None,5,1414,10,[],None,None
EXPLOIT_VULN,14351.066100348811,14351.519483415745,0.4533830669333838,15,0c4aa51a-0b8c-4175-b9e6-46cfe860e67b,None,None,5,1415,10,[],None,None
EXPLOIT_VULN,14351.519483415745,14352.014119478854,0.494636063109283,15,0c4aa51a-0b8c-4175-b9e6-46cfe860e67b,None,None,5,1416,10,[],None,None
EXPLOIT_VULN,14352.014119478854,14352.963110016784,0.9489905379305128,15,0c4aa51a-0b8c-4175-b9e6-46cfe860e67b,None,None,5,1417,10,[],None,None
EXPLOIT_VULN,14352.963110016784,14354.109876779557,1.1467667627730407,15,0c4aa51a-0b8c-4175-b9e6-46cfe860e67b,None,None,5,1418,10,[],None,None
EXPLOIT_VULN,14354.109876779557,14357.027842375013,2.9179655954558257,15,0c4aa51a-0b8c-4175-b9e6-46cfe860e67b,None,None,5,1419,10,[],None,None
EXPLOIT_VULN,14357.027842375013,14362.110615614376,5.082773239362723,15,0c4aa51a-0b8c-4175-b9e6-46cfe860e67b,None,None,5,1420,10,[],None,None
EXPLOIT_VULN,14362.110615614376,14364.908342372348,2.797726757971759,15,0c4aa51a-0b8c-4175-b9e6-46cfe860e67b,None,None,5,1421,10,[],None,None
EXPLOIT_VULN,14364.908342372348,14367.718577828035,2.8102354556867795,15,0c4aa51a-0b8c-4175-b9e6-46cfe860e67b,None,None,5,1422,10,[],None,None
EXPLOIT_VULN,14367.718577828035,14368.795379694024,1.0768018659891823,15,0c4aa51a-0b8c-4175-b9e6-46cfe860e67b,None,None,5,1423,10,[],None,None
EXPLOIT_VULN,14368.795379694024,14372.040785500465,3.2454058064413402,15,0c4aa51a-0b8c-4175-b9e6-46cfe860e67b,None,None,5,1424,10,[],None,None
EXPLOIT_VULN,14372.040785500465,14374.893778390591,2.8529928901261883,15,0c4aa51a-0b8c-4175-b9e6-46cfe860e67b,None,None,5,1425,10,[],None,None
EXPLOIT_VULN,14374.893778390591,14380.580733048066,5.686954657474416,15,0c4aa51a-0b8c-4175-b9e6-46cfe860e67b,None,None,5,1426,10,[],None,None
EXPLOIT_VULN,14380.580733048066,14383.632969080116,3.052236032050132,15,0c4aa51a-0b8c-4175-b9e6-46cfe860e67b,None,None,5,1427,10,[],None,None
EXPLOIT_VULN,14383.632969080116,14387.57191760053,3.93894852041376,15,0c4aa51a-0b8c-4175-b9e6-46cfe860e67b,None,None,5,1428,10,[],None,None
EXPLOIT_VULN,14387.57191760053,14395.700405709214,8.128488108684905,15,0c4aa51a-0b8c-4175-b9e6-46cfe860e67b,None,None,5,1429,10,[],None,None
EXPLOIT_VULN,14395.700405709214,14399.033798074044,3.333392364829706,15,0c4aa51a-0b8c-4175-b9e6-46cfe860e67b,None,None,5,1430,10,[],None,None
EXPLOIT_VULN,14399.033798074044,14403.795087284676,4.76128921063173,15,0c4aa51a-0b8c-4175-b9e6-46cfe860e67b,None,None,5,1431,10,[],None,None
EXPLOIT_VULN,14403.795087284676,14409.617686710044,5.8225994253680255,15,0c4aa51a-0b8c-4175-b9e6-46cfe860e67b,None,None,5,1432,10,[],None,None
EXPLOIT_VULN,14409.617686710044,14416.292422888298,6.674736178254534,15,0c4aa51a-0b8c-4175-b9e6-46cfe860e67b,None,None,5,1433,10,[],None,None
EXPLOIT_VULN,14416.292422888298,14423.526204738591,7.233781850292871,15,0c4aa51a-0b8c-4175-b9e6-46cfe860e67b,None,None,5,1434,10,[],None,None
EXPLOIT_VULN,14423.526204738591,14427.826700027774,4.300495289182436,15,0c4aa51a-0b8c-4175-b9e6-46cfe860e67b,None,None,5,1435,10,[],None,None
EXPLOIT_VULN,14427.826700027774,14433.14537848582,5.318678458046634,15,0c4aa51a-0b8c-4175-b9e6-46cfe860e67b,None,None,5,1436,10,[],None,None
EXPLOIT_VULN,14433.14537848582,14439.563664535906,6.418286050085953,15,0c4aa51a-0b8c-4175-b9e6-46cfe860e67b,None,None,5,1437,10,[],None,None
EXPLOIT_VULN,14439.563664535906,14445.576806666677,6.013142130770575,15,0c4aa51a-0b8c-4175-b9e6-46cfe860e67b,None,None,5,1438,10,[],None,None
EXPLOIT_VULN,14445.576806666677,14454.969209675171,9.392403008494512,15,0c4aa51a-0b8c-4175-b9e6-46cfe860e67b,None,None,5,1439,10,[],None,None
EXPLOIT_VULN,14454.969209675171,14471.968827102235,16.99961742706364,15,0c4aa51a-0b8c-4175-b9e6-46cfe860e67b,None,None,5,1440,10,[],None,None
EXPLOIT_VULN,14471.968827102235,14488.067712071404,16.098884969169376,15,0c4aa51a-0b8c-4175-b9e6-46cfe860e67b,None,None,5,1441,10,[],None,None
EXPLOIT_VULN,14488.067712071404,14490.994956287437,2.9272442160327046,15,0c4aa51a-0b8c-4175-b9e6-46cfe860e67b,None,None,5,1442,10,[],None,None
EXPLOIT_VULN,14490.994956287437,14499.327221296933,8.33226500949604,15,0c4aa51a-0b8c-4175-b9e6-46cfe860e67b,None,None,5,1443,10,[],None,None
EXPLOIT_VULN,14499.327221296933,14516.031423937713,16.70420264077984,15,0c4aa51a-0b8c-4175-b9e6-46cfe860e67b,None,None,5,1444,10,[],None,None
EXPLOIT_VULN,14516.031423937713,14523.637724620372,7.606300682658912,15,0c4aa51a-0b8c-4175-b9e6-46cfe860e67b,None,None,5,1445,10,[],None,None
EXPLOIT_VULN,14523.637724620372,14532.30515493228,8.667430311908902,15,0c4aa51a-0b8c-4175-b9e6-46cfe860e67b,None,None,5,1446,10,[],None,None
EXPLOIT_VULN,14532.30515493228,14536.562783911497,4.257628979215951,15,0c4aa51a-0b8c-4175-b9e6-46cfe860e67b,None,None,5,1447,10,[],None,None
EXPLOIT_VULN,14536.562783911497,14544.920078583653,8.357294672156058,15,0c4aa51a-0b8c-4175-b9e6-46cfe860e67b,None,None,5,1448,10,[],network,CompleteTopologyShuffle
SCAN_HOST,14565.83961635514,14570.83961635514,5.0,-1,-1,None,None,0,1448,10,[],None,None
ENUM_HOST,14570.83961635514,14575.83961635514,5.0,-1,-1,None,None,0,1448,10,[],None,None
SCAN_PORT,14575.83961635514,14600.83961635514,25.0,5,a47f754e-28a2-442b-ac11-33ff7dc1ad7f,None,None,9,1448,10,[],None,None
EXPLOIT_VULN,14600.83961635514,14601.473983867783,0.6343675126427115,5,a47f754e-28a2-442b-ac11-33ff7dc1ad7f,None,None,9,1448,10,[],None,None
EXPLOIT_VULN,14601.473983867783,14601.997271810491,0.5232879427076114,5,a47f754e-28a2-442b-ac11-33ff7dc1ad7f,None,None,9,1449,10,[],None,None
EXPLOIT_VULN,14601.997271810491,14606.32781194499,4.330540134498733,5,a47f754e-28a2-442b-ac11-33ff7dc1ad7f,None,None,9,1450,10,[],None,None
EXPLOIT_VULN,14606.32781194499,14606.914874381591,0.5870624366016273,5,a47f754e-28a2-442b-ac11-33ff7dc1ad7f,None,None,9,1451,10,[],None,None
EXPLOIT_VULN,14606.914874381591,14611.432421912656,4.517547531064338,5,a47f754e-28a2-442b-ac11-33ff7dc1ad7f,None,None,9,1452,10,[],None,None
EXPLOIT_VULN,14611.432421912656,14614.266929100704,2.8345071880485193,5,a47f754e-28a2-442b-ac11-33ff7dc1ad7f,None,None,9,1453,10,[],None,None
EXPLOIT_VULN,14614.266929100704,14614.751418337084,0.4844892363798863,5,a47f754e-28a2-442b-ac11-33ff7dc1ad7f,None,None,9,1454,10,[],None,None
EXPLOIT_VULN,14614.751418337084,14618.230943454206,3.4795251171217387,5,a47f754e-28a2-442b-ac11-33ff7dc1ad7f,None,None,9,1455,10,[],None,None
EXPLOIT_VULN,14618.230943454206,14621.985133852888,3.7541903986821126,5,a47f754e-28a2-442b-ac11-33ff7dc1ad7f,None,None,9,1456,10,[],None,None
EXPLOIT_VULN,14621.985133852888,14624.533882420412,2.548748567523944,5,a47f754e-28a2-442b-ac11-33ff7dc1ad7f,None,None,9,1457,10,[],None,None
EXPLOIT_VULN,14624.533882420412,14629.307896259983,4.774013839571126,5,a47f754e-28a2-442b-ac11-33ff7dc1ad7f,None,None,9,1458,10,[],None,None
EXPLOIT_VULN,14629.307896259983,14635.157254492502,5.84935823251908,5,a47f754e-28a2-442b-ac11-33ff7dc1ad7f,None,None,9,1459,10,[],None,None
EXPLOIT_VULN,14635.157254492502,14640.116160078924,4.958905586421679,5,a47f754e-28a2-442b-ac11-33ff7dc1ad7f,None,None,9,1460,10,[],None,None
EXPLOIT_VULN,14640.116160078924,14644.0224853709,3.9063252919768274,5,a47f754e-28a2-442b-ac11-33ff7dc1ad7f,None,None,9,1461,10,[],None,None
EXPLOIT_VULN,14644.0224853709,14656.037869581822,12.015384210921184,5,a47f754e-28a2-442b-ac11-33ff7dc1ad7f,None,None,9,1462,10,[],None,None
EXPLOIT_VULN,14656.037869581822,14660.139298351602,4.101428769779886,5,a47f754e-28a2-442b-ac11-33ff7dc1ad7f,None,None,9,1463,10,[],None,None
EXPLOIT_VULN,14660.139298351602,14683.099301034323,22.960002682721097,5,a47f754e-28a2-442b-ac11-33ff7dc1ad7f,None,None,9,1464,10,[],None,None
BRUTE_FORCE,14683.099301034323,14703.099301034323,20.0,5,a47f754e-28a2-442b-ac11-33ff7dc1ad7f,None,None,9,1465,10,[],None,None
ENUM_HOST,14703.099301034323,14708.099301034323,5.0,5,a47f754e-28a2-442b-ac11-33ff7dc1ad7f,None,None,9,1465,10,[],None,None
SCAN_PORT,14708.099301034323,14733.099301034323,25.0,16,5e0c6288-6ce0-49e3-8e0e-a9f8a7238ebf,None,None,6,1465,10,[],None,None
EXPLOIT_VULN,14733.099301034323,14735.577099511818,2.4777984774955257,16,5e0c6288-6ce0-49e3-8e0e-a9f8a7238ebf,None,None,6,1465,10,[],network,IPShuffle
SCAN_HOST,14756.263912592502,14761.263912592502,5.0,-1,-1,None,None,0,1465,10,[],None,None
ENUM_HOST,14761.263912592502,14766.263912592502,5.0,-1,-1,None,None,0,1465,10,[],None,None
SCAN_PORT,14766.263912592502,14791.263912592502,25.0,16,5e0c6288-6ce0-49e3-8e0e-a9f8a7238ebf,None,None,7,1465,10,[],None,None
EXPLOIT_VULN,14791.263912592502,14794.965678059178,3.701765466676079,16,5e0c6288-6ce0-49e3-8e0e-a9f8a7238ebf,None,None,7,1465,10,[],None,None
EXPLOIT_VULN,14794.965678059178,14797.727319782942,2.7616417237641144,16,5e0c6288-6ce0-49e3-8e0e-a9f8a7238ebf,None,None,7,1466,10,[],None,None
EXPLOIT_VULN,14797.727319782942,14801.771458750041,4.04413896709957,16,5e0c6288-6ce0-49e3-8e0e-a9f8a7238ebf,None,None,7,1467,10,[],None,None
EXPLOIT_VULN,14801.771458750041,14808.779232869778,7.007774119736496,16,5e0c6288-6ce0-49e3-8e0e-a9f8a7238ebf,None,None,7,1468,10,[],None,None
EXPLOIT_VULN,14808.779232869778,14817.45034130992,8.671108440141325,16,5e0c6288-6ce0-49e3-8e0e-a9f8a7238ebf,None,None,7,1469,10,[],None,None
EXPLOIT_VULN,14817.45034130992,14833.557331789129,16.106990479209344,16,5e0c6288-6ce0-49e3-8e0e-a9f8a7238ebf,None,None,7,1470,10,[],None,None
EXPLOIT_VULN,14833.557331789129,14841.961056427494,8.40372463836502,16,5e0c6288-6ce0-49e3-8e0e-a9f8a7238ebf,None,None,7,1471,10,[],None,None
EXPLOIT_VULN,14841.961056427494,14862.224794628759,20.26373820126537,16,5e0c6288-6ce0-49e3-8e0e-a9f8a7238ebf,None,None,7,1472,10,[],None,None
EXPLOIT_VULN,14862.224794628759,14866.314298984164,4.089504355404642,16,5e0c6288-6ce0-49e3-8e0e-a9f8a7238ebf,None,None,7,1473,10,[],None,None
BRUTE_FORCE,14866.314298984164,14886.314298984164,20.0,16,5e0c6288-6ce0-49e3-8e0e-a9f8a7238ebf,None,None,7,1474,10,[],None,None
ENUM_HOST,14886.314298984164,14891.314298984164,5.0,16,5e0c6288-6ce0-49e3-8e0e-a9f8a7238ebf,None,None,7,1474,10,[],None,None
SCAN_PORT,14891.314298984164,14916.314298984164,25.0,5,a47f754e-28a2-442b-ac11-33ff7dc1ad7f,None,None,10,1474,10,[],None,None
EXPLOIT_VULN,14916.314298984164,14916.814553638826,0.5002546546620579,5,a47f754e-28a2-442b-ac11-33ff7dc1ad7f,None,None,10,1474,10,[],application,OSDiversity
SCAN_PORT,14936.954770971171,14961.954770971171,25.0,5,a47f754e-28a2-442b-ac11-33ff7dc1ad7f,None,None,10,1474,10,[],None,None
EXPLOIT_VULN,14961.954770971171,14963.893588600211,1.9388176290394767,5,a47f754e-28a2-442b-ac11-33ff7dc1ad7f,None,None,10,1474,10,[],None,None
EXPLOIT_VULN,14963.893588600211,14966.465598455492,2.572009855281067,5,a47f754e-28a2-442b-ac11-33ff7dc1ad7f,None,None,10,1475,10,[],None,None
EXPLOIT_VULN,14966.465598455492,14972.865380099593,6.399781644100585,5,a47f754e-28a2-442b-ac11-33ff7dc1ad7f,None,None,10,1476,10,[],None,None
EXPLOIT_VULN,14972.865380099593,14983.295211777673,10.429831678080518,5,a47f754e-28a2-442b-ac11-33ff7dc1ad7f,None,None,10,1477,10,[],None,None
EXPLOIT_VULN,14983.295211777673,14984.965930412962,1.670718635288722,5,a47f754e-28a2-442b-ac11-33ff7dc1ad7f,None,None,10,1478,10,[],None,None
EXPLOIT_VULN,14984.965930412962,14996.335982103059,11.37005169009717,5,a47f754e-28a2-442b-ac11-33ff7dc1ad7f,None,None,10,1479,10,[],None,None
