name,start_time,finish_time,duration,current_host,current_host_uuid,compromise_host,compromise_host_uuid,current_host_attempt,cumulative_attempts,cumulative_compromised_hosts,compromise_users,interrupted_in,interrupted_by
SCAN_HOST,0.0,5.0,5.0,-1,-1,None,None,0,0,0,[],None,None
ENUM_HOST,5.0,10.0,5.0,-1,-1,None,None,0,0,0,[],None,None
SCAN_PORT,10.0,35.0,25.0,0,cc919d48-e332-4e29-8dbf-aa5a9543d72b,None,None,1,0,0,[],None,None
EXPLOIT_VULN,35.0,35.75389083088119,0.7538908308811898,0,cc919d48-e332-4e29-8dbf-aa5a9543d72b,None,None,1,0,0,[],None,None
EXPLOIT_VULN,35.75389083088119,36.21366003166652,0.4597692007853311,0,cc919d48-e332-4e29-8dbf-aa5a9543d72b,None,None,1,1,0,[],None,None
EXPLOIT_VULN,36.21366003166652,36.95351894940641,0.7398589177398875,0,cc919d48-e332-4e29-8dbf-aa5a9543d72b,None,None,1,2,0,[],None,None
EXPLOIT_VULN,36.95351894940641,38.5051109834508,1.5515920340443898,0,cc919d48-e332-4e29-8dbf-aa5a9543d72b,None,None,1,3,0,[],None,None
EXPLOIT_VULN,38.5051109834508,39.39340457086448,0.8882935874136848,0,cc919d48-e332-4e29-8dbf-aa5a9543d72b,None,None,1,4,0,[],None,None
EXPLOIT_VULN,39.39340457086448,41.60493268555407,2.2115281146895853,0,cc919d48-e332-4e29-8dbf-aa5a9543d72b,None,None,1,5,0,[],None,None
EXPLOIT_VULN,41.60493268555407,43.123791307192974,1.5188586216389055,0,cc919d48-e332-4e29-8dbf-aa5a9543d72b,None,None,1,6,0,[],None,None
EXPLOIT_VULN,43.123791307192974,44.19289851590537,1.0691072087123956,0,cc919d48-e332-4e29-8dbf-aa5a9543d72b,None,None,1,7,0,[],None,None
EXPLOIT_VULN,44.19289851590537,49.09066335483452,4.897764838929149,0,cc919d48-e332-4e29-8dbf-aa5a9543d72b,None,None,1,8,0,[],None,None
EXPLOIT_VULN,49.09066335483452,50.55981836806946,1.4691550132349391,0,cc919d48-e332-4e29-8dbf-aa5a9543d72b,None,None,1,9,0,[],None,None
EXPLOIT_VULN,50.55981836806946,55.59618341899966,5.0363650509302005,0,cc919d48-e332-4e29-8dbf-aa5a9543d72b,None,None,1,10,0,[],None,None
EXPLOIT_VULN,55.59618341899966,61.61966368798677,6.0234802689871145,0,cc919d48-e332-4e29-8dbf-aa5a9543d72b,None,None,1,11,0,[],None,None
EXPLOIT_VULN,61.61966368798677,62.945025571746754,1.3253618837599817,0,cc919d48-e332-4e29-8dbf-aa5a9543d72b,None,None,1,12,0,[],None,None
EXPLOIT_VULN,62.945025571746754,67.18947661744136,4.244451045694603,0,cc919d48-e332-4e29-8dbf-aa5a9543d72b,None,None,1,13,0,[],None,None
EXPLOIT_VULN,67.18947661744136,75.3750061449237,8.185529527482345,0,cc919d48-e332-4e29-8dbf-aa5a9543d72b,None,None,1,14,0,[],None,None
EXPLOIT_VULN,75.3750061449237,78.528669484353,3.1536633394293005,0,cc919d48-e332-4e29-8dbf-aa5a9543d72b,None,None,1,15,0,[],None,None
EXPLOIT_VULN,78.528669484353,83.65565149708257,5.12698201272957,0,cc919d48-e332-4e29-8dbf-aa5a9543d72b,None,None,1,16,0,[],None,None
EXPLOIT_VULN,83.65565149708257,86.62078454351129,2.9651330464287184,0,cc919d48-e332-4e29-8dbf-aa5a9543d72b,None,None,1,17,0,[],None,None
EXPLOIT_VULN,86.62078454351129,89.87301249537184,3.2522279518605473,0,cc919d48-e332-4e29-8dbf-aa5a9543d72b,None,None,1,18,0,[],None,None
EXPLOIT_VULN,89.87301249537184,99.78169473725148,9.908682241879646,0,cc919d48-e332-4e29-8dbf-aa5a9543d72b,None,None,1,19,0,[],None,None
EXPLOIT_VULN,99.78169473725148,104.68265101132764,4.900956274076151,0,cc919d48-e332-4e29-8dbf-aa5a9543d72b,None,None,1,20,0,[],None,None
EXPLOIT_VULN,104.68265101132764,108.49255656779596,3.8099055564683226,0,cc919d48-e332-4e29-8dbf-aa5a9543d72b,None,None,1,21,0,[],None,None
EXPLOIT_VULN,108.49255656779596,121.88573737757288,13.393180809776922,0,cc919d48-e332-4e29-8dbf-aa5a9543d72b,None,None,1,22,0,[],None,None
EXPLOIT_VULN,121.88573737757288,127.37627254780695,5.490535170234068,0,cc919d48-e332-4e29-8dbf-aa5a9543d72b,None,None,1,23,0,[],None,None
EXPLOIT_VULN,127.37627254780695,135.08562677197412,7.709354224167171,0,cc919d48-e332-4e29-8dbf-aa5a9543d72b,None,None,1,24,0,[],None,None
EXPLOIT_VULN,135.08562677197412,141.48703329891302,6.401406526938899,0,cc919d48-e332-4e29-8dbf-aa5a9543d72b,None,None,1,25,0,[],None,None
EXPLOIT_VULN,141.48703329891302,148.62997612022983,7.142942821316808,0,cc919d48-e332-4e29-8dbf-aa5a9543d72b,None,None,1,26,0,[],None,None
EXPLOIT_VULN,148.62997612022983,150.3633395729263,1.7333634526964659,0,cc919d48-e332-4e29-8dbf-aa5a9543d72b,None,None,1,27,0,[],None,None
EXPLOIT_VULN,150.3633395729263,156.60073940179316,6.23739982886687,0,cc919d48-e332-4e29-8dbf-aa5a9543d72b,None,None,1,28,0,[],None,None
EXPLOIT_VULN,156.60073940179316,166.18543403295098,9.584694631157817,0,cc919d48-e332-4e29-8dbf-aa5a9543d72b,None,None,1,29,0,[],None,None
EXPLOIT_VULN,166.18543403295098,170.68686575059436,4.501431717643385,0,cc919d48-e332-4e29-8dbf-aa5a9543d72b,None,None,1,30,0,[],None,None
EXPLOIT_VULN,170.68686575059436,179.67418622072873,8.987320470134364,0,cc919d48-e332-4e29-8dbf-aa5a9543d72b,None,None,1,31,0,[],None,None
EXPLOIT_VULN,179.67418622072873,189.00928413561786,9.335097914889133,0,cc919d48-e332-4e29-8dbf-aa5a9543d72b,None,None,1,32,0,[],None,None
EXPLOIT_VULN,189.00928413561786,198.01675619524275,9.007472059624888,0,cc919d48-e332-4e29-8dbf-aa5a9543d72b,None,None,1,33,0,[],None,None
EXPLOIT_VULN,198.01675619524275,202.54092346058397,4.5241672653412195,0,cc919d48-e332-4e29-8dbf-aa5a9543d72b,None,None,1,34,0,[],None,None
BRUTE_FORCE,202.54092346058397,222.54092346058397,20.0,0,cc919d48-e332-4e29-8dbf-aa5a9543d72b,None,None,1,35,0,[],None,None
ENUM_HOST,222.54092346058397,227.54092346058397,5.0,0,cc919d48-e332-4e29-8dbf-aa5a9543d72b,None,None,1,35,0,[],None,None
SCAN_PORT,227.54092346058397,252.54092346058397,25.0,1,ec0f153a-9b4a-4eca-8061-5e9c3f1f775d,None,None,1,35,0,[],None,None
EXPLOIT_VULN,252.54092346058397,253.1625464697016,0.6216230091176271,1,ec0f153a-9b4a-4eca-8061-5e9c3f1f775d,None,None,1,35,0,[],None,None
EXPLOIT_VULN,253.1625464697016,257.04583045372283,3.883283984021233,1,ec0f153a-9b4a-4eca-8061-5e9c3f1f775d,None,None,1,36,0,[],None,None
EXPLOIT_VULN,257.04583045372283,258.8845592273966,1.838728773673779,1,ec0f153a-9b4a-4eca-8061-5e9c3f1f775d,None,None,1,37,0,[],None,None
EXPLOIT_VULN,258.8845592273966,260.81119949942814,1.926640272031534,1,ec0f153a-9b4a-4eca-8061-5e9c3f1f775d,None,None,1,38,0,[],None,None
EXPLOIT_VULN,260.81119949942814,273.8893169200188,13.078117420590672,1,ec0f153a-9b4a-4eca-8061-5e9c3f1f775d,None,None,1,39,0,[],None,None
EXPLOIT_VULN,273.8893169200188,287.56401937078664,13.674702450767825,1,ec0f153a-9b4a-4eca-8061-5e9c3f1f775d,None,None,1,40,0,[],None,None
EXPLOIT_VULN,287.56401937078664,292.51754468696873,4.953525316182095,1,ec0f153a-9b4a-4eca-8061-5e9c3f1f775d,None,None,1,41,0,[],None,None
EXPLOIT_VULN,292.51754468696873,310.9374629064141,18.41991821944538,1,ec0f153a-9b4a-4eca-8061-5e9c3f1f775d,None,None,1,42,0,[],None,None
EXPLOIT_VULN,310.9374629064141,319.84368285877395,8.906219952359834,1,ec0f153a-9b4a-4eca-8061-5e9c3f1f775d,None,None,1,43,0,[],None,None
EXPLOIT_VULN,319.84368285877395,328.46120212186315,8.617519263089207,1,ec0f153a-9b4a-4eca-8061-5e9c3f1f775d,None,None,1,44,0,[],None,None
EXPLOIT_VULN,328.46120212186315,338.39290306735967,9.931700945496516,1,ec0f153a-9b4a-4eca-8061-5e9c3f1f775d,None,None,1,45,0,[],None,None
EXPLOIT_VULN,338.39290306735967,348.2205586010218,9.827655533662153,1,ec0f153a-9b4a-4eca-8061-5e9c3f1f775d,None,None,1,46,0,[],None,None
EXPLOIT_VULN,348.2205586010218,360.4314593709027,12.21090076988088,1,ec0f153a-9b4a-4eca-8061-5e9c3f1f775d,None,None,1,47,0,[],None,None
EXPLOIT_VULN,360.4314593709027,373.61493946823384,13.183480097331142,1,ec0f153a-9b4a-4eca-8061-5e9c3f1f775d,None,None,1,48,0,[],None,None
BRUTE_FORCE,373.61493946823384,393.61493946823384,20.0,1,ec0f153a-9b4a-4eca-8061-5e9c3f1f775d,None,None,1,49,0,[],None,None
ENUM_HOST,393.61493946823384,398.61493946823384,5.0,1,ec0f153a-9b4a-4eca-8061-5e9c3f1f775d,None,None,1,49,0,[],None,None
SCAN_PORT,398.61493946823384,423.61493946823384,25.0,2,5f007b9b-0a66-42ca-98ed-93896508cc78,None,None,1,49,0,[],None,None
EXPLOIT_VULN,423.61493946823384,423.8843577998163,0.26941833158247164,2,5f007b9b-0a66-42ca-98ed-93896508cc78,None,None,1,49,0,[],None,None
EXPLOIT_VULN,423.8843577998163,426.0061904844902,2.1218326846739046,2,5f007b9b-0a66-42ca-98ed-93896508cc78,None,None,1,50,0,[],None,None
EXPLOIT_VULN,426.0061904844902,429.07171669318467,3.0655262086944504,2,5f007b9b-0a66-42ca-98ed-93896508cc78,None,None,1,51,0,[],None,None
EXPLOIT_VULN,429.07171669318467,431.90764739513594,2.83593070195127,2,5f007b9b-0a66-42ca-98ed-93896508cc78,None,None,1,52,0,[],None,None
EXPLOIT_VULN,431.90764739513594,437.33417079696096,5.426523401825023,2,5f007b9b-0a66-42ca-98ed-93896508cc78,None,None,1,53,0,[],None,None
EXPLOIT_VULN,437.33417079696096,444.07562509383536,6.7414542968743945,2,5f007b9b-0a66-42ca-98ed-93896508cc78,None,None,1,54,0,[],None,None
EXPLOIT_VULN,444.07562509383536,450.48794174389434,6.412316650058983,2,5f007b9b-0a66-42ca-98ed-93896508cc78,None,None,1,55,0,[],None,None
EXPLOIT_VULN,450.48794174389434,457.7317937864712,7.2438520425768615,2,5f007b9b-0a66-42ca-98ed-93896508cc78,None,None,1,56,0,[],None,None
EXPLOIT_VULN,457.7317937864712,478.58195322206313,20.850159435591934,2,5f007b9b-0a66-42ca-98ed-93896508cc78,None,None,1,57,0,[],None,None
EXPLOIT_VULN,478.58195322206313,486.06519467704607,7.483241454982931,2,5f007b9b-0a66-42ca-98ed-93896508cc78,None,None,1,58,0,[],None,None
EXPLOIT_VULN,486.06519467704607,492.2662414600706,6.2010467830245375,2,5f007b9b-0a66-42ca-98ed-93896508cc78,None,None,1,59,0,[],None,None
EXPLOIT_VULN,492.2662414600706,499.39134001301915,7.125098552948543,2,5f007b9b-0a66-42ca-98ed-93896508cc78,None,None,1,60,0,[],None,None
BRUTE_FORCE,499.39134001301915,519.3913400130191,19.999999999999943,2,5f007b9b-0a66-42ca-98ed-93896508cc78,None,None,1,61,0,[],None,None
ENUM_HOST,519.3913400130191,524.3913400130191,5.0,2,5f007b9b-0a66-42ca-98ed-93896508cc78,None,None,1,61,0,[],None,None
SCAN_PORT,524.3913400130191,549.3913400130191,25.0,3,2286b595-4be6-4ecf-9619-814a1d1fef94,None,None,1,61,0,[],None,None
EXPLOIT_VULN,549.3913400130191,552.8814639451637,3.49012393214457,3,2286b595-4be6-4ecf-9619-814a1d1fef94,None,None,1,61,0,[],None,None
EXPLOIT_VULN,552.8814639451637,553.3101331726242,0.4286692274605457,3,2286b595-4be6-4ecf-9619-814a1d1fef94,None,None,1,62,0,[],None,None
EXPLOIT_VULN,553.3101331726242,557.9454245587414,4.63529138611716,3,2286b595-4be6-4ecf-9619-814a1d1fef94,None,None,1,63,0,[],None,None
EXPLOIT_VULN,557.9454245587414,560.9350490058603,2.9896244471188993,3,2286b595-4be6-4ecf-9619-814a1d1fef94,None,None,1,64,0,[],None,None
EXPLOIT_VULN,560.9350490058603,570.8247339489957,9.889684943135421,3,2286b595-4be6-4ecf-9619-814a1d1fef94,None,None,1,65,0,[],None,None
EXPLOIT_VULN,570.8247339489957,576.2521422934508,5.4274083444551025,3,2286b595-4be6-4ecf-9619-814a1d1fef94,None,None,1,66,0,[],None,None
EXPLOIT_VULN,576.2521422934508,581.6188818824842,5.366739589033386,3,2286b595-4be6-4ecf-9619-814a1d1fef94,None,None,1,67,0,[],None,None
EXPLOIT_VULN,581.6188818824842,584.340075042872,2.72119316038777,3,2286b595-4be6-4ecf-9619-814a1d1fef94,None,None,1,68,0,[],None,None
EXPLOIT_VULN,584.340075042872,597.7734414868786,13.433366444006651,3,2286b595-4be6-4ecf-9619-814a1d1fef94,None,None,1,69,0,[],None,None
EXPLOIT_VULN,597.7734414868786,617.4079726638327,19.634531176954056,3,2286b595-4be6-4ecf-9619-814a1d1fef94,None,None,1,70,0,[],None,None
EXPLOIT_VULN,617.4079726638327,625.7389495425713,8.330976878738625,3,2286b595-4be6-4ecf-9619-814a1d1fef94,None,None,1,71,0,[],None,None
EXPLOIT_VULN,625.7389495425713,631.9309446045955,6.191995062024262,3,2286b595-4be6-4ecf-9619-814a1d1fef94,None,None,1,72,0,[],None,None
EXPLOIT_VULN,631.9309446045955,643.7867396938374,11.855795089241838,3,2286b595-4be6-4ecf-9619-814a1d1fef94,None,None,1,73,0,[],None,None
EXPLOIT_VULN,643.7867396938374,651.7256525734796,7.938912879642203,3,2286b595-4be6-4ecf-9619-814a1d1fef94,None,None,1,74,0,[],None,None
EXPLOIT_VULN,651.7256525734796,660.5574420270386,8.831789453559054,3,2286b595-4be6-4ecf-9619-814a1d1fef94,None,None,1,75,0,[],None,None
BRUTE_FORCE,660.5574420270386,680.5574420270386,20.0,3,2286b595-4be6-4ecf-9619-814a1d1fef94,None,None,1,76,0,[],None,None
ENUM_HOST,680.5574420270386,685.5574420270386,5.0,3,2286b595-4be6-4ecf-9619-814a1d1fef94,None,None,1,76,0,[],None,None
SCAN_PORT,685.5574420270386,710.5574420270386,25.0,4,f3cce36a-b7d6-49ff-91ed-969f86bf6e34,None,None,1,76,0,[],None,None
EXPLOIT_VULN,710.5574420270386,711.770286113312,1.2128440862733214,4,f3cce36a-b7d6-49ff-91ed-969f86bf6e34,None,None,1,76,0,[],None,None
EXPLOIT_VULN,711.770286113312,713.255931322777,1.4856452094650194,4,f3cce36a-b7d6-49ff-91ed-969f86bf6e34,None,None,1,77,0,[],None,None
EXPLOIT_VULN,713.255931322777,716.2770833754518,3.021152052674779,4,f3cce36a-b7d6-49ff-91ed-969f86bf6e34,None,None,1,78,0,[],None,None
EXPLOIT_VULN,716.2770833754518,725.1639211888706,8.886837813418879,4,f3cce36a-b7d6-49ff-91ed-969f86bf6e34,None,None,1,79,0,[],None,None
EXPLOIT_VULN,725.1639211888706,729.5753409077277,4.411419718857019,4,f3cce36a-b7d6-49ff-91ed-969f86bf6e34,None,None,1,80,0,[],None,None
EXPLOIT_VULN,729.5753409077277,737.7586501000936,8.183309192365982,4,f3cce36a-b7d6-49ff-91ed-969f86bf6e34,None,None,1,81,0,[],None,None
EXPLOIT_VULN,737.7586501000936,746.5994488884637,8.84079878837008,4,f3cce36a-b7d6-49ff-91ed-969f86bf6e34,None,None,1,82,0,[],None,None
EXPLOIT_VULN,746.5994488884637,765.570528122998,18.971079234534272,4,f3cce36a-b7d6-49ff-91ed-969f86bf6e34,None,None,1,83,0,[],None,None
EXPLOIT_VULN,765.570528122998,786.8782935576721,21.30776543467414,4,f3cce36a-b7d6-49ff-91ed-969f86bf6e34,4,f3cce36a-b7d6-49ff-91ed-969f86bf6e34,1,84,0,"['Harri', 'Sidonia', 'Liana', 'Kacey', 'Maryanna']",None,None
SCAN_NEIGHBOR,786.8782935576721,791.8782935576721,5.0,4,f3cce36a-b7d6-49ff-91ed-969f86bf6e34,None,None,1,85,1,[],None,None
ENUM_HOST,791.8782935576721,796.8782935576721,5.0,4,f3cce36a-b7d6-49ff-91ed-969f86bf6e34,None,None,1,85,1,[],None,None
SCAN_PORT,796.8782935576721,821.8782935576721,25.0,17,5311f8a3-9422-4bc0-bcfe-ce96b74b68b0,None,None,1,85,1,[],None,None
EXPLOIT_VULN,821.8782935576721,822.7528696797365,0.8745761220643544,17,5311f8a3-9422-4bc0-bcfe-ce96b74b68b0,None,None,1,85,1,[],None,None
EXPLOIT_VULN,822.7528696797365,823.1071315517165,0.354261871980043,17,5311f8a3-9422-4bc0-bcfe-ce96b74b68b0,None,None,1,86,1,[],None,None
EXPLOIT_VULN,823.1071315517165,823.5809628912393,0.4738313395228033,17,5311f8a3-9422-4bc0-bcfe-ce96b74b68b0,None,None,1,87,1,[],None,None
EXPLOIT_VULN,823.5809628912393,824.8638872831204,1.2829243918811244,17,5311f8a3-9422-4bc0-bcfe-ce96b74b68b0,None,None,1,88,1,[],None,None
EXPLOIT_VULN,824.8638872831204,826.6109487021641,1.747061419043689,17,5311f8a3-9422-4bc0-bcfe-ce96b74b68b0,None,None,1,89,1,[],None,None
EXPLOIT_VULN,826.6109487021641,832.6388711088513,6.027922406687139,17,5311f8a3-9422-4bc0-bcfe-ce96b74b68b0,None,None,1,90,1,[],None,None
EXPLOIT_VULN,832.6388711088513,839.272092938978,6.633221830126672,17,5311f8a3-9422-4bc0-bcfe-ce96b74b68b0,None,None,1,91,1,[],None,None
EXPLOIT_VULN,839.272092938978,842.0213533225598,2.7492603835818272,17,5311f8a3-9422-4bc0-bcfe-ce96b74b68b0,None,None,1,92,1,[],None,None
EXPLOIT_VULN,842.0213533225598,844.3020429432502,2.2806896206903957,17,5311f8a3-9422-4bc0-bcfe-ce96b74b68b0,None,None,1,93,1,[],None,None
EXPLOIT_VULN,844.3020429432502,846.6406781278065,2.338635184556324,17,5311f8a3-9422-4bc0-bcfe-ce96b74b68b0,None,None,1,94,1,[],None,None
EXPLOIT_VULN,846.6406781278065,857.2192301680517,10.5785520402452,17,5311f8a3-9422-4bc0-bcfe-ce96b74b68b0,None,None,1,95,1,[],None,None
EXPLOIT_VULN,857.2192301680517,859.7443067635196,2.525076595467908,17,5311f8a3-9422-4bc0-bcfe-ce96b74b68b0,None,None,1,96,1,[],None,None
EXPLOIT_VULN,859.7443067635196,861.7362192583998,1.9919124948802391,17,5311f8a3-9422-4bc0-bcfe-ce96b74b68b0,None,None,1,97,1,[],None,None
EXPLOIT_VULN,861.7362192583998,877.6034169500688,15.867197691668935,17,5311f8a3-9422-4bc0-bcfe-ce96b74b68b0,None,None,1,98,1,[],None,None
EXPLOIT_VULN,877.6034169500688,883.655283275569,6.051866325500214,17,5311f8a3-9422-4bc0-bcfe-ce96b74b68b0,None,None,1,99,1,[],None,None
EXPLOIT_VULN,883.655283275569,889.6302061721916,5.9749228966226156,17,5311f8a3-9422-4bc0-bcfe-ce96b74b68b0,None,None,1,100,1,[],None,None
EXPLOIT_VULN,889.6302061721916,896.7172813296319,7.0870751574402675,17,5311f8a3-9422-4bc0-bcfe-ce96b74b68b0,None,None,1,101,1,[],None,None
EXPLOIT_VULN,896.7172813296319,900.4781275526898,3.7608462230579107,17,5311f8a3-9422-4bc0-bcfe-ce96b74b68b0,None,None,1,102,1,[],None,None
EXPLOIT_VULN,900.4781275526898,915.4042844088677,14.926156856177954,17,5311f8a3-9422-4bc0-bcfe-ce96b74b68b0,None,None,1,103,1,[],None,None
EXPLOIT_VULN,915.4042844088677,931.34144662311,15.937162214242221,17,5311f8a3-9422-4bc0-bcfe-ce96b74b68b0,None,None,1,104,1,[],None,None
EXPLOIT_VULN,931.34144662311,939.0511102560744,7.709663632964407,17,5311f8a3-9422-4bc0-bcfe-ce96b74b68b0,None,None,1,105,1,[],None,None
EXPLOIT_VULN,939.0511102560744,959.5756346222521,20.52452436617773,17,5311f8a3-9422-4bc0-bcfe-ce96b74b68b0,None,None,1,106,1,[],None,None
EXPLOIT_VULN,959.5756346222521,966.733493057284,7.157858435031926,17,5311f8a3-9422-4bc0-bcfe-ce96b74b68b0,None,None,1,107,1,[],None,None
EXPLOIT_VULN,966.733493057284,987.7351631505146,21.001670093230587,17,5311f8a3-9422-4bc0-bcfe-ce96b74b68b0,None,None,1,108,1,[],None,None
EXPLOIT_VULN,987.7351631505146,1003.369283045577,15.63411989506244,17,5311f8a3-9422-4bc0-bcfe-ce96b74b68b0,None,None,1,109,1,[],None,None
EXPLOIT_VULN,1003.369283045577,1018.1410428992466,14.77175985366955,17,5311f8a3-9422-4bc0-bcfe-ce96b74b68b0,None,None,1,110,1,[],None,None
EXPLOIT_VULN,1018.1410428992466,1027.2146184146848,9.073575515438165,17,5311f8a3-9422-4bc0-bcfe-ce96b74b68b0,None,None,1,111,1,[],None,None
EXPLOIT_VULN,1027.2146184146848,1034.9625289268756,7.747910512190856,17,5311f8a3-9422-4bc0-bcfe-ce96b74b68b0,None,None,1,112,1,[],None,None
EXPLOIT_VULN,1034.9625289268756,1040.4362392693477,5.473710342472032,17,5311f8a3-9422-4bc0-bcfe-ce96b74b68b0,None,None,1,113,1,[],None,None
EXPLOIT_VULN,1040.4362392693477,1055.2686692823586,14.832430013010935,17,5311f8a3-9422-4bc0-bcfe-ce96b74b68b0,None,None,1,114,1,[],None,None
EXPLOIT_VULN,1055.2686692823586,1077.1514760570712,21.882806774712662,17,5311f8a3-9422-4bc0-bcfe-ce96b74b68b0,None,None,1,115,1,[],None,None
BRUTE_FORCE,1077.1514760570712,1097.1514760570712,20.0,17,5311f8a3-9422-4bc0-bcfe-ce96b74b68b0,None,None,1,116,1,[],None,None
ENUM_HOST,1097.1514760570712,1102.1514760570712,5.0,17,5311f8a3-9422-4bc0-bcfe-ce96b74b68b0,None,None,1,116,1,[],None,None
SCAN_PORT,1102.1514760570712,1127.1514760570712,25.0,18,540c216e-63f2-483e-ad83-584afa2e5163,None,None,1,116,1,[],None,None
EXPLOIT_VULN,1127.1514760570712,1132.4728107542626,5.3213346971913325,18,540c216e-63f2-483e-ad83-584afa2e5163,None,None,1,116,1,[],None,None
EXPLOIT_VULN,1132.4728107542626,1135.852263776655,3.379453022392454,18,540c216e-63f2-483e-ad83-584afa2e5163,None,None,1,117,1,[],None,None
EXPLOIT_VULN,1135.852263776655,1139.1397692790715,3.2875055024164794,18,540c216e-63f2-483e-ad83-584afa2e5163,None,None,1,118,1,[],None,None
EXPLOIT_VULN,1139.1397692790715,1142.0046984472472,2.8649291681756495,18,540c216e-63f2-483e-ad83-584afa2e5163,None,None,1,119,1,[],None,None
EXPLOIT_VULN,1142.0046984472472,1145.851772111942,3.84707366469479,18,540c216e-63f2-483e-ad83-584afa2e5163,None,None,1,120,1,[],None,None
EXPLOIT_VULN,1145.851772111942,1149.116901577078,3.265129465135942,18,540c216e-63f2-483e-ad83-584afa2e5163,None,None,1,121,1,[],None,None
EXPLOIT_VULN,1149.116901577078,1155.7695857490644,6.652684171986493,18,540c216e-63f2-483e-ad83-584afa2e5163,None,None,1,122,1,[],None,None
EXPLOIT_VULN,1155.7695857490644,1162.928886940225,7.159301191160694,18,540c216e-63f2-483e-ad83-584afa2e5163,None,None,1,123,1,[],None,None
EXPLOIT_VULN,1162.928886940225,1171.5661046355065,8.637217695281379,18,540c216e-63f2-483e-ad83-584afa2e5163,None,None,1,124,1,[],None,None
EXPLOIT_VULN,1171.5661046355065,1191.4560955732707,19.889990937764196,18,540c216e-63f2-483e-ad83-584afa2e5163,None,None,1,125,1,[],None,None
EXPLOIT_VULN,1191.4560955732707,1204.7722554379518,13.31615986468114,18,540c216e-63f2-483e-ad83-584afa2e5163,None,None,1,126,1,[],None,None
EXPLOIT_VULN,1204.7722554379518,1213.4579986782926,8.685743240340798,18,540c216e-63f2-483e-ad83-584afa2e5163,None,None,1,127,1,[],None,None
EXPLOIT_VULN,1213.4579986782926,1217.578182293068,4.120183614775442,18,540c216e-63f2-483e-ad83-584afa2e5163,None,None,1,128,1,[],None,None
EXPLOIT_VULN,1217.578182293068,1220.7501981443677,3.1720158512996477,18,540c216e-63f2-483e-ad83-584afa2e5163,None,None,1,129,1,[],None,None
BRUTE_FORCE,1220.7501981443677,1240.7501981443677,20.0,18,540c216e-63f2-483e-ad83-584afa2e5163,None,None,1,130,1,[],None,None
SCAN_HOST,1240.7501981443677,1245.7501981443677,5.0,18,540c216e-63f2-483e-ad83-584afa2e5163,None,None,1,130,1,[],None,None
ENUM_HOST,1245.7501981443677,1250.7501981443677,5.0,18,540c216e-63f2-483e-ad83-584afa2e5163,None,None,1,130,1,[],None,None
SCAN_PORT,1250.7501981443677,1275.7501981443677,25.0,18,540c216e-63f2-483e-ad83-584afa2e5163,None,None,2,130,1,[],None,None
EXPLOIT_VULN,1275.7501981443677,1283.598523483604,7.848325339236226,18,540c216e-63f2-483e-ad83-584afa2e5163,None,None,2,130,1,[],None,None
EXPLOIT_VULN,1283.598523483604,1286.6239131775492,3.0253896939452716,18,540c216e-63f2-483e-ad83-584afa2e5163,None,None,2,131,1,[],None,None
EXPLOIT_VULN,1286.6239131775492,1290.8693188714062,4.2454056938570375,18,540c216e-63f2-483e-ad83-584afa2e5163,None,None,2,132,1,[],None,None
EXPLOIT_VULN,1290.8693188714062,1294.7755016571596,3.9061827857533444,18,540c216e-63f2-483e-ad83-584afa2e5163,None,None,2,133,1,[],None,None
EXPLOIT_VULN,1294.7755016571596,1298.0399502172704,3.26444856011085,18,540c216e-63f2-483e-ad83-584afa2e5163,None,None,2,134,1,[],None,None
EXPLOIT_VULN,1298.0399502172704,1304.7319057029592,6.691955485688823,18,540c216e-63f2-483e-ad83-584afa2e5163,None,None,2,135,1,[],None,None
EXPLOIT_VULN,1304.7319057029592,1324.598054679698,19.866148976738714,18,540c216e-63f2-483e-ad83-584afa2e5163,None,None,2,136,1,[],None,None
EXPLOIT_VULN,1324.598054679698,1338.2421710269891,13.644116347291174,18,540c216e-63f2-483e-ad83-584afa2e5163,None,None,2,137,1,[],None,None
EXPLOIT_VULN,1338.2421710269891,1347.5192532018832,9.277082174894076,18,540c216e-63f2-483e-ad83-584afa2e5163,18,540c216e-63f2-483e-ad83-584afa2e5163,2,138,1,"['Lizabeth', 'Laryssa', 'Kariotta', 'Francisca']",None,None
SCAN_NEIGHBOR,1347.5192532018832,1352.5192532018832,5.0,18,540c216e-63f2-483e-ad83-584afa2e5163,None,None,2,139,2,[],None,None
ENUM_HOST,1352.5192532018832,1357.5192532018832,5.0,18,540c216e-63f2-483e-ad83-584afa2e5163,None,None,2,139,2,[],None,None
SCAN_PORT,1357.5192532018832,1382.5192532018832,25.0,28,08c232dd-792a-407a-a916-e884090ff352,None,None,1,139,2,[],None,None
EXPLOIT_VULN,1382.5192532018832,1382.9640426210838,0.4447894192005606,28,08c232dd-792a-407a-a916-e884090ff352,None,None,1,139,2,[],None,None
EXPLOIT_VULN,1382.9640426210838,1385.6111796389498,2.6471370178660436,28,08c232dd-792a-407a-a916-e884090ff352,None,None,1,140,2,[],None,None
EXPLOIT_VULN,1385.6111796389498,1391.798214355104,6.18703471615413,28,08c232dd-792a-407a-a916-e884090ff352,None,None,1,141,2,[],None,None
EXPLOIT_VULN,1391.798214355104,1395.4854721214851,3.687257766381208,28,08c232dd-792a-407a-a916-e884090ff352,None,None,1,142,2,[],None,None
EXPLOIT_VULN,1395.4854721214851,1398.6696180709453,3.1841459494601168,28,08c232dd-792a-407a-a916-e884090ff352,None,None,1,143,2,[],None,None
EXPLOIT_VULN,1398.6696180709453,1403.1657674764917,4.4961494055464755,28,08c232dd-792a-407a-a916-e884090ff352,None,None,1,144,2,[],None,None
EXPLOIT_VULN,1403.1657674764917,1408.1468070869407,4.981039610448988,28,08c232dd-792a-407a-a916-e884090ff352,None,None,1,145,2,[],None,None
EXPLOIT_VULN,1408.1468070869407,1415.9608584224866,7.814051335545855,28,08c232dd-792a-407a-a916-e884090ff352,None,None,1,146,2,[],None,None
EXPLOIT_VULN,1415.9608584224866,1438.6466442780427,22.685785855556105,28,08c232dd-792a-407a-a916-e884090ff352,None,None,1,147,2,[],None,None
EXPLOIT_VULN,1438.6466442780427,1457.7006443127405,19.054000034697765,28,08c232dd-792a-407a-a916-e884090ff352,None,None,1,148,2,[],None,None
EXPLOIT_VULN,1457.7006443127405,1478.1944920023861,20.49384768964569,28,08c232dd-792a-407a-a916-e884090ff352,None,None,1,149,2,[],None,None
EXPLOIT_VULN,1478.1944920023861,1483.636619676945,5.442127674558833,28,08c232dd-792a-407a-a916-e884090ff352,None,None,1,150,2,[],None,None
EXPLOIT_VULN,1483.636619676945,1485.267963113366,1.631343436421048,28,08c232dd-792a-407a-a916-e884090ff352,None,None,1,151,2,[],None,None
EXPLOIT_VULN,1485.267963113366,1492.8576420496854,7.5896789363193875,28,08c232dd-792a-407a-a916-e884090ff352,None,None,1,152,2,[],None,None
EXPLOIT_VULN,1492.8576420496854,1515.0612469421205,22.203604892435123,28,08c232dd-792a-407a-a916-e884090ff352,None,None,1,153,2,[],None,None
EXPLOIT_VULN,1515.0612469421205,1521.7578261203128,6.6965791781922235,28,08c232dd-792a-407a-a916-e884090ff352,None,None,1,154,2,[],None,None
EXPLOIT_VULN,1521.7578261203128,1524.0571485806713,2.299322460358553,28,08c232dd-792a-407a-a916-e884090ff352,None,None,1,155,2,[],None,None
BRUTE_FORCE,1524.0571485806713,1544.0571485806713,20.0,28,08c232dd-792a-407a-a916-e884090ff352,None,None,1,156,2,[],None,None
ENUM_HOST,1544.0571485806713,1549.0571485806713,5.0,28,08c232dd-792a-407a-a916-e884090ff352,None,None,1,156,2,[],None,None
SCAN_PORT,1549.0571485806713,1574.0571485806713,25.0,22,c2e5719c-da0b-4182-bcdc-35416cf9f3ab,None,None,1,156,2,[],None,None
EXPLOIT_VULN,1574.0571485806713,1574.8756367620044,0.8184881813331231,22,c2e5719c-da0b-4182-bcdc-35416cf9f3ab,None,None,1,156,2,[],None,None
EXPLOIT_VULN,1574.8756367620044,1577.749352328238,2.8737155662336136,22,c2e5719c-da0b-4182-bcdc-35416cf9f3ab,None,None,1,157,2,[],None,None
EXPLOIT_VULN,1577.749352328238,1580.0350211864854,2.2856688582473907,22,c2e5719c-da0b-4182-bcdc-35416cf9f3ab,None,None,1,158,2,[],None,None
EXPLOIT_VULN,1580.0350211864854,1584.886409464417,4.851388277931619,22,c2e5719c-da0b-4182-bcdc-35416cf9f3ab,None,None,1,159,2,[],None,None
EXPLOIT_VULN,1584.886409464417,1587.383961502155,2.4975520377379326,22,c2e5719c-da0b-4182-bcdc-35416cf9f3ab,None,None,1,160,2,[],None,None
EXPLOIT_VULN,1587.383961502155,1590.8921763120634,3.508214809908395,22,c2e5719c-da0b-4182-bcdc-35416cf9f3ab,None,None,1,161,2,[],None,None
EXPLOIT_VULN,1590.8921763120634,1593.4033765224226,2.5112002103592204,22,c2e5719c-da0b-4182-bcdc-35416cf9f3ab,None,None,1,162,2,[],None,None
EXPLOIT_VULN,1593.4033765224226,1596.22176951214,2.818392989717495,22,c2e5719c-da0b-4182-bcdc-35416cf9f3ab,None,None,1,163,2,[],None,None
EXPLOIT_VULN,1596.22176951214,1602.3763294390208,6.154559926880665,22,c2e5719c-da0b-4182-bcdc-35416cf9f3ab,None,None,1,164,2,[],None,None
EXPLOIT_VULN,1602.3763294390208,1615.0476882513922,12.671358812371409,22,c2e5719c-da0b-4182-bcdc-35416cf9f3ab,None,None,1,165,2,[],None,None
EXPLOIT_VULN,1615.0476882513922,1619.5057527026797,4.458064451287555,22,c2e5719c-da0b-4182-bcdc-35416cf9f3ab,None,None,1,166,2,[],None,None
EXPLOIT_VULN,1619.5057527026797,1627.7703203821497,8.26456767947002,22,c2e5719c-da0b-4182-bcdc-35416cf9f3ab,None,None,1,167,2,[],None,None
EXPLOIT_VULN,1627.7703203821497,1635.6353137445114,7.864993362361702,22,c2e5719c-da0b-4182-bcdc-35416cf9f3ab,None,None,1,168,2,[],None,None
EXPLOIT_VULN,1635.6353137445114,1644.6651629159019,9.029849171390424,22,c2e5719c-da0b-4182-bcdc-35416cf9f3ab,None,None,1,169,2,[],None,None
EXPLOIT_VULN,1644.6651629159019,1651.791105057733,7.125942141831047,22,c2e5719c-da0b-4182-bcdc-35416cf9f3ab,None,None,1,170,2,[],None,None
EXPLOIT_VULN,1651.791105057733,1665.5668757476155,13.77577068988262,22,c2e5719c-da0b-4182-bcdc-35416cf9f3ab,None,None,1,171,2,[],None,None
EXPLOIT_VULN,1665.5668757476155,1674.737830267729,9.170954520113355,22,c2e5719c-da0b-4182-bcdc-35416cf9f3ab,None,None,1,172,2,[],None,None
EXPLOIT_VULN,1674.737830267729,1682.4869562520469,7.7491259843179705,22,c2e5719c-da0b-4182-bcdc-35416cf9f3ab,None,None,1,173,2,[],None,None
EXPLOIT_VULN,1682.4869562520469,1683.7220743215878,1.2351180695409312,22,c2e5719c-da0b-4182-bcdc-35416cf9f3ab,None,None,1,174,2,[],None,None
EXPLOIT_VULN,1683.7220743215878,1692.431525715754,8.709451394166308,22,c2e5719c-da0b-4182-bcdc-35416cf9f3ab,None,None,1,175,2,[],None,None
EXPLOIT_VULN,1692.431525715754,1699.2472724415506,6.815746725796544,22,c2e5719c-da0b-4182-bcdc-35416cf9f3ab,None,None,1,176,2,[],None,None
EXPLOIT_VULN,1699.2472724415506,1708.7629237496176,9.515651308066936,22,c2e5719c-da0b-4182-bcdc-35416cf9f3ab,None,None,1,177,2,[],None,None
EXPLOIT_VULN,1708.7629237496176,1717.4603468350915,8.697423085473929,22,c2e5719c-da0b-4182-bcdc-35416cf9f3ab,None,None,1,178,2,[],None,None
BRUTE_FORCE,1717.4603468350915,1737.4603468350915,20.0,22,c2e5719c-da0b-4182-bcdc-35416cf9f3ab,None,None,1,179,2,[],None,None
ENUM_HOST,1737.4603468350915,1742.4603468350915,5.0,22,c2e5719c-da0b-4182-bcdc-35416cf9f3ab,None,None,1,179,2,[],None,None
SCAN_PORT,1742.4603468350915,1767.4603468350915,25.0,15,7bad0f13-d6db-496c-9001-c3f81e1a2a8b,None,None,1,179,2,[],None,None
EXPLOIT_VULN,1767.4603468350915,1768.8197341676832,1.359387332591723,15,7bad0f13-d6db-496c-9001-c3f81e1a2a8b,None,None,1,179,2,[],None,None
EXPLOIT_VULN,1768.8197341676832,1773.5289062377688,4.709172070085515,15,7bad0f13-d6db-496c-9001-c3f81e1a2a8b,None,None,1,180,2,[],None,None
EXPLOIT_VULN,1773.5289062377688,1775.6066006096855,2.0776943719167775,15,7bad0f13-d6db-496c-9001-c3f81e1a2a8b,None,None,1,181,2,[],None,None
EXPLOIT_VULN,1775.6066006096855,1778.2813027048328,2.6747020951472678,15,7bad0f13-d6db-496c-9001-c3f81e1a2a8b,None,None,1,182,2,[],None,None
EXPLOIT_VULN,1778.2813027048328,1782.906847078086,4.625544373253206,15,7bad0f13-d6db-496c-9001-c3f81e1a2a8b,None,None,1,183,2,[],None,None
EXPLOIT_VULN,1782.906847078086,1797.6214003403259,14.71455326223986,15,7bad0f13-d6db-496c-9001-c3f81e1a2a8b,None,None,1,184,2,[],None,None
EXPLOIT_VULN,1797.6214003403259,1805.9362841646807,8.314883824354865,15,7bad0f13-d6db-496c-9001-c3f81e1a2a8b,None,None,1,185,2,[],None,None
EXPLOIT_VULN,1805.9362841646807,1824.7237568388725,18.787472674191804,15,7bad0f13-d6db-496c-9001-c3f81e1a2a8b,None,None,1,186,2,[],None,None
EXPLOIT_VULN,1824.7237568388725,1838.3164898159102,13.592732977037713,15,7bad0f13-d6db-496c-9001-c3f81e1a2a8b,None,None,1,187,2,[],None,None
EXPLOIT_VULN,1838.3164898159102,1859.390471539585,21.073981723674706,15,7bad0f13-d6db-496c-9001-c3f81e1a2a8b,None,None,1,188,2,[],None,None
EXPLOIT_VULN,1859.390471539585,1863.9386107205835,4.5481391809985325,15,7bad0f13-d6db-496c-9001-c3f81e1a2a8b,None,None,1,189,2,[],None,None
EXPLOIT_VULN,1863.9386107205835,1877.1105165862723,13.171905865688814,15,7bad0f13-d6db-496c-9001-c3f81e1a2a8b,None,None,1,190,2,[],None,None
BRUTE_FORCE,1877.1105165862723,1897.1105165862723,20.0,15,7bad0f13-d6db-496c-9001-c3f81e1a2a8b,None,None,1,191,2,[],None,None
ENUM_HOST,1897.1105165862723,1902.1105165862723,5.0,15,7bad0f13-d6db-496c-9001-c3f81e1a2a8b,None,None,1,191,2,[],None,None
SCAN_PORT,1902.1105165862723,1927.1105165862723,25.0,14,24b5f85e-fccb-425e-bc53-51a96288ec9d,None,None,1,191,2,[],None,None
EXPLOIT_VULN,1927.1105165862723,1928.2099627868467,1.099446200574448,14,24b5f85e-fccb-425e-bc53-51a96288ec9d,None,None,1,191,2,[],None,None
EXPLOIT_VULN,1928.2099627868467,1930.7675254671426,2.5575626802958595,14,24b5f85e-fccb-425e-bc53-51a96288ec9d,None,None,1,192,2,[],None,None
EXPLOIT_VULN,1930.7675254671426,1934.105376615342,3.3378511481994337,14,24b5f85e-fccb-425e-bc53-51a96288ec9d,None,None,1,193,2,[],None,None
EXPLOIT_VULN,1934.105376615342,1938.738773451463,4.633396836120937,14,24b5f85e-fccb-425e-bc53-51a96288ec9d,None,None,1,194,2,[],None,None
EXPLOIT_VULN,1938.738773451463,1942.4244876661069,3.6857142146438946,14,24b5f85e-fccb-425e-bc53-51a96288ec9d,None,None,1,195,2,[],None,None
EXPLOIT_VULN,1942.4244876661069,1947.8748214872717,5.450333821164804,14,24b5f85e-fccb-425e-bc53-51a96288ec9d,None,None,1,196,2,[],None,None
EXPLOIT_VULN,1947.8748214872717,1955.393013800221,7.518192312949395,14,24b5f85e-fccb-425e-bc53-51a96288ec9d,None,None,1,197,2,[],None,None
EXPLOIT_VULN,1955.393013800221,1962.7859489891612,7.3929351889401005,14,24b5f85e-fccb-425e-bc53-51a96288ec9d,None,None,1,198,2,[],None,None
EXPLOIT_VULN,1962.7859489891612,1966.9331931059494,4.147244116788215,14,24b5f85e-fccb-425e-bc53-51a96288ec9d,None,None,1,199,2,[],None,None
EXPLOIT_VULN,1966.9331931059494,1987.3117772834125,20.378584177463154,14,24b5f85e-fccb-425e-bc53-51a96288ec9d,None,None,1,200,2,[],None,None
EXPLOIT_VULN,1987.3117772834125,2007.7703078126253,20.458530529212794,14,24b5f85e-fccb-425e-bc53-51a96288ec9d,None,None,1,201,2,[],None,None
EXPLOIT_VULN,2007.7703078126253,2017.391366429453,9.621058616827668,14,24b5f85e-fccb-425e-bc53-51a96288ec9d,None,None,1,202,2,[],None,None
EXPLOIT_VULN,2017.391366429453,2026.3706251511303,8.979258721677297,14,24b5f85e-fccb-425e-bc53-51a96288ec9d,None,None,1,203,2,[],None,None
BRUTE_FORCE,2026.3706251511303,2046.3706251511303,20.0,14,24b5f85e-fccb-425e-bc53-51a96288ec9d,None,None,1,204,2,[],None,None
ENUM_HOST,2046.3706251511303,2051.3706251511303,5.0,14,24b5f85e-fccb-425e-bc53-51a96288ec9d,None,None,1,204,2,[],None,None
SCAN_PORT,2051.3706251511303,2076.3706251511303,25.0,17,5311f8a3-9422-4bc0-bcfe-ce96b74b68b0,None,None,2,204,2,[],None,None
EXPLOIT_VULN,2076.3706251511303,2079.3867793388654,3.016154187735083,17,5311f8a3-9422-4bc0-bcfe-ce96b74b68b0,None,None,2,204,2,[],None,None
EXPLOIT_VULN,2079.3867793388654,2081.8591336763757,2.4723543375102963,17,5311f8a3-9422-4bc0-bcfe-ce96b74b68b0,None,None,2,205,2,[],None,None
EXPLOIT_VULN,2081.8591336763757,2084.9901085614188,3.130974885043088,17,5311f8a3-9422-4bc0-bcfe-ce96b74b68b0,None,None,2,206,2,[],None,None
EXPLOIT_VULN,2084.9901085614188,2087.5288290857834,2.538720524364635,17,5311f8a3-9422-4bc0-bcfe-ce96b74b68b0,None,None,2,207,2,[],None,None
EXPLOIT_VULN,2087.5288290857834,2096.394391381774,8.865562295990458,17,5311f8a3-9422-4bc0-bcfe-ce96b74b68b0,None,None,2,208,2,[],None,None
EXPLOIT_VULN,2096.394391381774,2099.3436949998963,2.949303618122485,17,5311f8a3-9422-4bc0-bcfe-ce96b74b68b0,None,None,2,209,2,[],None,None
EXPLOIT_VULN,2099.3436949998963,2114.5210772651953,15.177382265299002,17,5311f8a3-9422-4bc0-bcfe-ce96b74b68b0,None,None,2,210,2,[],None,None
EXPLOIT_VULN,2114.5210772651953,2119.8532665968687,5.332189331673362,17,5311f8a3-9422-4bc0-bcfe-ce96b74b68b0,None,None,2,211,2,[],None,None
EXPLOIT_VULN,2119.8532665968687,2126.1417342613,6.288467664431209,17,5311f8a3-9422-4bc0-bcfe-ce96b74b68b0,None,None,2,212,2,[],None,None
EXPLOIT_VULN,2126.1417342613,2140.820606109973,14.678871848673225,17,5311f8a3-9422-4bc0-bcfe-ce96b74b68b0,None,None,2,213,2,[],None,None
EXPLOIT_VULN,2140.820606109973,2157.8060894440414,16.98548333406825,17,5311f8a3-9422-4bc0-bcfe-ce96b74b68b0,None,None,2,214,2,[],None,None
EXPLOIT_VULN,2157.8060894440414,2165.2963841166743,7.490294672632899,17,5311f8a3-9422-4bc0-bcfe-ce96b74b68b0,None,None,2,215,2,[],None,None
EXPLOIT_VULN,2165.2963841166743,2185.6127523969935,20.31636828031924,17,5311f8a3-9422-4bc0-bcfe-ce96b74b68b0,None,None,2,216,2,[],None,None
EXPLOIT_VULN,2185.6127523969935,2208.253205025075,22.640452628081675,17,5311f8a3-9422-4bc0-bcfe-ce96b74b68b0,None,None,2,217,2,[],None,None
EXPLOIT_VULN,2208.253205025075,2214.079155316174,5.825950291098707,17,5311f8a3-9422-4bc0-bcfe-ce96b74b68b0,None,None,2,218,2,[],None,None
EXPLOIT_VULN,2214.079155316174,2221.9219621512575,7.842806835083593,17,5311f8a3-9422-4bc0-bcfe-ce96b74b68b0,None,None,2,219,2,[],None,None
EXPLOIT_VULN,2221.9219621512575,2237.40328066788,15.48131851662265,17,5311f8a3-9422-4bc0-bcfe-ce96b74b68b0,None,None,2,220,2,[],None,None
EXPLOIT_VULN,2237.40328066788,2245.6113385577187,8.208057889838528,17,5311f8a3-9422-4bc0-bcfe-ce96b74b68b0,None,None,2,221,2,[],None,None
EXPLOIT_VULN,2245.6113385577187,2252.299322608958,6.687984051239255,17,5311f8a3-9422-4bc0-bcfe-ce96b74b68b0,17,5311f8a3-9422-4bc0-bcfe-ce96b74b68b0,2,222,2,"['Erica', 'Kristine', 'Krystyna', 'Matti', 'Valerye']",None,None
SCAN_NEIGHBOR,2252.299322608958,2257.299322608958,5.0,17,5311f8a3-9422-4bc0-bcfe-ce96b74b68b0,None,None,2,223,3,[],None,None
ENUM_HOST,2257.299322608958,2262.299322608958,5.0,17,5311f8a3-9422-4bc0-bcfe-ce96b74b68b0,None,None,2,223,3,[],None,None
SCAN_PORT,2262.299322608958,2287.299322608958,25.0,16,a3cfd256-91d3-4e3a-839a-ae3b271a4b53,None,None,1,223,3,[],None,None
EXPLOIT_VULN,2287.299322608958,2295.014142411728,7.714819802769853,16,a3cfd256-91d3-4e3a-839a-ae3b271a4b53,None,None,1,223,3,[],None,None
EXPLOIT_VULN,2295.014142411728,2296.630040111231,1.6158976995034209,16,a3cfd256-91d3-4e3a-839a-ae3b271a4b53,None,None,1,224,3,[],None,None
EXPLOIT_VULN,2296.630040111231,2304.6423254676156,8.012285356384382,16,a3cfd256-91d3-4e3a-839a-ae3b271a4b53,None,None,1,225,3,[],None,None
EXPLOIT_VULN,2304.6423254676156,2311.391666572531,6.749341104915402,16,a3cfd256-91d3-4e3a-839a-ae3b271a4b53,None,None,1,226,3,[],None,None
EXPLOIT_VULN,2311.391666572531,2316.744151155572,5.352484583041132,16,a3cfd256-91d3-4e3a-839a-ae3b271a4b53,None,None,1,227,3,[],None,None
EXPLOIT_VULN,2316.744151155572,2325.3196986799867,8.57554752441456,16,a3cfd256-91d3-4e3a-839a-ae3b271a4b53,None,None,1,228,3,[],None,None
EXPLOIT_VULN,2325.3196986799867,2328.7479679201156,3.428269240128884,16,a3cfd256-91d3-4e3a-839a-ae3b271a4b53,None,None,1,229,3,[],None,None
EXPLOIT_VULN,2328.7479679201156,2334.415203246353,5.66723532623746,16,a3cfd256-91d3-4e3a-839a-ae3b271a4b53,None,None,1,230,3,[],None,None
EXPLOIT_VULN,2334.415203246353,2336.8398118400683,2.42460859371522,16,a3cfd256-91d3-4e3a-839a-ae3b271a4b53,None,None,1,231,3,[],None,None
EXPLOIT_VULN,2336.8398118400683,2341.4162143907784,4.5764025507101,16,a3cfd256-91d3-4e3a-839a-ae3b271a4b53,None,None,1,232,3,[],None,None
EXPLOIT_VULN,2341.4162143907784,2357.1429140954037,15.72669970462539,16,a3cfd256-91d3-4e3a-839a-ae3b271a4b53,None,None,1,233,3,[],None,None
EXPLOIT_VULN,2357.1429140954037,2372.9807142670907,15.837800171686922,16,a3cfd256-91d3-4e3a-839a-ae3b271a4b53,None,None,1,234,3,[],None,None
EXPLOIT_VULN,2372.9807142670907,2395.2490415166258,22.268327249535105,16,a3cfd256-91d3-4e3a-839a-ae3b271a4b53,None,None,1,235,3,[],None,None
EXPLOIT_VULN,2395.2490415166258,2409.0109073246936,13.761865808067796,16,a3cfd256-91d3-4e3a-839a-ae3b271a4b53,None,None,1,236,3,[],None,None
EXPLOIT_VULN,2409.0109073246936,2430.8039788696633,21.793071544969735,16,a3cfd256-91d3-4e3a-839a-ae3b271a4b53,16,a3cfd256-91d3-4e3a-839a-ae3b271a4b53,1,237,3,"['Sandy', 'Mattie', 'Simonette', 'Camila']",None,None
SCAN_NEIGHBOR,2430.8039788696633,2435.8039788696633,5.0,16,a3cfd256-91d3-4e3a-839a-ae3b271a4b53,None,None,1,238,4,[],None,None
ENUM_HOST,2435.8039788696633,2440.8039788696633,5.0,16,a3cfd256-91d3-4e3a-839a-ae3b271a4b53,None,None,1,238,4,[],None,None
ENUM_HOST,2440.8039788696633,2445.8039788696633,5.0,17,5311f8a3-9422-4bc0-bcfe-ce96b74b68b0,None,None,3,238,4,[],None,None
SCAN_PORT,2445.8039788696633,2470.8039788696633,25.0,20,14b509d3-7e8a-4b60-9f3d-c74942b8eacc,None,None,1,238,4,[],None,None
EXPLOIT_VULN,2470.8039788696633,2471.5502835268135,0.7463046571501764,20,14b509d3-7e8a-4b60-9f3d-c74942b8eacc,None,None,1,238,4,[],None,None
EXPLOIT_VULN,2471.5502835268135,2472.076251754107,0.5259682272935606,20,14b509d3-7e8a-4b60-9f3d-c74942b8eacc,None,None,1,239,4,[],None,None
EXPLOIT_VULN,2472.076251754107,2473.0011436037757,0.9248918496687111,20,14b509d3-7e8a-4b60-9f3d-c74942b8eacc,None,None,1,240,4,[],None,None
EXPLOIT_VULN,2473.0011436037757,2478.2404424506385,5.239298846862766,20,14b509d3-7e8a-4b60-9f3d-c74942b8eacc,None,None,1,241,4,[],None,None
EXPLOIT_VULN,2478.2404424506385,2481.0191786311693,2.7787361805308137,20,14b509d3-7e8a-4b60-9f3d-c74942b8eacc,None,None,1,242,4,[],None,None
EXPLOIT_VULN,2481.0191786311693,2483.421695319712,2.402516688542619,20,14b509d3-7e8a-4b60-9f3d-c74942b8eacc,None,None,1,243,4,[],None,None
EXPLOIT_VULN,2483.421695319712,2487.001043880416,3.5793485607041475,20,14b509d3-7e8a-4b60-9f3d-c74942b8eacc,None,None,1,244,4,[],None,None
EXPLOIT_VULN,2487.001043880416,2489.694417347643,2.6933734672270475,20,14b509d3-7e8a-4b60-9f3d-c74942b8eacc,None,None,1,245,4,[],None,None
EXPLOIT_VULN,2489.694417347643,2491.81235383767,2.11793649002675,20,14b509d3-7e8a-4b60-9f3d-c74942b8eacc,None,None,1,246,4,[],None,None
EXPLOIT_VULN,2491.81235383767,2495.7723254415887,3.9599716039188024,20,14b509d3-7e8a-4b60-9f3d-c74942b8eacc,None,None,1,247,4,[],None,None
EXPLOIT_VULN,2495.7723254415887,2504.0800484638835,8.307723022294795,20,14b509d3-7e8a-4b60-9f3d-c74942b8eacc,None,None,1,248,4,[],None,None
EXPLOIT_VULN,2504.0800484638835,2506.3523052639753,2.2722568000917818,20,14b509d3-7e8a-4b60-9f3d-c74942b8eacc,None,None,1,249,4,[],None,None
EXPLOIT_VULN,2506.3523052639753,2513.9611532774,7.608848013424904,20,14b509d3-7e8a-4b60-9f3d-c74942b8eacc,None,None,1,250,4,[],None,None
EXPLOIT_VULN,2513.9611532774,2518.2174126351447,4.256259357744511,20,14b509d3-7e8a-4b60-9f3d-c74942b8eacc,None,None,1,251,4,[],None,None
EXPLOIT_VULN,2518.2174126351447,2521.578049671696,3.360637036551452,20,14b509d3-7e8a-4b60-9f3d-c74942b8eacc,None,None,1,252,4,[],None,None
EXPLOIT_VULN,2521.578049671696,2527.3037775865796,5.725727914883464,20,14b509d3-7e8a-4b60-9f3d-c74942b8eacc,None,None,1,253,4,[],None,None
EXPLOIT_VULN,2527.3037775865796,2533.6523044794462,6.34852689286663,20,14b509d3-7e8a-4b60-9f3d-c74942b8eacc,None,None,1,254,4,[],None,None
EXPLOIT_VULN,2533.6523044794462,2550.4981959914053,16.845891511959053,20,14b509d3-7e8a-4b60-9f3d-c74942b8eacc,None,None,1,255,4,[],None,None
EXPLOIT_VULN,2550.4981959914053,2558.6844978685876,8.186301877182359,20,14b509d3-7e8a-4b60-9f3d-c74942b8eacc,None,None,1,256,4,[],None,None
BRUTE_FORCE,2558.6844978685876,2578.6844978685876,20.0,20,14b509d3-7e8a-4b60-9f3d-c74942b8eacc,None,None,1,257,4,[],None,None
ENUM_HOST,2578.6844978685876,2583.6844978685876,5.0,20,14b509d3-7e8a-4b60-9f3d-c74942b8eacc,None,None,1,257,4,[],None,None
SCAN_PORT,2583.6844978685876,2608.6844978685876,25.0,14,24b5f85e-fccb-425e-bc53-51a96288ec9d,None,None,2,257,4,[],None,None
EXPLOIT_VULN,2608.6844978685876,2611.0395385237157,2.3550406551280503,14,24b5f85e-fccb-425e-bc53-51a96288ec9d,None,None,2,257,4,[],None,None
EXPLOIT_VULN,2611.0395385237157,2613.3956373511623,2.356098827446658,14,24b5f85e-fccb-425e-bc53-51a96288ec9d,None,None,2,258,4,[],None,None
EXPLOIT_VULN,2613.3956373511623,2616.775252320892,3.379614969729573,14,24b5f85e-fccb-425e-bc53-51a96288ec9d,None,None,2,259,4,[],None,None
EXPLOIT_VULN,2616.775252320892,2619.9878096156217,3.212557294729777,14,24b5f85e-fccb-425e-bc53-51a96288ec9d,None,None,2,260,4,[],None,None
EXPLOIT_VULN,2619.9878096156217,2625.546956776153,5.559147160531211,14,24b5f85e-fccb-425e-bc53-51a96288ec9d,None,None,2,261,4,[],None,None
EXPLOIT_VULN,2625.546956776153,2632.8527277825474,7.30577100639448,14,24b5f85e-fccb-425e-bc53-51a96288ec9d,None,None,2,262,4,[],None,None
EXPLOIT_VULN,2632.8527277825474,2640.3307026469515,7.477974864404132,14,24b5f85e-fccb-425e-bc53-51a96288ec9d,None,None,2,263,4,[],None,None
EXPLOIT_VULN,2640.3307026469515,2643.924181503519,3.5934788565673443,14,24b5f85e-fccb-425e-bc53-51a96288ec9d,None,None,2,264,4,[],None,None
EXPLOIT_VULN,2643.924181503519,2647.318402381222,3.394220877702992,14,24b5f85e-fccb-425e-bc53-51a96288ec9d,None,None,2,265,4,[],None,None
EXPLOIT_VULN,2647.318402381222,2668.4311801471977,21.112777765975807,14,24b5f85e-fccb-425e-bc53-51a96288ec9d,None,None,2,266,4,[],None,None
EXPLOIT_VULN,2668.4311801471977,2689.176198335664,20.745018188466474,14,24b5f85e-fccb-425e-bc53-51a96288ec9d,None,None,2,267,4,[],None,None
EXPLOIT_VULN,2689.176198335664,2708.009884223477,18.833685887812862,14,24b5f85e-fccb-425e-bc53-51a96288ec9d,None,None,2,268,4,[],None,None
EXPLOIT_VULN,2708.009884223477,2714.553511150917,6.543626927440073,14,24b5f85e-fccb-425e-bc53-51a96288ec9d,None,None,2,269,4,[],None,None
EXPLOIT_VULN,2714.553511150917,2722.8164030078665,8.262891856949409,14,24b5f85e-fccb-425e-bc53-51a96288ec9d,None,None,2,270,4,[],None,None
EXPLOIT_VULN,2722.8164030078665,2730.84816208141,8.031759073543526,14,24b5f85e-fccb-425e-bc53-51a96288ec9d,None,None,2,271,4,[],None,None
EXPLOIT_VULN,2730.84816208141,2739.0430578360006,8.194895754590561,14,24b5f85e-fccb-425e-bc53-51a96288ec9d,None,None,2,272,4,[],None,None
EXPLOIT_VULN,2739.0430578360006,2745.7048915594037,6.661833723403106,14,24b5f85e-fccb-425e-bc53-51a96288ec9d,None,None,2,273,4,[],None,None
EXPLOIT_VULN,2745.7048915594037,2767.9063896848916,22.201498125487888,14,24b5f85e-fccb-425e-bc53-51a96288ec9d,None,None,2,274,4,[],None,None
EXPLOIT_VULN,2767.9063896848916,2777.262892419069,9.356502734177411,14,24b5f85e-fccb-425e-bc53-51a96288ec9d,None,None,2,275,4,[],None,None
EXPLOIT_VULN,2777.262892419069,2786.2151054578526,8.952213038783611,14,24b5f85e-fccb-425e-bc53-51a96288ec9d,None,None,2,276,4,[],None,None
EXPLOIT_VULN,2786.2151054578526,2795.14546839428,8.930362936427628,14,24b5f85e-fccb-425e-bc53-51a96288ec9d,None,None,2,277,4,[],None,None
EXPLOIT_VULN,2795.14546839428,2800.859324215707,5.713855821426932,14,24b5f85e-fccb-425e-bc53-51a96288ec9d,None,None,2,278,4,[],None,None
EXPLOIT_VULN,2800.859324215707,2809.7571847508993,8.897860535192194,14,24b5f85e-fccb-425e-bc53-51a96288ec9d,None,None,2,279,4,[],None,None
EXPLOIT_VULN,2809.7571847508993,2832.574355949336,22.81717119843688,14,24b5f85e-fccb-425e-bc53-51a96288ec9d,None,None,2,280,4,[],None,None
EXPLOIT_VULN,2832.574355949336,2854.9197838565806,22.345427907244357,14,24b5f85e-fccb-425e-bc53-51a96288ec9d,14,24b5f85e-fccb-425e-bc53-51a96288ec9d,2,281,4,"['Zarla', 'Marietta']",None,None
SCAN_NEIGHBOR,2854.9197838565806,2859.9197838565806,5.0,14,24b5f85e-fccb-425e-bc53-51a96288ec9d,None,None,2,282,5,[],None,None
ENUM_HOST,2859.9197838565806,2864.9197838565806,5.0,14,24b5f85e-fccb-425e-bc53-51a96288ec9d,None,None,2,282,5,[],None,None
SCAN_PORT,2864.9197838565806,2889.9197838565806,25.0,15,7bad0f13-d6db-496c-9001-c3f81e1a2a8b,15,7bad0f13-d6db-496c-9001-c3f81e1a2a8b,2,282,5,"['Lavena', 'Sue', 'Candice']",None,None
SCAN_NEIGHBOR,2889.9197838565806,2894.9197838565806,5.0,15,7bad0f13-d6db-496c-9001-c3f81e1a2a8b,None,None,2,282,6,[],None,None
ENUM_HOST,2894.9197838565806,2899.9197838565806,5.0,15,7bad0f13-d6db-496c-9001-c3f81e1a2a8b,None,None,2,282,6,[],None,None
SCAN_PORT,2899.9197838565806,2924.9197838565806,25.0,9,114313f3-bbe4-4d4d-bf26-5965c5e8ea6f,None,None,1,282,6,[],None,None
EXPLOIT_VULN,2924.9197838565806,2925.6787785568945,0.7589947003139059,9,114313f3-bbe4-4d4d-bf26-5965c5e8ea6f,None,None,1,282,6,[],None,None
EXPLOIT_VULN,2925.6787785568945,2927.1325049115344,1.4537263546399117,9,114313f3-bbe4-4d4d-bf26-5965c5e8ea6f,None,None,1,283,6,[],None,None
EXPLOIT_VULN,2927.1325049115344,2927.7459835940326,0.6134786824982257,9,114313f3-bbe4-4d4d-bf26-5965c5e8ea6f,None,None,1,284,6,[],None,None
EXPLOIT_VULN,2927.7459835940326,2930.1042473479865,2.3582637539539064,9,114313f3-bbe4-4d4d-bf26-5965c5e8ea6f,None,None,1,285,6,[],None,None
EXPLOIT_VULN,2930.1042473479865,2934.8392296117045,4.734982263717939,9,114313f3-bbe4-4d4d-bf26-5965c5e8ea6f,None,None,1,286,6,[],None,None
EXPLOIT_VULN,2934.8392296117045,2938.1853720067984,3.3461423950939206,9,114313f3-bbe4-4d4d-bf26-5965c5e8ea6f,None,None,1,287,6,[],None,None
EXPLOIT_VULN,2938.1853720067984,2945.404722478959,7.219350472160386,9,114313f3-bbe4-4d4d-bf26-5965c5e8ea6f,None,None,1,288,6,[],None,None
EXPLOIT_VULN,2945.404722478959,2953.8889692570497,8.484246778090892,9,114313f3-bbe4-4d4d-bf26-5965c5e8ea6f,None,None,1,289,6,[],None,None
EXPLOIT_VULN,2953.8889692570497,2968.028087004355,14.139117747305136,9,114313f3-bbe4-4d4d-bf26-5965c5e8ea6f,None,None,1,290,6,[],None,None
EXPLOIT_VULN,2968.028087004355,2987.520707369364,19.492620365009316,9,114313f3-bbe4-4d4d-bf26-5965c5e8ea6f,None,None,1,291,6,[],None,None
EXPLOIT_VULN,2987.520707369364,2991.731854944874,4.21114757551004,9,114313f3-bbe4-4d4d-bf26-5965c5e8ea6f,None,None,1,292,6,[],None,None
EXPLOIT_VULN,2991.731854944874,3001.087077020253,9.35522207537906,9,114313f3-bbe4-4d4d-bf26-5965c5e8ea6f,None,None,1,293,6,[],None,None
EXPLOIT_VULN,3001.087077020253,3010.348832369814,9.261755349560644,9,114313f3-bbe4-4d4d-bf26-5965c5e8ea6f,None,None,1,294,6,[],None,None
BRUTE_FORCE,3010.348832369814,3030.348832369814,20.0,9,114313f3-bbe4-4d4d-bf26-5965c5e8ea6f,None,None,1,295,6,[],None,None
ENUM_HOST,3030.348832369814,3035.348832369814,5.0,9,114313f3-bbe4-4d4d-bf26-5965c5e8ea6f,None,None,1,295,6,[],None,None
ENUM_HOST,3035.348832369814,3040.348832369814,5.0,14,24b5f85e-fccb-425e-bc53-51a96288ec9d,None,None,3,295,6,[],None,None
SCAN_PORT,3040.348832369814,3065.348832369814,25.0,13,0325a8dd-15ee-476c-8f08-aa26a1c31f4f,None,None,1,295,6,[],None,None
EXPLOIT_VULN,3065.348832369814,3066.605979207069,1.2571468372552772,13,0325a8dd-15ee-476c-8f08-aa26a1c31f4f,None,None,1,295,6,[],None,None
EXPLOIT_VULN,3066.605979207069,3069.4396611929856,2.833681985916428,13,0325a8dd-15ee-476c-8f08-aa26a1c31f4f,None,None,1,296,6,[],None,None
EXPLOIT_VULN,3069.4396611929856,3072.200222342184,2.7605611491985655,13,0325a8dd-15ee-476c-8f08-aa26a1c31f4f,None,None,1,297,6,[],None,None
EXPLOIT_VULN,3072.200222342184,3074.8804885061154,2.6802661639312646,13,0325a8dd-15ee-476c-8f08-aa26a1c31f4f,None,None,1,298,6,[],None,None
EXPLOIT_VULN,3074.8804885061154,3078.140745441909,3.2602569357936773,13,0325a8dd-15ee-476c-8f08-aa26a1c31f4f,None,None,1,299,6,[],None,None
EXPLOIT_VULN,3078.140745441909,3089.7581493588036,11.617403916894546,13,0325a8dd-15ee-476c-8f08-aa26a1c31f4f,None,None,1,300,6,[],None,None
EXPLOIT_VULN,3089.7581493588036,3100.107566817971,10.349417459167398,13,0325a8dd-15ee-476c-8f08-aa26a1c31f4f,None,None,1,301,6,[],None,None
EXPLOIT_VULN,3100.107566817971,3108.013547237703,7.905980419731804,13,0325a8dd-15ee-476c-8f08-aa26a1c31f4f,None,None,1,302,6,[],None,None
EXPLOIT_VULN,3108.013547237703,3114.803051837045,6.789504599342308,13,0325a8dd-15ee-476c-8f08-aa26a1c31f4f,None,None,1,303,6,[],None,None
EXPLOIT_VULN,3114.803051837045,3127.5297592972074,12.726707460162288,13,0325a8dd-15ee-476c-8f08-aa26a1c31f4f,None,None,1,304,6,[],None,None
EXPLOIT_VULN,3127.5297592972074,3138.7698850504808,11.240125753273333,13,0325a8dd-15ee-476c-8f08-aa26a1c31f4f,None,None,1,305,6,[],None,None
EXPLOIT_VULN,3138.7698850504808,3144.563874532106,5.793989481625431,13,0325a8dd-15ee-476c-8f08-aa26a1c31f4f,None,None,1,306,6,[],None,None
EXPLOIT_VULN,3144.563874532106,3154.71782604615,10.15395151404391,13,0325a8dd-15ee-476c-8f08-aa26a1c31f4f,None,None,1,307,6,[],None,None
EXPLOIT_VULN,3154.71782604615,3172.6202916443817,17.90246559823163,13,0325a8dd-15ee-476c-8f08-aa26a1c31f4f,None,None,1,308,6,[],None,None
EXPLOIT_VULN,3172.6202916443817,3178.8660790948456,6.245787450463922,13,0325a8dd-15ee-476c-8f08-aa26a1c31f4f,None,None,1,309,6,[],None,None
EXPLOIT_VULN,3178.8660790948456,3190.814536004622,11.948456909776269,13,0325a8dd-15ee-476c-8f08-aa26a1c31f4f,None,None,1,310,6,[],None,None
EXPLOIT_VULN,3190.814536004622,3196.4746998865917,5.6601638819697655,13,0325a8dd-15ee-476c-8f08-aa26a1c31f4f,None,None,1,311,6,[],None,None
EXPLOIT_VULN,3196.4746998865917,3202.1492487055543,5.6745488189626485,13,0325a8dd-15ee-476c-8f08-aa26a1c31f4f,None,None,1,312,6,[],None,None
EXPLOIT_VULN,3202.1492487055543,3208.618608726617,6.469360021062585,13,0325a8dd-15ee-476c-8f08-aa26a1c31f4f,None,None,1,313,6,[],None,None
EXPLOIT_VULN,3208.618608726617,3212.480432730759,3.8618240041419085,13,0325a8dd-15ee-476c-8f08-aa26a1c31f4f,None,None,1,314,6,[],None,None
EXPLOIT_VULN,3212.480432730759,3226.734126200708,14.253693469949212,13,0325a8dd-15ee-476c-8f08-aa26a1c31f4f,None,None,1,315,6,[],None,None
EXPLOIT_VULN,3226.734126200708,3234.019397936508,7.285271735800052,13,0325a8dd-15ee-476c-8f08-aa26a1c31f4f,None,None,1,316,6,[],None,None
EXPLOIT_VULN,3234.019397936508,3243.032392552862,9.012994616353808,13,0325a8dd-15ee-476c-8f08-aa26a1c31f4f,None,None,1,317,6,[],None,None
EXPLOIT_VULN,3243.032392552862,3264.4971030899474,21.464710537085466,13,0325a8dd-15ee-476c-8f08-aa26a1c31f4f,None,None,1,318,6,[],None,None
EXPLOIT_VULN,3264.4971030899474,3275.435567944722,10.938464854774793,13,0325a8dd-15ee-476c-8f08-aa26a1c31f4f,None,None,1,319,6,[],None,None
EXPLOIT_VULN,3275.435567944722,3283.201352719527,7.76578477480507,13,0325a8dd-15ee-476c-8f08-aa26a1c31f4f,None,None,1,320,6,[],None,None
EXPLOIT_VULN,3283.201352719527,3304.4340084625496,21.232655743022406,13,0325a8dd-15ee-476c-8f08-aa26a1c31f4f,None,None,1,321,6,[],None,None
EXPLOIT_VULN,3304.4340084625496,3312.9760992701213,8.54209080757164,13,0325a8dd-15ee-476c-8f08-aa26a1c31f4f,None,None,1,322,6,[],None,None
EXPLOIT_VULN,3312.9760992701213,3316.639178951205,3.6630796810836728,13,0325a8dd-15ee-476c-8f08-aa26a1c31f4f,None,None,1,323,6,[],None,None
EXPLOIT_VULN,3316.639178951205,3335.8757063313396,19.236527380134703,13,0325a8dd-15ee-476c-8f08-aa26a1c31f4f,None,None,1,324,6,[],None,None
EXPLOIT_VULN,3335.8757063313396,3358.4108813819275,22.535175050587895,13,0325a8dd-15ee-476c-8f08-aa26a1c31f4f,None,None,1,325,6,[],None,None
BRUTE_FORCE,3358.4108813819275,3378.4108813819275,20.0,13,0325a8dd-15ee-476c-8f08-aa26a1c31f4f,None,None,1,326,6,[],None,None
ENUM_HOST,3378.4108813819275,3383.4108813819275,5.0,13,0325a8dd-15ee-476c-8f08-aa26a1c31f4f,None,None,1,326,6,[],None,None
SCAN_PORT,3383.4108813819275,3408.4108813819275,25.0,22,c2e5719c-da0b-4182-bcdc-35416cf9f3ab,None,None,2,326,6,[],None,None
EXPLOIT_VULN,3408.4108813819275,3409.257870855133,0.8469894732056673,22,c2e5719c-da0b-4182-bcdc-35416cf9f3ab,None,None,2,326,6,[],None,None
EXPLOIT_VULN,3409.257870855133,3416.4221341689545,7.164263313821266,22,c2e5719c-da0b-4182-bcdc-35416cf9f3ab,None,None,2,327,6,[],None,None
EXPLOIT_VULN,3416.4221341689545,3420.095597506903,3.6734633379483057,22,c2e5719c-da0b-4182-bcdc-35416cf9f3ab,None,None,2,328,6,[],None,None
EXPLOIT_VULN,3420.095597506903,3422.232295246428,2.1366977395250615,22,c2e5719c-da0b-4182-bcdc-35416cf9f3ab,None,None,2,329,6,[],None,None
EXPLOIT_VULN,3422.232295246428,3428.1542963046268,5.92200105819893,22,c2e5719c-da0b-4182-bcdc-35416cf9f3ab,None,None,2,330,6,[],None,None
EXPLOIT_VULN,3428.1542963046268,3439.2880058907213,11.133709586094483,22,c2e5719c-da0b-4182-bcdc-35416cf9f3ab,None,None,2,331,6,[],None,None
EXPLOIT_VULN,3439.2880058907213,3451.632819945013,12.344814054291874,22,c2e5719c-da0b-4182-bcdc-35416cf9f3ab,None,None,2,332,6,[],None,None
EXPLOIT_VULN,3451.632819945013,3457.9788501391486,6.346030194135437,22,c2e5719c-da0b-4182-bcdc-35416cf9f3ab,None,None,2,333,6,[],None,None
EXPLOIT_VULN,3457.9788501391486,3465.3097668742184,7.330916735069877,22,c2e5719c-da0b-4182-bcdc-35416cf9f3ab,None,None,2,334,6,[],None,None
EXPLOIT_VULN,3465.3097668742184,3476.865473970983,11.555707096764763,22,c2e5719c-da0b-4182-bcdc-35416cf9f3ab,None,None,2,335,6,[],None,None
EXPLOIT_VULN,3476.865473970983,3490.1184449536286,13.252970982645365,22,c2e5719c-da0b-4182-bcdc-35416cf9f3ab,None,None,2,336,6,[],None,None
EXPLOIT_VULN,3490.1184449536286,3499.670741183919,9.552296230290267,22,c2e5719c-da0b-4182-bcdc-35416cf9f3ab,None,None,2,337,6,[],None,None
EXPLOIT_VULN,3499.670741183919,3505.86359217435,6.192850990430998,22,c2e5719c-da0b-4182-bcdc-35416cf9f3ab,None,None,2,338,6,[],None,None
EXPLOIT_VULN,3505.86359217435,3512.831379579015,6.96778740466516,22,c2e5719c-da0b-4182-bcdc-35416cf9f3ab,None,None,2,339,6,[],None,None
EXPLOIT_VULN,3512.831379579015,3520.952346747012,8.12096716799715,22,c2e5719c-da0b-4182-bcdc-35416cf9f3ab,None,None,2,340,6,[],None,None
EXPLOIT_VULN,3520.952346747012,3529.860300599565,8.907953852552964,22,c2e5719c-da0b-4182-bcdc-35416cf9f3ab,None,None,2,341,6,[],None,None
EXPLOIT_VULN,3529.860300599565,3537.0733710022614,7.213070402696303,22,c2e5719c-da0b-4182-bcdc-35416cf9f3ab,None,None,2,342,6,[],None,None
EXPLOIT_VULN,3537.0733710022614,3545.9530346205242,8.879663618262839,22,c2e5719c-da0b-4182-bcdc-35416cf9f3ab,22,c2e5719c-da0b-4182-bcdc-35416cf9f3ab,2,343,6,"['Leanora', 'Perrine', 'Hester', 'Lorilyn', 'Anabelle']",None,None
SCAN_NEIGHBOR,3545.9530346205242,3550.9530346205242,5.0,22,c2e5719c-da0b-4182-bcdc-35416cf9f3ab,None,None,2,344,7,[],None,None
ENUM_HOST,3550.9530346205242,3555.9530346205242,5.0,22,c2e5719c-da0b-4182-bcdc-35416cf9f3ab,None,None,2,344,7,[],None,None
ENUM_HOST,3555.9530346205242,3560.9530346205242,5.0,18,540c216e-63f2-483e-ad83-584afa2e5163,None,None,3,344,7,[],None,None
SCAN_PORT,3560.9530346205242,3585.9530346205242,25.0,9,114313f3-bbe4-4d4d-bf26-5965c5e8ea6f,None,None,2,344,7,[],None,None
EXPLOIT_VULN,3585.9530346205242,3586.640637697377,0.6876030768526107,9,114313f3-bbe4-4d4d-bf26-5965c5e8ea6f,None,None,2,344,7,[],None,None
EXPLOIT_VULN,3586.640637697377,3593.1629419407855,6.522304243408598,9,114313f3-bbe4-4d4d-bf26-5965c5e8ea6f,None,None,2,345,7,[],None,None
EXPLOIT_VULN,3593.1629419407855,3601.304648955895,8.14170701510966,9,114313f3-bbe4-4d4d-bf26-5965c5e8ea6f,None,None,2,346,7,[],None,None
EXPLOIT_VULN,3601.304648955895,3620.3328763912696,19.028227435374447,9,114313f3-bbe4-4d4d-bf26-5965c5e8ea6f,None,None,2,347,7,[],None,None
EXPLOIT_VULN,3620.3328763912696,3623.9566627140907,3.623786322821161,9,114313f3-bbe4-4d4d-bf26-5965c5e8ea6f,None,None,2,348,7,[],None,None
EXPLOIT_VULN,3623.9566627140907,3633.1740013645976,9.217338650506917,9,114313f3-bbe4-4d4d-bf26-5965c5e8ea6f,None,None,2,349,7,[],None,None
BRUTE_FORCE,3633.1740013645976,3653.1740013645976,20.0,9,114313f3-bbe4-4d4d-bf26-5965c5e8ea6f,None,None,2,350,7,[],None,None
ENUM_HOST,3653.1740013645976,3658.1740013645976,5.0,9,114313f3-bbe4-4d4d-bf26-5965c5e8ea6f,None,None,2,350,7,[],None,None
SCAN_PORT,3658.1740013645976,3683.1740013645976,25.0,28,08c232dd-792a-407a-a916-e884090ff352,28,08c232dd-792a-407a-a916-e884090ff352,2,350,7,"['Brinna', 'Aura', 'Aggie']",None,None
SCAN_NEIGHBOR,3683.1740013645976,3688.1740013645976,5.0,28,08c232dd-792a-407a-a916-e884090ff352,None,None,2,350,8,[],None,None
ENUM_HOST,3688.1740013645976,3693.1740013645976,5.0,28,08c232dd-792a-407a-a916-e884090ff352,None,None,2,350,8,[],None,None
SCAN_PORT,3693.1740013645976,3718.1740013645976,25.0,30,908721ca-aae2-4be7-a42d-24093f9e3810,None,None,1,350,8,[],None,None
EXPLOIT_VULN,3718.1740013645976,3718.3754081700304,0.20140680543272538,30,908721ca-aae2-4be7-a42d-24093f9e3810,None,None,1,350,8,[],None,None
EXPLOIT_VULN,3718.3754081700304,3719.1306463075007,0.7552381374703145,30,908721ca-aae2-4be7-a42d-24093f9e3810,None,None,1,351,8,[],None,None
EXPLOIT_VULN,3719.1306463075007,3719.853809963985,0.7231636564843029,30,908721ca-aae2-4be7-a42d-24093f9e3810,None,None,1,352,8,[],None,None
EXPLOIT_VULN,3719.853809963985,3723.5346680433463,3.6808580793613146,30,908721ca-aae2-4be7-a42d-24093f9e3810,None,None,1,353,8,[],None,None
EXPLOIT_VULN,3723.5346680433463,3727.6349606792082,4.100292635861933,30,908721ca-aae2-4be7-a42d-24093f9e3810,None,None,1,354,8,[],None,None
EXPLOIT_VULN,3727.6349606792082,3738.1276281924784,10.492667513270135,30,908721ca-aae2-4be7-a42d-24093f9e3810,None,None,1,355,8,[],None,None
EXPLOIT_VULN,3738.1276281924784,3742.676075614135,4.5484474216564195,30,908721ca-aae2-4be7-a42d-24093f9e3810,None,None,1,356,8,[],None,None
EXPLOIT_VULN,3742.676075614135,3754.1258850071104,11.449809392975567,30,908721ca-aae2-4be7-a42d-24093f9e3810,None,None,1,357,8,[],None,None
EXPLOIT_VULN,3754.1258850071104,3769.3663504643487,15.240465457238315,30,908721ca-aae2-4be7-a42d-24093f9e3810,None,None,1,358,8,[],None,None
EXPLOIT_VULN,3769.3663504643487,3775.4105728453837,6.04422238103507,30,908721ca-aae2-4be7-a42d-24093f9e3810,None,None,1,359,8,[],None,None
EXPLOIT_VULN,3775.4105728453837,3777.5431915689505,2.132618723566793,30,908721ca-aae2-4be7-a42d-24093f9e3810,None,None,1,360,8,[],None,None
EXPLOIT_VULN,3777.5431915689505,3786.933217307151,9.39002573820062,30,908721ca-aae2-4be7-a42d-24093f9e3810,None,None,1,361,8,[],None,None
EXPLOIT_VULN,3786.933217307151,3801.7717783448647,14.838561037713589,30,908721ca-aae2-4be7-a42d-24093f9e3810,None,None,1,362,8,[],None,None
EXPLOIT_VULN,3801.7717783448647,3820.8250671876203,19.05328884275559,30,908721ca-aae2-4be7-a42d-24093f9e3810,30,908721ca-aae2-4be7-a42d-24093f9e3810,1,363,8,"['Cyb', 'Shanna']",None,None
SCAN_NEIGHBOR,3820.8250671876203,3825.8250671876203,5.0,30,908721ca-aae2-4be7-a42d-24093f9e3810,None,None,1,364,9,[],None,None
ENUM_HOST,3825.8250671876203,3830.8250671876203,5.0,30,908721ca-aae2-4be7-a42d-24093f9e3810,None,None,1,364,9,[],None,None
ENUM_HOST,3830.8250671876203,3835.8250671876203,5.0,17,5311f8a3-9422-4bc0-bcfe-ce96b74b68b0,None,None,4,364,9,[],None,None
ENUM_HOST,3835.8250671876203,3840.8250671876203,5.0,28,08c232dd-792a-407a-a916-e884090ff352,None,None,3,364,9,[],None,None
SCAN_PORT,3840.8250671876203,3865.8250671876203,25.0,34,215686e4-721a-4f60-84b0-dad1b965693d,None,None,1,364,9,[],None,None
EXPLOIT_VULN,3865.8250671876203,3866.9663107872884,1.141243599668087,34,215686e4-721a-4f60-84b0-dad1b965693d,None,None,1,364,9,[],None,None
EXPLOIT_VULN,3866.9663107872884,3867.414907356186,0.4485965688977558,34,215686e4-721a-4f60-84b0-dad1b965693d,None,None,1,365,9,[],None,None
EXPLOIT_VULN,3867.414907356186,3868.036494229786,0.6215868735998811,34,215686e4-721a-4f60-84b0-dad1b965693d,None,None,1,366,9,[],None,None
EXPLOIT_VULN,3868.036494229786,3868.3382986824968,0.3018044527107122,34,215686e4-721a-4f60-84b0-dad1b965693d,None,None,1,367,9,[],None,None
EXPLOIT_VULN,3868.3382986824968,3868.922565768295,0.5842670857982739,34,215686e4-721a-4f60-84b0-dad1b965693d,None,None,1,368,9,[],None,None
EXPLOIT_VULN,3868.922565768295,3869.6461054094134,0.7235396411183501,34,215686e4-721a-4f60-84b0-dad1b965693d,None,None,1,369,9,[],None,None
EXPLOIT_VULN,3869.6461054094134,3871.1933836785624,1.5472782691490465,34,215686e4-721a-4f60-84b0-dad1b965693d,None,None,1,370,9,[],None,None
EXPLOIT_VULN,3871.1933836785624,3873.084413829115,1.891030150552524,34,215686e4-721a-4f60-84b0-dad1b965693d,None,None,1,371,9,[],None,None
EXPLOIT_VULN,3873.084413829115,3874.5380439927226,1.4536301636076132,34,215686e4-721a-4f60-84b0-dad1b965693d,None,None,1,372,9,[],None,None
EXPLOIT_VULN,3874.5380439927226,3875.38273156783,0.8446875751074003,34,215686e4-721a-4f60-84b0-dad1b965693d,None,None,1,373,9,[],None,None
EXPLOIT_VULN,3875.38273156783,3877.112648347878,1.7299167800479154,34,215686e4-721a-4f60-84b0-dad1b965693d,None,None,1,374,9,[],None,None
EXPLOIT_VULN,3877.112648347878,3878.204067892058,1.0914195441800985,34,215686e4-721a-4f60-84b0-dad1b965693d,None,None,1,375,9,[],None,None
EXPLOIT_VULN,3878.204067892058,3879.430587618571,1.2265197265128336,34,215686e4-721a-4f60-84b0-dad1b965693d,None,None,1,376,9,[],None,None
EXPLOIT_VULN,3879.430587618571,3882.0578739038338,2.627286285262926,34,215686e4-721a-4f60-84b0-dad1b965693d,None,None,1,377,9,[],None,None
EXPLOIT_VULN,3882.0578739038338,3882.5335960789994,0.47572217516562887,34,215686e4-721a-4f60-84b0-dad1b965693d,None,None,1,378,9,[],None,None
EXPLOIT_VULN,3882.5335960789994,3884.105757876417,1.5721617974177207,34,215686e4-721a-4f60-84b0-dad1b965693d,None,None,1,379,9,[],None,None
EXPLOIT_VULN,3884.105757876417,3891.060596721444,6.954838845027098,34,215686e4-721a-4f60-84b0-dad1b965693d,None,None,1,380,9,[],None,None
EXPLOIT_VULN,3891.060596721444,3893.88607055642,2.8254738349755826,34,215686e4-721a-4f60-84b0-dad1b965693d,None,None,1,381,9,[],None,None
EXPLOIT_VULN,3893.88607055642,3896.528525340244,2.642454783824178,34,215686e4-721a-4f60-84b0-dad1b965693d,None,None,1,382,9,[],None,None
EXPLOIT_VULN,3896.528525340244,3899.4734270652975,2.944901725053569,34,215686e4-721a-4f60-84b0-dad1b965693d,None,None,1,383,9,[],None,None
EXPLOIT_VULN,3899.4734270652975,3901.8087910937115,2.3353640284140056,34,215686e4-721a-4f60-84b0-dad1b965693d,None,None,1,384,9,[],None,None
EXPLOIT_VULN,3901.8087910937115,3904.040750050809,2.231958957097504,34,215686e4-721a-4f60-84b0-dad1b965693d,None,None,1,385,9,[],None,None
EXPLOIT_VULN,3904.040750050809,3905.899079704352,1.8583296535430236,34,215686e4-721a-4f60-84b0-dad1b965693d,None,None,1,386,9,[],None,None
EXPLOIT_VULN,3905.899079704352,3910.332788934647,4.43370923029488,34,215686e4-721a-4f60-84b0-dad1b965693d,None,None,1,387,9,[],None,None
EXPLOIT_VULN,3910.332788934647,3913.837524846107,3.504735911460102,34,215686e4-721a-4f60-84b0-dad1b965693d,None,None,1,388,9,[],None,None
EXPLOIT_VULN,3913.837524846107,3921.603140883988,7.7656160378810455,34,215686e4-721a-4f60-84b0-dad1b965693d,None,None,1,389,9,[],None,None
EXPLOIT_VULN,3921.603140883988,3933.5076387938047,11.904497909816655,34,215686e4-721a-4f60-84b0-dad1b965693d,None,None,1,390,9,[],None,None
EXPLOIT_VULN,3933.5076387938047,3935.5865927760005,2.0789539821957987,34,215686e4-721a-4f60-84b0-dad1b965693d,None,None,1,391,9,[],None,None
EXPLOIT_VULN,3935.5865927760005,3938.5272792198753,2.9406864438747107,34,215686e4-721a-4f60-84b0-dad1b965693d,None,None,1,392,9,[],None,None
EXPLOIT_VULN,3938.5272792198753,3943.030948477939,4.503669258063837,34,215686e4-721a-4f60-84b0-dad1b965693d,None,None,1,393,9,[],None,None
EXPLOIT_VULN,3943.030948477939,3948.0877513185724,5.0568028406332814,34,215686e4-721a-4f60-84b0-dad1b965693d,None,None,1,394,9,[],None,None
EXPLOIT_VULN,3948.0877513185724,3955.4223343972267,7.334583078654305,34,215686e4-721a-4f60-84b0-dad1b965693d,None,None,1,395,9,[],None,None
EXPLOIT_VULN,3955.4223343972267,3970.1423115356333,14.719977138406648,34,215686e4-721a-4f60-84b0-dad1b965693d,None,None,1,396,9,[],None,None
EXPLOIT_VULN,3970.1423115356333,3974.8883799855803,4.746068449946961,34,215686e4-721a-4f60-84b0-dad1b965693d,None,None,1,397,9,[],None,None
EXPLOIT_VULN,3974.8883799855803,3980.7086417644005,5.820261778820168,34,215686e4-721a-4f60-84b0-dad1b965693d,None,None,1,398,9,[],None,None
EXPLOIT_VULN,3980.7086417644005,3990.761821407722,10.053179643321528,34,215686e4-721a-4f60-84b0-dad1b965693d,None,None,1,399,9,[],None,None
EXPLOIT_VULN,3990.761821407722,3994.5392888787005,3.777467470978536,34,215686e4-721a-4f60-84b0-dad1b965693d,None,None,1,400,9,[],None,None
EXPLOIT_VULN,3994.5392888787005,4013.9208119889895,19.38152311028898,34,215686e4-721a-4f60-84b0-dad1b965693d,None,None,1,401,9,[],None,None
EXPLOIT_VULN,4013.9208119889895,4030.7514886481035,16.830676659114033,34,215686e4-721a-4f60-84b0-dad1b965693d,None,None,1,402,9,[],None,None
EXPLOIT_VULN,4030.7514886481035,4038.2642374693924,7.512748821288824,34,215686e4-721a-4f60-84b0-dad1b965693d,None,None,1,403,9,[],None,None
EXPLOIT_VULN,4038.2642374693924,4053.5767501400533,15.312512670660908,34,215686e4-721a-4f60-84b0-dad1b965693d,None,None,1,404,9,[],None,None
EXPLOIT_VULN,4053.5767501400533,4062.0648373416975,8.488087201644248,34,215686e4-721a-4f60-84b0-dad1b965693d,None,None,1,405,9,[],None,None
EXPLOIT_VULN,4062.0648373416975,4071.2562842175944,9.191446875896872,34,215686e4-721a-4f60-84b0-dad1b965693d,None,None,1,406,9,[],None,None
EXPLOIT_VULN,4071.2562842175944,4086.8376812752294,15.581397057635058,34,215686e4-721a-4f60-84b0-dad1b965693d,None,None,1,407,9,[],None,None
EXPLOIT_VULN,4086.8376812752294,4090.423757875737,3.5860766005075675,34,215686e4-721a-4f60-84b0-dad1b965693d,None,None,1,408,9,[],None,None
BRUTE_FORCE,4090.423757875737,4110.423757875737,19.999999999999545,34,215686e4-721a-4f60-84b0-dad1b965693d,None,None,1,409,9,[],None,None
ENUM_HOST,4110.423757875737,4115.423757875737,5.0,34,215686e4-721a-4f60-84b0-dad1b965693d,None,None,1,409,9,[],None,None
SCAN_PORT,4115.423757875737,4140.423757875737,25.0,32,2011722e-0a5a-4a5b-9fd7-43138410e7c7,None,None,1,409,9,[],None,None
EXPLOIT_VULN,4140.423757875737,4144.182722376181,3.758964500444563,32,2011722e-0a5a-4a5b-9fd7-43138410e7c7,None,None,1,409,9,[],None,None
EXPLOIT_VULN,4144.182722376181,4148.134985340278,3.952262964096917,32,2011722e-0a5a-4a5b-9fd7-43138410e7c7,None,None,1,410,9,[],None,None
EXPLOIT_VULN,4148.134985340278,4157.240381068361,9.10539572808284,32,2011722e-0a5a-4a5b-9fd7-43138410e7c7,None,None,1,411,9,[],None,None
EXPLOIT_VULN,4157.240381068361,4173.809105973093,16.568724904732335,32,2011722e-0a5a-4a5b-9fd7-43138410e7c7,None,None,1,412,9,[],None,None
EXPLOIT_VULN,4173.809105973093,4178.398383156908,4.589277183814374,32,2011722e-0a5a-4a5b-9fd7-43138410e7c7,None,None,1,413,9,[],None,None
EXPLOIT_VULN,4178.398383156908,4197.973144529512,19.57476137260437,32,2011722e-0a5a-4a5b-9fd7-43138410e7c7,None,None,1,414,9,[],None,None
EXPLOIT_VULN,4197.973144529512,4202.562735040844,4.589590511332062,32,2011722e-0a5a-4a5b-9fd7-43138410e7c7,None,None,1,415,9,[],None,None
EXPLOIT_VULN,4202.562735040844,4224.181412946102,21.618677905257755,32,2011722e-0a5a-4a5b-9fd7-43138410e7c7,None,None,1,416,9,[],None,None
EXPLOIT_VULN,4224.181412946102,4247.006367360145,22.824954414043532,32,2011722e-0a5a-4a5b-9fd7-43138410e7c7,32,2011722e-0a5a-4a5b-9fd7-43138410e7c7,1,417,9,"['Thomasin', 'Zaria']",None,None
SCAN_NEIGHBOR,4247.006367360145,4252.006367360145,5.0,32,2011722e-0a5a-4a5b-9fd7-43138410e7c7,None,None,1,418,10,[],None,None
ENUM_HOST,4252.006367360145,4257.006367360145,5.0,32,2011722e-0a5a-4a5b-9fd7-43138410e7c7,None,None,1,418,10,[],None,None
ENUM_HOST,4257.006367360145,4262.006367360145,5.0,18,540c216e-63f2-483e-ad83-584afa2e5163,None,None,4,418,10,[],None,None
SCAN_PORT,4262.006367360145,4287.006367360145,25.0,9,114313f3-bbe4-4d4d-bf26-5965c5e8ea6f,None,None,3,418,10,[],None,None
EXPLOIT_VULN,4287.006367360145,4295.195286118988,8.188918758843101,9,114313f3-bbe4-4d4d-bf26-5965c5e8ea6f,None,None,3,418,10,[],None,None
EXPLOIT_VULN,4295.195286118988,4314.195186112313,18.999899993325016,9,114313f3-bbe4-4d4d-bf26-5965c5e8ea6f,None,None,3,419,10,[],None,None
BRUTE_FORCE,4314.195186112313,4334.195186112313,20.0,9,114313f3-bbe4-4d4d-bf26-5965c5e8ea6f,None,None,3,420,10,[],None,None
ENUM_HOST,4334.195186112313,4339.195186112313,5.0,9,114313f3-bbe4-4d4d-bf26-5965c5e8ea6f,None,None,3,420,10,[],None,None
ENUM_HOST,4339.195186112313,4344.195186112313,5.0,28,08c232dd-792a-407a-a916-e884090ff352,None,None,4,420,10,[],None,None
SCAN_PORT,4344.195186112313,4369.195186112313,25.0,13,0325a8dd-15ee-476c-8f08-aa26a1c31f4f,None,None,2,420,10,[],None,None
EXPLOIT_VULN,4369.195186112313,4370.784616968889,1.5894308565757456,13,0325a8dd-15ee-476c-8f08-aa26a1c31f4f,None,None,2,420,10,[],None,None
EXPLOIT_VULN,4370.784616968889,4373.41214767171,2.627530702820877,13,0325a8dd-15ee-476c-8f08-aa26a1c31f4f,None,None,2,421,10,[],None,None
EXPLOIT_VULN,4373.41214767171,4377.8609201963345,4.448772524624474,13,0325a8dd-15ee-476c-8f08-aa26a1c31f4f,None,None,2,422,10,[],None,None
EXPLOIT_VULN,4377.8609201963345,4382.422219133732,4.561298937397623,13,0325a8dd-15ee-476c-8f08-aa26a1c31f4f,None,None,2,423,10,[],None,None
EXPLOIT_VULN,4382.422219133732,4395.471942790364,13.049723656631613,13,0325a8dd-15ee-476c-8f08-aa26a1c31f4f,None,None,2,424,10,[],None,None
EXPLOIT_VULN,4395.471942790364,4401.417749225475,5.945806435111081,13,0325a8dd-15ee-476c-8f08-aa26a1c31f4f,None,None,2,425,10,[],None,None
EXPLOIT_VULN,4401.417749225475,4408.893078802593,7.475329577117918,13,0325a8dd-15ee-476c-8f08-aa26a1c31f4f,None,None,2,426,10,[],None,None
EXPLOIT_VULN,4408.893078802593,4417.157409835973,8.264331033380586,13,0325a8dd-15ee-476c-8f08-aa26a1c31f4f,None,None,2,427,10,[],None,None
EXPLOIT_VULN,4417.157409835973,4427.334703073435,10.177293237461527,13,0325a8dd-15ee-476c-8f08-aa26a1c31f4f,None,None,2,428,10,[],None,None
EXPLOIT_VULN,4427.334703073435,4438.900208791557,11.56550571812204,13,0325a8dd-15ee-476c-8f08-aa26a1c31f4f,None,None,2,429,10,[],None,None
EXPLOIT_VULN,4438.900208791557,4447.034565655436,8.134356863879475,13,0325a8dd-15ee-476c-8f08-aa26a1c31f4f,None,None,2,430,10,[],None,None
EXPLOIT_VULN,4447.034565655436,4453.263222022421,6.228656366984978,13,0325a8dd-15ee-476c-8f08-aa26a1c31f4f,None,None,2,431,10,[],None,None
EXPLOIT_VULN,4453.263222022421,4473.4060634895895,20.142841467168182,13,0325a8dd-15ee-476c-8f08-aa26a1c31f4f,None,None,2,432,10,[],None,None
EXPLOIT_VULN,4473.4060634895895,4482.267767351631,8.861703862041395,13,0325a8dd-15ee-476c-8f08-aa26a1c31f4f,None,None,2,433,10,[],None,None
EXPLOIT_VULN,4482.267767351631,4486.275975402669,4.008208051038309,13,0325a8dd-15ee-476c-8f08-aa26a1c31f4f,None,None,2,434,10,[],None,None
EXPLOIT_VULN,4486.275975402669,4490.838882659086,4.56290725641702,13,0325a8dd-15ee-476c-8f08-aa26a1c31f4f,None,None,2,435,10,[],None,None
EXPLOIT_VULN,4490.838882659086,4499.122613066709,8.283730407622897,13,0325a8dd-15ee-476c-8f08-aa26a1c31f4f,None,None,2,436,10,[],None,None
EXPLOIT_VULN,4499.122613066709,4515.893719058319,16.771105991610057,13,0325a8dd-15ee-476c-8f08-aa26a1c31f4f,None,None,2,437,10,[],None,None
EXPLOIT_VULN,4515.893719058319,4535.565738195581,19.672019137261486,13,0325a8dd-15ee-476c-8f08-aa26a1c31f4f,None,None,2,438,10,[],None,None
EXPLOIT_VULN,4535.565738195581,4553.716191543326,18.150453347745497,13,0325a8dd-15ee-476c-8f08-aa26a1c31f4f,13,0325a8dd-15ee-476c-8f08-aa26a1c31f4f,2,439,10,"['Brett', 'Aimee']",None,None
SCAN_NEIGHBOR,4553.716191543326,4558.716191543326,5.0,13,0325a8dd-15ee-476c-8f08-aa26a1c31f4f,None,None,2,440,11,[],None,None
ENUM_HOST,4558.716191543326,4563.716191543326,5.0,13,0325a8dd-15ee-476c-8f08-aa26a1c31f4f,None,None,2,440,11,[],None,None
ENUM_HOST,4563.716191543326,4568.716191543326,5.0,30,908721ca-aae2-4be7-a42d-24093f9e3810,None,None,2,440,11,[],None,None
SCAN_PORT,4568.716191543326,4593.716191543326,25.0,31,36b1d55d-b566-4974-b8a7-cbb6c386480f,None,None,1,440,11,[],None,None
EXPLOIT_VULN,4593.716191543326,4595.6772171312095,1.9610255878833414,31,36b1d55d-b566-4974-b8a7-cbb6c386480f,None,None,1,440,11,[],None,None
EXPLOIT_VULN,4595.6772171312095,4598.328074233955,2.650857102745249,31,36b1d55d-b566-4974-b8a7-cbb6c386480f,None,None,1,441,11,[],None,None
EXPLOIT_VULN,4598.328074233955,4604.425041750995,6.096967517039957,31,36b1d55d-b566-4974-b8a7-cbb6c386480f,None,None,1,442,11,[],None,None
EXPLOIT_VULN,4604.425041750995,4607.130082461381,2.705040710386129,31,36b1d55d-b566-4974-b8a7-cbb6c386480f,None,None,1,443,11,[],None,None
EXPLOIT_VULN,4607.130082461381,4620.971606100316,13.841523638935541,31,36b1d55d-b566-4974-b8a7-cbb6c386480f,None,None,1,444,11,[],None,None
EXPLOIT_VULN,4620.971606100316,4634.245105006813,13.27349890649657,31,36b1d55d-b566-4974-b8a7-cbb6c386480f,None,None,1,445,11,[],None,None
EXPLOIT_VULN,4634.245105006813,4638.458797211123,4.213692204310064,31,36b1d55d-b566-4974-b8a7-cbb6c386480f,None,None,1,446,11,[],None,None
EXPLOIT_VULN,4638.458797211123,4641.397260364153,2.9384631530301704,31,36b1d55d-b566-4974-b8a7-cbb6c386480f,None,None,1,447,11,[],None,None
EXPLOIT_VULN,4641.397260364153,4648.382240051925,6.984979687771556,31,36b1d55d-b566-4974-b8a7-cbb6c386480f,None,None,1,448,11,[],None,None
EXPLOIT_VULN,4648.382240051925,4653.508458585863,5.1262185339382995,31,36b1d55d-b566-4974-b8a7-cbb6c386480f,None,None,1,449,11,[],None,None
EXPLOIT_VULN,4653.508458585863,4661.091729355878,7.583270770014678,31,36b1d55d-b566-4974-b8a7-cbb6c386480f,None,None,1,450,11,[],None,None
EXPLOIT_VULN,4661.091729355878,4666.179521088201,5.08779173232324,31,36b1d55d-b566-4974-b8a7-cbb6c386480f,None,None,1,451,11,[],None,None
EXPLOIT_VULN,4666.179521088201,4671.409039916231,5.22951882803045,31,36b1d55d-b566-4974-b8a7-cbb6c386480f,None,None,1,452,11,[],None,None
EXPLOIT_VULN,4671.409039916231,4673.762313345063,2.353273428831926,31,36b1d55d-b566-4974-b8a7-cbb6c386480f,None,None,1,453,11,[],None,None
EXPLOIT_VULN,4673.762313345063,4683.197221688094,9.434908343030656,31,36b1d55d-b566-4974-b8a7-cbb6c386480f,None,None,1,454,11,[],None,None
EXPLOIT_VULN,4683.197221688094,4698.081222071614,14.884000383520288,31,36b1d55d-b566-4974-b8a7-cbb6c386480f,None,None,1,455,11,[],None,None
EXPLOIT_VULN,4698.081222071614,4705.522178291165,7.440956219550571,31,36b1d55d-b566-4974-b8a7-cbb6c386480f,None,None,1,456,11,[],None,None
EXPLOIT_VULN,4705.522178291165,4727.367114031207,21.844935740042274,31,36b1d55d-b566-4974-b8a7-cbb6c386480f,None,None,1,457,11,[],None,None
EXPLOIT_VULN,4727.367114031207,4749.95198250173,22.58486847052245,31,36b1d55d-b566-4974-b8a7-cbb6c386480f,None,None,1,458,11,[],None,None
EXPLOIT_VULN,4749.95198250173,4757.555693293568,7.603710791838239,31,36b1d55d-b566-4974-b8a7-cbb6c386480f,None,None,1,459,11,[],None,None
EXPLOIT_VULN,4757.555693293568,4764.023114957837,6.467421664268841,31,36b1d55d-b566-4974-b8a7-cbb6c386480f,None,None,1,460,11,[],None,None
EXPLOIT_VULN,4764.023114957837,4785.604711085788,21.581596127951343,31,36b1d55d-b566-4974-b8a7-cbb6c386480f,None,None,1,461,11,[],None,None
EXPLOIT_VULN,4785.604711085788,4786.926197824199,1.321486738411295,31,36b1d55d-b566-4974-b8a7-cbb6c386480f,None,None,1,462,11,[],None,None
EXPLOIT_VULN,4786.926197824199,4797.4885939965025,10.562396172303124,31,36b1d55d-b566-4974-b8a7-cbb6c386480f,None,None,1,463,11,[],None,None
EXPLOIT_VULN,4797.4885939965025,4804.416374343813,6.927780347310545,31,36b1d55d-b566-4974-b8a7-cbb6c386480f,31,36b1d55d-b566-4974-b8a7-cbb6c386480f,1,464,11,['Elbertina'],None,None
SCAN_NEIGHBOR,4804.416374343813,4809.416374343813,5.0,31,36b1d55d-b566-4974-b8a7-cbb6c386480f,None,None,1,465,12,[],None,None
ENUM_HOST,4809.416374343813,4814.416374343813,5.0,31,36b1d55d-b566-4974-b8a7-cbb6c386480f,None,None,1,465,12,[],None,None
ENUM_HOST,4814.416374343813,4819.416374343813,5.0,14,24b5f85e-fccb-425e-bc53-51a96288ec9d,None,None,4,465,12,[],None,None
ENUM_HOST,4819.416374343813,4824.416374343813,5.0,16,a3cfd256-91d3-4e3a-839a-ae3b271a4b53,None,None,2,465,12,[],None,None
SCAN_PORT,4824.416374343813,4849.416374343813,25.0,9,114313f3-bbe4-4d4d-bf26-5965c5e8ea6f,None,None,4,465,12,[],None,None
EXPLOIT_VULN,4849.416374343813,4857.646060710099,8.229686366285932,9,114313f3-bbe4-4d4d-bf26-5965c5e8ea6f,None,None,4,465,12,[],None,None
BRUTE_FORCE,4857.646060710099,4877.646060710099,20.0,9,114313f3-bbe4-4d4d-bf26-5965c5e8ea6f,None,None,4,466,12,[],None,None
ENUM_HOST,4877.646060710099,4882.646060710099,5.0,9,114313f3-bbe4-4d4d-bf26-5965c5e8ea6f,None,None,4,466,12,[],None,None
SCAN_PORT,4882.646060710099,4907.646060710099,25.0,11,ea0077e7-9046-49b3-b006-cf4002932eb1,None,None,1,466,12,[],None,None
EXPLOIT_VULN,4907.646060710099,4908.535266596511,0.8892058864121282,11,ea0077e7-9046-49b3-b006-cf4002932eb1,None,None,1,466,12,[],None,None
EXPLOIT_VULN,4908.535266596511,4909.13096820814,0.5957016116290106,11,ea0077e7-9046-49b3-b006-cf4002932eb1,None,None,1,467,12,[],None,None
EXPLOIT_VULN,4909.13096820814,4911.399640171048,2.268671962908229,11,ea0077e7-9046-49b3-b006-cf4002932eb1,None,None,1,468,12,[],None,None
EXPLOIT_VULN,4911.399640171048,4917.549212714216,6.149572543167778,11,ea0077e7-9046-49b3-b006-cf4002932eb1,None,None,1,469,12,[],None,None
EXPLOIT_VULN,4917.549212714216,4919.422094606141,1.8728818919253172,11,ea0077e7-9046-49b3-b006-cf4002932eb1,None,None,1,470,12,[],None,None
EXPLOIT_VULN,4919.422094606141,4923.137664524988,3.7155699188469953,11,ea0077e7-9046-49b3-b006-cf4002932eb1,None,None,1,471,12,[],None,None
EXPLOIT_VULN,4923.137664524988,4927.0288033556235,3.8911388306351,11,ea0077e7-9046-49b3-b006-cf4002932eb1,None,None,1,472,12,[],None,None
EXPLOIT_VULN,4927.0288033556235,4930.258327418258,3.229524062634482,11,ea0077e7-9046-49b3-b006-cf4002932eb1,None,None,1,473,12,[],None,None
EXPLOIT_VULN,4930.258327418258,4934.653549233604,4.395221815346304,11,ea0077e7-9046-49b3-b006-cf4002932eb1,None,None,1,474,12,[],None,None
EXPLOIT_VULN,4934.653549233604,4944.0884730473135,9.434923813709247,11,ea0077e7-9046-49b3-b006-cf4002932eb1,None,None,1,475,12,[],None,None
EXPLOIT_VULN,4944.0884730473135,4948.511043674203,4.422570626889865,11,ea0077e7-9046-49b3-b006-cf4002932eb1,None,None,1,476,12,[],None,None
EXPLOIT_VULN,4948.511043674203,4951.797562915899,3.2865192416957143,11,ea0077e7-9046-49b3-b006-cf4002932eb1,None,None,1,477,12,[],None,None
EXPLOIT_VULN,4951.797562915899,4966.996243143332,15.198680227433215,11,ea0077e7-9046-49b3-b006-cf4002932eb1,None,None,1,478,12,[],None,None
EXPLOIT_VULN,4966.996243143332,4981.389719903136,14.393476759803889,11,ea0077e7-9046-49b3-b006-cf4002932eb1,None,None,1,479,12,[],None,None
EXPLOIT_VULN,4981.389719903136,4985.801721437394,4.412001534257797,11,ea0077e7-9046-49b3-b006-cf4002932eb1,None,None,1,480,12,[],None,None
EXPLOIT_VULN,4985.801721437394,4990.141874863215,4.340153425820972,11,ea0077e7-9046-49b3-b006-cf4002932eb1,None,None,1,481,12,[],None,None
EXPLOIT_VULN,4990.141874863215,4998.062176670475,7.92030180726033,11,ea0077e7-9046-49b3-b006-cf4002932eb1,None,None,1,482,12,[],None,None
EXPLOIT_VULN,4998.062176670475,5018.881749081647,20.819572411171976,11,ea0077e7-9046-49b3-b006-cf4002932eb1,None,None,1,483,12,[],None,None
EXPLOIT_VULN,5018.881749081647,5024.699175963537,5.817426881889332,11,ea0077e7-9046-49b3-b006-cf4002932eb1,None,None,1,484,12,[],None,None
EXPLOIT_VULN,5024.699175963537,5040.472228070966,15.773052107429066,11,ea0077e7-9046-49b3-b006-cf4002932eb1,None,None,1,485,12,[],None,None
EXPLOIT_VULN,5040.472228070966,5046.64374030246,6.171512231494489,11,ea0077e7-9046-49b3-b006-cf4002932eb1,None,None,1,486,12,[],None,None
EXPLOIT_VULN,5046.64374030246,5051.3066962990915,4.662955996631354,11,ea0077e7-9046-49b3-b006-cf4002932eb1,None,None,1,487,12,[],None,None
EXPLOIT_VULN,5051.3066962990915,5054.724262244809,3.417565945717797,11,ea0077e7-9046-49b3-b006-cf4002932eb1,None,None,1,488,12,[],None,None
EXPLOIT_VULN,5054.724262244809,5062.956434318532,8.232172073722722,11,ea0077e7-9046-49b3-b006-cf4002932eb1,None,None,1,489,12,[],None,None
EXPLOIT_VULN,5062.956434318532,5067.481526396961,4.525092078429225,11,ea0077e7-9046-49b3-b006-cf4002932eb1,None,None,1,490,12,[],None,None
EXPLOIT_VULN,5067.481526396961,5072.827565459006,5.346039062044838,11,ea0077e7-9046-49b3-b006-cf4002932eb1,None,None,1,491,12,[],None,None
BRUTE_FORCE,5072.827565459006,5092.827565459006,20.0,11,ea0077e7-9046-49b3-b006-cf4002932eb1,None,None,1,492,12,[],None,None
ENUM_HOST,5092.827565459006,5097.827565459006,5.0,11,ea0077e7-9046-49b3-b006-cf4002932eb1,None,None,1,492,12,[],None,None
ENUM_HOST,5097.827565459006,5102.827565459006,5.0,30,908721ca-aae2-4be7-a42d-24093f9e3810,None,None,3,492,12,[],None,None
SCAN_PORT,5102.827565459006,5127.827565459006,25.0,41,c8112e19-a673-43b0-906d-86f76dd0ea79,None,None,1,492,12,[],None,None
EXPLOIT_VULN,5127.827565459006,5136.085021613015,8.25745615400865,41,c8112e19-a673-43b0-906d-86f76dd0ea79,None,None,1,492,12,[],None,None
EXPLOIT_VULN,5136.085021613015,5156.690672817428,20.605651204413334,41,c8112e19-a673-43b0-906d-86f76dd0ea79,None,None,1,493,12,[],None,None
EXPLOIT_VULN,5156.690672817428,5178.28618542642,21.595512608992067,41,c8112e19-a673-43b0-906d-86f76dd0ea79,None,None,1,494,12,[],None,None
BRUTE_FORCE,5178.28618542642,5198.28618542642,20.0,41,c8112e19-a673-43b0-906d-86f76dd0ea79,None,None,1,495,12,[],None,None
ENUM_HOST,5198.28618542642,5203.28618542642,5.0,41,c8112e19-a673-43b0-906d-86f76dd0ea79,None,None,1,495,12,[],None,None
SCAN_PORT,5203.28618542642,5228.28618542642,25.0,29,0c92ea4b-6e69-4ca5-9df8-526581b31ab6,None,None,1,495,12,[],None,None
EXPLOIT_VULN,5228.28618542642,5229.10774847021,0.8215630437898653,29,0c92ea4b-6e69-4ca5-9df8-526581b31ab6,None,None,1,495,12,[],None,None
EXPLOIT_VULN,5229.10774847021,5230.097095444973,0.9893469747630661,29,0c92ea4b-6e69-4ca5-9df8-526581b31ab6,None,None,1,496,12,[],None,None
EXPLOIT_VULN,5230.097095444973,5230.883741157534,0.7866457125610395,29,0c92ea4b-6e69-4ca5-9df8-526581b31ab6,None,None,1,497,12,[],None,None
EXPLOIT_VULN,5230.883741157534,5233.427671599463,2.543930441928751,29,0c92ea4b-6e69-4ca5-9df8-526581b31ab6,None,None,1,498,12,[],None,None
EXPLOIT_VULN,5233.427671599463,5237.651442466383,4.223770866919949,29,0c92ea4b-6e69-4ca5-9df8-526581b31ab6,None,None,1,499,12,[],None,None
EXPLOIT_VULN,5237.651442466383,5241.463373101959,3.811930635576573,29,0c92ea4b-6e69-4ca5-9df8-526581b31ab6,None,None,1,500,12,[],None,None
EXPLOIT_VULN,5241.463373101959,5247.114038525766,5.650665423806458,29,0c92ea4b-6e69-4ca5-9df8-526581b31ab6,None,None,1,501,12,[],None,None
EXPLOIT_VULN,5247.114038525766,5256.510671327825,9.396632802058775,29,0c92ea4b-6e69-4ca5-9df8-526581b31ab6,None,None,1,502,12,[],None,None
EXPLOIT_VULN,5256.510671327825,5262.551356274176,6.0406849463515755,29,0c92ea4b-6e69-4ca5-9df8-526581b31ab6,None,None,1,503,12,[],None,None
EXPLOIT_VULN,5262.551356274176,5267.112345154684,4.560988880507466,29,0c92ea4b-6e69-4ca5-9df8-526581b31ab6,None,None,1,504,12,[],None,None
EXPLOIT_VULN,5267.112345154684,5271.676451428189,4.564106273504876,29,0c92ea4b-6e69-4ca5-9df8-526581b31ab6,None,None,1,505,12,[],None,None
EXPLOIT_VULN,5271.676451428189,5276.944765247495,5.268313819306059,29,0c92ea4b-6e69-4ca5-9df8-526581b31ab6,None,None,1,506,12,[],None,None
EXPLOIT_VULN,5276.944765247495,5280.765667303221,3.8209020557260374,29,0c92ea4b-6e69-4ca5-9df8-526581b31ab6,None,None,1,507,12,[],None,None
EXPLOIT_VULN,5280.765667303221,5284.907250163333,4.1415828601120666,29,0c92ea4b-6e69-4ca5-9df8-526581b31ab6,None,None,1,508,12,[],None,None
EXPLOIT_VULN,5284.907250163333,5294.100313261081,9.193063097748563,29,0c92ea4b-6e69-4ca5-9df8-526581b31ab6,None,None,1,509,12,[],None,None
EXPLOIT_VULN,5294.100313261081,5306.828655939456,12.728342678375157,29,0c92ea4b-6e69-4ca5-9df8-526581b31ab6,None,None,1,510,12,[],None,None
EXPLOIT_VULN,5306.828655939456,5311.305582139957,4.476926200500202,29,0c92ea4b-6e69-4ca5-9df8-526581b31ab6,None,None,1,511,12,[],None,None
EXPLOIT_VULN,5311.305582139957,5320.390263235897,9.084681095940141,29,0c92ea4b-6e69-4ca5-9df8-526581b31ab6,None,None,1,512,12,[],None,None
EXPLOIT_VULN,5320.390263235897,5338.875980073404,18.485716837507425,29,0c92ea4b-6e69-4ca5-9df8-526581b31ab6,None,None,1,513,12,[],None,None
BRUTE_FORCE,5338.875980073404,5358.875980073404,20.0,29,0c92ea4b-6e69-4ca5-9df8-526581b31ab6,None,None,1,514,12,[],None,None
ENUM_HOST,5358.875980073404,5363.875980073404,5.0,29,0c92ea4b-6e69-4ca5-9df8-526581b31ab6,None,None,1,514,12,[],None,None
SCAN_PORT,5363.875980073404,5388.875980073404,25.0,45,9ade55fc-578e-4413-90e9-8a719c92ea1a,None,None,1,514,12,[],None,None
EXPLOIT_VULN,5388.875980073404,5396.043417354481,7.167437281076673,45,9ade55fc-578e-4413-90e9-8a719c92ea1a,None,None,1,514,12,[],None,None
EXPLOIT_VULN,5396.043417354481,5410.301104257029,14.257686902547903,45,9ade55fc-578e-4413-90e9-8a719c92ea1a,None,None,1,515,12,[],None,None
EXPLOIT_VULN,5410.301104257029,5415.856116738117,5.555012481087942,45,9ade55fc-578e-4413-90e9-8a719c92ea1a,None,None,1,516,12,[],None,None
EXPLOIT_VULN,5415.856116738117,5432.456709849758,16.6005931116415,45,9ade55fc-578e-4413-90e9-8a719c92ea1a,None,None,1,517,12,[],None,None
BRUTE_FORCE,5432.456709849758,5452.456709849758,20.0,45,9ade55fc-578e-4413-90e9-8a719c92ea1a,None,None,1,518,12,[],None,None
ENUM_HOST,5452.456709849758,5457.456709849758,5.0,45,9ade55fc-578e-4413-90e9-8a719c92ea1a,None,None,1,518,12,[],None,None
SCAN_PORT,5457.456709849758,5482.456709849758,25.0,19,a8e0128c-77c5-4241-aeca-9ff9298f0e84,None,None,1,518,12,[],None,None
EXPLOIT_VULN,5482.456709849758,5485.834101106579,3.377391256820374,19,a8e0128c-77c5-4241-aeca-9ff9298f0e84,None,None,1,518,12,[],None,None
EXPLOIT_VULN,5485.834101106579,5486.844093217827,1.009992111248721,19,a8e0128c-77c5-4241-aeca-9ff9298f0e84,None,None,1,519,12,[],None,None
EXPLOIT_VULN,5486.844093217827,5489.989501594608,3.145408376780324,19,a8e0128c-77c5-4241-aeca-9ff9298f0e84,None,None,1,520,12,[],None,None
EXPLOIT_VULN,5489.989501594608,5499.966056958815,9.976555364207343,19,a8e0128c-77c5-4241-aeca-9ff9298f0e84,None,None,1,521,12,[],None,None
EXPLOIT_VULN,5499.966056958815,5504.6415053012,4.675448342384698,19,a8e0128c-77c5-4241-aeca-9ff9298f0e84,None,None,1,522,12,[],None,None
EXPLOIT_VULN,5504.6415053012,5509.6231848283915,4.981679527191773,19,a8e0128c-77c5-4241-aeca-9ff9298f0e84,None,None,1,523,12,[],None,None
EXPLOIT_VULN,5509.6231848283915,5511.962156145516,2.3389713171245603,19,a8e0128c-77c5-4241-aeca-9ff9298f0e84,None,None,1,524,12,[],None,None
EXPLOIT_VULN,5511.962156145516,5514.451909983354,2.4897538378381796,19,a8e0128c-77c5-4241-aeca-9ff9298f0e84,None,None,1,525,12,[],None,None
EXPLOIT_VULN,5514.451909983354,5515.575823979459,1.1239139961044202,19,a8e0128c-77c5-4241-aeca-9ff9298f0e84,None,None,1,526,12,[],None,None
EXPLOIT_VULN,5515.575823979459,5521.172461750798,5.596637771339374,19,a8e0128c-77c5-4241-aeca-9ff9298f0e84,None,None,1,527,12,[],None,None
EXPLOIT_VULN,5521.172461750798,5527.041269025546,5.868807274748178,19,a8e0128c-77c5-4241-aeca-9ff9298f0e84,None,None,1,528,12,[],None,None
EXPLOIT_VULN,5527.041269025546,5535.519832623242,8.478563597695938,19,a8e0128c-77c5-4241-aeca-9ff9298f0e84,None,None,1,529,12,[],None,None
EXPLOIT_VULN,5535.519832623242,5540.424827836596,4.904995213353686,19,a8e0128c-77c5-4241-aeca-9ff9298f0e84,None,None,1,530,12,[],None,None
EXPLOIT_VULN,5540.424827836596,5548.152776961498,7.7279491249018974,19,a8e0128c-77c5-4241-aeca-9ff9298f0e84,19,a8e0128c-77c5-4241-aeca-9ff9298f0e84,1,531,12,"['Yetty', 'Ella']",None,None
SCAN_NEIGHBOR,5548.152776961498,5553.152776961498,5.0,19,a8e0128c-77c5-4241-aeca-9ff9298f0e84,None,None,1,532,13,[],None,None
ENUM_HOST,5553.152776961498,5558.152776961498,5.0,19,a8e0128c-77c5-4241-aeca-9ff9298f0e84,None,None,1,532,13,[],None,None
ENUM_HOST,5558.152776961498,5563.152776961498,5.0,17,5311f8a3-9422-4bc0-bcfe-ce96b74b68b0,None,None,5,532,13,[],None,None
SCAN_PORT,5563.152776961498,5588.152776961498,25.0,38,8e8cc504-1372-48e1-bf34-7a51112a985f,None,None,1,532,13,[],None,None
EXPLOIT_VULN,5588.152776961498,5589.219970801401,1.0671938399036662,38,8e8cc504-1372-48e1-bf34-7a51112a985f,None,None,1,532,13,[],None,None
EXPLOIT_VULN,5589.219970801401,5589.716317811822,0.4963470104203225,38,8e8cc504-1372-48e1-bf34-7a51112a985f,None,None,1,533,13,[],None,None
EXPLOIT_VULN,5589.716317811822,5592.424520213773,2.7082024019509845,38,8e8cc504-1372-48e1-bf34-7a51112a985f,None,None,1,534,13,[],None,None
EXPLOIT_VULN,5592.424520213773,5594.876850834684,2.452330620911198,38,8e8cc504-1372-48e1-bf34-7a51112a985f,None,None,1,535,13,[],None,None
EXPLOIT_VULN,5594.876850834684,5600.647497945707,5.770647111023209,38,8e8cc504-1372-48e1-bf34-7a51112a985f,None,None,1,536,13,[],None,None
EXPLOIT_VULN,5600.647497945707,5603.991290889247,3.3437929435394835,38,8e8cc504-1372-48e1-bf34-7a51112a985f,None,None,1,537,13,[],None,None
EXPLOIT_VULN,5603.991290889247,5607.037019282781,3.045728393534773,38,8e8cc504-1372-48e1-bf34-7a51112a985f,None,None,1,538,13,[],None,None
EXPLOIT_VULN,5607.037019282781,5615.0084629052,7.971443622418519,38,8e8cc504-1372-48e1-bf34-7a51112a985f,None,None,1,539,13,[],None,None
EXPLOIT_VULN,5615.0084629052,5617.247609611421,2.2391467062207084,38,8e8cc504-1372-48e1-bf34-7a51112a985f,None,None,1,540,13,[],None,None
EXPLOIT_VULN,5617.247609611421,5624.366084693837,7.118475082416808,38,8e8cc504-1372-48e1-bf34-7a51112a985f,None,None,1,541,13,[],None,None
EXPLOIT_VULN,5624.366084693837,5626.61296981994,2.246885126102825,38,8e8cc504-1372-48e1-bf34-7a51112a985f,None,None,1,542,13,[],None,None
EXPLOIT_VULN,5626.61296981994,5629.487786315376,2.87481649543588,38,8e8cc504-1372-48e1-bf34-7a51112a985f,None,None,1,543,13,[],None,None
EXPLOIT_VULN,5629.487786315376,5631.750941300073,2.2631549846964845,38,8e8cc504-1372-48e1-bf34-7a51112a985f,None,None,1,544,13,[],None,None
EXPLOIT_VULN,5631.750941300073,5637.929419384629,6.1784780845564455,38,8e8cc504-1372-48e1-bf34-7a51112a985f,None,None,1,545,13,[],None,None
EXPLOIT_VULN,5637.929419384629,5644.652063547131,6.722644162501638,38,8e8cc504-1372-48e1-bf34-7a51112a985f,None,None,1,546,13,[],None,None
EXPLOIT_VULN,5644.652063547131,5649.640205726358,4.9881421792269975,38,8e8cc504-1372-48e1-bf34-7a51112a985f,None,None,1,547,13,[],None,None
EXPLOIT_VULN,5649.640205726358,5659.8205143094,10.18030858304246,38,8e8cc504-1372-48e1-bf34-7a51112a985f,None,None,1,548,13,[],None,None
EXPLOIT_VULN,5659.8205143094,5669.015698138515,9.195183829115194,38,8e8cc504-1372-48e1-bf34-7a51112a985f,None,None,1,549,13,[],None,None
EXPLOIT_VULN,5669.015698138515,5691.310856591095,22.295158452579926,38,8e8cc504-1372-48e1-bf34-7a51112a985f,None,None,1,550,13,[],None,None
EXPLOIT_VULN,5691.310856591095,5697.119864864688,5.8090082735925535,38,8e8cc504-1372-48e1-bf34-7a51112a985f,None,None,1,551,13,[],None,None
EXPLOIT_VULN,5697.119864864688,5717.329325789053,20.209460924364976,38,8e8cc504-1372-48e1-bf34-7a51112a985f,None,None,1,552,13,[],None,None
BRUTE_FORCE,5717.329325789053,5737.329325789053,20.0,38,8e8cc504-1372-48e1-bf34-7a51112a985f,None,None,1,553,13,[],None,None
ENUM_HOST,5737.329325789053,5742.329325789053,5.0,38,8e8cc504-1372-48e1-bf34-7a51112a985f,None,None,1,553,13,[],None,None
SCAN_PORT,5742.329325789053,5767.329325789053,25.0,25,f5c759ba-3df4-4ea9-bc70-cb1c72f145ab,None,None,1,553,13,[],None,None
EXPLOIT_VULN,5767.329325789053,5769.823324616706,2.493998827652831,25,f5c759ba-3df4-4ea9-bc70-cb1c72f145ab,None,None,1,553,13,[],None,None
EXPLOIT_VULN,5769.823324616706,5775.850188799614,6.0268641829088665,25,f5c759ba-3df4-4ea9-bc70-cb1c72f145ab,None,None,1,554,13,[],None,None
EXPLOIT_VULN,5775.850188799614,5784.054203989065,8.204015189450729,25,f5c759ba-3df4-4ea9-bc70-cb1c72f145ab,None,None,1,555,13,[],None,None
EXPLOIT_VULN,5784.054203989065,5786.428751873117,2.3745478840519354,25,f5c759ba-3df4-4ea9-bc70-cb1c72f145ab,None,None,1,556,13,[],None,None
EXPLOIT_VULN,5786.428751873117,5789.390868241644,2.9621163685269494,25,f5c759ba-3df4-4ea9-bc70-cb1c72f145ab,None,None,1,557,13,[],None,None
EXPLOIT_VULN,5789.390868241644,5804.601749173799,15.210880932155305,25,f5c759ba-3df4-4ea9-bc70-cb1c72f145ab,None,None,1,558,13,[],None,None
EXPLOIT_VULN,5804.601749173799,5811.834744105108,7.232994931308895,25,f5c759ba-3df4-4ea9-bc70-cb1c72f145ab,None,None,1,559,13,[],None,None
EXPLOIT_VULN,5811.834744105108,5828.575378423105,16.74063431799641,25,f5c759ba-3df4-4ea9-bc70-cb1c72f145ab,None,None,1,560,13,[],None,None
EXPLOIT_VULN,5828.575378423105,5834.490661715019,5.91528329191442,25,f5c759ba-3df4-4ea9-bc70-cb1c72f145ab,None,None,1,561,13,[],None,None
EXPLOIT_VULN,5834.490661715019,5845.472636525436,10.981974810417341,25,f5c759ba-3df4-4ea9-bc70-cb1c72f145ab,None,None,1,562,13,[],None,None
EXPLOIT_VULN,5845.472636525436,5855.3778866755665,9.905250150130087,25,f5c759ba-3df4-4ea9-bc70-cb1c72f145ab,None,None,1,563,13,[],None,None
BRUTE_FORCE,5855.3778866755665,5875.3778866755665,20.0,25,f5c759ba-3df4-4ea9-bc70-cb1c72f145ab,None,None,1,564,13,[],None,None
ENUM_HOST,5875.3778866755665,5880.3778866755665,5.0,25,f5c759ba-3df4-4ea9-bc70-cb1c72f145ab,None,None,1,564,13,[],None,None
SCAN_PORT,5880.3778866755665,5905.3778866755665,25.0,23,1e8ad7f4-a640-4752-a665-25d99fc7df95,23,1e8ad7f4-a640-4752-a665-25d99fc7df95,1,564,13,"['Seana', 'Carree']",None,None
SCAN_NEIGHBOR,5905.3778866755665,5910.3778866755665,5.0,23,1e8ad7f4-a640-4752-a665-25d99fc7df95,None,None,1,564,14,[],None,None
ENUM_HOST,5910.3778866755665,5915.3778866755665,5.0,23,1e8ad7f4-a640-4752-a665-25d99fc7df95,None,None,1,564,14,[],None,None
ENUM_HOST,5915.3778866755665,5920.3778866755665,5.0,22,c2e5719c-da0b-4182-bcdc-35416cf9f3ab,None,None,3,564,14,[],None,None
SCAN_PORT,5920.3778866755665,5945.3778866755665,25.0,24,125bbaa1-fd79-4d03-b29c-304a0ebba87d,None,None,1,564,14,[],None,None
EXPLOIT_VULN,5945.3778866755665,5946.70701826393,1.3291315883634525,24,125bbaa1-fd79-4d03-b29c-304a0ebba87d,None,None,1,564,14,[],None,None
EXPLOIT_VULN,5946.70701826393,5948.805506938482,2.098488674551845,24,125bbaa1-fd79-4d03-b29c-304a0ebba87d,None,None,1,565,14,[],None,None
EXPLOIT_VULN,5948.805506938482,5954.368211064173,5.562704125691198,24,125bbaa1-fd79-4d03-b29c-304a0ebba87d,None,None,1,566,14,[],None,None
EXPLOIT_VULN,5954.368211064173,5959.264304600468,4.896093536294757,24,125bbaa1-fd79-4d03-b29c-304a0ebba87d,None,None,1,567,14,[],None,None
EXPLOIT_VULN,5959.264304600468,5964.582878627699,5.3185740272310795,24,125bbaa1-fd79-4d03-b29c-304a0ebba87d,None,None,1,568,14,[],None,None
EXPLOIT_VULN,5964.582878627699,5972.966826759288,8.383948131589023,24,125bbaa1-fd79-4d03-b29c-304a0ebba87d,None,None,1,569,14,[],None,None
EXPLOIT_VULN,5972.966826759288,5984.946937813948,11.980111054660483,24,125bbaa1-fd79-4d03-b29c-304a0ebba87d,None,None,1,570,14,[],None,None
EXPLOIT_VULN,5984.946937813948,5991.057111067085,6.1101732531369635,24,125bbaa1-fd79-4d03-b29c-304a0ebba87d,24,125bbaa1-fd79-4d03-b29c-304a0ebba87d,1,571,14,"['Katine', 'Raquela', 'Leshia']",None,None
SCAN_NEIGHBOR,5991.057111067085,5996.057111067085,5.0,24,125bbaa1-fd79-4d03-b29c-304a0ebba87d,None,None,1,572,15,[],None,None
ENUM_HOST,5996.057111067085,6001.057111067085,5.0,24,125bbaa1-fd79-4d03-b29c-304a0ebba87d,None,None,1,572,15,[],None,None
ENUM_HOST,6001.057111067085,6006.057111067085,5.0,22,c2e5719c-da0b-4182-bcdc-35416cf9f3ab,None,None,4,572,15,[],None,None
SCAN_PORT,6006.057111067085,6031.057111067085,25.0,27,e80c9f44-5bda-47e6-8d67-56c8f7737634,None,None,1,572,15,[],None,None
EXPLOIT_VULN,6031.057111067085,6031.423974365594,0.36686329850908805,27,e80c9f44-5bda-47e6-8d67-56c8f7737634,None,None,1,572,15,[],None,None
EXPLOIT_VULN,6031.423974365594,6032.166995518085,0.7430211524906554,27,e80c9f44-5bda-47e6-8d67-56c8f7737634,None,None,1,573,15,[],None,None
EXPLOIT_VULN,6032.166995518085,6033.245803423446,1.078807905360918,27,e80c9f44-5bda-47e6-8d67-56c8f7737634,None,None,1,574,15,[],None,None
EXPLOIT_VULN,6033.245803423446,6034.055076246474,0.8092728230276407,27,e80c9f44-5bda-47e6-8d67-56c8f7737634,None,None,1,575,15,[],None,None
EXPLOIT_VULN,6034.055076246474,6036.774926060101,2.719849813627661,27,e80c9f44-5bda-47e6-8d67-56c8f7737634,None,None,1,576,15,[],None,None
EXPLOIT_VULN,6036.774926060101,6037.578257704653,0.8033316445516903,27,e80c9f44-5bda-47e6-8d67-56c8f7737634,None,None,1,577,15,[],None,None
EXPLOIT_VULN,6037.578257704653,6040.353031039815,2.774773335161626,27,e80c9f44-5bda-47e6-8d67-56c8f7737634,None,None,1,578,15,[],None,None
EXPLOIT_VULN,6040.353031039815,6047.919845329845,7.566814290030379,27,e80c9f44-5bda-47e6-8d67-56c8f7737634,None,None,1,579,15,[],None,None
EXPLOIT_VULN,6047.919845329845,6052.707103347929,4.787258018083776,27,e80c9f44-5bda-47e6-8d67-56c8f7737634,None,None,1,580,15,[],None,None
EXPLOIT_VULN,6052.707103347929,6062.06986825542,9.36276490749151,27,e80c9f44-5bda-47e6-8d67-56c8f7737634,None,None,1,581,15,[],None,None
EXPLOIT_VULN,6062.06986825542,6066.065362160953,3.995493905532385,27,e80c9f44-5bda-47e6-8d67-56c8f7737634,None,None,1,582,15,[],None,None
EXPLOIT_VULN,6066.065362160953,6069.529358973171,3.4639968122182836,27,e80c9f44-5bda-47e6-8d67-56c8f7737634,None,None,1,583,15,[],None,None
EXPLOIT_VULN,6069.529358973171,6075.408680757936,5.879321784765125,27,e80c9f44-5bda-47e6-8d67-56c8f7737634,None,None,1,584,15,[],None,None
EXPLOIT_VULN,6075.408680757936,6079.7599195641305,4.3512388061944876,27,e80c9f44-5bda-47e6-8d67-56c8f7737634,None,None,1,585,15,[],None,None
EXPLOIT_VULN,6079.7599195641305,6085.0194934385545,5.25957387442395,27,e80c9f44-5bda-47e6-8d67-56c8f7737634,27,e80c9f44-5bda-47e6-8d67-56c8f7737634,1,586,15,['Tresa'],None,None
SCAN_NEIGHBOR,6085.0194934385545,6090.0194934385545,5.0,27,e80c9f44-5bda-47e6-8d67-56c8f7737634,None,None,1,587,16,[],None,None
ENUM_HOST,6090.0194934385545,6095.0194934385545,5.0,27,e80c9f44-5bda-47e6-8d67-56c8f7737634,None,None,1,587,16,[],None,None
ENUM_HOST,6095.0194934385545,6100.0194934385545,5.0,22,c2e5719c-da0b-4182-bcdc-35416cf9f3ab,None,None,5,587,16,[],None,None
SCAN_PORT,6100.0194934385545,6125.0194934385545,25.0,21,9582f307-a4d7-49ff-a200-354bfd783158,None,None,1,587,16,[],None,None
EXPLOIT_VULN,6125.0194934385545,6125.880240919432,0.8607474808777624,21,9582f307-a4d7-49ff-a200-354bfd783158,None,None,1,587,16,[],None,None
EXPLOIT_VULN,6125.880240919432,6127.095529697986,1.215288778554168,21,9582f307-a4d7-49ff-a200-354bfd783158,None,None,1,588,16,[],None,None
EXPLOIT_VULN,6127.095529697986,6127.827528055413,0.7319983574261641,21,9582f307-a4d7-49ff-a200-354bfd783158,None,None,1,589,16,[],None,None
EXPLOIT_VULN,6127.827528055413,6129.894106326472,2.0665782710593703,21,9582f307-a4d7-49ff-a200-354bfd783158,None,None,1,590,16,[],None,None
EXPLOIT_VULN,6129.894106326472,6131.014932085996,1.1208257595244504,21,9582f307-a4d7-49ff-a200-354bfd783158,None,None,1,591,16,[],None,None
EXPLOIT_VULN,6131.014932085996,6135.740023212011,4.725091126014377,21,9582f307-a4d7-49ff-a200-354bfd783158,None,None,1,592,16,[],None,None
EXPLOIT_VULN,6135.740023212011,6142.894063842281,7.154040630270174,21,9582f307-a4d7-49ff-a200-354bfd783158,None,None,1,593,16,[],None,None
EXPLOIT_VULN,6142.894063842281,6151.946914660265,9.052850817984108,21,9582f307-a4d7-49ff-a200-354bfd783158,None,None,1,594,16,[],None,None
EXPLOIT_VULN,6151.946914660265,6157.895613455122,5.948698794856682,21,9582f307-a4d7-49ff-a200-354bfd783158,None,None,1,595,16,[],None,None
BRUTE_FORCE,6157.895613455122,6177.895613455122,20.0,21,9582f307-a4d7-49ff-a200-354bfd783158,None,None,1,596,16,[],None,None
ENUM_HOST,6177.895613455122,6182.895613455122,5.0,21,9582f307-a4d7-49ff-a200-354bfd783158,None,None,1,596,16,[],None,None
SCAN_PORT,6182.895613455122,6207.895613455122,25.0,44,df09417f-1324-4f03-bd35-1c39c64c8b8d,None,None,1,596,16,[],None,None
EXPLOIT_VULN,6207.895613455122,6211.873894354353,3.978280899231322,44,df09417f-1324-4f03-bd35-1c39c64c8b8d,None,None,1,596,16,[],None,None
EXPLOIT_VULN,6211.873894354353,6214.937678512555,3.0637841582019973,44,df09417f-1324-4f03-bd35-1c39c64c8b8d,None,None,1,597,16,[],None,None
EXPLOIT_VULN,6214.937678512555,6221.844105131757,6.9064266192017385,44,df09417f-1324-4f03-bd35-1c39c64c8b8d,None,None,1,598,16,[],None,None
EXPLOIT_VULN,6221.844105131757,6223.3722189057025,1.5281137739457336,44,df09417f-1324-4f03-bd35-1c39c64c8b8d,None,None,1,599,16,[],None,None
EXPLOIT_VULN,6223.3722189057025,6233.685782382166,10.31356347646306,44,df09417f-1324-4f03-bd35-1c39c64c8b8d,None,None,1,600,16,[],None,None
EXPLOIT_VULN,6233.685782382166,6240.310736476034,6.624954093868837,44,df09417f-1324-4f03-bd35-1c39c64c8b8d,None,None,1,601,16,[],None,None
EXPLOIT_VULN,6240.310736476034,6243.261126330458,2.95038985442352,44,df09417f-1324-4f03-bd35-1c39c64c8b8d,None,None,1,602,16,[],None,None
EXPLOIT_VULN,6243.261126330458,6256.397215160251,13.136088829793152,44,df09417f-1324-4f03-bd35-1c39c64c8b8d,None,None,1,603,16,[],None,None
EXPLOIT_VULN,6256.397215160251,6275.343804494225,18.94658933397386,44,df09417f-1324-4f03-bd35-1c39c64c8b8d,None,None,1,604,16,[],None,None
EXPLOIT_VULN,6275.343804494225,6296.922523048061,21.578718553835643,44,df09417f-1324-4f03-bd35-1c39c64c8b8d,None,None,1,605,16,[],None,None
EXPLOIT_VULN,6296.922523048061,6319.07671159302,22.154188544959652,44,df09417f-1324-4f03-bd35-1c39c64c8b8d,None,None,1,606,16,[],None,None
BRUTE_FORCE,6319.07671159302,6339.07671159302,20.0,44,df09417f-1324-4f03-bd35-1c39c64c8b8d,None,None,1,607,16,[],None,None
ENUM_HOST,6339.07671159302,6344.07671159302,5.0,44,df09417f-1324-4f03-bd35-1c39c64c8b8d,None,None,1,607,16,[],None,None
SCAN_PORT,6344.07671159302,6369.07671159302,25.0,33,4eca1e0e-c99d-4377-a36a-3f641b38fe7b,None,None,1,607,16,[],None,None
EXPLOIT_VULN,6369.07671159302,6370.2290818764895,1.1523702834692813,33,4eca1e0e-c99d-4377-a36a-3f641b38fe7b,None,None,1,607,16,[],None,None
EXPLOIT_VULN,6370.2290818764895,6374.961401843496,4.732319967006333,33,4eca1e0e-c99d-4377-a36a-3f641b38fe7b,None,None,1,608,16,[],None,None
EXPLOIT_VULN,6374.961401843496,6379.8105043146825,4.8491024711865975,33,4eca1e0e-c99d-4377-a36a-3f641b38fe7b,None,None,1,609,16,[],None,None
EXPLOIT_VULN,6379.8105043146825,6388.673048449894,8.862544135211465,33,4eca1e0e-c99d-4377-a36a-3f641b38fe7b,None,None,1,610,16,[],None,None
EXPLOIT_VULN,6388.673048449894,6395.283683773616,6.610635323721908,33,4eca1e0e-c99d-4377-a36a-3f641b38fe7b,33,4eca1e0e-c99d-4377-a36a-3f641b38fe7b,1,611,16,[],None,None
SCAN_NEIGHBOR,6395.283683773616,6400.283683773616,5.0,33,4eca1e0e-c99d-4377-a36a-3f641b38fe7b,None,None,1,612,17,[],None,None
ENUM_HOST,6400.283683773616,6405.283683773616,5.0,33,4eca1e0e-c99d-4377-a36a-3f641b38fe7b,None,None,1,612,17,[],None,None
ENUM_HOST,6405.283683773616,6410.283683773616,5.0,32,2011722e-0a5a-4a5b-9fd7-43138410e7c7,None,None,2,612,17,[],None,None
SCAN_PORT,6410.283683773616,6435.283683773616,25.0,0,cc919d48-e332-4e29-8dbf-aa5a9543d72b,None,None,2,612,17,[],None,None
EXPLOIT_VULN,6435.283683773616,6437.006746337276,1.723062563660278,0,cc919d48-e332-4e29-8dbf-aa5a9543d72b,None,None,2,612,17,[],None,None
EXPLOIT_VULN,6437.006746337276,6438.688040948481,1.6812946112049758,0,cc919d48-e332-4e29-8dbf-aa5a9543d72b,None,None,2,613,17,[],None,None
EXPLOIT_VULN,6438.688040948481,6439.517902544991,0.829861596509545,0,cc919d48-e332-4e29-8dbf-aa5a9543d72b,None,None,2,614,17,[],None,None
EXPLOIT_VULN,6439.517902544991,6441.631938606393,2.1140360614026577,0,cc919d48-e332-4e29-8dbf-aa5a9543d72b,None,None,2,615,17,[],None,None
EXPLOIT_VULN,6441.631938606393,6446.710541663688,5.078603057294458,0,cc919d48-e332-4e29-8dbf-aa5a9543d72b,None,None,2,616,17,[],None,None
EXPLOIT_VULN,6446.710541663688,6448.8438029310455,2.1332612673577387,0,cc919d48-e332-4e29-8dbf-aa5a9543d72b,None,None,2,617,17,[],None,None
EXPLOIT_VULN,6448.8438029310455,6450.868525880749,2.0247229497035732,0,cc919d48-e332-4e29-8dbf-aa5a9543d72b,None,None,2,618,17,[],None,None
EXPLOIT_VULN,6450.868525880749,6454.880759191264,4.012233310514603,0,cc919d48-e332-4e29-8dbf-aa5a9543d72b,None,None,2,619,17,[],None,None
EXPLOIT_VULN,6454.880759191264,6458.479200194092,3.598441002828622,0,cc919d48-e332-4e29-8dbf-aa5a9543d72b,None,None,2,620,17,[],None,None
EXPLOIT_VULN,6458.479200194092,6464.354171508746,5.874971314653521,0,cc919d48-e332-4e29-8dbf-aa5a9543d72b,None,None,2,621,17,[],None,None
EXPLOIT_VULN,6464.354171508746,6470.182479610809,5.828308102063602,0,cc919d48-e332-4e29-8dbf-aa5a9543d72b,None,None,2,622,17,[],None,None
EXPLOIT_VULN,6470.182479610809,6472.9149606250485,2.732481014239056,0,cc919d48-e332-4e29-8dbf-aa5a9543d72b,None,None,2,623,17,[],None,None
EXPLOIT_VULN,6472.9149606250485,6479.317633048706,6.40267242365735,0,cc919d48-e332-4e29-8dbf-aa5a9543d72b,None,None,2,624,17,[],None,None
EXPLOIT_VULN,6479.317633048706,6487.057295739398,7.739662690692057,0,cc919d48-e332-4e29-8dbf-aa5a9543d72b,None,None,2,625,17,[],None,None
EXPLOIT_VULN,6487.057295739398,6500.558888676476,13.501592937078385,0,cc919d48-e332-4e29-8dbf-aa5a9543d72b,None,None,2,626,17,[],None,None
EXPLOIT_VULN,6500.558888676476,6510.248065879386,9.689177202909377,0,cc919d48-e332-4e29-8dbf-aa5a9543d72b,None,None,2,627,17,[],None,None
EXPLOIT_VULN,6510.248065879386,6514.267664051367,4.01959817198167,0,cc919d48-e332-4e29-8dbf-aa5a9543d72b,None,None,2,628,17,[],None,None
EXPLOIT_VULN,6514.267664051367,6524.382255026664,10.114590975296778,0,cc919d48-e332-4e29-8dbf-aa5a9543d72b,None,None,2,629,17,[],None,None
EXPLOIT_VULN,6524.382255026664,6539.113448726793,14.731193700128642,0,cc919d48-e332-4e29-8dbf-aa5a9543d72b,None,None,2,630,17,[],None,None
EXPLOIT_VULN,6539.113448726793,6546.819307706171,7.705858979377808,0,cc919d48-e332-4e29-8dbf-aa5a9543d72b,None,None,2,631,17,[],None,None
EXPLOIT_VULN,6546.819307706171,6550.532705325122,3.7133976189516034,0,cc919d48-e332-4e29-8dbf-aa5a9543d72b,None,None,2,632,17,[],None,None
EXPLOIT_VULN,6550.532705325122,6558.4602327162165,7.927527391094372,0,cc919d48-e332-4e29-8dbf-aa5a9543d72b,None,None,2,633,17,[],None,None
EXPLOIT_VULN,6558.4602327162165,6567.20851400295,8.7482812867338,0,cc919d48-e332-4e29-8dbf-aa5a9543d72b,None,None,2,634,17,[],None,None
EXPLOIT_VULN,6567.20851400295,6576.6352370106215,9.426723007671171,0,cc919d48-e332-4e29-8dbf-aa5a9543d72b,None,None,2,635,17,[],None,None
EXPLOIT_VULN,6576.6352370106215,6583.077967501184,6.442730490562099,0,cc919d48-e332-4e29-8dbf-aa5a9543d72b,None,None,2,636,17,[],None,None
EXPLOIT_VULN,6583.077967501184,6590.54511556944,7.467148068256392,0,cc919d48-e332-4e29-8dbf-aa5a9543d72b,None,None,2,637,17,[],None,None
EXPLOIT_VULN,6590.54511556944,6600.279650067511,9.734534498071298,0,cc919d48-e332-4e29-8dbf-aa5a9543d72b,None,None,2,638,17,[],None,None
EXPLOIT_VULN,6600.279650067511,6619.1348044600445,18.855154392533223,0,cc919d48-e332-4e29-8dbf-aa5a9543d72b,None,None,2,639,17,[],None,None
EXPLOIT_VULN,6619.1348044600445,6625.9713554888085,6.836551028764006,0,cc919d48-e332-4e29-8dbf-aa5a9543d72b,None,None,2,640,17,[],None,None
EXPLOIT_VULN,6625.9713554888085,6632.407818837079,6.436463348270081,0,cc919d48-e332-4e29-8dbf-aa5a9543d72b,None,None,2,641,17,[],None,None
EXPLOIT_VULN,6632.407818837079,6638.435915062618,6.02809622553923,0,cc919d48-e332-4e29-8dbf-aa5a9543d72b,None,None,2,642,17,[],None,None
EXPLOIT_VULN,6638.435915062618,6649.71111403389,11.275198971272403,0,cc919d48-e332-4e29-8dbf-aa5a9543d72b,None,None,2,643,17,[],None,None
EXPLOIT_VULN,6649.71111403389,6664.243484290748,14.532370256857575,0,cc919d48-e332-4e29-8dbf-aa5a9543d72b,None,None,2,644,17,[],None,None
EXPLOIT_VULN,6664.243484290748,6682.302078736619,18.058594445870767,0,cc919d48-e332-4e29-8dbf-aa5a9543d72b,None,None,2,645,17,[],None,None
EXPLOIT_VULN,6682.302078736619,6697.029281749352,14.727203012733298,0,cc919d48-e332-4e29-8dbf-aa5a9543d72b,None,None,2,646,17,[],None,None
EXPLOIT_VULN,6697.029281749352,6705.892011302874,8.862729553522513,0,cc919d48-e332-4e29-8dbf-aa5a9543d72b,None,None,2,647,17,[],None,None
EXPLOIT_VULN,6705.892011302874,6711.991488777504,6.099477474629566,0,cc919d48-e332-4e29-8dbf-aa5a9543d72b,None,None,2,648,17,[],None,None
EXPLOIT_VULN,6711.991488777504,6733.4938479603725,21.50235918286853,0,cc919d48-e332-4e29-8dbf-aa5a9543d72b,0,cc919d48-e332-4e29-8dbf-aa5a9543d72b,2,649,17,[],None,None
SCAN_NEIGHBOR,6733.4938479603725,6738.4938479603725,5.0,0,cc919d48-e332-4e29-8dbf-aa5a9543d72b,None,None,2,650,18,[],None,None
ENUM_HOST,6738.4938479603725,6743.4938479603725,5.0,0,cc919d48-e332-4e29-8dbf-aa5a9543d72b,None,None,2,650,18,[],None,None
ENUM_HOST,6743.4938479603725,6748.4938479603725,5.0,14,24b5f85e-fccb-425e-bc53-51a96288ec9d,None,None,5,650,18,[],None,None
SCAN_PORT,6748.4938479603725,6773.4938479603725,25.0,1,ec0f153a-9b4a-4eca-8061-5e9c3f1f775d,None,None,2,650,18,[],None,None
EXPLOIT_VULN,6773.4938479603725,6773.768219324753,0.2743713643803858,1,ec0f153a-9b4a-4eca-8061-5e9c3f1f775d,None,None,2,650,18,[],None,None
EXPLOIT_VULN,6773.768219324753,6774.371235461773,0.6030161370199494,1,ec0f153a-9b4a-4eca-8061-5e9c3f1f775d,None,None,2,651,18,[],None,None
EXPLOIT_VULN,6774.371235461773,6777.928903098598,3.5576676368254994,1,ec0f153a-9b4a-4eca-8061-5e9c3f1f775d,None,None,2,652,18,[],None,None
EXPLOIT_VULN,6777.928903098598,6780.345748256732,2.416845158133583,1,ec0f153a-9b4a-4eca-8061-5e9c3f1f775d,None,None,2,653,18,[],None,None
EXPLOIT_VULN,6780.345748256732,6781.792687625953,1.4469393692206722,1,ec0f153a-9b4a-4eca-8061-5e9c3f1f775d,None,None,2,654,18,[],None,None
EXPLOIT_VULN,6781.792687625953,6784.723526122244,2.9308384962914715,1,ec0f153a-9b4a-4eca-8061-5e9c3f1f775d,None,None,2,655,18,[],None,None
EXPLOIT_VULN,6784.723526122244,6786.435697970046,1.712171847801983,1,ec0f153a-9b4a-4eca-8061-5e9c3f1f775d,None,None,2,656,18,[],None,None
EXPLOIT_VULN,6786.435697970046,6791.613017500054,5.17731953000839,1,ec0f153a-9b4a-4eca-8061-5e9c3f1f775d,None,None,2,657,18,[],None,None
EXPLOIT_VULN,6791.613017500054,6794.836416482127,3.2233989820724673,1,ec0f153a-9b4a-4eca-8061-5e9c3f1f775d,None,None,2,658,18,[],None,None
EXPLOIT_VULN,6794.836416482127,6799.411429048222,4.575012566095211,1,ec0f153a-9b4a-4eca-8061-5e9c3f1f775d,None,None,2,659,18,[],None,None
EXPLOIT_VULN,6799.411429048222,6804.485413413581,5.073984365359138,1,ec0f153a-9b4a-4eca-8061-5e9c3f1f775d,None,None,2,660,18,[],None,None
EXPLOIT_VULN,6804.485413413581,6809.704457515407,5.219044101825602,1,ec0f153a-9b4a-4eca-8061-5e9c3f1f775d,None,None,2,661,18,[],None,None
EXPLOIT_VULN,6809.704457515407,6814.432857893289,4.728400377882281,1,ec0f153a-9b4a-4eca-8061-5e9c3f1f775d,None,None,2,662,18,[],None,None
EXPLOIT_VULN,6814.432857893289,6820.272220568226,5.839362674936638,1,ec0f153a-9b4a-4eca-8061-5e9c3f1f775d,None,None,2,663,18,[],None,None
EXPLOIT_VULN,6820.272220568226,6827.242167160471,6.9699465922449235,1,ec0f153a-9b4a-4eca-8061-5e9c3f1f775d,None,None,2,664,18,[],None,None
EXPLOIT_VULN,6827.242167160471,6830.971614993451,3.7294478329804406,1,ec0f153a-9b4a-4eca-8061-5e9c3f1f775d,None,None,2,665,18,[],None,None
EXPLOIT_VULN,6830.971614993451,6851.4526081237855,20.480993130334355,1,ec0f153a-9b4a-4eca-8061-5e9c3f1f775d,None,None,2,666,18,[],None,None
EXPLOIT_VULN,6851.4526081237855,6869.671283767695,18.21867564390959,1,ec0f153a-9b4a-4eca-8061-5e9c3f1f775d,None,None,2,667,18,[],None,None
EXPLOIT_VULN,6869.671283767695,6878.566750785282,8.89546701758718,1,ec0f153a-9b4a-4eca-8061-5e9c3f1f775d,None,None,2,668,18,[],None,None
EXPLOIT_VULN,6878.566750785282,6888.508874076946,9.942123291663847,1,ec0f153a-9b4a-4eca-8061-5e9c3f1f775d,None,None,2,669,18,[],None,None
EXPLOIT_VULN,6888.508874076946,6893.522911345777,5.014037268831089,1,ec0f153a-9b4a-4eca-8061-5e9c3f1f775d,None,None,2,670,18,[],None,None
EXPLOIT_VULN,6893.522911345777,6898.263324242035,4.740412896258022,1,ec0f153a-9b4a-4eca-8061-5e9c3f1f775d,None,None,2,671,18,[],None,None
EXPLOIT_VULN,6898.263324242035,6900.201450641019,1.9381263989835134,1,ec0f153a-9b4a-4eca-8061-5e9c3f1f775d,None,None,2,672,18,[],None,None
EXPLOIT_VULN,6900.201450641019,6909.632647971486,9.431197330467512,1,ec0f153a-9b4a-4eca-8061-5e9c3f1f775d,None,None,2,673,18,[],None,None
EXPLOIT_VULN,6909.632647971486,6918.875690480874,9.243042509388033,1,ec0f153a-9b4a-4eca-8061-5e9c3f1f775d,None,None,2,674,18,[],None,None
EXPLOIT_VULN,6918.875690480874,6926.771265555404,7.895575074529916,1,ec0f153a-9b4a-4eca-8061-5e9c3f1f775d,None,None,2,675,18,[],None,None
EXPLOIT_VULN,6926.771265555404,6934.05496097938,7.283695423975587,1,ec0f153a-9b4a-4eca-8061-5e9c3f1f775d,None,None,2,676,18,[],None,None
EXPLOIT_VULN,6934.05496097938,6953.197741250146,19.142780270765797,1,ec0f153a-9b4a-4eca-8061-5e9c3f1f775d,None,None,2,677,18,[],None,None
EXPLOIT_VULN,6953.197741250146,6971.728650110403,18.530908860257114,1,ec0f153a-9b4a-4eca-8061-5e9c3f1f775d,None,None,2,678,18,[],None,None
EXPLOIT_VULN,6971.728650110403,6980.767011199362,9.038361088959391,1,ec0f153a-9b4a-4eca-8061-5e9c3f1f775d,1,ec0f153a-9b4a-4eca-8061-5e9c3f1f775d,2,679,18,[],None,None
SCAN_NEIGHBOR,6980.767011199362,6985.767011199362,5.0,1,ec0f153a-9b4a-4eca-8061-5e9c3f1f775d,None,None,2,680,19,[],None,None
ENUM_HOST,6985.767011199362,6990.767011199362,5.0,1,ec0f153a-9b4a-4eca-8061-5e9c3f1f775d,None,None,2,680,19,[],None,None
ENUM_HOST,6990.767011199362,6995.767011199362,5.0,17,5311f8a3-9422-4bc0-bcfe-ce96b74b68b0,None,None,6,680,19,[],None,None
SCAN_PORT,6995.767011199362,7020.767011199362,25.0,2,5f007b9b-0a66-42ca-98ed-93896508cc78,None,None,2,680,19,[],None,None
EXPLOIT_VULN,7020.767011199362,7022.375193073277,1.608181873914873,2,5f007b9b-0a66-42ca-98ed-93896508cc78,None,None,2,680,19,[],None,None
EXPLOIT_VULN,7022.375193073277,7023.405099017364,1.0299059440867495,2,5f007b9b-0a66-42ca-98ed-93896508cc78,None,None,2,681,19,[],None,None
EXPLOIT_VULN,7023.405099017364,7024.0386106175265,0.6335116001628194,2,5f007b9b-0a66-42ca-98ed-93896508cc78,None,None,2,682,19,[],None,None
EXPLOIT_VULN,7024.0386106175265,7024.9150182651765,0.8764076476500122,2,5f007b9b-0a66-42ca-98ed-93896508cc78,None,None,2,683,19,[],None,None
EXPLOIT_VULN,7024.9150182651765,7027.231473853534,2.3164555883577123,2,5f007b9b-0a66-42ca-98ed-93896508cc78,None,None,2,684,19,[],None,None
EXPLOIT_VULN,7027.231473853534,7028.70370995455,1.472236101015369,2,5f007b9b-0a66-42ca-98ed-93896508cc78,None,None,2,685,19,[],None,None
EXPLOIT_VULN,7028.70370995455,7029.75337668103,1.0496667264806092,2,5f007b9b-0a66-42ca-98ed-93896508cc78,None,None,2,686,19,[],None,None
EXPLOIT_VULN,7029.75337668103,7036.556540793684,6.803164112653576,2,5f007b9b-0a66-42ca-98ed-93896508cc78,None,None,2,687,19,[],None,None
EXPLOIT_VULN,7036.556540793684,7038.7253567498865,2.1688159562027067,2,5f007b9b-0a66-42ca-98ed-93896508cc78,None,None,2,688,19,[],None,None
EXPLOIT_VULN,7038.7253567498865,7048.230739536043,9.505382786156588,2,5f007b9b-0a66-42ca-98ed-93896508cc78,None,None,2,689,19,[],None,None
EXPLOIT_VULN,7048.230739536043,7059.51383060287,11.283091066827183,2,5f007b9b-0a66-42ca-98ed-93896508cc78,None,None,2,690,19,[],None,None
EXPLOIT_VULN,7059.51383060287,7071.6961739429635,12.182343340093212,2,5f007b9b-0a66-42ca-98ed-93896508cc78,None,None,2,691,19,[],None,None
EXPLOIT_VULN,7071.6961739429635,7081.436003179889,9.739829236925289,2,5f007b9b-0a66-42ca-98ed-93896508cc78,None,None,2,692,19,[],None,None
EXPLOIT_VULN,7081.436003179889,7094.452168887327,13.016165707438631,2,5f007b9b-0a66-42ca-98ed-93896508cc78,None,None,2,693,19,[],None,None
EXPLOIT_VULN,7094.452168887327,7115.404353611204,20.9521847238766,2,5f007b9b-0a66-42ca-98ed-93896508cc78,None,None,2,694,19,[],None,None
EXPLOIT_VULN,7115.404353611204,7133.637388211505,18.233034600300925,2,5f007b9b-0a66-42ca-98ed-93896508cc78,None,None,2,695,19,[],None,None
EXPLOIT_VULN,7133.637388211505,7140.117710556617,6.480322345111745,2,5f007b9b-0a66-42ca-98ed-93896508cc78,None,None,2,696,19,[],None,None
EXPLOIT_VULN,7140.117710556617,7148.949858596943,8.832148040326501,2,5f007b9b-0a66-42ca-98ed-93896508cc78,None,None,2,697,19,[],None,None
EXPLOIT_VULN,7148.949858596943,7158.134727186266,9.184868589322832,2,5f007b9b-0a66-42ca-98ed-93896508cc78,None,None,2,698,19,[],None,None
EXPLOIT_VULN,7158.134727186266,7166.26945701238,8.13472982611438,2,5f007b9b-0a66-42ca-98ed-93896508cc78,2,5f007b9b-0a66-42ca-98ed-93896508cc78,2,699,19,['Shayla'],None,None
SCAN_NEIGHBOR,7166.26945701238,7171.26945701238,5.0,2,5f007b9b-0a66-42ca-98ed-93896508cc78,None,None,2,700,20,[],None,None
ENUM_HOST,7171.26945701238,7176.26945701238,5.0,2,5f007b9b-0a66-42ca-98ed-93896508cc78,None,None,2,700,20,[],None,None
SCAN_PORT,7176.26945701238,7201.26945701238,25.0,9,114313f3-bbe4-4d4d-bf26-5965c5e8ea6f,None,None,5,700,20,[],None,None
EXPLOIT_VULN,7201.26945701238,7210.318229664924,9.048772652543448,9,114313f3-bbe4-4d4d-bf26-5965c5e8ea6f,None,None,5,700,20,[],None,None
BRUTE_FORCE,7210.318229664924,7230.318229664924,20.0,9,114313f3-bbe4-4d4d-bf26-5965c5e8ea6f,None,None,5,701,20,[],None,None
ENUM_HOST,7230.318229664924,7235.318229664924,5.0,9,114313f3-bbe4-4d4d-bf26-5965c5e8ea6f,None,None,5,701,20,[],None,None
ENUM_HOST,7235.318229664924,7240.318229664924,5.0,13,0325a8dd-15ee-476c-8f08-aa26a1c31f4f,None,None,3,701,20,[],None,None
ENUM_HOST,7240.318229664924,7245.318229664924,5.0,16,a3cfd256-91d3-4e3a-839a-ae3b271a4b53,None,None,3,701,20,[],None,None
SCAN_PORT,7245.318229664924,7270.318229664924,25.0,7,e57b1565-8372-4114-89f4-517ed1e9f0d8,None,None,1,701,20,[],None,None
EXPLOIT_VULN,7270.318229664924,7273.414674108256,3.096444443332075,7,e57b1565-8372-4114-89f4-517ed1e9f0d8,None,None,1,701,20,[],None,None
EXPLOIT_VULN,7273.414674108256,7279.4182690553735,6.003594947117563,7,e57b1565-8372-4114-89f4-517ed1e9f0d8,None,None,1,702,20,[],None,None
EXPLOIT_VULN,7279.4182690553735,7286.204506482945,6.786237427571905,7,e57b1565-8372-4114-89f4-517ed1e9f0d8,None,None,1,703,20,[],None,None
EXPLOIT_VULN,7286.204506482945,7305.323043353936,19.118536870990283,7,e57b1565-8372-4114-89f4-517ed1e9f0d8,None,None,1,704,20,[],None,None
EXPLOIT_VULN,7305.323043353936,7311.585684445948,6.262641092012018,7,e57b1565-8372-4114-89f4-517ed1e9f0d8,None,None,1,705,20,[],None,None
EXPLOIT_VULN,7311.585684445948,7333.579570649945,21.993886203997135,7,e57b1565-8372-4114-89f4-517ed1e9f0d8,None,None,1,706,20,[],None,None
BRUTE_FORCE,7333.579570649945,7353.579570649945,20.0,7,e57b1565-8372-4114-89f4-517ed1e9f0d8,7,e57b1565-8372-4114-89f4-517ed1e9f0d8,1,707,20,[],None,None
SCAN_NEIGHBOR,7353.579570649945,7358.579570649945,5.0,7,e57b1565-8372-4114-89f4-517ed1e9f0d8,None,None,1,707,21,[],None,None
ENUM_HOST,7358.579570649945,7363.579570649945,5.0,7,e57b1565-8372-4114-89f4-517ed1e9f0d8,None,None,1,707,21,[],None,None
SCAN_PORT,7363.579570649945,7388.579570649945,25.0,6,65b256ce-74d9-43fe-ad22-886644a10f5e,6,65b256ce-74d9-43fe-ad22-886644a10f5e,1,707,21,[],None,None
SCAN_NEIGHBOR,7388.579570649945,7393.579570649945,5.0,6,65b256ce-74d9-43fe-ad22-886644a10f5e,None,None,1,707,22,[],None,None
ENUM_HOST,7393.579570649945,7398.579570649945,5.0,6,65b256ce-74d9-43fe-ad22-886644a10f5e,None,None,1,707,22,[],None,None
SCAN_PORT,7398.579570649945,7423.579570649945,25.0,5,9f415dac-037b-4a7b-903c-c83b6f4004da,None,None,1,707,22,[],None,None
EXPLOIT_VULN,7423.579570649945,7424.674869686732,1.0952990367868551,5,9f415dac-037b-4a7b-903c-c83b6f4004da,None,None,1,707,22,[],None,None
EXPLOIT_VULN,7424.674869686732,7425.630939574373,0.9560698876412062,5,9f415dac-037b-4a7b-903c-c83b6f4004da,None,None,1,708,22,[],None,None
EXPLOIT_VULN,7425.630939574373,7426.462038988996,0.8310994146231678,5,9f415dac-037b-4a7b-903c-c83b6f4004da,None,None,1,709,22,[],None,None
EXPLOIT_VULN,7426.462038988996,7428.598600057735,2.1365610687389562,5,9f415dac-037b-4a7b-903c-c83b6f4004da,None,None,1,710,22,[],None,None
EXPLOIT_VULN,7428.598600057735,7431.142984072202,2.5443840144671412,5,9f415dac-037b-4a7b-903c-c83b6f4004da,None,None,1,711,22,[],None,None
EXPLOIT_VULN,7431.142984072202,7432.113541394506,0.9705573223036481,5,9f415dac-037b-4a7b-903c-c83b6f4004da,None,None,1,712,22,[],None,None
EXPLOIT_VULN,7432.113541394506,7435.072114330006,2.9585729355003423,5,9f415dac-037b-4a7b-903c-c83b6f4004da,None,None,1,713,22,[],None,None
EXPLOIT_VULN,7435.072114330006,7436.006337698275,0.9342233682691585,5,9f415dac-037b-4a7b-903c-c83b6f4004da,None,None,1,714,22,[],None,None
EXPLOIT_VULN,7436.006337698275,7438.061294194802,2.0549564965267564,5,9f415dac-037b-4a7b-903c-c83b6f4004da,None,None,1,715,22,[],None,None
EXPLOIT_VULN,7438.061294194802,7438.869044535574,0.8077503407721451,5,9f415dac-037b-4a7b-903c-c83b6f4004da,None,None,1,716,22,[],None,None
EXPLOIT_VULN,7438.869044535574,7440.317749474924,1.4487049393501366,5,9f415dac-037b-4a7b-903c-c83b6f4004da,None,None,1,717,22,[],None,None
EXPLOIT_VULN,7440.317749474924,7441.996490892563,1.6787414176387756,5,9f415dac-037b-4a7b-903c-c83b6f4004da,None,None,1,718,22,[],None,None
EXPLOIT_VULN,7441.996490892563,7444.507227167832,2.510736275268755,5,9f415dac-037b-4a7b-903c-c83b6f4004da,None,None,1,719,22,[],None,None
EXPLOIT_VULN,7444.507227167832,7452.796948945296,8.289721777464365,5,9f415dac-037b-4a7b-903c-c83b6f4004da,None,None,1,720,22,[],None,None
EXPLOIT_VULN,7452.796948945296,7456.85262184528,4.05567289998362,5,9f415dac-037b-4a7b-903c-c83b6f4004da,None,None,1,721,22,[],None,None
EXPLOIT_VULN,7456.85262184528,7469.938085232649,13.0854633873696,5,9f415dac-037b-4a7b-903c-c83b6f4004da,None,None,1,722,22,[],None,None
EXPLOIT_VULN,7469.938085232649,7477.551126091646,7.61304085899701,5,9f415dac-037b-4a7b-903c-c83b6f4004da,None,None,1,723,22,[],None,None
EXPLOIT_VULN,7477.551126091646,7478.789949404219,1.238823312573004,5,9f415dac-037b-4a7b-903c-c83b6f4004da,None,None,1,724,22,[],None,None
EXPLOIT_VULN,7478.789949404219,7488.806974517104,10.017025112884767,5,9f415dac-037b-4a7b-903c-c83b6f4004da,None,None,1,725,22,[],None,None
EXPLOIT_VULN,7488.806974517104,7498.1678324043105,9.360857887206294,5,9f415dac-037b-4a7b-903c-c83b6f4004da,None,None,1,726,22,[],None,None
EXPLOIT_VULN,7498.1678324043105,7503.883476877711,5.7156444734000615,5,9f415dac-037b-4a7b-903c-c83b6f4004da,None,None,1,727,22,[],None,None
EXPLOIT_VULN,7503.883476877711,7504.605207046588,0.7217301688770021,5,9f415dac-037b-4a7b-903c-c83b6f4004da,None,None,1,728,22,[],None,None
EXPLOIT_VULN,7504.605207046588,7508.575338429086,3.970131382498039,5,9f415dac-037b-4a7b-903c-c83b6f4004da,None,None,1,729,22,[],None,None
EXPLOIT_VULN,7508.575338429086,7514.806797876499,6.231459447413727,5,9f415dac-037b-4a7b-903c-c83b6f4004da,None,None,1,730,22,[],None,None
EXPLOIT_VULN,7514.806797876499,7522.671270659354,7.864472782855046,5,9f415dac-037b-4a7b-903c-c83b6f4004da,None,None,1,731,22,[],None,None
EXPLOIT_VULN,7522.671270659354,7526.28419670511,3.6129260457555574,5,9f415dac-037b-4a7b-903c-c83b6f4004da,None,None,1,732,22,[],None,None
EXPLOIT_VULN,7526.28419670511,7542.3848691894655,16.100672484355528,5,9f415dac-037b-4a7b-903c-c83b6f4004da,None,None,1,733,22,[],None,None
EXPLOIT_VULN,7542.3848691894655,7547.785504062506,5.400634873040872,5,9f415dac-037b-4a7b-903c-c83b6f4004da,None,None,1,734,22,[],None,None
EXPLOIT_VULN,7547.785504062506,7555.352590470724,7.5670864082176195,5,9f415dac-037b-4a7b-903c-c83b6f4004da,None,None,1,735,22,[],None,None
EXPLOIT_VULN,7555.352590470724,7574.339763641356,18.98717317063165,5,9f415dac-037b-4a7b-903c-c83b6f4004da,None,None,1,736,22,[],None,None
BRUTE_FORCE,7574.339763641356,7594.339763641356,20.0,5,9f415dac-037b-4a7b-903c-c83b6f4004da,None,None,1,737,22,[],None,None
ENUM_HOST,7594.339763641356,7599.339763641356,5.0,5,9f415dac-037b-4a7b-903c-c83b6f4004da,None,None,1,737,22,[],None,None
ENUM_HOST,7599.339763641356,7604.339763641356,5.0,7,e57b1565-8372-4114-89f4-517ed1e9f0d8,None,None,2,737,22,[],None,None
ENUM_HOST,7604.339763641356,7609.339763641356,5.0,2,5f007b9b-0a66-42ca-98ed-93896508cc78,None,None,3,737,22,[],None,None
SCAN_PORT,7609.339763641356,7634.339763641356,25.0,3,2286b595-4be6-4ecf-9619-814a1d1fef94,None,None,2,737,22,[],None,None
EXPLOIT_VULN,7634.339763641356,7644.313007886583,9.973244245227761,3,2286b595-4be6-4ecf-9619-814a1d1fef94,None,None,2,737,22,[],None,None
EXPLOIT_VULN,7644.313007886583,7649.747041669322,5.434033782738879,3,2286b595-4be6-4ecf-9619-814a1d1fef94,None,None,2,738,22,[],None,None
EXPLOIT_VULN,7649.747041669322,7664.266836928336,14.519795259013335,3,2286b595-4be6-4ecf-9619-814a1d1fef94,None,None,2,739,22,[],None,None
EXPLOIT_VULN,7664.266836928336,7670.919104201968,6.652267273632788,3,2286b595-4be6-4ecf-9619-814a1d1fef94,None,None,2,740,22,[],None,None
EXPLOIT_VULN,7670.919104201968,7678.550119262912,7.631015060943355,3,2286b595-4be6-4ecf-9619-814a1d1fef94,None,None,2,741,22,[],None,None
EXPLOIT_VULN,7678.550119262912,7684.765670975701,6.21555171278942,3,2286b595-4be6-4ecf-9619-814a1d1fef94,None,None,2,742,22,[],None,None
EXPLOIT_VULN,7684.765670975701,7692.9834092351275,8.217738259426369,3,2286b595-4be6-4ecf-9619-814a1d1fef94,None,None,2,743,22,[],None,None
EXPLOIT_VULN,7692.9834092351275,7700.98778038363,8.004371148502287,3,2286b595-4be6-4ecf-9619-814a1d1fef94,None,None,2,744,22,[],None,None
EXPLOIT_VULN,7700.98778038363,7710.4936327039195,9.505852320289705,3,2286b595-4be6-4ecf-9619-814a1d1fef94,None,None,2,745,22,[],None,None
EXPLOIT_VULN,7710.4936327039195,7720.746451159476,10.252818455556735,3,2286b595-4be6-4ecf-9619-814a1d1fef94,None,None,2,746,22,[],None,None
EXPLOIT_VULN,7720.746451159476,7725.617827399641,4.871376240164864,3,2286b595-4be6-4ecf-9619-814a1d1fef94,None,None,2,747,22,[],None,None
EXPLOIT_VULN,7725.617827399641,7734.345260724496,8.727433324855156,3,2286b595-4be6-4ecf-9619-814a1d1fef94,None,None,2,748,22,[],None,None
EXPLOIT_VULN,7734.345260724496,7753.2217245083575,18.876463783861254,3,2286b595-4be6-4ecf-9619-814a1d1fef94,None,None,2,749,22,[],None,None
EXPLOIT_VULN,7753.2217245083575,7759.950649437681,6.728924929323512,3,2286b595-4be6-4ecf-9619-814a1d1fef94,3,2286b595-4be6-4ecf-9619-814a1d1fef94,2,750,22,[],None,None
SCAN_NEIGHBOR,7759.950649437681,7764.950649437681,5.0,3,2286b595-4be6-4ecf-9619-814a1d1fef94,None,None,2,751,23,[],None,None
ENUM_HOST,7764.950649437681,7769.950649437681,5.0,3,2286b595-4be6-4ecf-9619-814a1d1fef94,None,None,2,751,23,[],None,None
ENUM_HOST,7769.950649437681,7774.950649437681,5.0,16,a3cfd256-91d3-4e3a-839a-ae3b271a4b53,None,None,4,751,23,[],None,None
SCAN_PORT,7774.950649437681,7799.950649437681,25.0,9,114313f3-bbe4-4d4d-bf26-5965c5e8ea6f,None,None,6,751,23,[],None,None
EXPLOIT_VULN,7799.950649437681,7808.651269118715,8.700619681034368,9,114313f3-bbe4-4d4d-bf26-5965c5e8ea6f,None,None,6,751,23,[],None,None
BRUTE_FORCE,7808.651269118715,7828.651269118715,20.0,9,114313f3-bbe4-4d4d-bf26-5965c5e8ea6f,None,None,6,752,23,[],None,None
ENUM_HOST,7828.651269118715,7833.651269118715,5.0,9,114313f3-bbe4-4d4d-bf26-5965c5e8ea6f,None,None,6,752,23,[],None,None
ENUM_HOST,7833.651269118715,7838.651269118715,5.0,13,0325a8dd-15ee-476c-8f08-aa26a1c31f4f,None,None,4,752,23,[],None,None
SCAN_HOST,7838.651269118715,7843.651269118715,5.0,4,f3cce36a-b7d6-49ff-91ed-969f86bf6e34,None,None,2,752,23,[],None,None
ENUM_HOST,7843.651269118715,7848.651269118715,5.0,4,f3cce36a-b7d6-49ff-91ed-969f86bf6e34,None,None,2,752,23,[],None,None
SCAN_PORT,7848.651269118715,7873.651269118715,25.0,9,114313f3-bbe4-4d4d-bf26-5965c5e8ea6f,None,None,7,752,23,[],None,None
EXPLOIT_VULN,7873.651269118715,7882.828495680503,9.177226561787393,9,114313f3-bbe4-4d4d-bf26-5965c5e8ea6f,None,None,7,752,23,[],None,None
BRUTE_FORCE,7882.828495680503,7902.828495680503,20.0,9,114313f3-bbe4-4d4d-bf26-5965c5e8ea6f,None,None,7,753,23,[],None,None
ENUM_HOST,7902.828495680503,7907.828495680503,5.0,9,114313f3-bbe4-4d4d-bf26-5965c5e8ea6f,None,None,7,753,23,[],None,None
SCAN_PORT,7907.828495680503,7932.828495680503,25.0,20,14b509d3-7e8a-4b60-9f3d-c74942b8eacc,None,None,2,753,23,[],None,None
EXPLOIT_VULN,7932.828495680503,7933.149353398036,0.32085771753281733,20,14b509d3-7e8a-4b60-9f3d-c74942b8eacc,None,None,2,753,23,[],None,None
EXPLOIT_VULN,7933.149353398036,7933.358522209097,0.20916881106131768,20,14b509d3-7e8a-4b60-9f3d-c74942b8eacc,None,None,2,754,23,[],None,None
EXPLOIT_VULN,7933.358522209097,7934.060778927841,0.7022567187441382,20,14b509d3-7e8a-4b60-9f3d-c74942b8eacc,None,None,2,755,23,[],None,None
EXPLOIT_VULN,7934.060778927841,7934.692458075905,0.6316791480639949,20,14b509d3-7e8a-4b60-9f3d-c74942b8eacc,None,None,2,756,23,[],None,None
EXPLOIT_VULN,7934.692458075905,7936.2002815379865,1.5078234620814328,20,14b509d3-7e8a-4b60-9f3d-c74942b8eacc,None,None,2,757,23,[],None,None
EXPLOIT_VULN,7936.2002815379865,7939.100388546185,2.9001070081985745,20,14b509d3-7e8a-4b60-9f3d-c74942b8eacc,None,None,2,758,23,[],None,None
EXPLOIT_VULN,7939.100388546185,7941.730278542925,2.629889996739621,20,14b509d3-7e8a-4b60-9f3d-c74942b8eacc,None,None,2,759,23,[],None,None
EXPLOIT_VULN,7941.730278542925,7945.309557375296,3.5792788323715286,20,14b509d3-7e8a-4b60-9f3d-c74942b8eacc,None,None,2,760,23,[],None,None
EXPLOIT_VULN,7945.309557375296,7947.554312472163,2.2447550968663563,20,14b509d3-7e8a-4b60-9f3d-c74942b8eacc,None,None,2,761,23,[],None,None
EXPLOIT_VULN,7947.554312472163,7952.072309608246,4.517997136083068,20,14b509d3-7e8a-4b60-9f3d-c74942b8eacc,None,None,2,762,23,[],None,None
EXPLOIT_VULN,7952.072309608246,7953.908024585685,1.8357149774392383,20,14b509d3-7e8a-4b60-9f3d-c74942b8eacc,None,None,2,763,23,[],None,None
EXPLOIT_VULN,7953.908024585685,7961.494568064094,7.586543478409112,20,14b509d3-7e8a-4b60-9f3d-c74942b8eacc,None,None,2,764,23,[],None,None
EXPLOIT_VULN,7961.494568064094,7963.992759616327,2.4981915522330382,20,14b509d3-7e8a-4b60-9f3d-c74942b8eacc,None,None,2,765,23,[],None,None
EXPLOIT_VULN,7963.992759616327,7967.153086566998,3.160326950671333,20,14b509d3-7e8a-4b60-9f3d-c74942b8eacc,None,None,2,766,23,[],None,None
EXPLOIT_VULN,7967.153086566998,7974.3727462629995,7.219659696001145,20,14b509d3-7e8a-4b60-9f3d-c74942b8eacc,None,None,2,767,23,[],None,None
EXPLOIT_VULN,7974.3727462629995,7985.460825673161,11.0880794101613,20,14b509d3-7e8a-4b60-9f3d-c74942b8eacc,None,None,2,768,23,[],None,None
EXPLOIT_VULN,7985.460825673161,7998.15325210235,12.692426429189254,20,14b509d3-7e8a-4b60-9f3d-c74942b8eacc,None,None,2,769,23,[],None,None
EXPLOIT_VULN,7998.15325210235,8001.755347843955,3.6020957416048986,20,14b509d3-7e8a-4b60-9f3d-c74942b8eacc,None,None,2,770,23,[],None,None
EXPLOIT_VULN,8001.755347843955,8008.394211228648,6.6388633846927405,20,14b509d3-7e8a-4b60-9f3d-c74942b8eacc,None,None,2,771,23,[],None,None
EXPLOIT_VULN,8008.394211228648,8012.899499777414,4.505288548766657,20,14b509d3-7e8a-4b60-9f3d-c74942b8eacc,None,None,2,772,23,[],None,None
EXPLOIT_VULN,8012.899499777414,8017.711612095844,4.812112318430081,20,14b509d3-7e8a-4b60-9f3d-c74942b8eacc,None,None,2,773,23,[],None,None
EXPLOIT_VULN,8017.711612095844,8036.499139302032,18.787527206187406,20,14b509d3-7e8a-4b60-9f3d-c74942b8eacc,None,None,2,774,23,[],None,None
EXPLOIT_VULN,8036.499139302032,8043.847366521545,7.348227219513319,20,14b509d3-7e8a-4b60-9f3d-c74942b8eacc,None,None,2,775,23,[],None,None
EXPLOIT_VULN,8043.847366521545,8044.6072571286495,0.759890607104353,20,14b509d3-7e8a-4b60-9f3d-c74942b8eacc,None,None,2,776,23,[],None,None
EXPLOIT_VULN,8044.6072571286495,8050.967416004883,6.360158876233072,20,14b509d3-7e8a-4b60-9f3d-c74942b8eacc,None,None,2,777,23,[],None,None
EXPLOIT_VULN,8050.967416004883,8072.173600179729,21.206184174846385,20,14b509d3-7e8a-4b60-9f3d-c74942b8eacc,None,None,2,778,23,[],None,None
EXPLOIT_VULN,8072.173600179729,8087.897220922847,15.723620743117863,20,14b509d3-7e8a-4b60-9f3d-c74942b8eacc,None,None,2,779,23,[],None,None
EXPLOIT_VULN,8087.897220922847,8095.794478352941,7.897257430094214,20,14b509d3-7e8a-4b60-9f3d-c74942b8eacc,None,None,2,780,23,[],None,None
EXPLOIT_VULN,8095.794478352941,8105.22312735578,9.428649002838938,20,14b509d3-7e8a-4b60-9f3d-c74942b8eacc,None,None,2,781,23,[],None,None
EXPLOIT_VULN,8105.22312735578,8115.325779468576,10.102652112796022,20,14b509d3-7e8a-4b60-9f3d-c74942b8eacc,None,None,2,782,23,[],None,None
EXPLOIT_VULN,8115.325779468576,8123.454089190434,8.128309721858386,20,14b509d3-7e8a-4b60-9f3d-c74942b8eacc,None,None,2,783,23,[],None,None
EXPLOIT_VULN,8123.454089190434,8137.1192724481225,13.665183257688113,20,14b509d3-7e8a-4b60-9f3d-c74942b8eacc,None,None,2,784,23,[],None,None
EXPLOIT_VULN,8137.1192724481225,8153.657329950295,16.538057502172705,20,14b509d3-7e8a-4b60-9f3d-c74942b8eacc,None,None,2,785,23,[],None,None
EXPLOIT_VULN,8153.657329950295,8175.876408274495,22.219078324199472,20,14b509d3-7e8a-4b60-9f3d-c74942b8eacc,None,None,2,786,23,[],None,None
EXPLOIT_VULN,8175.876408274495,8183.851843032428,7.975434757933726,20,14b509d3-7e8a-4b60-9f3d-c74942b8eacc,None,None,2,787,23,[],None,None
EXPLOIT_VULN,8183.851843032428,8192.88774040687,9.035897374441447,20,14b509d3-7e8a-4b60-9f3d-c74942b8eacc,None,None,2,788,23,[],None,None
EXPLOIT_VULN,8192.88774040687,8202.474340895349,9.586600488479235,20,14b509d3-7e8a-4b60-9f3d-c74942b8eacc,None,None,2,789,23,[],None,None
EXPLOIT_VULN,8202.474340895349,8205.94769626631,3.473355370961144,20,14b509d3-7e8a-4b60-9f3d-c74942b8eacc,None,None,2,790,23,[],None,None
EXPLOIT_VULN,8205.94769626631,8223.488525152849,17.540828886538293,20,14b509d3-7e8a-4b60-9f3d-c74942b8eacc,None,None,2,791,23,[],None,None
EXPLOIT_VULN,8223.488525152849,8226.515808394402,3.0272832415539597,20,14b509d3-7e8a-4b60-9f3d-c74942b8eacc,None,None,2,792,23,[],None,None
EXPLOIT_VULN,8226.515808394402,8232.982413012174,6.466604617771736,20,14b509d3-7e8a-4b60-9f3d-c74942b8eacc,20,14b509d3-7e8a-4b60-9f3d-c74942b8eacc,2,793,23,['Louisa'],None,None
SCAN_NEIGHBOR,8232.982413012174,8237.982413012174,5.0,20,14b509d3-7e8a-4b60-9f3d-c74942b8eacc,None,None,2,794,24,[],None,None
ENUM_HOST,8237.982413012174,8242.982413012174,5.0,20,14b509d3-7e8a-4b60-9f3d-c74942b8eacc,None,None,2,794,24,[],None,None
ENUM_HOST,8242.982413012174,8247.982413012174,5.0,17,5311f8a3-9422-4bc0-bcfe-ce96b74b68b0,None,None,7,794,24,[],None,None
SCAN_PORT,8247.982413012174,8272.982413012174,25.0,11,ea0077e7-9046-49b3-b006-cf4002932eb1,None,None,2,794,24,[],None,None
EXPLOIT_VULN,8272.982413012174,8277.236029300162,4.253616287987825,11,ea0077e7-9046-49b3-b006-cf4002932eb1,None,None,2,794,24,[],None,None
EXPLOIT_VULN,8277.236029300162,8279.939800093289,2.7037707931267505,11,ea0077e7-9046-49b3-b006-cf4002932eb1,None,None,2,795,24,[],None,None
EXPLOIT_VULN,8279.939800093289,8284.403657016655,4.46385692336662,11,ea0077e7-9046-49b3-b006-cf4002932eb1,None,None,2,796,24,[],None,None
EXPLOIT_VULN,8284.403657016655,8293.700806105673,9.297149089017694,11,ea0077e7-9046-49b3-b006-cf4002932eb1,None,None,2,797,24,[],None,None
EXPLOIT_VULN,8293.700806105673,8300.311436317597,6.610630211924217,11,ea0077e7-9046-49b3-b006-cf4002932eb1,None,None,2,798,24,[],None,None
EXPLOIT_VULN,8300.311436317597,8320.938882653963,20.62744633636612,11,ea0077e7-9046-49b3-b006-cf4002932eb1,None,None,2,799,24,[],None,None
EXPLOIT_VULN,8320.938882653963,8326.905270957412,5.966388303448184,11,ea0077e7-9046-49b3-b006-cf4002932eb1,None,None,2,800,24,[],None,None
EXPLOIT_VULN,8326.905270957412,8341.204641543538,14.299370586126315,11,ea0077e7-9046-49b3-b006-cf4002932eb1,None,None,2,801,24,[],None,None
EXPLOIT_VULN,8341.204641543538,8350.532858714672,9.328217171134384,11,ea0077e7-9046-49b3-b006-cf4002932eb1,None,None,2,802,24,[],None,None
EXPLOIT_VULN,8350.532858714672,8355.498235222423,4.965376507750989,11,ea0077e7-9046-49b3-b006-cf4002932eb1,None,None,2,803,24,[],None,None
EXPLOIT_VULN,8355.498235222423,8377.729616880613,22.231381658190003,11,ea0077e7-9046-49b3-b006-cf4002932eb1,None,None,2,804,24,[],None,None
EXPLOIT_VULN,8377.729616880613,8382.359785198623,4.630168318009964,11,ea0077e7-9046-49b3-b006-cf4002932eb1,None,None,2,805,24,[],None,None
EXPLOIT_VULN,8382.359785198623,8388.998571175165,6.63878597654184,11,ea0077e7-9046-49b3-b006-cf4002932eb1,None,None,2,806,24,[],None,None
EXPLOIT_VULN,8388.998571175165,8407.957195493123,18.95862431795831,11,ea0077e7-9046-49b3-b006-cf4002932eb1,None,None,2,807,24,[],None,None
EXPLOIT_VULN,8407.957195493123,8416.102887178742,8.145691685618658,11,ea0077e7-9046-49b3-b006-cf4002932eb1,None,None,2,808,24,[],None,None
EXPLOIT_VULN,8416.102887178742,8423.841936304856,7.739049126113969,11,ea0077e7-9046-49b3-b006-cf4002932eb1,None,None,2,809,24,[],None,None
BRUTE_FORCE,8423.841936304856,8443.841936304856,20.0,11,ea0077e7-9046-49b3-b006-cf4002932eb1,None,None,2,810,24,[],None,None
ENUM_HOST,8443.841936304856,8448.841936304856,5.0,11,ea0077e7-9046-49b3-b006-cf4002932eb1,None,None,2,810,24,[],None,None
SCAN_PORT,8448.841936304856,8473.841936304856,25.0,38,8e8cc504-1372-48e1-bf34-7a51112a985f,None,None,2,810,24,[],None,None
EXPLOIT_VULN,8473.841936304856,8474.929832455713,1.0878961508569773,38,8e8cc504-1372-48e1-bf34-7a51112a985f,None,None,2,810,24,[],None,None
EXPLOIT_VULN,8474.929832455713,8477.545028401404,2.6151959456910845,38,8e8cc504-1372-48e1-bf34-7a51112a985f,None,None,2,811,24,[],None,None
EXPLOIT_VULN,8477.545028401404,8480.334980790996,2.7899523895921448,38,8e8cc504-1372-48e1-bf34-7a51112a985f,None,None,2,812,24,[],None,None
EXPLOIT_VULN,8480.334980790996,8482.94652888316,2.6115480921635026,38,8e8cc504-1372-48e1-bf34-7a51112a985f,None,None,2,813,24,[],None,None
EXPLOIT_VULN,8482.94652888316,8485.30985858419,2.3633297010310343,38,8e8cc504-1372-48e1-bf34-7a51112a985f,None,None,2,814,24,[],None,None
EXPLOIT_VULN,8485.30985858419,8502.155530150758,16.845671566567034,38,8e8cc504-1372-48e1-bf34-7a51112a985f,None,None,2,815,24,[],None,None
EXPLOIT_VULN,8502.155530150758,8506.482149625452,4.326619474693871,38,8e8cc504-1372-48e1-bf34-7a51112a985f,None,None,2,816,24,[],None,None
EXPLOIT_VULN,8506.482149625452,8514.579165767023,8.097016141571657,38,8e8cc504-1372-48e1-bf34-7a51112a985f,None,None,2,817,24,[],None,None
EXPLOIT_VULN,8514.579165767023,8520.785441444397,6.206275677373924,38,8e8cc504-1372-48e1-bf34-7a51112a985f,None,None,2,818,24,[],None,None
EXPLOIT_VULN,8520.785441444397,8528.09180918408,7.306367739682173,38,8e8cc504-1372-48e1-bf34-7a51112a985f,None,None,2,819,24,[],None,None
EXPLOIT_VULN,8528.09180918408,8535.889154943292,7.797345759212476,38,8e8cc504-1372-48e1-bf34-7a51112a985f,None,None,2,820,24,[],None,None
EXPLOIT_VULN,8535.889154943292,8545.303909157523,9.414754214230925,38,8e8cc504-1372-48e1-bf34-7a51112a985f,None,None,2,821,24,[],None,None
EXPLOIT_VULN,8545.303909157523,8551.415748700743,6.1118395432204125,38,8e8cc504-1372-48e1-bf34-7a51112a985f,None,None,2,822,24,[],None,None
EXPLOIT_VULN,8551.415748700743,8559.977822682304,8.562073981560388,38,8e8cc504-1372-48e1-bf34-7a51112a985f,None,None,2,823,24,[],None,None
EXPLOIT_VULN,8559.977822682304,8582.463073404562,22.48525072225857,38,8e8cc504-1372-48e1-bf34-7a51112a985f,None,None,2,824,24,[],None,None
EXPLOIT_VULN,8582.463073404562,8588.757372475648,6.294299071085334,38,8e8cc504-1372-48e1-bf34-7a51112a985f,None,None,2,825,24,[],None,None
EXPLOIT_VULN,8588.757372475648,8608.177830237631,19.420457761983926,38,8e8cc504-1372-48e1-bf34-7a51112a985f,None,None,2,826,24,[],None,None
EXPLOIT_VULN,8608.177830237631,8613.412187965654,5.234357728022587,38,8e8cc504-1372-48e1-bf34-7a51112a985f,None,None,2,827,24,[],None,None
EXPLOIT_VULN,8613.412187965654,8622.584479688727,9.172291723072703,38,8e8cc504-1372-48e1-bf34-7a51112a985f,None,None,2,828,24,[],None,None
EXPLOIT_VULN,8622.584479688727,8629.353634783056,6.769155094329108,38,8e8cc504-1372-48e1-bf34-7a51112a985f,None,None,2,829,24,[],None,None
EXPLOIT_VULN,8629.353634783056,8631.359887950593,2.0062531675375794,38,8e8cc504-1372-48e1-bf34-7a51112a985f,38,8e8cc504-1372-48e1-bf34-7a51112a985f,2,830,24,[],None,None
SCAN_NEIGHBOR,8631.359887950593,8636.359887950593,5.0,38,8e8cc504-1372-48e1-bf34-7a51112a985f,None,None,2,831,25,[],None,None
ENUM_HOST,8636.359887950593,8641.359887950593,5.0,38,8e8cc504-1372-48e1-bf34-7a51112a985f,None,None,2,831,25,[],None,None
SCAN_PORT,8641.359887950593,8666.359887950593,25.0,9,114313f3-bbe4-4d4d-bf26-5965c5e8ea6f,None,None,8,831,25,[],None,None
EXPLOIT_VULN,8666.359887950593,8674.921250771999,8.561362821405055,9,114313f3-bbe4-4d4d-bf26-5965c5e8ea6f,None,None,8,831,25,[],None,None
BRUTE_FORCE,8674.921250771999,8694.921250771999,20.0,9,114313f3-bbe4-4d4d-bf26-5965c5e8ea6f,None,None,8,832,25,[],None,None
ENUM_HOST,8694.921250771999,8699.921250771999,5.0,9,114313f3-bbe4-4d4d-bf26-5965c5e8ea6f,None,None,8,832,25,[],None,None
SCAN_PORT,8699.921250771999,8724.921250771999,25.0,25,f5c759ba-3df4-4ea9-bc70-cb1c72f145ab,None,None,2,832,25,[],None,None
EXPLOIT_VULN,8724.921250771999,8740.506115369302,15.58486459730375,25,f5c759ba-3df4-4ea9-bc70-cb1c72f145ab,None,None,2,832,25,[],None,None
EXPLOIT_VULN,8740.506115369302,8746.168763515298,5.662648145995263,25,f5c759ba-3df4-4ea9-bc70-cb1c72f145ab,None,None,2,833,25,[],None,None
EXPLOIT_VULN,8746.168763515298,8751.90910052746,5.740337012162854,25,f5c759ba-3df4-4ea9-bc70-cb1c72f145ab,None,None,2,834,25,[],None,None
EXPLOIT_VULN,8751.90910052746,8765.821091701317,13.911991173856222,25,f5c759ba-3df4-4ea9-bc70-cb1c72f145ab,None,None,2,835,25,[],None,None
EXPLOIT_VULN,8765.821091701317,8774.445915792863,8.624824091546543,25,f5c759ba-3df4-4ea9-bc70-cb1c72f145ab,None,None,2,836,25,[],None,None
EXPLOIT_VULN,8774.445915792863,8780.743616116333,6.297700323470053,25,f5c759ba-3df4-4ea9-bc70-cb1c72f145ab,None,None,2,837,25,[],None,None
EXPLOIT_VULN,8780.743616116333,8797.377097734274,16.63348161794056,25,f5c759ba-3df4-4ea9-bc70-cb1c72f145ab,None,None,2,838,25,[],None,None
EXPLOIT_VULN,8797.377097734274,8802.683226077927,5.306128343652745,25,f5c759ba-3df4-4ea9-bc70-cb1c72f145ab,None,None,2,839,25,[],None,None
EXPLOIT_VULN,8802.683226077927,8819.002323742548,16.31909766462195,25,f5c759ba-3df4-4ea9-bc70-cb1c72f145ab,None,None,2,840,25,[],None,None
EXPLOIT_VULN,8819.002323742548,8826.390258102683,7.38793436013475,25,f5c759ba-3df4-4ea9-bc70-cb1c72f145ab,25,f5c759ba-3df4-4ea9-bc70-cb1c72f145ab,2,841,25,['Nelli'],None,None
SCAN_NEIGHBOR,8826.390258102683,8831.390258102683,5.0,25,f5c759ba-3df4-4ea9-bc70-cb1c72f145ab,None,None,2,842,26,[],None,None
ENUM_HOST,8831.390258102683,8836.390258102683,5.0,25,f5c759ba-3df4-4ea9-bc70-cb1c72f145ab,None,None,2,842,26,[],None,None
SCAN_PORT,8836.390258102683,8861.390258102683,25.0,48,d27d952e-629f-42bf-8730-6f4dfdfd3688,None,None,1,842,26,[],None,None
EXPLOIT_VULN,8861.390258102683,8862.118954263044,0.7286961603604141,48,d27d952e-629f-42bf-8730-6f4dfdfd3688,None,None,1,842,26,[],None,None
EXPLOIT_VULN,8862.118954263044,8863.19320015781,1.0742458947661362,48,d27d952e-629f-42bf-8730-6f4dfdfd3688,None,None,1,843,26,[],None,None
EXPLOIT_VULN,8863.19320015781,8867.077938951708,3.8847387938985776,48,d27d952e-629f-42bf-8730-6f4dfdfd3688,None,None,1,844,26,[],None,None
EXPLOIT_VULN,8867.077938951708,8868.477596405011,1.399657453303007,48,d27d952e-629f-42bf-8730-6f4dfdfd3688,None,None,1,845,26,[],None,None
EXPLOIT_VULN,8868.477596405011,8870.319141838609,1.8415454335972754,48,d27d952e-629f-42bf-8730-6f4dfdfd3688,None,None,1,846,26,[],None,None
EXPLOIT_VULN,8870.319141838609,8871.1283331698,0.8091913311909593,48,d27d952e-629f-42bf-8730-6f4dfdfd3688,None,None,1,847,26,[],None,None
EXPLOIT_VULN,8871.1283331698,8871.764056850749,0.6357236809490132,48,d27d952e-629f-42bf-8730-6f4dfdfd3688,None,None,1,848,26,[],None,None
EXPLOIT_VULN,8871.764056850749,8874.571873254488,2.8078164037397073,48,d27d952e-629f-42bf-8730-6f4dfdfd3688,None,None,1,849,26,[],None,None
EXPLOIT_VULN,8874.571873254488,8878.483876278477,3.912003023988291,48,d27d952e-629f-42bf-8730-6f4dfdfd3688,None,None,1,850,26,[],None,None
EXPLOIT_VULN,8878.483876278477,8880.910510402206,2.4266341237289453,48,d27d952e-629f-42bf-8730-6f4dfdfd3688,None,None,1,851,26,[],None,None
EXPLOIT_VULN,8880.910510402206,8885.763363133516,4.852852731310122,48,d27d952e-629f-42bf-8730-6f4dfdfd3688,None,None,1,852,26,[],None,None
EXPLOIT_VULN,8885.763363133516,8889.903350125582,4.139986992066042,48,d27d952e-629f-42bf-8730-6f4dfdfd3688,None,None,1,853,26,[],None,None
EXPLOIT_VULN,8889.903350125582,8894.706221337197,4.8028712116156385,48,d27d952e-629f-42bf-8730-6f4dfdfd3688,None,None,1,854,26,[],None,None
EXPLOIT_VULN,8894.706221337197,8904.909265309136,10.203043971938314,48,d27d952e-629f-42bf-8730-6f4dfdfd3688,None,None,1,855,26,[],None,None
EXPLOIT_VULN,8904.909265309136,8915.324897536564,10.415632227428432,48,d27d952e-629f-42bf-8730-6f4dfdfd3688,None,None,1,856,26,[],None,None
EXPLOIT_VULN,8915.324897536564,8919.502379190508,4.177481653943687,48,d27d952e-629f-42bf-8730-6f4dfdfd3688,None,None,1,857,26,[],None,None
EXPLOIT_VULN,8919.502379190508,8925.469965320395,5.967586129887422,48,d27d952e-629f-42bf-8730-6f4dfdfd3688,None,None,1,858,26,[],None,None
EXPLOIT_VULN,8925.469965320395,8931.89406637384,6.424101053444247,48,d27d952e-629f-42bf-8730-6f4dfdfd3688,None,None,1,859,26,[],None,None
EXPLOIT_VULN,8931.89406637384,8937.133264904263,5.2391985304238915,48,d27d952e-629f-42bf-8730-6f4dfdfd3688,None,None,1,860,26,[],None,None
EXPLOIT_VULN,8937.133264904263,8941.442104733735,4.308839829471253,48,d27d952e-629f-42bf-8730-6f4dfdfd3688,None,None,1,861,26,[],None,None
EXPLOIT_VULN,8941.442104733735,8950.717445433036,9.275340699301523,48,d27d952e-629f-42bf-8730-6f4dfdfd3688,None,None,1,862,26,[],None,None
EXPLOIT_VULN,8950.717445433036,8964.140922348259,13.423476915222636,48,d27d952e-629f-42bf-8730-6f4dfdfd3688,None,None,1,863,26,[],None,None
EXPLOIT_VULN,8964.140922348259,8969.813408938588,5.672486590328845,48,d27d952e-629f-42bf-8730-6f4dfdfd3688,None,None,1,864,26,[],None,None
EXPLOIT_VULN,8969.813408938588,8976.14553315322,6.332124214632131,48,d27d952e-629f-42bf-8730-6f4dfdfd3688,None,None,1,865,26,[],None,None
EXPLOIT_VULN,8976.14553315322,8984.987766211021,8.842233057801423,48,d27d952e-629f-42bf-8730-6f4dfdfd3688,None,None,1,866,26,[],None,None
EXPLOIT_VULN,8984.987766211021,9003.72336963032,18.73560341929806,48,d27d952e-629f-42bf-8730-6f4dfdfd3688,None,None,1,867,26,[],None,None
EXPLOIT_VULN,9003.72336963032,9010.398476717968,6.675107087648939,48,d27d952e-629f-42bf-8730-6f4dfdfd3688,None,None,1,868,26,[],None,None
EXPLOIT_VULN,9010.398476717968,9017.466022505549,7.067545787580457,48,d27d952e-629f-42bf-8730-6f4dfdfd3688,None,None,1,869,26,[],None,None
EXPLOIT_VULN,9017.466022505549,9022.697989979035,5.231967473486293,48,d27d952e-629f-42bf-8730-6f4dfdfd3688,None,None,1,870,26,[],None,None
EXPLOIT_VULN,9022.697989979035,9037.075118270668,14.377128291633198,48,d27d952e-629f-42bf-8730-6f4dfdfd3688,None,None,1,871,26,[],None,None
EXPLOIT_VULN,9037.075118270668,9051.211707199149,14.136588928480705,48,d27d952e-629f-42bf-8730-6f4dfdfd3688,None,None,1,872,26,[],None,None
EXPLOIT_VULN,9051.211707199149,9059.35104634222,8.139339143071993,48,d27d952e-629f-42bf-8730-6f4dfdfd3688,None,None,1,873,26,[],None,None
EXPLOIT_VULN,9059.35104634222,9067.075681661643,7.724635319422305,48,d27d952e-629f-42bf-8730-6f4dfdfd3688,None,None,1,874,26,[],None,None
EXPLOIT_VULN,9067.075681661643,9070.301181234414,3.2254995727707865,48,d27d952e-629f-42bf-8730-6f4dfdfd3688,None,None,1,875,26,[],None,None
BRUTE_FORCE,9070.301181234414,9090.301181234414,20.0,48,d27d952e-629f-42bf-8730-6f4dfdfd3688,None,None,1,876,26,[],None,None
ENUM_HOST,9090.301181234414,9095.301181234414,5.0,48,d27d952e-629f-42bf-8730-6f4dfdfd3688,None,None,1,876,26,[],None,None
ENUM_HOST,9095.301181234414,9100.301181234414,5.0,13,0325a8dd-15ee-476c-8f08-aa26a1c31f4f,None,None,5,876,26,[],None,None
ENUM_HOST,9100.301181234414,9105.301181234414,5.0,38,8e8cc504-1372-48e1-bf34-7a51112a985f,None,None,3,876,26,[],None,None
SCAN_PORT,9105.301181234414,9130.301181234414,25.0,35,e5f4a76c-b7a4-4deb-9fd1-740f9f70082f,None,None,1,876,26,[],None,None
EXPLOIT_VULN,9130.301181234414,9132.678550989562,2.377369755147811,35,e5f4a76c-b7a4-4deb-9fd1-740f9f70082f,None,None,1,876,26,[],None,None
EXPLOIT_VULN,9132.678550989562,9136.607921162611,3.929370173049392,35,e5f4a76c-b7a4-4deb-9fd1-740f9f70082f,None,None,1,877,26,[],None,None
EXPLOIT_VULN,9136.607921162611,9138.953025241144,2.3451040785330406,35,e5f4a76c-b7a4-4deb-9fd1-740f9f70082f,None,None,1,878,26,[],None,None
EXPLOIT_VULN,9138.953025241144,9147.75288030307,8.799855061924973,35,e5f4a76c-b7a4-4deb-9fd1-740f9f70082f,None,None,1,879,26,[],None,None
EXPLOIT_VULN,9147.75288030307,9150.295727982351,2.542847679282204,35,e5f4a76c-b7a4-4deb-9fd1-740f9f70082f,None,None,1,880,26,[],None,None
EXPLOIT_VULN,9150.295727982351,9156.455092759872,6.15936477752075,35,e5f4a76c-b7a4-4deb-9fd1-740f9f70082f,None,None,1,881,26,[],None,None
EXPLOIT_VULN,9156.455092759872,9161.15088906421,4.695796304338728,35,e5f4a76c-b7a4-4deb-9fd1-740f9f70082f,None,None,1,882,26,[],None,None
EXPLOIT_VULN,9161.15088906421,9167.30581427866,6.154925214448667,35,e5f4a76c-b7a4-4deb-9fd1-740f9f70082f,None,None,1,883,26,[],None,None
EXPLOIT_VULN,9167.30581427866,9171.72313200653,4.417317727869886,35,e5f4a76c-b7a4-4deb-9fd1-740f9f70082f,None,None,1,884,26,[],None,None
EXPLOIT_VULN,9171.72313200653,9194.371644150993,22.648512144463893,35,e5f4a76c-b7a4-4deb-9fd1-740f9f70082f,None,None,1,885,26,[],None,None
EXPLOIT_VULN,9194.371644150993,9203.66780652882,9.296162377826477,35,e5f4a76c-b7a4-4deb-9fd1-740f9f70082f,None,None,1,886,26,[],None,None
EXPLOIT_VULN,9203.66780652882,9222.744946397888,19.07713986906856,35,e5f4a76c-b7a4-4deb-9fd1-740f9f70082f,None,None,1,887,26,[],None,None
EXPLOIT_VULN,9222.744946397888,9232.744435769686,9.999489371797608,35,e5f4a76c-b7a4-4deb-9fd1-740f9f70082f,None,None,1,888,26,[],None,None
EXPLOIT_VULN,9232.744435769686,9238.254666751227,5.510230981541099,35,e5f4a76c-b7a4-4deb-9fd1-740f9f70082f,None,None,1,889,26,[],None,None
EXPLOIT_VULN,9238.254666751227,9258.169889431043,19.915222679815997,35,e5f4a76c-b7a4-4deb-9fd1-740f9f70082f,None,None,1,890,26,[],None,None
EXPLOIT_VULN,9258.169889431043,9279.79242497245,21.62253554140625,35,e5f4a76c-b7a4-4deb-9fd1-740f9f70082f,None,None,1,891,26,[],None,None
EXPLOIT_VULN,9279.79242497245,9293.779246680248,13.986821707798299,35,e5f4a76c-b7a4-4deb-9fd1-740f9f70082f,None,None,1,892,26,[],None,None
BRUTE_FORCE,9293.779246680248,9313.779246680248,20.0,35,e5f4a76c-b7a4-4deb-9fd1-740f9f70082f,None,None,1,893,26,[],None,None
ENUM_HOST,9313.779246680248,9318.779246680248,5.0,35,e5f4a76c-b7a4-4deb-9fd1-740f9f70082f,None,None,1,893,26,[],None,None
SCAN_PORT,9318.779246680248,9343.779246680248,25.0,43,ee8f4d2a-dd5b-4e81-a09a-aaae14975393,None,None,1,893,26,[],None,None
EXPLOIT_VULN,9343.779246680248,9344.549692862363,0.7704461821158475,43,ee8f4d2a-dd5b-4e81-a09a-aaae14975393,None,None,1,893,26,[],None,None
EXPLOIT_VULN,9344.549692862363,9346.03012989245,1.4804370300862502,43,ee8f4d2a-dd5b-4e81-a09a-aaae14975393,None,None,1,894,26,[],None,None
EXPLOIT_VULN,9346.03012989245,9349.24299410586,3.2128642134102847,43,ee8f4d2a-dd5b-4e81-a09a-aaae14975393,None,None,1,895,26,[],None,None
EXPLOIT_VULN,9349.24299410586,9349.8712144069,0.6282203010396188,43,ee8f4d2a-dd5b-4e81-a09a-aaae14975393,None,None,1,896,26,[],None,None
EXPLOIT_VULN,9349.8712144069,9352.08150537752,2.2102909706209175,43,ee8f4d2a-dd5b-4e81-a09a-aaae14975393,None,None,1,897,26,[],None,None
EXPLOIT_VULN,9352.08150537752,9355.245040663305,3.1635352857847465,43,ee8f4d2a-dd5b-4e81-a09a-aaae14975393,None,None,1,898,26,[],None,None
EXPLOIT_VULN,9355.245040663305,9361.958074824719,6.713034161413816,43,ee8f4d2a-dd5b-4e81-a09a-aaae14975393,None,None,1,899,26,[],None,None
EXPLOIT_VULN,9361.958074824719,9365.649811793252,3.6917369685324957,43,ee8f4d2a-dd5b-4e81-a09a-aaae14975393,None,None,1,900,26,[],None,None
EXPLOIT_VULN,9365.649811793252,9373.003823844609,7.354012051357131,43,ee8f4d2a-dd5b-4e81-a09a-aaae14975393,None,None,1,901,26,[],None,None
EXPLOIT_VULN,9373.003823844609,9375.724646000272,2.7208221556629724,43,ee8f4d2a-dd5b-4e81-a09a-aaae14975393,None,None,1,902,26,[],None,None
EXPLOIT_VULN,9375.724646000272,9382.05680695072,6.332160950449179,43,ee8f4d2a-dd5b-4e81-a09a-aaae14975393,None,None,1,903,26,[],None,None
EXPLOIT_VULN,9382.05680695072,9387.486224148277,5.429417197556177,43,ee8f4d2a-dd5b-4e81-a09a-aaae14975393,None,None,1,904,26,[],None,None
EXPLOIT_VULN,9387.486224148277,9391.380099083393,3.8938749351164006,43,ee8f4d2a-dd5b-4e81-a09a-aaae14975393,None,None,1,905,26,[],None,None
EXPLOIT_VULN,9391.380099083393,9395.116649408961,3.736550325567805,43,ee8f4d2a-dd5b-4e81-a09a-aaae14975393,None,None,1,906,26,[],None,None
EXPLOIT_VULN,9395.116649408961,9413.625734380135,18.50908497117416,43,ee8f4d2a-dd5b-4e81-a09a-aaae14975393,None,None,1,907,26,[],None,None
EXPLOIT_VULN,9413.625734380135,9429.6205558893,15.994821509164467,43,ee8f4d2a-dd5b-4e81-a09a-aaae14975393,None,None,1,908,26,[],None,None
EXPLOIT_VULN,9429.6205558893,9448.929715234295,19.30915934499535,43,ee8f4d2a-dd5b-4e81-a09a-aaae14975393,None,None,1,909,26,[],None,None
EXPLOIT_VULN,9448.929715234295,9456.231229184004,7.3015139497092605,43,ee8f4d2a-dd5b-4e81-a09a-aaae14975393,None,None,1,910,26,[],None,None
EXPLOIT_VULN,9456.231229184004,9462.09208896119,5.8608597771853965,43,ee8f4d2a-dd5b-4e81-a09a-aaae14975393,None,None,1,911,26,[],None,None
EXPLOIT_VULN,9462.09208896119,9470.393207121324,8.301118160134138,43,ee8f4d2a-dd5b-4e81-a09a-aaae14975393,None,None,1,912,26,[],None,None
EXPLOIT_VULN,9470.393207121324,9478.56656045618,8.173353334856074,43,ee8f4d2a-dd5b-4e81-a09a-aaae14975393,None,None,1,913,26,[],None,None
EXPLOIT_VULN,9478.56656045618,9487.533533531328,8.966973075148417,43,ee8f4d2a-dd5b-4e81-a09a-aaae14975393,None,None,1,914,26,[],None,None
BRUTE_FORCE,9487.533533531328,9507.533533531328,20.0,43,ee8f4d2a-dd5b-4e81-a09a-aaae14975393,None,None,1,915,26,[],None,None
ENUM_HOST,9507.533533531328,9512.533533531328,5.0,43,ee8f4d2a-dd5b-4e81-a09a-aaae14975393,None,None,1,915,26,[],None,None
SCAN_PORT,9512.533533531328,9537.533533531328,25.0,37,579f3ae7-7418-4223-9d90-9d054ef9664a,None,None,1,915,26,[],None,None
EXPLOIT_VULN,9537.533533531328,9540.957613021828,3.4240794904999348,37,579f3ae7-7418-4223-9d90-9d054ef9664a,None,None,1,915,26,[],None,None
EXPLOIT_VULN,9540.957613021828,9543.347143304585,2.389530282756823,37,579f3ae7-7418-4223-9d90-9d054ef9664a,None,None,1,916,26,[],None,None
EXPLOIT_VULN,9543.347143304585,9549.090956710623,5.743813406037589,37,579f3ae7-7418-4223-9d90-9d054ef9664a,None,None,1,917,26,[],None,None
EXPLOIT_VULN,9549.090956710623,9553.464730188163,4.373773477540453,37,579f3ae7-7418-4223-9d90-9d054ef9664a,None,None,1,918,26,[],None,None
EXPLOIT_VULN,9553.464730188163,9556.586854419924,3.1221242317606084,37,579f3ae7-7418-4223-9d90-9d054ef9664a,None,None,1,919,26,[],None,None
EXPLOIT_VULN,9556.586854419924,9564.633135579168,8.046281159244245,37,579f3ae7-7418-4223-9d90-9d054ef9664a,None,None,1,920,26,[],None,None
EXPLOIT_VULN,9564.633135579168,9569.723986315448,5.090850736280117,37,579f3ae7-7418-4223-9d90-9d054ef9664a,None,None,1,921,26,[],None,None
EXPLOIT_VULN,9569.723986315448,9571.502590890072,1.7786045746233867,37,579f3ae7-7418-4223-9d90-9d054ef9664a,None,None,1,922,26,[],None,None
EXPLOIT_VULN,9571.502590890072,9575.769675131176,4.267084241104385,37,579f3ae7-7418-4223-9d90-9d054ef9664a,None,None,1,923,26,[],None,None
EXPLOIT_VULN,9575.769675131176,9578.625345439601,2.855670308425033,37,579f3ae7-7418-4223-9d90-9d054ef9664a,None,None,1,924,26,[],None,None
EXPLOIT_VULN,9578.625345439601,9584.378620148926,5.753274709324614,37,579f3ae7-7418-4223-9d90-9d054ef9664a,None,None,1,925,26,[],None,None
EXPLOIT_VULN,9584.378620148926,9589.823473404029,5.444853255103226,37,579f3ae7-7418-4223-9d90-9d054ef9664a,None,None,1,926,26,[],None,None
EXPLOIT_VULN,9589.823473404029,9595.335891958266,5.512418554237229,37,579f3ae7-7418-4223-9d90-9d054ef9664a,None,None,1,927,26,[],None,None
EXPLOIT_VULN,9595.335891958266,9598.188636552548,2.8527445942818304,37,579f3ae7-7418-4223-9d90-9d054ef9664a,None,None,1,928,26,[],None,None
EXPLOIT_VULN,9598.188636552548,9620.508211361945,22.319574809396727,37,579f3ae7-7418-4223-9d90-9d054ef9664a,None,None,1,929,26,[],None,None
EXPLOIT_VULN,9620.508211361945,9626.999871561018,6.491660199073522,37,579f3ae7-7418-4223-9d90-9d054ef9664a,None,None,1,930,26,[],None,None
EXPLOIT_VULN,9626.999871561018,9648.829309051886,21.82943749086735,37,579f3ae7-7418-4223-9d90-9d054ef9664a,None,None,1,931,26,[],None,None
EXPLOIT_VULN,9648.829309051886,9664.77749754874,15.948188496853618,37,579f3ae7-7418-4223-9d90-9d054ef9664a,None,None,1,932,26,[],None,None
EXPLOIT_VULN,9664.77749754874,9683.059802106867,18.28230455812809,37,579f3ae7-7418-4223-9d90-9d054ef9664a,None,None,1,933,26,[],None,None
EXPLOIT_VULN,9683.059802106867,9690.036886307958,6.977084201091202,37,579f3ae7-7418-4223-9d90-9d054ef9664a,None,None,1,934,26,[],None,None
EXPLOIT_VULN,9690.036886307958,9711.852807060082,21.81592075212393,37,579f3ae7-7418-4223-9d90-9d054ef9664a,None,None,1,935,26,[],None,None
EXPLOIT_VULN,9711.852807060082,9734.129245568689,22.27643850860659,37,579f3ae7-7418-4223-9d90-9d054ef9664a,None,None,1,936,26,[],None,None
BRUTE_FORCE,9734.129245568689,9754.129245568689,20.0,37,579f3ae7-7418-4223-9d90-9d054ef9664a,None,None,1,937,26,[],None,None
ENUM_HOST,9754.129245568689,9759.129245568689,5.0,37,579f3ae7-7418-4223-9d90-9d054ef9664a,None,None,1,937,26,[],None,None
ENUM_HOST,9759.129245568689,9764.129245568689,5.0,22,c2e5719c-da0b-4182-bcdc-35416cf9f3ab,None,None,6,937,26,[],None,None
SCAN_PORT,9764.129245568689,9789.129245568689,25.0,21,9582f307-a4d7-49ff-a200-354bfd783158,None,None,2,937,26,[],None,None
EXPLOIT_VULN,9789.129245568689,9790.151569081376,1.022323512686853,21,9582f307-a4d7-49ff-a200-354bfd783158,None,None,2,937,26,[],None,None
EXPLOIT_VULN,9790.151569081376,9794.647599318676,4.496030237300147,21,9582f307-a4d7-49ff-a200-354bfd783158,None,None,2,938,26,[],None,None
EXPLOIT_VULN,9794.647599318676,9801.417209632371,6.769610313695011,21,9582f307-a4d7-49ff-a200-354bfd783158,None,None,2,939,26,[],None,None
EXPLOIT_VULN,9801.417209632371,9810.412091059152,8.994881426780921,21,9582f307-a4d7-49ff-a200-354bfd783158,None,None,2,940,26,[],None,None
EXPLOIT_VULN,9810.412091059152,9815.855181788898,5.443090729746473,21,9582f307-a4d7-49ff-a200-354bfd783158,None,None,2,941,26,[],None,None
EXPLOIT_VULN,9815.855181788898,9819.87471768335,4.01953589445111,21,9582f307-a4d7-49ff-a200-354bfd783158,None,None,2,942,26,[],None,None
BRUTE_FORCE,9819.87471768335,9839.87471768335,20.0,21,9582f307-a4d7-49ff-a200-354bfd783158,None,None,2,943,26,[],None,None
ENUM_HOST,9839.87471768335,9844.87471768335,5.0,21,9582f307-a4d7-49ff-a200-354bfd783158,None,None,2,943,26,[],None,None
SCAN_PORT,9844.87471768335,9869.87471768335,25.0,26,8419694f-5877-4d48-99ba-36038d3df708,None,None,1,943,26,[],None,None
EXPLOIT_VULN,9869.87471768335,9870.477630224532,0.602912541182377,26,8419694f-5877-4d48-99ba-36038d3df708,None,None,1,943,26,[],None,None
EXPLOIT_VULN,9870.477630224532,9871.230138959303,0.7525087347712542,26,8419694f-5877-4d48-99ba-36038d3df708,None,None,1,944,26,[],None,None
EXPLOIT_VULN,9871.230138959303,9872.032044657275,0.8019056979719608,26,8419694f-5877-4d48-99ba-36038d3df708,None,None,1,945,26,[],None,None
EXPLOIT_VULN,9872.032044657275,9872.744349270655,0.7123046133801836,26,8419694f-5877-4d48-99ba-36038d3df708,None,None,1,946,26,[],None,None
EXPLOIT_VULN,9872.744349270655,9874.458329885909,1.713980615253604,26,8419694f-5877-4d48-99ba-36038d3df708,None,None,1,947,26,[],None,None
EXPLOIT_VULN,9874.458329885909,9876.455270554881,1.9969406689724565,26,8419694f-5877-4d48-99ba-36038d3df708,None,None,1,948,26,[],None,None
EXPLOIT_VULN,9876.455270554881,9876.88087625838,0.4256057034981495,26,8419694f-5877-4d48-99ba-36038d3df708,None,None,1,949,26,[],None,None
EXPLOIT_VULN,9876.88087625838,9880.47955855468,3.598682296300467,26,8419694f-5877-4d48-99ba-36038d3df708,None,None,1,950,26,[],None,None
EXPLOIT_VULN,9880.47955855468,9886.958513990076,6.478955435395619,26,8419694f-5877-4d48-99ba-36038d3df708,None,None,1,951,26,[],None,None
EXPLOIT_VULN,9886.958513990076,9889.8293250062,2.8708110161242075,26,8419694f-5877-4d48-99ba-36038d3df708,None,None,1,952,26,[],None,None
EXPLOIT_VULN,9889.8293250062,9893.27342101272,3.44409600652034,26,8419694f-5877-4d48-99ba-36038d3df708,None,None,1,953,26,[],None,None
EXPLOIT_VULN,9893.27342101272,9902.739332692223,9.465911679502824,26,8419694f-5877-4d48-99ba-36038d3df708,None,None,1,954,26,[],None,None
EXPLOIT_VULN,9902.739332692223,9905.644891716378,2.9055590241550817,26,8419694f-5877-4d48-99ba-36038d3df708,None,None,1,955,26,[],None,None
EXPLOIT_VULN,9905.644891716378,9908.261487001731,2.616595285353469,26,8419694f-5877-4d48-99ba-36038d3df708,None,None,1,956,26,[],None,None
EXPLOIT_VULN,9908.261487001731,9914.67831777513,6.416830773398033,26,8419694f-5877-4d48-99ba-36038d3df708,None,None,1,957,26,[],None,None
EXPLOIT_VULN,9914.67831777513,9930.780201743653,16.101883968523907,26,8419694f-5877-4d48-99ba-36038d3df708,None,None,1,958,26,[],None,None
EXPLOIT_VULN,9930.780201743653,9936.61542815384,5.835226410186806,26,8419694f-5877-4d48-99ba-36038d3df708,None,None,1,959,26,[],None,None
EXPLOIT_VULN,9936.61542815384,9945.704677781003,9.089249627162644,26,8419694f-5877-4d48-99ba-36038d3df708,None,None,1,960,26,[],None,None
EXPLOIT_VULN,9945.704677781003,9959.639595176706,13.934917395703451,26,8419694f-5877-4d48-99ba-36038d3df708,None,None,1,961,26,[],None,None
EXPLOIT_VULN,9959.639595176706,9963.8504915894,4.210896412692819,26,8419694f-5877-4d48-99ba-36038d3df708,None,None,1,962,26,[],None,None
EXPLOIT_VULN,9963.8504915894,9968.044190796843,4.193699207444297,26,8419694f-5877-4d48-99ba-36038d3df708,None,None,1,963,26,[],None,None
EXPLOIT_VULN,9968.044190796843,9975.55350875483,7.50931795798715,26,8419694f-5877-4d48-99ba-36038d3df708,None,None,1,964,26,[],None,None
EXPLOIT_VULN,9975.55350875483,9994.526653342618,18.97314458778783,26,8419694f-5877-4d48-99ba-36038d3df708,None,None,1,965,26,[],None,None
EXPLOIT_VULN,9994.526653342618,10017.230665670158,22.704012327540113,26,8419694f-5877-4d48-99ba-36038d3df708,None,None,1,966,26,[],None,None
EXPLOIT_VULN,10017.230665670158,10021.911198072461,4.6805324023025605,26,8419694f-5877-4d48-99ba-36038d3df708,None,None,1,967,26,[],None,None
EXPLOIT_VULN,10021.911198072461,10030.035655235533,8.124457163072293,26,8419694f-5877-4d48-99ba-36038d3df708,None,None,1,968,26,[],None,None
EXPLOIT_VULN,10030.035655235533,10035.576109232965,5.540453997431541,26,8419694f-5877-4d48-99ba-36038d3df708,None,None,1,969,26,[],None,None
EXPLOIT_VULN,10035.576109232965,10043.57230046012,7.9961912271555775,26,8419694f-5877-4d48-99ba-36038d3df708,None,None,1,970,26,[],None,None
EXPLOIT_VULN,10043.57230046012,10051.69869613919,8.126395679069901,26,8419694f-5877-4d48-99ba-36038d3df708,None,None,1,971,26,[],None,None
EXPLOIT_VULN,10051.69869613919,10059.160290228248,7.461594089058053,26,8419694f-5877-4d48-99ba-36038d3df708,None,None,1,972,26,[],None,None
EXPLOIT_VULN,10059.160290228248,10078.058902819088,18.898612590839548,26,8419694f-5877-4d48-99ba-36038d3df708,None,None,1,973,26,[],None,None
EXPLOIT_VULN,10078.058902819088,10096.261062690684,18.20215987159645,26,8419694f-5877-4d48-99ba-36038d3df708,None,None,1,974,26,[],None,None
EXPLOIT_VULN,10096.261062690684,10106.153640416402,9.892577725717274,26,8419694f-5877-4d48-99ba-36038d3df708,None,None,1,975,26,[],None,None
EXPLOIT_VULN,10106.153640416402,10116.14359951704,9.989959100637861,26,8419694f-5877-4d48-99ba-36038d3df708,None,None,1,976,26,[],None,None
BRUTE_FORCE,10116.14359951704,10136.14359951704,20.0,26,8419694f-5877-4d48-99ba-36038d3df708,None,None,1,977,26,[],None,None
ENUM_HOST,10136.14359951704,10141.14359951704,5.0,26,8419694f-5877-4d48-99ba-36038d3df708,None,None,1,977,26,[],None,None
SCAN_PORT,10141.14359951704,10166.14359951704,25.0,34,215686e4-721a-4f60-84b0-dad1b965693d,None,None,2,977,26,[],None,None
EXPLOIT_VULN,10166.14359951704,10166.69936226776,0.5557627507205325,34,215686e4-721a-4f60-84b0-dad1b965693d,None,None,2,977,26,[],None,None
EXPLOIT_VULN,10166.69936226776,10168.967752950273,2.2683906825132,34,215686e4-721a-4f60-84b0-dad1b965693d,None,None,2,978,26,[],None,None
EXPLOIT_VULN,10168.967752950273,10171.273633343104,2.305880392830659,34,215686e4-721a-4f60-84b0-dad1b965693d,None,None,2,979,26,[],None,None
EXPLOIT_VULN,10171.273633343104,10175.05887286651,3.785239523405835,34,215686e4-721a-4f60-84b0-dad1b965693d,None,None,2,980,26,[],None,None
EXPLOIT_VULN,10175.05887286651,10177.705271286126,2.646398419616162,34,215686e4-721a-4f60-84b0-dad1b965693d,None,None,2,981,26,[],None,None
EXPLOIT_VULN,10177.705271286126,10190.261224742086,12.555953455959752,34,215686e4-721a-4f60-84b0-dad1b965693d,None,None,2,982,26,[],None,None
EXPLOIT_VULN,10190.261224742086,10199.435415403748,9.174190661662578,34,215686e4-721a-4f60-84b0-dad1b965693d,None,None,2,983,26,[],None,None
EXPLOIT_VULN,10199.435415403748,10203.54828183767,4.112866433921226,34,215686e4-721a-4f60-84b0-dad1b965693d,None,None,2,984,26,[],None,None
EXPLOIT_VULN,10203.54828183767,10208.65109879706,5.102816959390111,34,215686e4-721a-4f60-84b0-dad1b965693d,None,None,2,985,26,[],None,None
EXPLOIT_VULN,10208.65109879706,10216.859939336257,8.208840539196899,34,215686e4-721a-4f60-84b0-dad1b965693d,None,None,2,986,26,[],None,None
EXPLOIT_VULN,10216.859939336257,10221.210323628378,4.3503842921218165,34,215686e4-721a-4f60-84b0-dad1b965693d,None,None,2,987,26,[],None,None
EXPLOIT_VULN,10221.210323628378,10240.118510099635,18.908186471257068,34,215686e4-721a-4f60-84b0-dad1b965693d,None,None,2,988,26,[],None,None
EXPLOIT_VULN,10240.118510099635,10256.518385899388,16.399875799752408,34,215686e4-721a-4f60-84b0-dad1b965693d,None,None,2,989,26,[],None,None
EXPLOIT_VULN,10256.518385899388,10264.465317802398,7.946931903010409,34,215686e4-721a-4f60-84b0-dad1b965693d,None,None,2,990,26,[],None,None
EXPLOIT_VULN,10264.465317802398,10282.615697898516,18.15038009611817,34,215686e4-721a-4f60-84b0-dad1b965693d,None,None,2,991,26,[],None,None
EXPLOIT_VULN,10282.615697898516,10286.909613448592,4.293915550075326,34,215686e4-721a-4f60-84b0-dad1b965693d,None,None,2,992,26,[],None,None
EXPLOIT_VULN,10286.909613448592,10291.133478929256,4.223865480664244,34,215686e4-721a-4f60-84b0-dad1b965693d,None,None,2,993,26,[],None,None
EXPLOIT_VULN,10291.133478929256,10299.802469094484,8.668990165228024,34,215686e4-721a-4f60-84b0-dad1b965693d,None,None,2,994,26,[],None,None
EXPLOIT_VULN,10299.802469094484,10307.374652884097,7.572183789612609,34,215686e4-721a-4f60-84b0-dad1b965693d,None,None,2,995,26,[],None,None
EXPLOIT_VULN,10307.374652884097,10315.87036102729,8.495708143193042,34,215686e4-721a-4f60-84b0-dad1b965693d,None,None,2,996,26,[],None,None
EXPLOIT_VULN,10315.87036102729,10324.424882762636,8.554521735346498,34,215686e4-721a-4f60-84b0-dad1b965693d,None,None,2,997,26,[],None,None
EXPLOIT_VULN,10324.424882762636,10338.009640209819,13.58475744718271,34,215686e4-721a-4f60-84b0-dad1b965693d,None,None,2,998,26,[],None,None
EXPLOIT_VULN,10338.009640209819,10346.71905488247,8.709414672650382,34,215686e4-721a-4f60-84b0-dad1b965693d,None,None,2,999,26,[],None,None
EXPLOIT_VULN,10346.71905488247,10355.02413834597,8.305083463501433,34,215686e4-721a-4f60-84b0-dad1b965693d,None,None,2,1000,26,[],None,None
EXPLOIT_VULN,10355.02413834597,10368.69567535768,13.671537011709006,34,215686e4-721a-4f60-84b0-dad1b965693d,None,None,2,1001,26,[],None,None
EXPLOIT_VULN,10368.69567535768,10383.59919530118,14.903519943500214,34,215686e4-721a-4f60-84b0-dad1b965693d,None,None,2,1002,26,[],None,None
EXPLOIT_VULN,10383.59919530118,10405.367135915496,21.767940614316103,34,215686e4-721a-4f60-84b0-dad1b965693d,None,None,2,1003,26,[],None,None
EXPLOIT_VULN,10405.367135915496,10408.505110757755,3.1379748422587,34,215686e4-721a-4f60-84b0-dad1b965693d,None,None,2,1004,26,[],None,None
EXPLOIT_VULN,10408.505110757755,10416.490010143605,7.98489938585044,34,215686e4-721a-4f60-84b0-dad1b965693d,None,None,2,1005,26,[],None,None
EXPLOIT_VULN,10416.490010143605,10438.607348776748,22.117338633142936,34,215686e4-721a-4f60-84b0-dad1b965693d,None,None,2,1006,26,[],None,None
EXPLOIT_VULN,10438.607348776748,10445.64880778696,7.041459010211838,34,215686e4-721a-4f60-84b0-dad1b965693d,None,None,2,1007,26,[],None,None
EXPLOIT_VULN,10445.64880778696,10454.284185794224,8.63537800726408,34,215686e4-721a-4f60-84b0-dad1b965693d,None,None,2,1008,26,[],None,None
EXPLOIT_VULN,10454.284185794224,10462.069498384726,7.785312590502144,34,215686e4-721a-4f60-84b0-dad1b965693d,None,None,2,1009,26,[],None,None
EXPLOIT_VULN,10462.069498384726,10481.310370144685,19.24087175995919,34,215686e4-721a-4f60-84b0-dad1b965693d,None,None,2,1010,26,[],None,None
EXPLOIT_VULN,10481.310370144685,10484.306369388663,2.9959992439780763,34,215686e4-721a-4f60-84b0-dad1b965693d,None,None,2,1011,26,[],None,None
EXPLOIT_VULN,10484.306369388663,10503.803062599174,19.496693210510784,34,215686e4-721a-4f60-84b0-dad1b965693d,None,None,2,1012,26,[],None,None
EXPLOIT_VULN,10503.803062599174,10510.167258515798,6.36419591662343,34,215686e4-721a-4f60-84b0-dad1b965693d,None,None,2,1013,26,[],None,None
EXPLOIT_VULN,10510.167258515798,10520.23873195022,10.071473434421932,34,215686e4-721a-4f60-84b0-dad1b965693d,None,None,2,1014,26,[],None,None
EXPLOIT_VULN,10520.23873195022,10538.823726511333,18.58499456111349,34,215686e4-721a-4f60-84b0-dad1b965693d,34,215686e4-721a-4f60-84b0-dad1b965693d,2,1015,26,[],None,None
SCAN_NEIGHBOR,10538.823726511333,10543.823726511333,5.0,34,215686e4-721a-4f60-84b0-dad1b965693d,None,None,2,1016,27,[],None,None
ENUM_HOST,10543.823726511333,10548.823726511333,5.0,34,215686e4-721a-4f60-84b0-dad1b965693d,None,None,2,1016,27,[],None,None
ENUM_HOST,10548.823726511333,10553.823726511333,5.0,16,a3cfd256-91d3-4e3a-839a-ae3b271a4b53,None,None,5,1016,27,[],None,None
ENUM_HOST,10553.823726511333,10558.823726511333,5.0,28,08c232dd-792a-407a-a916-e884090ff352,None,None,5,1016,27,[],None,None
SCAN_PORT,10558.823726511333,10583.823726511333,25.0,29,0c92ea4b-6e69-4ca5-9df8-526581b31ab6,None,None,2,1016,27,[],None,None
EXPLOIT_VULN,10583.823726511333,10586.742483347158,2.9187568358247518,29,0c92ea4b-6e69-4ca5-9df8-526581b31ab6,None,None,2,1016,27,[],None,None
EXPLOIT_VULN,10586.742483347158,10592.67241464828,5.929931301121542,29,0c92ea4b-6e69-4ca5-9df8-526581b31ab6,None,None,2,1017,27,[],None,None
EXPLOIT_VULN,10592.67241464828,10599.038313517363,6.365898869084049,29,0c92ea4b-6e69-4ca5-9df8-526581b31ab6,None,None,2,1018,27,[],None,None
EXPLOIT_VULN,10599.038313517363,10603.943432604781,4.905119087417916,29,0c92ea4b-6e69-4ca5-9df8-526581b31ab6,None,None,2,1019,27,[],None,None
EXPLOIT_VULN,10603.943432604781,10612.708285910754,8.764853305972792,29,0c92ea4b-6e69-4ca5-9df8-526581b31ab6,None,None,2,1020,27,[],None,None
EXPLOIT_VULN,10612.708285910754,10634.536931286899,21.828645376144777,29,0c92ea4b-6e69-4ca5-9df8-526581b31ab6,None,None,2,1021,27,[],None,None
EXPLOIT_VULN,10634.536931286899,10653.9247828683,19.387851581401264,29,0c92ea4b-6e69-4ca5-9df8-526581b31ab6,None,None,2,1022,27,[],None,None
EXPLOIT_VULN,10653.9247828683,10663.235608142448,9.310825274147646,29,0c92ea4b-6e69-4ca5-9df8-526581b31ab6,None,None,2,1023,27,[],None,None
EXPLOIT_VULN,10663.235608142448,10681.6880116629,18.452403520452208,29,0c92ea4b-6e69-4ca5-9df8-526581b31ab6,None,None,2,1024,27,[],None,None
EXPLOIT_VULN,10681.6880116629,10688.849758150636,7.161746487736309,29,0c92ea4b-6e69-4ca5-9df8-526581b31ab6,29,0c92ea4b-6e69-4ca5-9df8-526581b31ab6,2,1025,27,[],None,None
SCAN_NEIGHBOR,10688.849758150636,10693.849758150636,5.0,29,0c92ea4b-6e69-4ca5-9df8-526581b31ab6,None,None,2,1026,28,[],None,None
ENUM_HOST,10693.849758150636,10698.849758150636,5.0,29,0c92ea4b-6e69-4ca5-9df8-526581b31ab6,None,None,2,1026,28,[],None,None
ENUM_HOST,10698.849758150636,10703.849758150636,5.0,30,908721ca-aae2-4be7-a42d-24093f9e3810,None,None,4,1026,28,[],None,None
ENUM_HOST,10703.849758150636,10708.849758150636,5.0,28,08c232dd-792a-407a-a916-e884090ff352,None,None,6,1026,28,[],None,None
SCAN_PORT,10708.849758150636,10733.849758150636,25.0,45,9ade55fc-578e-4413-90e9-8a719c92ea1a,None,None,2,1026,28,[],None,None
EXPLOIT_VULN,10733.849758150636,10750.236208496786,16.386450346150014,45,9ade55fc-578e-4413-90e9-8a719c92ea1a,None,None,2,1026,28,[],None,None
BRUTE_FORCE,10750.236208496786,10770.236208496786,20.0,45,9ade55fc-578e-4413-90e9-8a719c92ea1a,None,None,2,1027,28,[],None,None
ENUM_HOST,10770.236208496786,10775.236208496786,5.0,45,9ade55fc-578e-4413-90e9-8a719c92ea1a,None,None,2,1027,28,[],None,None
SCAN_PORT,10775.236208496786,10800.236208496786,25.0,41,c8112e19-a673-43b0-906d-86f76dd0ea79,None,None,2,1027,28,[],None,None
EXPLOIT_VULN,10800.236208496786,10809.799685207354,9.563476710567556,41,c8112e19-a673-43b0-906d-86f76dd0ea79,None,None,2,1027,28,[],None,None
EXPLOIT_VULN,10809.799685207354,10830.311508040984,20.511822833630504,41,c8112e19-a673-43b0-906d-86f76dd0ea79,None,None,2,1028,28,[],None,None
BRUTE_FORCE,10830.311508040984,10850.311508040984,20.0,41,c8112e19-a673-43b0-906d-86f76dd0ea79,None,None,2,1029,28,[],None,None
ENUM_HOST,10850.311508040984,10855.311508040984,5.0,41,c8112e19-a673-43b0-906d-86f76dd0ea79,None,None,2,1029,28,[],None,None
SCAN_PORT,10855.311508040984,10880.311508040984,25.0,35,e5f4a76c-b7a4-4deb-9fd1-740f9f70082f,None,None,2,1029,28,[],None,None
EXPLOIT_VULN,10880.311508040984,10881.396877823428,1.0853697824441042,35,e5f4a76c-b7a4-4deb-9fd1-740f9f70082f,None,None,2,1029,28,[],None,None
EXPLOIT_VULN,10881.396877823428,10883.906405112935,2.5095272895068774,35,e5f4a76c-b7a4-4deb-9fd1-740f9f70082f,None,None,2,1030,28,[],None,None
EXPLOIT_VULN,10883.906405112935,10886.19706319781,2.2906580848739395,35,e5f4a76c-b7a4-4deb-9fd1-740f9f70082f,None,None,2,1031,28,[],None,None
EXPLOIT_VULN,10886.19706319781,10892.050640185613,5.853576987803535,35,e5f4a76c-b7a4-4deb-9fd1-740f9f70082f,None,None,2,1032,28,[],None,None
EXPLOIT_VULN,10892.050640185613,10908.251193549359,16.200553363745712,35,e5f4a76c-b7a4-4deb-9fd1-740f9f70082f,None,None,2,1033,28,[],None,None
EXPLOIT_VULN,10908.251193549359,10927.568488907455,19.31729535809609,35,e5f4a76c-b7a4-4deb-9fd1-740f9f70082f,None,None,2,1034,28,[],None,None
EXPLOIT_VULN,10927.568488907455,10932.260760689385,4.692271781930685,35,e5f4a76c-b7a4-4deb-9fd1-740f9f70082f,None,None,2,1035,28,[],None,None
EXPLOIT_VULN,10932.260760689385,10955.53448935025,23.273728660864435,35,e5f4a76c-b7a4-4deb-9fd1-740f9f70082f,None,None,2,1036,28,[],None,None
EXPLOIT_VULN,10955.53448935025,10974.687822333879,19.153332983629298,35,e5f4a76c-b7a4-4deb-9fd1-740f9f70082f,None,None,2,1037,28,[],None,None
EXPLOIT_VULN,10974.687822333879,10982.19835595263,7.510533618751651,35,e5f4a76c-b7a4-4deb-9fd1-740f9f70082f,None,None,2,1038,28,[],None,None
EXPLOIT_VULN,10982.19835595263,10984.965967843213,2.767611890581975,35,e5f4a76c-b7a4-4deb-9fd1-740f9f70082f,35,e5f4a76c-b7a4-4deb-9fd1-740f9f70082f,2,1039,28,[],None,None
SCAN_NEIGHBOR,10984.965967843213,10989.965967843213,5.0,35,e5f4a76c-b7a4-4deb-9fd1-740f9f70082f,None,None,2,1040,29,[],None,None
ENUM_HOST,10989.965967843213,10994.965967843213,5.0,35,e5f4a76c-b7a4-4deb-9fd1-740f9f70082f,None,None,2,1040,29,[],None,None
ENUM_HOST,10994.965967843213,10999.965967843213,5.0,38,8e8cc504-1372-48e1-bf34-7a51112a985f,None,None,4,1040,29,[],None,None
SCAN_PORT,10999.965967843213,11024.965967843213,25.0,37,579f3ae7-7418-4223-9d90-9d054ef9664a,None,None,2,1040,29,[],None,None
EXPLOIT_VULN,11024.965967843213,11026.896156271254,1.9301884280412196,37,579f3ae7-7418-4223-9d90-9d054ef9664a,None,None,2,1040,29,[],None,None
EXPLOIT_VULN,11026.896156271254,11027.803515847185,0.9073595759309683,37,579f3ae7-7418-4223-9d90-9d054ef9664a,None,None,2,1041,29,[],None,None
EXPLOIT_VULN,11027.803515847185,11029.913405151536,2.1098893043508724,37,579f3ae7-7418-4223-9d90-9d054ef9664a,None,None,2,1042,29,[],None,None
EXPLOIT_VULN,11029.913405151536,11034.29370414655,4.3802989950145275,37,579f3ae7-7418-4223-9d90-9d054ef9664a,None,None,2,1043,29,[],None,None
EXPLOIT_VULN,11034.29370414655,11040.13482082396,5.841116677409445,37,579f3ae7-7418-4223-9d90-9d054ef9664a,None,None,2,1044,29,[],None,None
EXPLOIT_VULN,11040.13482082396,11045.472638213749,5.337817389789052,37,579f3ae7-7418-4223-9d90-9d054ef9664a,None,None,2,1045,29,[],None,None
EXPLOIT_VULN,11045.472638213749,11051.202087085077,5.729448871328714,37,579f3ae7-7418-4223-9d90-9d054ef9664a,None,None,2,1046,29,[],None,None
EXPLOIT_VULN,11051.202087085077,11060.203827070087,9.001739985009408,37,579f3ae7-7418-4223-9d90-9d054ef9664a,None,None,2,1047,29,[],None,None
EXPLOIT_VULN,11060.203827070087,11082.206208385529,22.002381315442108,37,579f3ae7-7418-4223-9d90-9d054ef9664a,None,None,2,1048,29,[],None,None
EXPLOIT_VULN,11082.206208385529,11091.86699745383,9.6607890683008,37,579f3ae7-7418-4223-9d90-9d054ef9664a,None,None,2,1049,29,[],None,None
EXPLOIT_VULN,11091.86699745383,11096.431032812376,4.56403535854588,37,579f3ae7-7418-4223-9d90-9d054ef9664a,None,None,2,1050,29,[],None,None
EXPLOIT_VULN,11096.431032812376,11101.661316375472,5.230283563096236,37,579f3ae7-7418-4223-9d90-9d054ef9664a,None,None,2,1051,29,[],None,None
EXPLOIT_VULN,11101.661316375472,11120.904049409713,19.24273303424161,37,579f3ae7-7418-4223-9d90-9d054ef9664a,None,None,2,1052,29,[],None,None
EXPLOIT_VULN,11120.904049409713,11129.526522316244,8.622472906530675,37,579f3ae7-7418-4223-9d90-9d054ef9664a,None,None,2,1053,29,[],None,None
EXPLOIT_VULN,11129.526522316244,11137.455391317373,7.928869001128987,37,579f3ae7-7418-4223-9d90-9d054ef9664a,None,None,2,1054,29,[],None,None
EXPLOIT_VULN,11137.455391317373,11144.685986080267,7.230594762893816,37,579f3ae7-7418-4223-9d90-9d054ef9664a,None,None,2,1055,29,[],None,None
EXPLOIT_VULN,11144.685986080267,11167.542429415998,22.856443335731456,37,579f3ae7-7418-4223-9d90-9d054ef9664a,37,579f3ae7-7418-4223-9d90-9d054ef9664a,2,1056,29,[],None,None
SCAN_NEIGHBOR,11167.542429415998,11172.542429415998,5.0,37,579f3ae7-7418-4223-9d90-9d054ef9664a,None,None,2,1057,30,[],None,None
ENUM_HOST,11172.542429415998,11177.542429415998,5.0,37,579f3ae7-7418-4223-9d90-9d054ef9664a,None,None,2,1057,30,[],None,None
ENUM_HOST,11177.542429415998,11182.542429415998,5.0,35,e5f4a76c-b7a4-4deb-9fd1-740f9f70082f,None,None,3,1057,30,[],None,None
SCAN_PORT,11182.542429415998,11207.542429415998,25.0,39,5f4b5d25-23e9-441d-ae62-e4a8562d6db4,None,None,1,1057,30,[],None,None
EXPLOIT_VULN,11207.542429415998,11208.474229338688,0.9317999226896063,39,5f4b5d25-23e9-441d-ae62-e4a8562d6db4,None,None,1,1057,30,[],None,None
EXPLOIT_VULN,11208.474229338688,11209.226156497873,0.7519271591845609,39,5f4b5d25-23e9-441d-ae62-e4a8562d6db4,None,None,1,1058,30,[],None,None
EXPLOIT_VULN,11209.226156497873,11210.210515011744,0.9843585138714843,39,5f4b5d25-23e9-441d-ae62-e4a8562d6db4,None,None,1,1059,30,[],None,None
EXPLOIT_VULN,11210.210515011744,11211.412053545366,1.201538533621715,39,5f4b5d25-23e9-441d-ae62-e4a8562d6db4,None,None,1,1060,30,[],None,None
EXPLOIT_VULN,11211.412053545366,11212.425854988285,1.01380144291943,39,5f4b5d25-23e9-441d-ae62-e4a8562d6db4,None,None,1,1061,30,[],None,None
EXPLOIT_VULN,11212.425854988285,11216.539775282441,4.113920294155832,39,5f4b5d25-23e9-441d-ae62-e4a8562d6db4,None,None,1,1062,30,[],None,None
EXPLOIT_VULN,11216.539775282441,11220.590353554368,4.050578271926497,39,5f4b5d25-23e9-441d-ae62-e4a8562d6db4,None,None,1,1063,30,[],None,None
EXPLOIT_VULN,11220.590353554368,11223.683264364141,3.092910809773457,39,5f4b5d25-23e9-441d-ae62-e4a8562d6db4,None,None,1,1064,30,[],None,None
EXPLOIT_VULN,11223.683264364141,11227.85267645845,4.169412094308427,39,5f4b5d25-23e9-441d-ae62-e4a8562d6db4,None,None,1,1065,30,[],None,None
EXPLOIT_VULN,11227.85267645845,11232.030279701226,4.177603242776968,39,5f4b5d25-23e9-441d-ae62-e4a8562d6db4,None,None,1,1066,30,[],None,None
EXPLOIT_VULN,11232.030279701226,11243.217591510134,11.187311808907907,39,5f4b5d25-23e9-441d-ae62-e4a8562d6db4,None,None,1,1067,30,[],None,None
EXPLOIT_VULN,11243.217591510134,11254.363906670578,11.146315160443919,39,5f4b5d25-23e9-441d-ae62-e4a8562d6db4,None,None,1,1068,30,[],None,None
EXPLOIT_VULN,11254.363906670578,11261.906559001152,7.542652330574128,39,5f4b5d25-23e9-441d-ae62-e4a8562d6db4,None,None,1,1069,30,[],None,None
EXPLOIT_VULN,11261.906559001152,11282.696469499115,20.78991049796241,39,5f4b5d25-23e9-441d-ae62-e4a8562d6db4,None,None,1,1070,30,[],None,None
EXPLOIT_VULN,11282.696469499115,11288.557440802335,5.86097130322014,39,5f4b5d25-23e9-441d-ae62-e4a8562d6db4,None,None,1,1071,30,[],None,None
EXPLOIT_VULN,11288.557440802335,11294.191570635343,5.634129833008046,39,5f4b5d25-23e9-441d-ae62-e4a8562d6db4,None,None,1,1072,30,[],None,None
EXPLOIT_VULN,11294.191570635343,11303.566251484628,9.374680849285141,39,5f4b5d25-23e9-441d-ae62-e4a8562d6db4,None,None,1,1073,30,[],None,None
EXPLOIT_VULN,11303.566251484628,11307.886514887508,4.3202634028803,39,5f4b5d25-23e9-441d-ae62-e4a8562d6db4,None,None,1,1074,30,[],None,None
BRUTE_FORCE,11307.886514887508,11327.886514887508,20.0,39,5f4b5d25-23e9-441d-ae62-e4a8562d6db4,None,None,1,1075,30,[],None,None
ENUM_HOST,11327.886514887508,11332.886514887508,5.0,39,5f4b5d25-23e9-441d-ae62-e4a8562d6db4,None,None,1,1075,30,[],None,None
ENUM_HOST,11332.886514887508,11337.886514887508,5.0,38,8e8cc504-1372-48e1-bf34-7a51112a985f,None,None,5,1075,30,[],None,None
SCAN_PORT,11337.886514887508,11362.886514887508,25.0,9,114313f3-bbe4-4d4d-bf26-5965c5e8ea6f,None,None,9,1075,30,[],None,None
EXPLOIT_VULN,11362.886514887508,11371.369255308811,8.482740421302879,9,114313f3-bbe4-4d4d-bf26-5965c5e8ea6f,None,None,9,1075,30,[],None,None
BRUTE_FORCE,11371.369255308811,11391.369255308811,20.0,9,114313f3-bbe4-4d4d-bf26-5965c5e8ea6f,9,114313f3-bbe4-4d4d-bf26-5965c5e8ea6f,9,1076,30,[],None,None
SCAN_NEIGHBOR,11391.369255308811,11396.369255308811,5.0,9,114313f3-bbe4-4d4d-bf26-5965c5e8ea6f,None,None,9,1076,31,[],None,None
ENUM_HOST,11396.369255308811,11401.369255308811,5.0,9,114313f3-bbe4-4d4d-bf26-5965c5e8ea6f,None,None,9,1076,31,[],None,None
ENUM_HOST,11401.369255308811,11406.369255308811,5.0,35,e5f4a76c-b7a4-4deb-9fd1-740f9f70082f,None,None,4,1076,31,[],None,None
ENUM_HOST,11406.369255308811,11411.369255308811,5.0,17,5311f8a3-9422-4bc0-bcfe-ce96b74b68b0,None,None,8,1076,31,[],None,None
ENUM_HOST,11411.369255308811,11416.369255308811,5.0,13,0325a8dd-15ee-476c-8f08-aa26a1c31f4f,None,None,6,1076,31,[],None,None
ENUM_HOST,11416.369255308811,11421.369255308811,5.0,38,8e8cc504-1372-48e1-bf34-7a51112a985f,None,None,6,1076,31,[],None,None
SCAN_PORT,11421.369255308811,11446.369255308811,25.0,8,d7b4b98a-0cf5-4115-96a4-f16b7add83ba,None,None,1,1076,31,[],None,None
EXPLOIT_VULN,11446.369255308811,11452.6420482737,6.27279296488814,8,d7b4b98a-0cf5-4115-96a4-f16b7add83ba,None,None,1,1076,31,[],None,None
EXPLOIT_VULN,11452.6420482737,11455.154849163939,2.512800890239305,8,d7b4b98a-0cf5-4115-96a4-f16b7add83ba,None,None,1,1077,31,[],None,None
EXPLOIT_VULN,11455.154849163939,11464.345774165617,9.190925001677897,8,d7b4b98a-0cf5-4115-96a4-f16b7add83ba,None,None,1,1078,31,[],None,None
EXPLOIT_VULN,11464.345774165617,11467.255859994253,2.910085828636511,8,d7b4b98a-0cf5-4115-96a4-f16b7add83ba,None,None,1,1079,31,[],None,None
EXPLOIT_VULN,11467.255859994253,11476.143472939337,8.887612945083674,8,d7b4b98a-0cf5-4115-96a4-f16b7add83ba,None,None,1,1080,31,[],None,None
BRUTE_FORCE,11476.143472939337,11496.143472939337,20.0,8,d7b4b98a-0cf5-4115-96a4-f16b7add83ba,None,None,1,1081,31,[],None,None
ENUM_HOST,11496.143472939337,11501.143472939337,5.0,8,d7b4b98a-0cf5-4115-96a4-f16b7add83ba,None,None,1,1081,31,[],None,None
ENUM_HOST,11501.143472939337,11506.143472939337,5.0,28,08c232dd-792a-407a-a916-e884090ff352,None,None,7,1081,31,[],None,None
ENUM_HOST,11506.143472939337,11511.143472939337,5.0,29,0c92ea4b-6e69-4ca5-9df8-526581b31ab6,None,None,3,1081,31,[],None,None
ENUM_HOST,11511.143472939337,11516.143472939337,5.0,22,c2e5719c-da0b-4182-bcdc-35416cf9f3ab,None,None,7,1081,31,[],None,None
SCAN_PORT,11516.143472939337,11541.143472939337,25.0,36,38285a70-50c1-4620-b7f4-577ab6691d34,36,38285a70-50c1-4620-b7f4-577ab6691d34,1,1081,31,[],None,None
SCAN_NEIGHBOR,11541.143472939337,11546.143472939337,5.0,36,38285a70-50c1-4620-b7f4-577ab6691d34,None,None,1,1081,32,[],None,None
ENUM_HOST,11546.143472939337,11551.143472939337,5.0,36,38285a70-50c1-4620-b7f4-577ab6691d34,None,None,1,1081,32,[],None,None
ENUM_HOST,11551.143472939337,11556.143472939337,5.0,35,e5f4a76c-b7a4-4deb-9fd1-740f9f70082f,None,None,5,1081,32,[],None,None
SCAN_PORT,11556.143472939337,11581.143472939337,25.0,46,a93f36ad-0f03-4fa0-bace-263acdf80dc8,None,None,1,1081,32,[],None,None
EXPLOIT_VULN,11581.143472939337,11581.690078199554,0.5466052602168929,46,a93f36ad-0f03-4fa0-bace-263acdf80dc8,None,None,1,1081,32,[],None,None
EXPLOIT_VULN,11581.690078199554,11582.360782240072,0.6707040405181033,46,a93f36ad-0f03-4fa0-bace-263acdf80dc8,None,None,1,1082,32,[],None,None
EXPLOIT_VULN,11582.360782240072,11584.371386574117,2.010604334045638,46,a93f36ad-0f03-4fa0-bace-263acdf80dc8,None,None,1,1083,32,[],None,None
EXPLOIT_VULN,11584.371386574117,11587.237620019523,2.866233445405669,46,a93f36ad-0f03-4fa0-bace-263acdf80dc8,None,None,1,1084,32,[],None,None
EXPLOIT_VULN,11587.237620019523,11588.415863151615,1.1782431320916658,46,a93f36ad-0f03-4fa0-bace-263acdf80dc8,None,None,1,1085,32,[],None,None
EXPLOIT_VULN,11588.415863151615,11589.278540302745,0.8626771511299012,46,a93f36ad-0f03-4fa0-bace-263acdf80dc8,None,None,1,1086,32,[],None,None
EXPLOIT_VULN,11589.278540302745,11593.656654668686,4.378114365941656,46,a93f36ad-0f03-4fa0-bace-263acdf80dc8,None,None,1,1087,32,[],None,None
EXPLOIT_VULN,11593.656654668686,11597.195927798579,3.5392731298925355,46,a93f36ad-0f03-4fa0-bace-263acdf80dc8,None,None,1,1088,32,[],None,None
EXPLOIT_VULN,11597.195927798579,11599.988241041117,2.792313242538512,46,a93f36ad-0f03-4fa0-bace-263acdf80dc8,None,None,1,1089,32,[],None,None
EXPLOIT_VULN,11599.988241041117,11602.324410248559,2.336169207441344,46,a93f36ad-0f03-4fa0-bace-263acdf80dc8,None,None,1,1090,32,[],None,None
EXPLOIT_VULN,11602.324410248559,11606.29846909879,3.9740588502318133,46,a93f36ad-0f03-4fa0-bace-263acdf80dc8,None,None,1,1091,32,[],None,None
EXPLOIT_VULN,11606.29846909879,11612.332326194772,6.033857095981148,46,a93f36ad-0f03-4fa0-bace-263acdf80dc8,None,None,1,1092,32,[],None,None
EXPLOIT_VULN,11612.332326194772,11614.547261453388,2.214935258616606,46,a93f36ad-0f03-4fa0-bace-263acdf80dc8,None,None,1,1093,32,[],None,None
EXPLOIT_VULN,11614.547261453388,11619.151165835645,4.603904382256587,46,a93f36ad-0f03-4fa0-bace-263acdf80dc8,None,None,1,1094,32,[],None,None
EXPLOIT_VULN,11619.151165835645,11625.32260864388,6.171442808235952,46,a93f36ad-0f03-4fa0-bace-263acdf80dc8,None,None,1,1095,32,[],None,None
EXPLOIT_VULN,11625.32260864388,11639.355403633024,14.03279498914344,46,a93f36ad-0f03-4fa0-bace-263acdf80dc8,None,None,1,1096,32,[],None,None
EXPLOIT_VULN,11639.355403633024,11658.645326591019,19.28992295799435,46,a93f36ad-0f03-4fa0-bace-263acdf80dc8,None,None,1,1097,32,[],None,None
EXPLOIT_VULN,11658.645326591019,11667.637455149628,8.992128558609693,46,a93f36ad-0f03-4fa0-bace-263acdf80dc8,None,None,1,1098,32,[],None,None
EXPLOIT_VULN,11667.637455149628,11675.218313740503,7.5808585908744135,46,a93f36ad-0f03-4fa0-bace-263acdf80dc8,None,None,1,1099,32,[],None,None
EXPLOIT_VULN,11675.218313740503,11684.170762125192,8.952448384688978,46,a93f36ad-0f03-4fa0-bace-263acdf80dc8,None,None,1,1100,32,[],None,None
EXPLOIT_VULN,11684.170762125192,11690.875777718722,6.705015593530334,46,a93f36ad-0f03-4fa0-bace-263acdf80dc8,None,None,1,1101,32,[],None,None
EXPLOIT_VULN,11690.875777718722,11698.70048583747,7.824708118747367,46,a93f36ad-0f03-4fa0-bace-263acdf80dc8,None,None,1,1102,32,[],None,None
EXPLOIT_VULN,11698.70048583747,11707.987243192687,9.28675735521756,46,a93f36ad-0f03-4fa0-bace-263acdf80dc8,None,None,1,1103,32,[],None,None
EXPLOIT_VULN,11707.987243192687,11726.972264936563,18.985021743876132,46,a93f36ad-0f03-4fa0-bace-263acdf80dc8,None,None,1,1104,32,[],None,None
EXPLOIT_VULN,11726.972264936563,11736.44147374751,9.469208810947748,46,a93f36ad-0f03-4fa0-bace-263acdf80dc8,None,None,1,1105,32,[],None,None
BRUTE_FORCE,11736.44147374751,11756.44147374751,20.0,46,a93f36ad-0f03-4fa0-bace-263acdf80dc8,None,None,1,1106,32,[],None,None
ENUM_HOST,11756.44147374751,11761.44147374751,5.0,46,a93f36ad-0f03-4fa0-bace-263acdf80dc8,None,None,1,1106,32,[],None,None
SCAN_PORT,11761.44147374751,11786.44147374751,25.0,5,9f415dac-037b-4a7b-903c-c83b6f4004da,None,None,2,1106,32,[],None,None
EXPLOIT_VULN,11786.44147374751,11787.170070569771,0.7285968222604424,5,9f415dac-037b-4a7b-903c-c83b6f4004da,None,None,2,1106,32,[],None,None
EXPLOIT_VULN,11787.170070569771,11788.476045862471,1.3059752927001682,5,9f415dac-037b-4a7b-903c-c83b6f4004da,None,None,2,1107,32,[],None,None
EXPLOIT_VULN,11788.476045862471,11789.358999485758,0.8829536232860846,5,9f415dac-037b-4a7b-903c-c83b6f4004da,None,None,2,1108,32,[],None,None
EXPLOIT_VULN,11789.358999485758,11792.921293402256,3.5622939164986747,5,9f415dac-037b-4a7b-903c-c83b6f4004da,None,None,2,1109,32,[],None,None
EXPLOIT_VULN,11792.921293402256,11802.938531050248,10.017237647991351,5,9f415dac-037b-4a7b-903c-c83b6f4004da,None,None,2,1110,32,[],None,None
EXPLOIT_VULN,11802.938531050248,11814.952274165003,12.013743114755925,5,9f415dac-037b-4a7b-903c-c83b6f4004da,None,None,2,1111,32,[],None,None
EXPLOIT_VULN,11814.952274165003,11824.594874025745,9.64259986074103,5,9f415dac-037b-4a7b-903c-c83b6f4004da,None,None,2,1112,32,[],None,None
EXPLOIT_VULN,11824.594874025745,11833.986131920527,9.39125789478203,5,9f415dac-037b-4a7b-903c-c83b6f4004da,None,None,2,1113,32,[],None,None
EXPLOIT_VULN,11833.986131920527,11839.502191891639,5.516059971112554,5,9f415dac-037b-4a7b-903c-c83b6f4004da,None,None,2,1114,32,[],None,None
EXPLOIT_VULN,11839.502191891639,11853.218490499517,13.716298607878343,5,9f415dac-037b-4a7b-903c-c83b6f4004da,None,None,2,1115,32,[],None,None
EXPLOIT_VULN,11853.218490499517,11859.67071531991,6.452224820392075,5,9f415dac-037b-4a7b-903c-c83b6f4004da,None,None,2,1116,32,[],None,None
EXPLOIT_VULN,11859.67071531991,11864.763704739313,5.092989419403239,5,9f415dac-037b-4a7b-903c-c83b6f4004da,None,None,2,1117,32,[],None,None
EXPLOIT_VULN,11864.763704739313,11869.588236537358,4.824531798045427,5,9f415dac-037b-4a7b-903c-c83b6f4004da,None,None,2,1118,32,[],None,None
EXPLOIT_VULN,11869.588236537358,11878.94275108888,9.354514551521788,5,9f415dac-037b-4a7b-903c-c83b6f4004da,None,None,2,1119,32,[],None,None
EXPLOIT_VULN,11878.94275108888,11892.801775178852,13.859024089972081,5,9f415dac-037b-4a7b-903c-c83b6f4004da,None,None,2,1120,32,[],None,None
EXPLOIT_VULN,11892.801775178852,11896.668762097299,3.8669869184468553,5,9f415dac-037b-4a7b-903c-c83b6f4004da,None,None,2,1121,32,[],None,None
EXPLOIT_VULN,11896.668762097299,11903.47017759235,6.801415495050605,5,9f415dac-037b-4a7b-903c-c83b6f4004da,None,None,2,1122,32,[],None,None
EXPLOIT_VULN,11903.47017759235,11921.717481017353,18.247303425003338,5,9f415dac-037b-4a7b-903c-c83b6f4004da,None,None,2,1123,32,[],None,None
EXPLOIT_VULN,11921.717481017353,11927.76911459944,6.051633582086652,5,9f415dac-037b-4a7b-903c-c83b6f4004da,None,None,2,1124,32,[],None,None
EXPLOIT_VULN,11927.76911459944,11945.62654761583,17.857433016390132,5,9f415dac-037b-4a7b-903c-c83b6f4004da,None,None,2,1125,32,[],None,None
EXPLOIT_VULN,11945.62654761583,11953.474493750335,7.847946134505037,5,9f415dac-037b-4a7b-903c-c83b6f4004da,None,None,2,1126,32,[],None,None
EXPLOIT_VULN,11953.474493750335,11958.43857418875,4.964080438416204,5,9f415dac-037b-4a7b-903c-c83b6f4004da,None,None,2,1127,32,[],None,None
EXPLOIT_VULN,11958.43857418875,11978.373222671451,19.93464848270014,5,9f415dac-037b-4a7b-903c-c83b6f4004da,None,None,2,1128,32,[],None,None
EXPLOIT_VULN,11978.373222671451,11985.021674106965,6.648451435514289,5,9f415dac-037b-4a7b-903c-c83b6f4004da,None,None,2,1129,32,[],None,None
EXPLOIT_VULN,11985.021674106965,11993.422321226415,8.400647119449786,5,9f415dac-037b-4a7b-903c-c83b6f4004da,None,None,2,1130,32,[],None,None
EXPLOIT_VULN,11993.422321226415,12001.901087780718,8.478766554302638,5,9f415dac-037b-4a7b-903c-c83b6f4004da,None,None,2,1131,32,[],None,None
EXPLOIT_VULN,12001.901087780718,12010.228545808348,8.3274580276302,5,9f415dac-037b-4a7b-903c-c83b6f4004da,None,None,2,1132,32,[],None,None
EXPLOIT_VULN,12010.228545808348,12017.934726001513,7.7061801931649825,5,9f415dac-037b-4a7b-903c-c83b6f4004da,None,None,2,1133,32,[],None,None
EXPLOIT_VULN,12017.934726001513,12026.114246933104,8.179520931591469,5,9f415dac-037b-4a7b-903c-c83b6f4004da,None,None,2,1134,32,[],None,None
EXPLOIT_VULN,12026.114246933104,12049.248704562386,23.134457629281314,5,9f415dac-037b-4a7b-903c-c83b6f4004da,None,None,2,1135,32,[],None,None
EXPLOIT_VULN,12049.248704562386,12056.345100140414,7.096395578028023,5,9f415dac-037b-4a7b-903c-c83b6f4004da,None,None,2,1136,32,[],None,None
EXPLOIT_VULN,12056.345100140414,12066.992975360921,10.647875220507558,5,9f415dac-037b-4a7b-903c-c83b6f4004da,None,None,2,1137,32,[],None,None
EXPLOIT_VULN,12066.992975360921,12072.747148576696,5.754173215775154,5,9f415dac-037b-4a7b-903c-c83b6f4004da,None,None,2,1138,32,[],None,None
EXPLOIT_VULN,12072.747148576696,12083.15274879019,10.405600213493017,5,9f415dac-037b-4a7b-903c-c83b6f4004da,None,None,2,1139,32,[],None,None
EXPLOIT_VULN,12083.15274879019,12097.674700116006,14.52195132581619,5,9f415dac-037b-4a7b-903c-c83b6f4004da,5,9f415dac-037b-4a7b-903c-c83b6f4004da,2,1140,32,['Faydra'],None,None
SCAN_NEIGHBOR,12097.674700116006,12102.674700116006,5.0,5,9f415dac-037b-4a7b-903c-c83b6f4004da,None,None,2,1141,33,[],None,None
ENUM_HOST,12102.674700116006,12107.674700116006,5.0,5,9f415dac-037b-4a7b-903c-c83b6f4004da,None,None,2,1141,33,[],None,None
ENUM_HOST,12107.674700116006,12112.674700116006,5.0,6,65b256ce-74d9-43fe-ad22-886644a10f5e,None,None,2,1141,33,[],None,None
SCAN_PORT,12112.674700116006,12137.674700116006,25.0,44,df09417f-1324-4f03-bd35-1c39c64c8b8d,None,None,2,1141,33,[],None,None
EXPLOIT_VULN,12137.674700116006,12147.54889361051,9.874193494504652,44,df09417f-1324-4f03-bd35-1c39c64c8b8d,None,None,2,1141,33,[],None,None
EXPLOIT_VULN,12147.54889361051,12154.398025880595,6.849132270084738,44,df09417f-1324-4f03-bd35-1c39c64c8b8d,None,None,2,1142,33,[],None,None
EXPLOIT_VULN,12154.398025880595,12167.8675525601,13.46952667950427,44,df09417f-1324-4f03-bd35-1c39c64c8b8d,None,None,2,1143,33,[],None,None
EXPLOIT_VULN,12167.8675525601,12189.892071767052,22.02451920695239,44,df09417f-1324-4f03-bd35-1c39c64c8b8d,None,None,2,1144,33,[],None,None
EXPLOIT_VULN,12189.892071767052,12211.296288832895,21.404217065843113,44,df09417f-1324-4f03-bd35-1c39c64c8b8d,None,None,2,1145,33,[],None,None
BRUTE_FORCE,12211.296288832895,12231.296288832895,20.0,44,df09417f-1324-4f03-bd35-1c39c64c8b8d,None,None,2,1146,33,[],None,None
ENUM_HOST,12231.296288832895,12236.296288832895,5.0,44,df09417f-1324-4f03-bd35-1c39c64c8b8d,None,None,2,1146,33,[],None,None
ENUM_HOST,12236.296288832895,12241.296288832895,5.0,2,5f007b9b-0a66-42ca-98ed-93896508cc78,None,None,4,1146,33,[],None,None
SCAN_HOST,12241.296288832895,12246.296288832895,5.0,3,2286b595-4be6-4ecf-9619-814a1d1fef94,None,None,3,1146,33,[],None,None
ENUM_HOST,12246.296288832895,12251.296288832895,5.0,3,2286b595-4be6-4ecf-9619-814a1d1fef94,None,None,3,1146,33,[],None,None
SCAN_PORT,12251.296288832895,12276.296288832895,25.0,11,ea0077e7-9046-49b3-b006-cf4002932eb1,None,None,3,1146,33,[],None,None
EXPLOIT_VULN,12276.296288832895,12282.559669414075,6.263380581180172,11,ea0077e7-9046-49b3-b006-cf4002932eb1,None,None,3,1146,33,[],None,None
EXPLOIT_VULN,12282.559669414075,12297.575088544678,15.015419130602822,11,ea0077e7-9046-49b3-b006-cf4002932eb1,None,None,3,1147,33,[],None,None
EXPLOIT_VULN,12297.575088544678,12302.161123249129,4.586034704450867,11,ea0077e7-9046-49b3-b006-cf4002932eb1,None,None,3,1148,33,[],None,None
EXPLOIT_VULN,12302.161123249129,12324.242727287221,22.081604038092337,11,ea0077e7-9046-49b3-b006-cf4002932eb1,None,None,3,1149,33,[],None,None
EXPLOIT_VULN,12324.242727287221,12342.803988188452,18.561260901231435,11,ea0077e7-9046-49b3-b006-cf4002932eb1,None,None,3,1150,33,[],None,None
EXPLOIT_VULN,12342.803988188452,12350.09929310643,7.295304917977774,11,ea0077e7-9046-49b3-b006-cf4002932eb1,None,None,3,1151,33,[],None,None
EXPLOIT_VULN,12350.09929310643,12356.914498813323,6.815205706892812,11,ea0077e7-9046-49b3-b006-cf4002932eb1,None,None,3,1152,33,[],None,None
BRUTE_FORCE,12356.914498813323,12376.914498813323,20.0,11,ea0077e7-9046-49b3-b006-cf4002932eb1,None,None,3,1153,33,[],None,None
ENUM_HOST,12376.914498813323,12381.914498813323,5.0,11,ea0077e7-9046-49b3-b006-cf4002932eb1,None,None,3,1153,33,[],None,None
SCAN_PORT,12381.914498813323,12406.914498813323,25.0,8,d7b4b98a-0cf5-4115-96a4-f16b7add83ba,None,None,2,1153,33,[],None,None
EXPLOIT_VULN,12406.914498813323,12413.359482224552,6.444983411229259,8,d7b4b98a-0cf5-4115-96a4-f16b7add83ba,None,None,2,1153,33,[],None,None
EXPLOIT_VULN,12413.359482224552,12422.252848101423,8.89336587687103,8,d7b4b98a-0cf5-4115-96a4-f16b7add83ba,None,None,2,1154,33,[],None,None
BRUTE_FORCE,12422.252848101423,12442.252848101423,20.0,8,d7b4b98a-0cf5-4115-96a4-f16b7add83ba,None,None,2,1155,33,[],None,None
ENUM_HOST,12442.252848101423,12447.252848101423,5.0,8,d7b4b98a-0cf5-4115-96a4-f16b7add83ba,None,None,2,1155,33,[],None,None
SCAN_PORT,12447.252848101423,12472.252848101423,25.0,39,5f4b5d25-23e9-441d-ae62-e4a8562d6db4,None,None,2,1155,33,[],None,None
EXPLOIT_VULN,12472.252848101423,12475.132711854156,2.87986375273249,39,5f4b5d25-23e9-441d-ae62-e4a8562d6db4,None,None,2,1155,33,[],None,None
EXPLOIT_VULN,12475.132711854156,12478.805622345866,3.672910491710354,39,5f4b5d25-23e9-441d-ae62-e4a8562d6db4,None,None,2,1156,33,[],None,None
EXPLOIT_VULN,12478.805622345866,12483.5816313104,4.776008964534412,39,5f4b5d25-23e9-441d-ae62-e4a8562d6db4,None,None,2,1157,33,[],None,None
EXPLOIT_VULN,12483.5816313104,12494.68849401189,11.106862701490172,39,5f4b5d25-23e9-441d-ae62-e4a8562d6db4,None,None,2,1158,33,[],None,None
EXPLOIT_VULN,12494.68849401189,12507.609644120703,12.921150108812071,39,5f4b5d25-23e9-441d-ae62-e4a8562d6db4,None,None,2,1159,33,[],None,None
EXPLOIT_VULN,12507.609644120703,12518.95452945405,11.34488533334661,39,5f4b5d25-23e9-441d-ae62-e4a8562d6db4,None,None,2,1160,33,[],None,None
EXPLOIT_VULN,12518.95452945405,12523.930379695514,4.975850241464286,39,5f4b5d25-23e9-441d-ae62-e4a8562d6db4,None,None,2,1161,33,[],None,None
EXPLOIT_VULN,12523.930379695514,12544.460244917213,20.529865221698856,39,5f4b5d25-23e9-441d-ae62-e4a8562d6db4,None,None,2,1162,33,[],None,None
EXPLOIT_VULN,12544.460244917213,12566.775315784214,22.31507086700185,39,5f4b5d25-23e9-441d-ae62-e4a8562d6db4,None,None,2,1163,33,[],None,None
EXPLOIT_VULN,12566.775315784214,12588.296478928918,21.521163144703678,39,5f4b5d25-23e9-441d-ae62-e4a8562d6db4,None,None,2,1164,33,[],None,None
EXPLOIT_VULN,12588.296478928918,12598.186441139589,9.889962210671001,39,5f4b5d25-23e9-441d-ae62-e4a8562d6db4,None,None,2,1165,33,[],None,None
EXPLOIT_VULN,12598.186441139589,12601.847279253841,3.6608381142523285,39,5f4b5d25-23e9-441d-ae62-e4a8562d6db4,39,5f4b5d25-23e9-441d-ae62-e4a8562d6db4,2,1166,33,[],None,None
SCAN_NEIGHBOR,12601.847279253841,12606.847279253841,5.0,39,5f4b5d25-23e9-441d-ae62-e4a8562d6db4,None,None,2,1167,34,[],None,None
ENUM_HOST,12606.847279253841,12611.847279253841,5.0,39,5f4b5d25-23e9-441d-ae62-e4a8562d6db4,None,None,2,1167,34,[],None,None
ENUM_HOST,12611.847279253841,12616.847279253841,5.0,35,e5f4a76c-b7a4-4deb-9fd1-740f9f70082f,None,None,6,1167,34,[],None,None
SCAN_PORT,12616.847279253841,12641.847279253841,25.0,46,a93f36ad-0f03-4fa0-bace-263acdf80dc8,None,None,2,1167,34,[],None,None
EXPLOIT_VULN,12641.847279253841,12645.744273976694,3.896994722852469,46,a93f36ad-0f03-4fa0-bace-263acdf80dc8,None,None,2,1167,34,[],None,None
EXPLOIT_VULN,12645.744273976694,12649.10949799298,3.3652240162864473,46,a93f36ad-0f03-4fa0-bace-263acdf80dc8,None,None,2,1168,34,[],None,None
EXPLOIT_VULN,12649.10949799298,12654.657697904562,5.548199911581833,46,a93f36ad-0f03-4fa0-bace-263acdf80dc8,None,None,2,1169,34,[],None,None
EXPLOIT_VULN,12654.657697904562,12661.128024004225,6.470326099662998,46,a93f36ad-0f03-4fa0-bace-263acdf80dc8,None,None,2,1170,34,[],None,None
EXPLOIT_VULN,12661.128024004225,12679.963601990974,18.83557798674883,46,a93f36ad-0f03-4fa0-bace-263acdf80dc8,None,None,2,1171,34,[],None,None
EXPLOIT_VULN,12679.963601990974,12686.398280345478,6.434678354504285,46,a93f36ad-0f03-4fa0-bace-263acdf80dc8,None,None,2,1172,34,[],None,None
EXPLOIT_VULN,12686.398280345478,12693.759104037666,7.360823692188205,46,a93f36ad-0f03-4fa0-bace-263acdf80dc8,None,None,2,1173,34,[],None,None
EXPLOIT_VULN,12693.759104037666,12699.109964161149,5.350860123482562,46,a93f36ad-0f03-4fa0-bace-263acdf80dc8,None,None,2,1174,34,[],None,None
EXPLOIT_VULN,12699.109964161149,12707.338230490735,8.228266329586404,46,a93f36ad-0f03-4fa0-bace-263acdf80dc8,None,None,2,1175,34,[],None,None
EXPLOIT_VULN,12707.338230490735,12714.76512757256,7.426897081824791,46,a93f36ad-0f03-4fa0-bace-263acdf80dc8,None,None,2,1176,34,[],None,None
EXPLOIT_VULN,12714.76512757256,12726.051004834062,11.28587726150181,46,a93f36ad-0f03-4fa0-bace-263acdf80dc8,None,None,2,1177,34,[],None,None
EXPLOIT_VULN,12726.051004834062,12734.093441853773,8.042437019710633,46,a93f36ad-0f03-4fa0-bace-263acdf80dc8,None,None,2,1178,34,[],None,None
EXPLOIT_VULN,12734.093441853773,12743.789433559235,9.695991705462802,46,a93f36ad-0f03-4fa0-bace-263acdf80dc8,None,None,2,1179,34,[],None,None
EXPLOIT_VULN,12743.789433559235,12754.518605618256,10.72917205902013,46,a93f36ad-0f03-4fa0-bace-263acdf80dc8,None,None,2,1180,34,[],None,None
EXPLOIT_VULN,12754.518605618256,12762.583662433752,8.065056815496064,46,a93f36ad-0f03-4fa0-bace-263acdf80dc8,None,None,2,1181,34,[],None,None
EXPLOIT_VULN,12762.583662433752,12769.445091324775,6.861428891023024,46,a93f36ad-0f03-4fa0-bace-263acdf80dc8,None,None,2,1182,34,[],None,None
EXPLOIT_VULN,12769.445091324775,12788.179323936567,18.734232611792322,46,a93f36ad-0f03-4fa0-bace-263acdf80dc8,None,None,2,1183,34,[],None,None
EXPLOIT_VULN,12788.179323936567,12810.589768922286,22.41044498571864,46,a93f36ad-0f03-4fa0-bace-263acdf80dc8,None,None,2,1184,34,[],None,None
EXPLOIT_VULN,12810.589768922286,12829.097228128478,18.507459206191925,46,a93f36ad-0f03-4fa0-bace-263acdf80dc8,None,None,2,1185,34,[],None,None
EXPLOIT_VULN,12829.097228128478,12840.348993655942,11.251765527464158,46,a93f36ad-0f03-4fa0-bace-263acdf80dc8,None,None,2,1186,34,[],None,None
EXPLOIT_VULN,12840.348993655942,12847.29543691621,6.946443260269007,46,a93f36ad-0f03-4fa0-bace-263acdf80dc8,None,None,2,1187,34,[],None,None
EXPLOIT_VULN,12847.29543691621,12852.917433969735,5.621997053523955,46,a93f36ad-0f03-4fa0-bace-263acdf80dc8,46,a93f36ad-0f03-4fa0-bace-263acdf80dc8,2,1188,34,[],None,None
SCAN_NEIGHBOR,12852.917433969735,12857.917433969735,5.0,46,a93f36ad-0f03-4fa0-bace-263acdf80dc8,None,None,2,1189,35,[],None,None
ENUM_HOST,12857.917433969735,12862.917433969735,5.0,46,a93f36ad-0f03-4fa0-bace-263acdf80dc8,None,None,2,1189,35,[],None,None
SCAN_PORT,12862.917433969735,12887.917433969735,25.0,41,c8112e19-a673-43b0-906d-86f76dd0ea79,None,None,3,1189,35,[],None,None
EXPLOIT_VULN,12887.917433969735,12889.383825077224,1.4663911074894713,41,c8112e19-a673-43b0-906d-86f76dd0ea79,None,None,3,1189,35,[],None,None
EXPLOIT_VULN,12889.383825077224,12891.604071796706,2.22024671948202,41,c8112e19-a673-43b0-906d-86f76dd0ea79,None,None,3,1190,35,[],None,None
EXPLOIT_VULN,12891.604071796706,12894.379492792063,2.7754209953563986,41,c8112e19-a673-43b0-906d-86f76dd0ea79,None,None,3,1191,35,[],None,None
EXPLOIT_VULN,12894.379492792063,12900.947712918314,6.568220126251617,41,c8112e19-a673-43b0-906d-86f76dd0ea79,None,None,3,1192,35,[],None,None
EXPLOIT_VULN,12900.947712918314,12906.971383031438,6.023670113123444,41,c8112e19-a673-43b0-906d-86f76dd0ea79,None,None,3,1193,35,[],None,None
EXPLOIT_VULN,12906.971383031438,12927.044393077467,20.073010046029594,41,c8112e19-a673-43b0-906d-86f76dd0ea79,41,c8112e19-a673-43b0-906d-86f76dd0ea79,3,1194,35,[],None,None
SCAN_NEIGHBOR,12927.044393077467,12932.044393077467,5.0,41,c8112e19-a673-43b0-906d-86f76dd0ea79,None,None,3,1195,36,[],None,None
ENUM_HOST,12932.044393077467,12937.044393077467,5.0,41,c8112e19-a673-43b0-906d-86f76dd0ea79,None,None,3,1195,36,[],None,None
ENUM_HOST,12937.044393077467,12942.044393077467,5.0,46,a93f36ad-0f03-4fa0-bace-263acdf80dc8,None,None,3,1195,36,[],None,None
SCAN_PORT,12942.044393077467,12967.044393077467,25.0,45,9ade55fc-578e-4413-90e9-8a719c92ea1a,None,None,3,1195,36,[],None,None
EXPLOIT_VULN,12967.044393077467,12983.356682245123,16.312289167655763,45,9ade55fc-578e-4413-90e9-8a719c92ea1a,None,None,3,1195,36,[],None,None
BRUTE_FORCE,12983.356682245123,13003.356682245123,20.0,45,9ade55fc-578e-4413-90e9-8a719c92ea1a,None,None,3,1196,36,[],None,None
ENUM_HOST,13003.356682245123,13008.356682245123,5.0,45,9ade55fc-578e-4413-90e9-8a719c92ea1a,None,None,3,1196,36,[],None,None
ENUM_HOST,13008.356682245123,13013.356682245123,5.0,35,e5f4a76c-b7a4-4deb-9fd1-740f9f70082f,None,None,7,1196,36,[],None,None
ENUM_HOST,13013.356682245123,13018.356682245123,5.0,30,908721ca-aae2-4be7-a42d-24093f9e3810,None,None,5,1196,36,[],None,None
ENUM_HOST,13018.356682245123,13023.356682245123,5.0,32,2011722e-0a5a-4a5b-9fd7-43138410e7c7,None,None,3,1196,36,[],None,None
SCAN_PORT,13023.356682245123,13048.356682245123,25.0,44,df09417f-1324-4f03-bd35-1c39c64c8b8d,None,None,3,1196,36,[],None,None
EXPLOIT_VULN,13048.356682245123,13061.456304934378,13.09962268925483,44,df09417f-1324-4f03-bd35-1c39c64c8b8d,None,None,3,1196,36,[],None,None
EXPLOIT_VULN,13061.456304934378,13083.137774872352,21.681469937973816,44,df09417f-1324-4f03-bd35-1c39c64c8b8d,None,None,3,1197,36,[],None,None
EXPLOIT_VULN,13083.137774872352,13105.045032925915,21.907258053563055,44,df09417f-1324-4f03-bd35-1c39c64c8b8d,None,None,3,1198,36,[],None,None
BRUTE_FORCE,13105.045032925915,13125.045032925915,20.0,44,df09417f-1324-4f03-bd35-1c39c64c8b8d,None,None,3,1199,36,[],None,None
ENUM_HOST,13125.045032925915,13130.045032925915,5.0,44,df09417f-1324-4f03-bd35-1c39c64c8b8d,None,None,3,1199,36,[],None,None
SCAN_PORT,13130.045032925915,13155.045032925915,25.0,49,55aeab9e-a38e-48b6-b55c-b95fe78aa222,None,None,1,1199,36,[],None,None
EXPLOIT_VULN,13155.045032925915,13158.356876190515,3.3118432646006113,49,55aeab9e-a38e-48b6-b55c-b95fe78aa222,None,None,1,1199,36,[],None,None
EXPLOIT_VULN,13158.356876190515,13172.789291293182,14.43241510266671,49,55aeab9e-a38e-48b6-b55c-b95fe78aa222,None,None,1,1200,36,[],None,None
EXPLOIT_VULN,13172.789291293182,13191.273360623154,18.484069329972044,49,55aeab9e-a38e-48b6-b55c-b95fe78aa222,None,None,1,1201,36,[],None,None
EXPLOIT_VULN,13191.273360623154,13213.191252736406,21.917892113251582,49,55aeab9e-a38e-48b6-b55c-b95fe78aa222,49,55aeab9e-a38e-48b6-b55c-b95fe78aa222,1,1202,36,[],None,None
SCAN_NEIGHBOR,13213.191252736406,13218.191252736406,5.0,49,55aeab9e-a38e-48b6-b55c-b95fe78aa222,None,None,1,1203,37,[],None,None
ENUM_HOST,13218.191252736406,13223.191252736406,5.0,49,55aeab9e-a38e-48b6-b55c-b95fe78aa222,None,None,1,1203,37,[],None,None
ENUM_HOST,13223.191252736406,13228.191252736406,5.0,41,c8112e19-a673-43b0-906d-86f76dd0ea79,None,None,4,1203,37,[],None,None
SCAN_PORT,13228.191252736406,13253.191252736406,25.0,43,ee8f4d2a-dd5b-4e81-a09a-aaae14975393,None,None,2,1203,37,[],None,None
EXPLOIT_VULN,13253.191252736406,13254.456895046573,1.2656423101670953,43,ee8f4d2a-dd5b-4e81-a09a-aaae14975393,None,None,2,1203,37,[],None,None
EXPLOIT_VULN,13254.456895046573,13257.035735166124,2.578840119551387,43,ee8f4d2a-dd5b-4e81-a09a-aaae14975393,None,None,2,1204,37,[],None,None
EXPLOIT_VULN,13257.035735166124,13259.695724951727,2.659989785603102,43,ee8f4d2a-dd5b-4e81-a09a-aaae14975393,None,None,2,1205,37,[],None,None
EXPLOIT_VULN,13259.695724951727,13262.365164704186,2.6694397524588567,43,ee8f4d2a-dd5b-4e81-a09a-aaae14975393,None,None,2,1206,37,[],None,None
EXPLOIT_VULN,13262.365164704186,13268.965628455227,6.600463751041389,43,ee8f4d2a-dd5b-4e81-a09a-aaae14975393,None,None,2,1207,37,[],None,None
EXPLOIT_VULN,13268.965628455227,13276.77468977496,7.809061319732791,43,ee8f4d2a-dd5b-4e81-a09a-aaae14975393,None,None,2,1208,37,[],None,None
EXPLOIT_VULN,13276.77468977496,13283.453099725188,6.678409950227433,43,ee8f4d2a-dd5b-4e81-a09a-aaae14975393,None,None,2,1209,37,[],None,None
EXPLOIT_VULN,13283.453099725188,13289.551703689294,6.098603964106587,43,ee8f4d2a-dd5b-4e81-a09a-aaae14975393,None,None,2,1210,37,[],None,None
EXPLOIT_VULN,13289.551703689294,13293.85742747278,4.305723783485519,43,ee8f4d2a-dd5b-4e81-a09a-aaae14975393,None,None,2,1211,37,[],None,None
EXPLOIT_VULN,13293.85742747278,13298.663778847873,4.806351375093072,43,ee8f4d2a-dd5b-4e81-a09a-aaae14975393,None,None,2,1212,37,[],None,None
EXPLOIT_VULN,13298.663778847873,13302.453826375524,3.7900475276510406,43,ee8f4d2a-dd5b-4e81-a09a-aaae14975393,None,None,2,1213,37,[],None,None
EXPLOIT_VULN,13302.453826375524,13317.653462906095,15.199636530571297,43,ee8f4d2a-dd5b-4e81-a09a-aaae14975393,None,None,2,1214,37,[],None,None
EXPLOIT_VULN,13317.653462906095,13335.574670301034,17.921207394938392,43,ee8f4d2a-dd5b-4e81-a09a-aaae14975393,None,None,2,1215,37,[],None,None
EXPLOIT_VULN,13335.574670301034,13353.387794575157,17.813124274123766,43,ee8f4d2a-dd5b-4e81-a09a-aaae14975393,None,None,2,1216,37,[],None,None
EXPLOIT_VULN,13353.387794575157,13372.970454112903,19.582659537745712,43,ee8f4d2a-dd5b-4e81-a09a-aaae14975393,None,None,2,1217,37,[],None,None
EXPLOIT_VULN,13372.970454112903,13381.501397071268,8.530942958364903,43,ee8f4d2a-dd5b-4e81-a09a-aaae14975393,None,None,2,1218,37,[],None,None
EXPLOIT_VULN,13381.501397071268,13385.872925846195,4.371528774927356,43,ee8f4d2a-dd5b-4e81-a09a-aaae14975393,None,None,2,1219,37,[],None,None
EXPLOIT_VULN,13385.872925846195,13394.365060697273,8.492134851077935,43,ee8f4d2a-dd5b-4e81-a09a-aaae14975393,None,None,2,1220,37,[],None,None
EXPLOIT_VULN,13394.365060697273,13400.318265306776,5.953204609502791,43,ee8f4d2a-dd5b-4e81-a09a-aaae14975393,None,None,2,1221,37,[],None,None
EXPLOIT_VULN,13400.318265306776,13408.427002441495,8.108737134718467,43,ee8f4d2a-dd5b-4e81-a09a-aaae14975393,None,None,2,1222,37,[],None,None
EXPLOIT_VULN,13408.427002441495,13415.025076748558,6.598074307063143,43,ee8f4d2a-dd5b-4e81-a09a-aaae14975393,None,None,2,1223,37,[],None,None
EXPLOIT_VULN,13415.025076748558,13421.250471496955,6.225394748396866,43,ee8f4d2a-dd5b-4e81-a09a-aaae14975393,None,None,2,1224,37,[],None,None
EXPLOIT_VULN,13421.250471496955,13427.232450036548,5.981978539593911,43,ee8f4d2a-dd5b-4e81-a09a-aaae14975393,None,None,2,1225,37,[],None,None
EXPLOIT_VULN,13427.232450036548,13435.496207544811,8.263757508262643,43,ee8f4d2a-dd5b-4e81-a09a-aaae14975393,None,None,2,1226,37,[],None,None
EXPLOIT_VULN,13435.496207544811,13443.866915599081,8.370708054269926,43,ee8f4d2a-dd5b-4e81-a09a-aaae14975393,None,None,2,1227,37,[],None,None
EXPLOIT_VULN,13443.866915599081,13460.250113597886,16.383197998804462,43,ee8f4d2a-dd5b-4e81-a09a-aaae14975393,None,None,2,1228,37,[],None,None
EXPLOIT_VULN,13460.250113597886,13465.438583603403,5.1884700055179565,43,ee8f4d2a-dd5b-4e81-a09a-aaae14975393,None,None,2,1229,37,[],None,None
EXPLOIT_VULN,13465.438583603403,13471.16500039988,5.726416796476769,43,ee8f4d2a-dd5b-4e81-a09a-aaae14975393,None,None,2,1230,37,[],None,None
EXPLOIT_VULN,13471.16500039988,13480.64439815727,9.479397757389961,43,ee8f4d2a-dd5b-4e81-a09a-aaae14975393,None,None,2,1231,37,[],None,None
EXPLOIT_VULN,13480.64439815727,13486.219125342599,5.574727185328811,43,ee8f4d2a-dd5b-4e81-a09a-aaae14975393,None,None,2,1232,37,[],None,None
EXPLOIT_VULN,13486.219125342599,13504.763119217463,18.5439938748641,43,ee8f4d2a-dd5b-4e81-a09a-aaae14975393,None,None,2,1233,37,[],None,None
EXPLOIT_VULN,13504.763119217463,13512.093716396768,7.330597179305187,43,ee8f4d2a-dd5b-4e81-a09a-aaae14975393,None,None,2,1234,37,[],None,None
EXPLOIT_VULN,13512.093716396768,13519.757761185047,7.664044788278261,43,ee8f4d2a-dd5b-4e81-a09a-aaae14975393,43,ee8f4d2a-dd5b-4e81-a09a-aaae14975393,2,1235,37,[],None,None
SCAN_NEIGHBOR,13519.757761185047,13524.757761185047,5.0,43,ee8f4d2a-dd5b-4e81-a09a-aaae14975393,None,None,2,1236,38,[],None,None
ENUM_HOST,13524.757761185047,13529.757761185047,5.0,43,ee8f4d2a-dd5b-4e81-a09a-aaae14975393,None,None,2,1236,38,[],None,None
SCAN_PORT,13529.757761185047,13554.757761185047,25.0,44,df09417f-1324-4f03-bd35-1c39c64c8b8d,None,None,4,1236,38,[],None,None
EXPLOIT_VULN,13554.757761185047,13576.396909467725,21.639148282678434,44,df09417f-1324-4f03-bd35-1c39c64c8b8d,None,None,4,1236,38,[],None,None
EXPLOIT_VULN,13576.396909467725,13597.948433970438,21.55152450271271,44,df09417f-1324-4f03-bd35-1c39c64c8b8d,None,None,4,1237,38,[],None,None
BRUTE_FORCE,13597.948433970438,13617.948433970438,20.0,44,df09417f-1324-4f03-bd35-1c39c64c8b8d,None,None,4,1238,38,[],None,None
ENUM_HOST,13617.948433970438,13622.948433970438,5.0,44,df09417f-1324-4f03-bd35-1c39c64c8b8d,None,None,4,1238,38,[],None,None
SCAN_PORT,13622.948433970438,13647.948433970438,25.0,47,a9ce130b-f7cd-4b3c-b9d0-1f35acc1936f,None,None,1,1238,38,[],None,None
EXPLOIT_VULN,13647.948433970438,13648.70391849424,0.7554845238028065,47,a9ce130b-f7cd-4b3c-b9d0-1f35acc1936f,None,None,1,1238,38,[],None,None
EXPLOIT_VULN,13648.70391849424,13649.408105050594,0.7041865563533065,47,a9ce130b-f7cd-4b3c-b9d0-1f35acc1936f,None,None,1,1239,38,[],None,None
EXPLOIT_VULN,13649.408105050594,13649.974830582616,0.5667255320222466,47,a9ce130b-f7cd-4b3c-b9d0-1f35acc1936f,None,None,1,1240,38,[],None,None
EXPLOIT_VULN,13649.974830582616,13652.08524479756,2.1104142149433756,47,a9ce130b-f7cd-4b3c-b9d0-1f35acc1936f,None,None,1,1241,38,[],None,None
EXPLOIT_VULN,13652.08524479756,13653.062966822437,0.9777220248779486,47,a9ce130b-f7cd-4b3c-b9d0-1f35acc1936f,None,None,1,1242,38,[],None,None
EXPLOIT_VULN,13653.062966822437,13653.635224299695,0.5722574772571534,47,a9ce130b-f7cd-4b3c-b9d0-1f35acc1936f,None,None,1,1243,38,[],None,None
EXPLOIT_VULN,13653.635224299695,13655.981793219591,2.3465689198965265,47,a9ce130b-f7cd-4b3c-b9d0-1f35acc1936f,None,None,1,1244,38,[],None,None
EXPLOIT_VULN,13655.981793219591,13657.742733999521,1.7609407799300243,47,a9ce130b-f7cd-4b3c-b9d0-1f35acc1936f,None,None,1,1245,38,[],None,None
EXPLOIT_VULN,13657.742733999521,13661.727965338538,3.9852313390165364,47,a9ce130b-f7cd-4b3c-b9d0-1f35acc1936f,None,None,1,1246,38,[],None,None
EXPLOIT_VULN,13661.727965338538,13667.608672917224,5.88070757868627,47,a9ce130b-f7cd-4b3c-b9d0-1f35acc1936f,None,None,1,1247,38,[],None,None
EXPLOIT_VULN,13667.608672917224,13671.473387590948,3.864714673723938,47,a9ce130b-f7cd-4b3c-b9d0-1f35acc1936f,None,None,1,1248,38,[],None,None
EXPLOIT_VULN,13671.473387590948,13678.549805396884,7.076417805936217,47,a9ce130b-f7cd-4b3c-b9d0-1f35acc1936f,None,None,1,1249,38,[],None,None
EXPLOIT_VULN,13678.549805396884,13680.785377900871,2.2355725039869867,47,a9ce130b-f7cd-4b3c-b9d0-1f35acc1936f,None,None,1,1250,38,[],None,None
EXPLOIT_VULN,13680.785377900871,13683.710043159352,2.9246652584806725,47,a9ce130b-f7cd-4b3c-b9d0-1f35acc1936f,None,None,1,1251,38,[],None,None
EXPLOIT_VULN,13683.710043159352,13687.54663823715,3.8365950777988473,47,a9ce130b-f7cd-4b3c-b9d0-1f35acc1936f,None,None,1,1252,38,[],None,None
EXPLOIT_VULN,13687.54663823715,13689.822228292585,2.2755900554348045,47,a9ce130b-f7cd-4b3c-b9d0-1f35acc1936f,None,None,1,1253,38,[],None,None
EXPLOIT_VULN,13689.822228292585,13694.703988484584,4.881760191998183,47,a9ce130b-f7cd-4b3c-b9d0-1f35acc1936f,None,None,1,1254,38,[],None,None
EXPLOIT_VULN,13694.703988484584,13698.917046659642,4.2130581750589045,47,a9ce130b-f7cd-4b3c-b9d0-1f35acc1936f,None,None,1,1255,38,[],None,None
EXPLOIT_VULN,13698.917046659642,13704.275333367346,5.358286707703883,47,a9ce130b-f7cd-4b3c-b9d0-1f35acc1936f,None,None,1,1256,38,[],None,None
EXPLOIT_VULN,13704.275333367346,13711.794810920825,7.519477553478282,47,a9ce130b-f7cd-4b3c-b9d0-1f35acc1936f,None,None,1,1257,38,[],None,None
EXPLOIT_VULN,13711.794810920825,13714.416515466268,2.621704545443208,47,a9ce130b-f7cd-4b3c-b9d0-1f35acc1936f,None,None,1,1258,38,[],None,None
EXPLOIT_VULN,13714.416515466268,13717.152342674448,2.735827208180126,47,a9ce130b-f7cd-4b3c-b9d0-1f35acc1936f,None,None,1,1259,38,[],None,None
EXPLOIT_VULN,13717.152342674448,13732.666403065195,15.514060390747545,47,a9ce130b-f7cd-4b3c-b9d0-1f35acc1936f,None,None,1,1260,38,[],None,None
EXPLOIT_VULN,13732.666403065195,13738.856773014759,6.190369949563319,47,a9ce130b-f7cd-4b3c-b9d0-1f35acc1936f,None,None,1,1261,38,[],None,None
EXPLOIT_VULN,13738.856773014759,13757.440722516052,18.58394950129332,47,a9ce130b-f7cd-4b3c-b9d0-1f35acc1936f,None,None,1,1262,38,[],None,None
EXPLOIT_VULN,13757.440722516052,13762.349764139532,4.909041623479425,47,a9ce130b-f7cd-4b3c-b9d0-1f35acc1936f,None,None,1,1263,38,[],None,None
EXPLOIT_VULN,13762.349764139532,13768.967841296057,6.6180771565250325,47,a9ce130b-f7cd-4b3c-b9d0-1f35acc1936f,None,None,1,1264,38,[],None,None
BRUTE_FORCE,13768.967841296057,13788.967841296057,20.0,47,a9ce130b-f7cd-4b3c-b9d0-1f35acc1936f,None,None,1,1265,38,[],None,None
ENUM_HOST,13788.967841296057,13793.967841296057,5.0,47,a9ce130b-f7cd-4b3c-b9d0-1f35acc1936f,None,None,1,1265,38,[],None,None
ENUM_HOST,13793.967841296057,13798.967841296057,5.0,41,c8112e19-a673-43b0-906d-86f76dd0ea79,None,None,5,1265,38,[],None,None
SCAN_PORT,13798.967841296057,13823.967841296057,25.0,45,9ade55fc-578e-4413-90e9-8a719c92ea1a,None,None,4,1265,38,[],None,None
EXPLOIT_VULN,13823.967841296057,13823.967841296057,0.0,45,9ade55fc-578e-4413-90e9-8a719c92ea1a,None,None,4,1265,38,[],None,None
BRUTE_FORCE,13823.967841296057,13843.967841296057,20.0,45,9ade55fc-578e-4413-90e9-8a719c92ea1a,None,None,4,1265,38,[],None,None
ENUM_HOST,13843.967841296057,13848.967841296057,5.0,45,9ade55fc-578e-4413-90e9-8a719c92ea1a,None,None,4,1265,38,[],None,None
SCAN_PORT,13848.967841296057,13873.967841296057,25.0,40,89f3b708-b5f6-4ab5-bb68-32ab3f52ae9e,None,None,1,1265,38,[],None,None
EXPLOIT_VULN,13873.967841296057,13874.851010778026,0.883169481969162,40,89f3b708-b5f6-4ab5-bb68-32ab3f52ae9e,None,None,1,1265,38,[],None,None
EXPLOIT_VULN,13874.851010778026,13880.655684090008,5.804673311982697,40,89f3b708-b5f6-4ab5-bb68-32ab3f52ae9e,None,None,1,1266,38,[],None,None
EXPLOIT_VULN,13880.655684090008,13882.087087990598,1.4314039005894301,40,89f3b708-b5f6-4ab5-bb68-32ab3f52ae9e,None,None,1,1267,38,[],None,None
EXPLOIT_VULN,13882.087087990598,13888.410031913743,6.322943923145431,40,89f3b708-b5f6-4ab5-bb68-32ab3f52ae9e,None,None,1,1268,38,[],None,None
EXPLOIT_VULN,13888.410031913743,13902.643308497045,14.233276583301631,40,89f3b708-b5f6-4ab5-bb68-32ab3f52ae9e,None,None,1,1269,38,[],None,None
EXPLOIT_VULN,13902.643308497045,13909.014753209429,6.371444712383891,40,89f3b708-b5f6-4ab5-bb68-32ab3f52ae9e,None,None,1,1270,38,[],None,None
EXPLOIT_VULN,13909.014753209429,13926.51823599823,17.503482788801193,40,89f3b708-b5f6-4ab5-bb68-32ab3f52ae9e,None,None,1,1271,38,[],None,None
BRUTE_FORCE,13926.51823599823,13946.51823599823,20.0,40,89f3b708-b5f6-4ab5-bb68-32ab3f52ae9e,None,None,1,1272,38,[],None,None
ENUM_HOST,13946.51823599823,13951.51823599823,5.0,40,89f3b708-b5f6-4ab5-bb68-32ab3f52ae9e,None,None,1,1272,38,[],None,None
ENUM_HOST,13951.51823599823,13956.51823599823,5.0,38,8e8cc504-1372-48e1-bf34-7a51112a985f,None,None,7,1272,38,[],None,None
SCAN_PORT,13956.51823599823,13981.51823599823,25.0,48,d27d952e-629f-42bf-8730-6f4dfdfd3688,None,None,2,1272,38,[],None,None
EXPLOIT_VULN,13981.51823599823,13982.10857016359,0.5903341653593088,48,d27d952e-629f-42bf-8730-6f4dfdfd3688,None,None,2,1272,38,[],None,None
EXPLOIT_VULN,13982.10857016359,13982.977266527441,0.8686963638519956,48,d27d952e-629f-42bf-8730-6f4dfdfd3688,None,None,2,1273,38,[],None,None
EXPLOIT_VULN,13982.977266527441,13984.949903576447,1.9726370490061527,48,d27d952e-629f-42bf-8730-6f4dfdfd3688,None,None,2,1274,38,[],None,None
EXPLOIT_VULN,13984.949903576447,13988.264610907152,3.3147073307045503,48,d27d952e-629f-42bf-8730-6f4dfdfd3688,None,None,2,1275,38,[],None,None
EXPLOIT_VULN,13988.264610907152,13990.716314543688,2.4517036365359672,48,d27d952e-629f-42bf-8730-6f4dfdfd3688,None,None,2,1276,38,[],None,None
EXPLOIT_VULN,13990.716314543688,13991.883542450392,1.1672279067042837,48,d27d952e-629f-42bf-8730-6f4dfdfd3688,None,None,2,1277,38,[],None,None
EXPLOIT_VULN,13991.883542450392,13994.13022760686,2.24668515646772,48,d27d952e-629f-42bf-8730-6f4dfdfd3688,None,None,2,1278,38,[],None,None
EXPLOIT_VULN,13994.13022760686,13994.796310518645,0.6660829117845424,48,d27d952e-629f-42bf-8730-6f4dfdfd3688,None,None,2,1279,38,[],None,None
EXPLOIT_VULN,13994.796310518645,13997.280427753796,2.4841172351516434,48,d27d952e-629f-42bf-8730-6f4dfdfd3688,None,None,2,1280,38,[],None,None
EXPLOIT_VULN,13997.280427753796,13999.754884748647,2.474456994850698,48,d27d952e-629f-42bf-8730-6f4dfdfd3688,None,None,2,1281,38,[],None,None
EXPLOIT_VULN,13999.754884748647,14003.056513614994,3.301628866347528,48,d27d952e-629f-42bf-8730-6f4dfdfd3688,None,None,2,1282,38,[],None,None
EXPLOIT_VULN,14003.056513614994,14007.917438044049,4.8609244290546485,48,d27d952e-629f-42bf-8730-6f4dfdfd3688,None,None,2,1283,38,[],None,None
EXPLOIT_VULN,14007.917438044049,14013.667934469084,5.750496425034726,48,d27d952e-629f-42bf-8730-6f4dfdfd3688,None,None,2,1284,38,[],None,None
EXPLOIT_VULN,14013.667934469084,14019.19521394354,5.527279474456009,48,d27d952e-629f-42bf-8730-6f4dfdfd3688,None,None,2,1285,38,[],None,None
EXPLOIT_VULN,14019.19521394354,14025.289096110911,6.093882167371703,48,d27d952e-629f-42bf-8730-6f4dfdfd3688,None,None,2,1286,38,[],None,None
EXPLOIT_VULN,14025.289096110911,14031.285632198951,5.996536088039647,48,d27d952e-629f-42bf-8730-6f4dfdfd3688,None,None,2,1287,38,[],None,None
EXPLOIT_VULN,14031.285632198951,14033.95938601798,2.6737538190282066,48,d27d952e-629f-42bf-8730-6f4dfdfd3688,None,None,2,1288,38,[],None,None
EXPLOIT_VULN,14033.95938601798,14042.773613119272,8.814227101293,48,d27d952e-629f-42bf-8730-6f4dfdfd3688,None,None,2,1289,38,[],None,None
EXPLOIT_VULN,14042.773613119272,14048.928941987362,6.155328868089782,48,d27d952e-629f-42bf-8730-6f4dfdfd3688,None,None,2,1290,38,[],None,None
EXPLOIT_VULN,14048.928941987362,14054.577803933265,5.648861945903263,48,d27d952e-629f-42bf-8730-6f4dfdfd3688,None,None,2,1291,38,[],None,None
EXPLOIT_VULN,14054.577803933265,14063.948927261063,9.37112332779725,48,d27d952e-629f-42bf-8730-6f4dfdfd3688,None,None,2,1292,38,[],None,None
EXPLOIT_VULN,14063.948927261063,14082.027077204291,18.07814994322871,48,d27d952e-629f-42bf-8730-6f4dfdfd3688,None,None,2,1293,38,[],None,None
EXPLOIT_VULN,14082.027077204291,14088.859402000124,6.832324795832392,48,d27d952e-629f-42bf-8730-6f4dfdfd3688,None,None,2,1294,38,[],None,None
EXPLOIT_VULN,14088.859402000124,14102.807779111672,13.948377111548325,48,d27d952e-629f-42bf-8730-6f4dfdfd3688,None,None,2,1295,38,[],None,None
EXPLOIT_VULN,14102.807779111672,14110.768015240194,7.960236128521501,48,d27d952e-629f-42bf-8730-6f4dfdfd3688,None,None,2,1296,38,[],None,None
EXPLOIT_VULN,14110.768015240194,14115.133993831374,4.365978591180465,48,d27d952e-629f-42bf-8730-6f4dfdfd3688,None,None,2,1297,38,[],None,None
EXPLOIT_VULN,14115.133993831374,14118.731669943147,3.597676111772671,48,d27d952e-629f-42bf-8730-6f4dfdfd3688,None,None,2,1298,38,[],None,None
EXPLOIT_VULN,14118.731669943147,14126.277520578842,7.545850635695388,48,d27d952e-629f-42bf-8730-6f4dfdfd3688,None,None,2,1299,38,[],None,None
EXPLOIT_VULN,14126.277520578842,14132.18406334539,5.9065427665482275,48,d27d952e-629f-42bf-8730-6f4dfdfd3688,None,None,2,1300,38,[],None,None
EXPLOIT_VULN,14132.18406334539,14141.734712085788,9.550648740398174,48,d27d952e-629f-42bf-8730-6f4dfdfd3688,None,None,2,1301,38,[],None,None
EXPLOIT_VULN,14141.734712085788,14146.639073733311,4.904361647522819,48,d27d952e-629f-42bf-8730-6f4dfdfd3688,None,None,2,1302,38,[],None,None
EXPLOIT_VULN,14146.639073733311,14150.697195918701,4.058122185389948,48,d27d952e-629f-42bf-8730-6f4dfdfd3688,None,None,2,1303,38,[],None,None
EXPLOIT_VULN,14150.697195918701,14169.621059234352,18.923863315651033,48,d27d952e-629f-42bf-8730-6f4dfdfd3688,None,None,2,1304,38,[],None,None
EXPLOIT_VULN,14169.621059234352,14190.693775204641,21.07271597028921,48,d27d952e-629f-42bf-8730-6f4dfdfd3688,None,None,2,1305,38,[],None,None
EXPLOIT_VULN,14190.693775204641,14199.004021600042,8.3102463954001,48,d27d952e-629f-42bf-8730-6f4dfdfd3688,None,None,2,1306,38,[],None,None
EXPLOIT_VULN,14199.004021600042,14202.897170194154,3.8931485941120627,48,d27d952e-629f-42bf-8730-6f4dfdfd3688,None,None,2,1307,38,[],None,None
EXPLOIT_VULN,14202.897170194154,14206.618770692385,3.721600498231055,48,d27d952e-629f-42bf-8730-6f4dfdfd3688,None,None,2,1308,38,[],None,None
EXPLOIT_VULN,14206.618770692385,14227.664826610957,21.046055918572165,48,d27d952e-629f-42bf-8730-6f4dfdfd3688,None,None,2,1309,38,[],None,None
EXPLOIT_VULN,14227.664826610957,14234.575194646348,6.910368035391002,48,d27d952e-629f-42bf-8730-6f4dfdfd3688,None,None,2,1310,38,[],None,None
EXPLOIT_VULN,14234.575194646348,14243.560497433087,8.98530278673934,48,d27d952e-629f-42bf-8730-6f4dfdfd3688,None,None,2,1311,38,[],None,None
EXPLOIT_VULN,14243.560497433087,14245.832193701344,2.271696268257074,48,d27d952e-629f-42bf-8730-6f4dfdfd3688,48,d27d952e-629f-42bf-8730-6f4dfdfd3688,2,1312,38,[],None,None
SCAN_NEIGHBOR,14245.832193701344,14250.832193701344,5.0,48,d27d952e-629f-42bf-8730-6f4dfdfd3688,None,None,2,1313,39,[],None,None
ENUM_HOST,14250.832193701344,14255.832193701344,5.0,48,d27d952e-629f-42bf-8730-6f4dfdfd3688,None,None,2,1313,39,[],None,None
ENUM_HOST,14255.832193701344,14260.832193701344,5.0,43,ee8f4d2a-dd5b-4e81-a09a-aaae14975393,None,None,3,1313,39,[],None,None
SCAN_PORT,14260.832193701344,14285.832193701344,25.0,40,89f3b708-b5f6-4ab5-bb68-32ab3f52ae9e,None,None,2,1313,39,[],None,None
EXPLOIT_VULN,14285.832193701344,14288.697404208488,2.8652105071432743,40,89f3b708-b5f6-4ab5-bb68-32ab3f52ae9e,None,None,2,1313,39,[],None,None
EXPLOIT_VULN,14288.697404208488,14290.656663478298,1.9592592698099907,40,89f3b708-b5f6-4ab5-bb68-32ab3f52ae9e,None,None,2,1314,39,[],None,None
EXPLOIT_VULN,14290.656663478298,14302.406773769875,11.750110291577585,40,89f3b708-b5f6-4ab5-bb68-32ab3f52ae9e,None,None,2,1315,39,[],None,None
EXPLOIT_VULN,14302.406773769875,14310.88249258455,8.47571881467411,40,89f3b708-b5f6-4ab5-bb68-32ab3f52ae9e,None,None,2,1316,39,[],None,None
EXPLOIT_VULN,14310.88249258455,14315.838699211137,4.956206626588028,40,89f3b708-b5f6-4ab5-bb68-32ab3f52ae9e,None,None,2,1317,39,[],None,None
EXPLOIT_VULN,14315.838699211137,14322.099402712462,6.260703501324315,40,89f3b708-b5f6-4ab5-bb68-32ab3f52ae9e,None,None,2,1318,39,[],None,None
EXPLOIT_VULN,14322.099402712462,14340.98177525577,18.88237254330852,40,89f3b708-b5f6-4ab5-bb68-32ab3f52ae9e,None,None,2,1319,39,[],None,None
EXPLOIT_VULN,14340.98177525577,14349.150459580365,8.168684324595233,40,89f3b708-b5f6-4ab5-bb68-32ab3f52ae9e,None,None,2,1320,39,[],None,None
EXPLOIT_VULN,14349.150459580365,14366.79444291021,17.64398332984456,40,89f3b708-b5f6-4ab5-bb68-32ab3f52ae9e,40,89f3b708-b5f6-4ab5-bb68-32ab3f52ae9e,2,1321,39,[],None,None
SCAN_NEIGHBOR,14366.79444291021,14371.79444291021,5.0,40,89f3b708-b5f6-4ab5-bb68-32ab3f52ae9e,None,None,2,1322,40,[],None,None
ENUM_HOST,14371.79444291021,14376.79444291021,5.0,40,89f3b708-b5f6-4ab5-bb68-32ab3f52ae9e,None,None,2,1322,40,[],None,None
SCAN_PORT,14376.79444291021,14401.79444291021,25.0,47,a9ce130b-f7cd-4b3c-b9d0-1f35acc1936f,None,None,2,1322,40,[],None,None
EXPLOIT_VULN,14401.79444291021,14401.900513300616,0.10607039040587551,47,a9ce130b-f7cd-4b3c-b9d0-1f35acc1936f,None,None,2,1322,40,[],None,None
EXPLOIT_VULN,14401.900513300616,14403.119535168764,1.2190218681480474,47,a9ce130b-f7cd-4b3c-b9d0-1f35acc1936f,None,None,2,1323,40,[],None,None
EXPLOIT_VULN,14403.119535168764,14404.837353477613,1.7178183088490186,47,a9ce130b-f7cd-4b3c-b9d0-1f35acc1936f,None,None,2,1324,40,[],None,None
EXPLOIT_VULN,14404.837353477613,14413.574334689036,8.736981211422972,47,a9ce130b-f7cd-4b3c-b9d0-1f35acc1936f,None,None,2,1325,40,[],None,None
EXPLOIT_VULN,14413.574334689036,14418.961429447263,5.387094758227249,47,a9ce130b-f7cd-4b3c-b9d0-1f35acc1936f,None,None,2,1326,40,[],None,None
EXPLOIT_VULN,14418.961429447263,14426.347044818334,7.385615371071253,47,a9ce130b-f7cd-4b3c-b9d0-1f35acc1936f,None,None,2,1327,40,[],None,None
EXPLOIT_VULN,14426.347044818334,14437.758829425735,11.411784607400477,47,a9ce130b-f7cd-4b3c-b9d0-1f35acc1936f,None,None,2,1328,40,[],None,None
EXPLOIT_VULN,14437.758829425735,14442.438724966541,4.679895540806683,47,a9ce130b-f7cd-4b3c-b9d0-1f35acc1936f,None,None,2,1329,40,[],None,None
EXPLOIT_VULN,14442.438724966541,14447.520330984107,5.0816060175657185,47,a9ce130b-f7cd-4b3c-b9d0-1f35acc1936f,None,None,2,1330,40,[],None,None
EXPLOIT_VULN,14447.520330984107,14450.863226615373,3.342895631265492,47,a9ce130b-f7cd-4b3c-b9d0-1f35acc1936f,None,None,2,1331,40,[],None,None
EXPLOIT_VULN,14450.863226615373,14457.209465226704,6.346238611331501,47,a9ce130b-f7cd-4b3c-b9d0-1f35acc1936f,None,None,2,1332,40,[],None,None
EXPLOIT_VULN,14457.209465226704,14473.810930497526,16.60146527082179,47,a9ce130b-f7cd-4b3c-b9d0-1f35acc1936f,None,None,2,1333,40,[],None,None
EXPLOIT_VULN,14473.810930497526,14478.133039104807,4.322108607280825,47,a9ce130b-f7cd-4b3c-b9d0-1f35acc1936f,None,None,2,1334,40,[],None,None
EXPLOIT_VULN,14478.133039104807,14494.116016175743,15.982977070936613,47,a9ce130b-f7cd-4b3c-b9d0-1f35acc1936f,None,None,2,1335,40,[],None,None
EXPLOIT_VULN,14494.116016175743,14495.571468752794,1.4554525770508917,47,a9ce130b-f7cd-4b3c-b9d0-1f35acc1936f,None,None,2,1336,40,[],None,None
EXPLOIT_VULN,14495.571468752794,14501.715606263104,6.14413751030952,47,a9ce130b-f7cd-4b3c-b9d0-1f35acc1936f,None,None,2,1337,40,[],None,None
EXPLOIT_VULN,14501.715606263104,14509.802573069393,8.086966806289638,47,a9ce130b-f7cd-4b3c-b9d0-1f35acc1936f,None,None,2,1338,40,[],None,None
EXPLOIT_VULN,14509.802573069393,14514.474431473938,4.671858404544764,47,a9ce130b-f7cd-4b3c-b9d0-1f35acc1936f,None,None,2,1339,40,[],None,None
EXPLOIT_VULN,14514.474431473938,14520.969657676611,6.495226202672711,47,a9ce130b-f7cd-4b3c-b9d0-1f35acc1936f,None,None,2,1340,40,[],None,None
EXPLOIT_VULN,14520.969657676611,14542.714566538541,21.744908861930526,47,a9ce130b-f7cd-4b3c-b9d0-1f35acc1936f,None,None,2,1341,40,[],None,None
EXPLOIT_VULN,14542.714566538541,14551.484387111777,8.769820573235847,47,a9ce130b-f7cd-4b3c-b9d0-1f35acc1936f,None,None,2,1342,40,[],None,None
EXPLOIT_VULN,14551.484387111777,14562.75974812655,11.275361014771988,47,a9ce130b-f7cd-4b3c-b9d0-1f35acc1936f,None,None,2,1343,40,[],None,None
EXPLOIT_VULN,14562.75974812655,14577.98877878435,15.229030657801559,47,a9ce130b-f7cd-4b3c-b9d0-1f35acc1936f,None,None,2,1344,40,[],None,None
EXPLOIT_VULN,14577.98877878435,14587.506226462476,9.517447678124881,47,a9ce130b-f7cd-4b3c-b9d0-1f35acc1936f,None,None,2,1345,40,[],None,None
EXPLOIT_VULN,14587.506226462476,14610.362466399827,22.856239937351347,47,a9ce130b-f7cd-4b3c-b9d0-1f35acc1936f,None,None,2,1346,40,[],None,None
EXPLOIT_VULN,14610.362466399827,14619.059409224747,8.69694282491946,47,a9ce130b-f7cd-4b3c-b9d0-1f35acc1936f,None,None,2,1347,40,[],None,None
EXPLOIT_VULN,14619.059409224747,14637.959171580522,18.899762355775238,47,a9ce130b-f7cd-4b3c-b9d0-1f35acc1936f,None,None,2,1348,40,[],None,None
EXPLOIT_VULN,14637.959171580522,14640.634480604105,2.675309023583395,47,a9ce130b-f7cd-4b3c-b9d0-1f35acc1936f,47,a9ce130b-f7cd-4b3c-b9d0-1f35acc1936f,2,1349,40,[],None,None
